data;horario;n_da_ocorrencia;tipo_de_ocorrencia;km;trecho;sentido;tipo_de_acidente;automovel;bicicleta;caminhao;moto;onibus;outros;tracao_animal;transporte_de_cargas_especiais;trator_maquinas;utilitarios;ilesos;levemente_feridos;moderadamente_feridos;gravemente_feridos;mortos
04/04/2017;21:26:00;493;Acidente sem vítima;0,8;BR-101/ES;Norte;Choque com Objeto Fixo;0;0;0;0;0;0;0;1;;;1;0;0;0;0
04/04/2017;23:57:00;548;Acidente com vítima;208;BR-101/ES;Sul;Saída de Pista;1;0;0;0;0;0;0;0;;;0;1;0;0;0
05/04/2017;02:43:00;65;Acidente sem vítima;40;BR-101/ES;Norte;Atropelamento Animal;1;0;0;0;0;0;0;0;;;2;0;0;0;0
05/04/2017;04:26:00;92;Acidente com vítima;108;BR-101/ES;Sul;Colisão Traseira;0;0;1;0;0;0;0;3;;;1;0;1;0;0
05/04/2017;05:39:00;99;Acidente sem vítima;107;BR-101/ES;Norte;Colisão Traseira;2;0;0;0;0;0;0;0;;;4;0;0;0;0
05/04/2017;06:28:00;109;Acidente sem vítima;452;BR-101/ES;Sul;Colisão Traseira;0;0;0;0;0;0;0;5;;;2;0;0;0;0
05/04/2017;06:47:00;112;Acidente sem vítima;264;BR-101/ES;Norte;Colisão Traseira;2;0;0;0;0;0;0;0;;;2;0;0;0;0
05/04/2017;07:47:00;124;Atropelamento sem morte;270;BR-101/ES;Sul;Atropelamento;0;0;0;1;0;0;0;0;;;2;0;1;0;0
05/04/2017;09:10:00;150;Acidente sem vítima;269;BR-101/ES;Sul;Engavetamento;3;0;0;0;0;0;0;0;;;5;0;0;0;0
05/04/2017;11:36:00;242;Acidente sem vítima;195;BR-101/ES;Sul;Colisão Lateral;1;0;1;0;0;0;0;0;;;4;0;0;0;0
05/04/2017;14:12:00;330;Acidente sem vítima;300;BR-101/ES;Sul;Saída de Pista;1;0;0;0;0;0;0;0;;;1;0;0;0;0
05/04/2017;14:23:00;332;Acidente sem vítima;341;BR-101/ES;Norte;Colisão Traseira;2;0;0;0;0;0;0;0;;;2;0;0;0;0
05/04/2017;15:19:00;351;Acidente sem vítima;292;BR-101/ES;Norte;Colisão Traseira;2;0;0;0;0;0;0;0;;;2;0;0;0;0
05/04/2017;17:18:00;390;Acidente com vítima;296;BR-101/ES;Sul;Queda de Moto;0;0;1;1;0;0;0;0;;;1;1;0;0;0
06/04/2017;07:58:00;151;Acidente com vítima;269,5;BR-101/ES;Sul;Colisão Traseira;0;0;0;2;0;0;0;0;;;3;0;1;0;0
06/04/2017;08:08:00;154;Acidente sem vítima;249;BR-101/ES;Norte;Colisão Lateral;1;0;0;0;0;0;0;2;;;2;0;0;0;0
06/04/2017;14:09:00;366;Acidente sem vítima;278;BR-101/ES;Sul;Saída de Pista;0;0;0;0;0;0;0;2;;;1;0;0;0;0
06/04/2017;17:58:00;428;Acidente sem vítima;293;BR-101/ES;Norte;Colisão Transversal;2;0;0;0;0;0;0;0;;;2;0;0;0;0
06/04/2017;18:59:00;444;Acidente sem vítima;269;BR-101/ES;Norte;Colisão Traseira;1;0;0;0;0;0;0;1;;;2;0;0;0;0
06/04/2017;19:17:00;451;Acidente sem vítima;96;BR-101/ES;Sul;Colisão Lateral;1;0;0;0;0;0;0;2;;;3;0;0;0;0
06/04/2017;19:30:00;456;Acidente sem vítima;258;BR-101/ES;Norte;Colisão Traseira;2;0;0;0;0;0;0;0;;;2;0;0;0;0
06/04/2017;19:48:00;460;Acidente sem vítima;270;BR-101/ES;Sul;Colisão Traseira;2;0;0;0;0;0;0;0;;;2;0;0;0;0
07/04/2017;07:15:00;136;Acidente sem vítima;213;BR-101/ES;Sul;Colisão Frontal;1;0;0;0;0;0;0;2;;;2;0;0;0;0
07/04/2017;08:54:00;190;Acidente sem vítima;269;BR-101/ES;Sul;Colisão Traseira;1;0;0;0;0;0;0;2;;;2;0;0;0;0
07/04/2017;09:41:00;228;Acidente sem vítima;269;BR-101/ES;Sul;Engavetamento;3;0;0;0;0;0;0;0;;;3;0;0;0;0
07/04/2017;11:43:00;310;Acidente sem vítima;266;BR-101/ES;Sul;Colisão Traseira;2;0;0;0;0;0;0;0;;;2;0;0;0;0
07/04/2017;12:06:00;321;Acidente sem vítima;190;BR-101/ES;Norte;Colisão Transversal;2;0;0;0;0;0;0;0;;;6;0;0;0;0
07/04/2017;13:40:00;366;Acidente sem vítima;368,9;BR-101/ES;Sul;Saída de Pista;1;0;0;0;0;0;0;0;;;1;0;0;0;0
07/04/2017;14:29:00;384;Acidente com vítima;402;BR-101/ES;Sul;Capotamento;1;0;0;0;0;0;0;0;;;0;0;2;0;0
07/04/2017;18:27:00;468;Acidente sem vítima;246;BR-101/ES;Sul;Saída de Pista;1;0;0;0;0;0;0;0;;;1;0;0;0;0
07/04/2017;18:56:00;475;Acidente sem vítima;269;BR-101/ES;Sul;Colisão Lateral;1;0;1;1;0;0;0;0;;;3;0;0;0;0
07/04/2017;19:23:00;482;Acidente com vítima;268;BR-101/ES;Sul;Colisão Lateral;1;0;0;1;0;0;0;0;;;2;0;1;0;0
07/04/2017;21:44:00;539;Acidente sem vítima;349;BR-101/ES;Norte;Saída de Pista;0;0;1;0;0;0;0;0;;;1;0;0;0;0
07/04/2017;22:30:00;554;Acidente com vítima;141;BR-101/ES;Sul;Colisão Lateral;1;0;1;0;0;0;0;0;;;1;1;0;0;0
08/04/2017;00:24:00;10;Acidente sem vítima;258;BR-101/ES;Norte;Choque;0;0;1;0;0;0;0;3;;;2;0;0;0;0
08/04/2017;08:59:00;176;Acidente com vítima;312;BR-101/ES;Norte;Saída de Pista;1;0;0;0;0;0;0;0;;;0;1;0;0;0
08/04/2017;10:27:00;221;Acidente sem vítima;141;BR-101/ES;Norte;Colisão Traseira;1;0;0;0;0;0;0;2;;;2;0;0;0;0
08/04/2017;11:41:00;264;Acidente com vítima;327;BR-101/ES;Norte;Queda de Moto;0;0;0;1;0;0;0;0;;;0;1;1;0;0
08/04/2017;13:01:00;305;Acidente com vítima;298;BR-101/ES;Norte;Choque com Objeto Fixo;1;0;0;0;0;0;0;0;;;0;1;0;0;0
08/04/2017;15:26:00;355;Acidente com vítima;266;BR-101/ES;Norte;Colisão Lateral;0;0;0;2;0;0;0;0;;;0;0;3;0;0
08/04/2017;18:20:00;418;Acidente com vítima;145;BR-101/ES;Sul;Colisão Traseira;0;0;0;1;1;0;0;0;;;2;0;0;1;0
09/04/2017;00:52:00;18;Acidente com vítima;424;BR-101/ES;Norte;Choque com Objeto Fixo;1;0;0;0;0;0;0;0;;;0;0;1;0;0
09/04/2017;11:55:00;217;Acidente com vítima;18;BR-101/ES;Sul;Colisão Lateral;0;0;0;0;0;0;0;7;;;2;0;1;0;0
09/04/2017;15:30:00;292;Acidente sem vítima;301,5;BR-101/ES;Norte;Colisão Traseira;1;0;0;1;0;0;0;0;;;2;0;0;0;0
09/04/2017;17:56:00;338;Acidente com vítima;74;BR-101/ES;Norte;Queda de Moto;0;0;0;1;0;0;0;0;;;0;0;1;0;0
09/04/2017;18:47:00;351;Acidente sem vítima;126;BR-101/ES;Norte;Colisão Frontal;2;0;0;0;0;0;0;0;;;5;0;0;0;0
09/04/2017;20:31:00;373;Acidente com vítima;219;BR-101/ES;Sul;Queda de Moto;0;0;0;1;0;0;0;0;;;0;0;1;0;0
09/04/2017;21:25:00;397;Acidente com vítima;301;BR-101/ES;Sul;Colisão Frontal;2;0;0;0;0;0;0;0;;;2;0;2;0;0
10/04/2017;00:08:00;5;Acidente sem vítima;264;BR-101/ES;Norte;Colisão Traseira;2;0;0;0;0;0;0;0;;;2;0;0;0;0
10/04/2017;01:41:00;44;Acidente sem vítima;270;BR-101/ES;Sul;Choque com Objeto Fixo;1;0;0;0;0;0;0;0;;;1;0;0;0;0
10/04/2017;08:33:00;153;Atropelamento sem morte;268;BR-101/ES;Sul;Atropelamento;0;0;0;1;0;0;0;0;;;0;1;1;0;0
10/04/2017;09:28:00;165;Acidente sem vítima;266;BR-101/ES;Norte;Colisão Traseira;1;0;1;0;0;0;0;0;;;2;0;0;0;0
10/04/2017;12:38:00;278;Acidente sem vítima;268;BR-101/ES;Norte;Veículo em Chamas;0;0;0;0;1;0;0;0;;;2;0;0;0;0
10/04/2017;13:13:00;295;Acidente sem vítima;270;BR-101/ES;Norte;Colisão Lateral;1;0;0;0;0;0;0;2;;;3;0;0;0;0
10/04/2017;16:22:00;364;Acidente com vítima;210,8;BR-101/ES;Sul;Colisão Transversal;2;0;0;0;0;0;0;0;;;1;0;3;1;0
10/04/2017;17:49:00;389;Acidente sem vítima;392;BR-101/ES;Norte;Colisão Transversal;2;0;0;0;0;0;0;0;;;4;0;0;0;0
10/04/2017;19:17:00;414;Acidente sem vítima;271;BR-101/ES;Sul;Engavetamento;4;0;2;0;0;0;0;0;;;7;0;0;0;0
10/04/2017;19:54:00;425;Atropelamento sem morte;263;BR-101/ES;Sul;Atropelamento e Fuga;1;0;0;0;0;0;0;0;;;0;0;0;1;0
10/04/2017;23:32:00;492;Acidente com vítima;264;BR-101/ES;Norte;Colisão Frontal;1;0;0;0;0;0;0;1;;;1;1;0;0;0
11/04/2017;01:02:00;28;Acidente sem vítima;421;BR-101/ES;Sul;Saída de Pista;0;0;1;0;0;0;0;0;;;2;0;0;0;0
11/04/2017;02:20:00;60;Acidente sem vítima;455;BR-101/ES;Norte;Saída de Pista;1;0;0;0;0;0;0;0;;;1;0;0;0;0
11/04/2017;04:11:00;99;Acidente sem vítima;457;BR-101/ES;Norte;Saída de Pista;1;0;0;0;0;0;0;0;;;4;0;0;0;0
11/04/2017;06:41:00;122;Acidente sem vítima;328;BR-101/ES;Sul;Colisão Traseira;0;0;2;0;0;0;0;0;;;2;0;0;0;0
11/04/2017;06:58:00;124;Acidente sem vítima;275;BR-101/ES;Norte;Saída de Pista;1;0;0;0;0;0;0;0;;;1;0;0;0;0
11/04/2017;09:28:00;209;Acidente com vítima;221;BR-101/ES;Norte;Colisão Lateral;2;0;0;0;0;0;0;2;;;1;0;3;0;0
11/04/2017;11:04:00;280;Acidente com vítima;304;BR-101/ES;Sul;Capotamento;1;0;0;0;0;0;0;0;;;0;1;1;0;0
11/04/2017;12:18:00;333;Acidente sem vítima;329;BR-101/ES;Sul;Colisão Traseira;0;0;0;0;0;0;0;4;;;2;0;0;0;0
11/04/2017;13:32:00;366;Acidente sem vítima;283;BR-101/ES;Norte;Saída de Pista;1;0;0;0;0;0;0;0;;;2;0;0;0;0
11/04/2017;15:58:00;411;Acidente sem vítima;301;BR-101/ES;Sul;Colisão Lateral;1;0;0;1;0;0;0;0;;;2;0;0;0;0
11/04/2017;16:41:00;422;Acidente sem vítima;266;BR-101/ES;Sul;Colisão Traseira;2;0;0;0;0;0;0;0;;;1;0;0;0;0
11/04/2017;16:41:00;423;Acidente sem vítima;266;BR-101/ES;Sul;Engavetamento;3;0;0;0;0;0;0;0;;;1;0;0;0;0
11/04/2017;16:48:00;425;Acidente sem vítima;266;BR-101/ES;Sul;Colisão Traseira;2;0;0;0;0;0;0;0;;;4;0;0;0;0
11/04/2017;20:34:00;494;Acidente com vítima;219;BR-101/ES;Norte;Saída de Pista;0;0;0;1;0;0;0;0;;;0;1;0;0;0
12/04/2017;07:25:00;121;Acidente sem vítima;266;BR-101/ES;Sul;Colisão Lateral;1;0;0;1;0;0;0;0;;;3;0;0;0;0
12/04/2017;09:16:00;186;Acidente sem vítima;301;BR-101/ES;Sul;Colisão Traseira;2;0;0;0;0;0;0;0;;;2;0;0;0;0
12/04/2017;11:37:00;275;Acidente com vítima;261;BR-101/ES;Sul;Queda de Moto;0;0;0;1;0;0;0;0;;;0;1;0;0;0
12/04/2017;12:57:00;308;Acidente sem vítima;368,8;BR-101/ES;Sul;Colisão Traseira;2;0;0;0;0;0;0;0;;;3;0;0;0;0
12/04/2017;13:30:00;325;Acidente sem vítima;203;BR-101/ES;Sul;Colisão Lateral;1;0;0;0;0;0;0;2;;;2;0;0;0;0
12/04/2017;16:55:00;413;Acidente sem vítima;266;BR-101/ES;Norte;Colisão Transversal;1;0;0;0;0;0;0;2;;;2;0;0;0;0
12/04/2017;19:39:00;460;Acidente sem vítima;324;BR-101/ES;Norte;Veículo em Chamas;1;0;0;0;0;0;0;0;;;1;0;0;0;0
12/04/2017;19:48:00;463;Acidente sem vítima;212;BR-101/ES;Norte;Queda de Moto;0;0;0;1;0;0;0;0;;;1;0;0;0;0
12/04/2017;22:12:00;524;Acidente com vítima;270;BR-101/ES;Norte;Colisão Traseira;1;0;0;1;0;0;0;0;;;2;0;1;0;0
12/04/2017;22:59:00;535;Acidente sem vítima;167;BR-101/ES;Sul;Atropelamento de Equino;0;0;0;0;0;0;0;3;;;1;0;0;0;0
13/04/2017;04:49:00;78;Acidente sem vítima;301;BR-101/ES;Sul;Colisão Traseira;2;0;0;0;0;0;0;0;;;3;0;0;0;0
13/04/2017;05:13:00;81;Acidente com vítima;457,5;BR-101/ES;Norte;Capotamento;1;0;0;0;0;0;0;0;;;0;1;1;0;0
13/04/2017;05:34:00;87;Acidente sem vítima;298;BR-101/ES;Norte;Colisão Transversal;0;0;0;2;0;0;0;0;;;2;0;0;0;0
13/04/2017;06:47:00;100;Acidente sem vítima;247;BR-101/ES;Sul;Colisão Lateral;0;0;2;0;0;0;0;0;;;2;0;0;0;0
13/04/2017;07:49:00;120;Acidente sem vítima;270;BR-101/ES;Norte;Colisão Lateral;2;0;0;0;0;0;0;0;;;3;0;0;0;0
13/04/2017;11:50:00;240;Acidente com vítima;339,7;BR-101/ES;Sul;Colisão Lateral;2;0;1;0;0;0;0;2;;;7;1;1;0;0
13/04/2017;12:47:00;269;Acidente sem vítima;386;BR-101/ES;Norte;Saída de Pista;1;0;0;0;0;0;0;0;;;1;0;0;0;0
13/04/2017;13:09:00;279;Acidente sem vítima;400;BR-101/ES;Norte;Saída de Pista;1;0;0;0;0;0;0;0;;;1;0;0;0;0
13/04/2017;13:09:00;280;Acidente com vítima;18;BR-101/ES;Sul;Choque com Objeto Fixo;0;0;1;0;0;0;0;0;;;1;0;1;1;0
13/04/2017;14:32:00;306;Acidente sem vítima;401;BR-101/ES;Sul;Colisão Traseira;2;0;0;0;0;0;0;0;;;2;0;0;0;0
13/04/2017;16:51:00;349;Acidente com vítima;15;BR-101/ES;Norte;Colisão;1;1;0;0;0;0;0;0;;;2;1;0;0;0
13/04/2017;18:29:00;375;Acidente sem vítima;316,3;BR-101/ES;Norte;Saída de Pista;1;0;0;0;0;0;0;0;;;1;0;0;0;0
13/04/2017;21:23:00;426;Acidente sem vítima;18,5;BR-101/ES;Sul;Colisão Traseira;1;0;0;0;0;0;0;2;;;3;0;0;0;0
13/04/2017;23:50:00;480;Acidente sem vítima;67,5;BR-101/ES;Sul;Queda de Moto;0;0;0;1;0;0;0;0;;;2;0;0;0;0
14/04/2017;01:18:00;35;Acidente com vítima;181;BR-101/ES;Sul;Queda de Moto;0;0;0;1;0;0;0;0;;;0;0;2;0;0
14/04/2017;02:31:00;74;Acidente sem vítima;399;BR-101/ES;Norte;Colisão Traseira;1;0;0;0;0;0;0;2;;;4;0;0;0;0
14/04/2017;03:10:00;86;Acidente sem vítima;432;BR-101/ES;Sul;Atropelamento Animal;1;0;0;0;0;0;0;0;;;5;0;0;0;0
14/04/2017;03:48:00;97;Acidente com vítima;264;BR-101/ES;Norte;Colisão Traseira;2;0;0;0;0;0;0;0;;;3;0;2;0;0
14/04/2017;04:41:00;110;Acidente sem vítima;266;BR-101/ES;Sul;Saída de Pista;1;0;0;0;0;0;0;0;;;1;0;0;0;0
14/04/2017;04:52:00;112;Acidente sem vítima;298;BR-101/ES;Norte;Colisão Traseira;1;0;1;0;0;0;0;0;;;2;0;0;0;0
14/04/2017;10:35:00;212;Acidente com vítima;378;BR-101/ES;Sul;Queda de Moto;0;0;0;1;0;0;0;0;;;0;1;0;0;0
14/04/2017;11:30:00;243;Acidente com vítima;947;BR-101/BA;Norte;Tombamento;0;0;1;0;0;0;0;0;;;0;1;1;0;0
14/04/2017;11:45:00;252;Acidente com vítima;264;BR-101/ES;Norte;Colisão Transversal;1;0;0;1;0;0;0;0;;;1;0;2;0;0
14/04/2017;12:09:00;261;Acidente sem vítima;262;BR-101/ES;Norte;Colisão Traseira;2;0;0;0;0;0;0;0;;;3;0;0;0;0
14/04/2017;14:15:00;311;Acidente com vítima;446;BR-101/ES;Sul;Queda de Moto;1;0;0;0;0;0;0;0;;;0;1;0;0;0
14/04/2017;14:54:00;317;Acidente sem vítima;223;BR-101/ES;Norte;Saída de Pista;1;0;0;0;0;0;0;0;;;2;0;0;0;0
14/04/2017;17:45:00;362;Acidente com vítima;459;BR-101/ES;Sul;Colisão Frontal;2;0;0;0;0;0;0;0;;;0;0;2;2;0
14/04/2017;18:46:00;372;Acidente sem vítima;297;BR-101/ES;Sul;Colisão Traseira;2;0;0;0;0;0;0;0;;;3;0;0;0;0
14/04/2017;21:20:00;410;Acidente sem vítima;298;BR-101/ES;Norte;Choque com Objeto Fixo;1;0;0;0;0;0;0;0;;;1;0;0;0;0
14/04/2017;21:46:00;420;Acidente sem vítima;375;BR-101/ES;Sul;Capotamento;1;0;0;0;0;0;0;0;;;1;0;0;0;0
15/04/2017;03:26:00;72;Acidente com vítima;307;BR-101/ES;Norte;Saída de Pista;1;0;0;0;0;0;0;0;;;1;1;0;0;0
15/04/2017;03:57:00;84;Acidente com vítima;295;BR-101/ES;Sul;Queda de Moto;0;0;0;1;0;0;0;0;;;1;1;0;0;0
15/04/2017;09:41:00;173;Acidente com vítima;458;BR-101/ES;Norte;Saída de Pista;1;0;0;0;0;0;0;0;;;0;2;1;0;0
15/04/2017;15:36:00;344;Acidente com vítima;298;BR-101/ES;Sul;Colisão Lateral;0;0;1;1;0;0;0;1;;;1;1;0;0;0
15/04/2017;16:48:00;369;Acidente sem vítima;260;BR-101/ES;Norte;Queda de Moto;0;0;0;1;0;0;0;0;;;1;0;0;0;0
15/04/2017;18:18:00;386;Acidente com vítima;67;BR-101/ES;Norte;Queda de Moto;0;0;0;1;0;0;0;0;;;0;0;2;0;0
15/04/2017;18:42:00;393;Acidente sem vítima;295;BR-101/ES;Sul;Engavetamento;2;0;0;0;0;0;0;0;;;7;0;0;0;0
15/04/2017;22:40:00;457;Acidente com vítima;114;BR-101/ES;Sul;Saída de Pista;1;0;0;0;0;0;0;0;;;0;4;3;1;0
16/04/2017;01:39:00;37;Acidente com vítima;346;BR-101/ES;Sul;Queda de Moto;0;0;0;1;0;0;0;0;;;0;0;1;0;0
16/04/2017;03:19:00;71;Acidente sem vítima;135;BR-101/ES;Norte;Queda de Moto;0;0;0;1;0;0;0;0;;;1;0;0;0;0
16/04/2017;03:31:00;80;Acidente sem vítima;421;BR-101/ES;Norte;Saída de Pista;1;0;0;0;0;0;0;0;;;1;0;0;0;0
16/04/2017;03:58:00;84;Acidente com vítima;62;BR-101/ES;Sul;Capotamento;1;0;0;0;0;0;0;0;;;0;0;1;0;0
16/04/2017;10:08:00;177;Acidente com vítima;257;BR-101/ES;Norte;Colisão Transversal;1;0;0;1;0;0;0;0;;;1;0;1;0;0
16/04/2017;15:03:00;322;Acidente sem vítima;225;BR-101/ES;Sul;Colisão Traseira;3;0;0;0;0;0;0;0;;;11;0;0;0;0
16/04/2017;15:36:00;333;Acidente sem vítima;247;BR-101/ES;Sul;Colisão Traseira;2;0;0;0;0;0;0;0;;;3;0;0;0;0
16/04/2017;16:44:00;360;Acidente sem vítima;218;BR-101/ES;Sul;Colisão Lateral;1;0;0;0;0;0;0;2;;;4;0;0;0;0
16/04/2017;18:39:00;396;Acidente sem vítima;298;BR-101/ES;Norte;Colisão Traseira;2;0;0;0;0;0;0;0;;;3;0;0;0;0
16/04/2017;18:50:00;402;Acidente sem vítima;209;BR-101/ES;Norte;Engavetamento;4;0;0;0;0;0;0;0;;;15;0;0;0;0
16/04/2017;18:55:00;404;Acidente sem vítima;242;BR-101/ES;Sul;Colisão Lateral;2;0;0;0;0;0;0;0;;;3;0;0;0;0
16/04/2017;19:01:00;410;Acidente sem vítima;241;BR-101/ES;Sul;Engavetamento;3;0;0;0;0;0;0;0;;;12;0;0;0;0
16/04/2017;20:04:00;435;Acidente com vítima;369;BR-101/ES;Sul;Saída de Pista;1;0;0;0;0;0;0;0;;;0;1;0;0;0
16/04/2017;20:43:00;446;Acidente sem vítima;212;BR-101/ES;Sul;Colisão Traseira;2;0;0;0;0;0;0;0;;;7;0;0;0;0
16/04/2017;21:29:00;464;Acidente com morte;98;BR-101/ES;Norte;Colisão Lateral;1;0;0;1;0;0;0;0;;;0;4;0;1;1
16/04/2017;21:36:00;471;Acidente com vítima;299;BR-101/ES;Sul;Queda de Moto;0;0;0;1;0;0;0;0;;;1;1;0;0;0
16/04/2017;21:47:00;474;Acidente com vítima;215;BR-101/ES;Norte;Colisão Transversal;2;0;0;0;0;0;0;0;;;4;0;1;0;0
16/04/2017;23:02:00;494;Acidente sem vítima;244;BR-101/ES;Sul;Colisão Traseira;2;0;0;0;0;0;0;0;;;7;0;0;0;0
17/04/2017;07:55:00;145;Acidente sem vítima;255;BR-101/ES;Sul;Colisão Transversal;0;0;0;0;1;0;0;2;;;3;0;0;0;0
17/04/2017;08:13:00;154;Acidente sem vítima;132;BR-101/ES;Sul;Choque;1;0;1;0;0;0;0;0;;;2;0;0;0;0
17/04/2017;09:22:00;177;Acidente sem vítima;270;BR-101/ES;Norte;Colisão Lateral;1;0;0;0;0;0;0;1;;;2;0;0;0;0
17/04/2017;11:27:00;250;Atropelamento sem morte;167;BR-101/ES;Norte;Atropelamento;1;0;0;0;0;0;0;0;;;4;0;1;0;0
17/04/2017;15:43:00;354;Acidente sem vítima;278;BR-101/ES;Sul;Colisão Lateral;1;0;0;0;0;0;0;4;;;1;0;0;0;0
17/04/2017;17:14:00;384;Acidente sem vítima;263;BR-101/ES;Sul;Colisão Traseira;2;0;0;0;0;0;0;0;;;2;0;0;0;0
17/04/2017;17:53:00;394;Acidente com morte;92,8;BR-101/ES;Sul;Colisão Traseira;0;0;0;2;0;0;0;0;;;0;0;2;0;1
17/04/2017;18:05:00;397;Acidente sem vítima;278;BR-101/ES;Sul;Queda de Moto;0;0;0;1;0;0;0;0;;;2;0;0;0;0
17/04/2017;19:53:00;421;Acidente com vítima;293;BR-101/ES;Norte;Atropelamento Animal;0;0;0;1;0;0;0;0;;;1;1;0;0;0
17/04/2017;19:55:00;422;Acidente sem vítima;264;BR-101/ES;Norte;Colisão Traseira;1;0;0;0;1;0;0;0;;;2;0;0;0;0
17/04/2017;22:20:00;472;Acidente sem vítima;349;BR-101/ES;Norte;Colisão Lateral;2;0;0;0;0;0;0;0;;;4;0;0;0;0
18/04/2017;06:50:00;102;Acidente sem vítima;401;BR-101/ES;Norte;Capotamento;1;0;0;0;0;0;0;0;;;1;0;0;0;0
18/04/2017;08:02:00;119;Acidente com vítima;110;BR-101/ES;Norte;Colisão Traseira;1;0;0;1;0;0;0;0;;;1;1;1;0;0
18/04/2017;17:49:00;348;Acidente com vítima;335;BR-101/ES;Sul;Colisão;0;1;0;1;0;0;0;0;;;1;0;1;0;0
18/04/2017;18:42:00;360;Acidente com vítima;269;BR-101/ES;Norte;Colisão Transversal;1;0;0;1;0;0;0;0;;;1;1;0;0;0
19/04/2017;05:42:00;98;Acidente sem vítima;332,8;BR-101/ES;Sul;Queda de Moto;0;0;0;1;0;0;0;0;;;2;0;0;0;0
19/04/2017;11:56:00;269;Acidente sem vítima;270;BR-101/ES;Sul;Colisão Traseira;3;0;0;0;0;0;0;0;;;4;0;0;0;0
19/04/2017;12:22:00;288;Acidente sem vítima;180;BR-101/ES;Sul;Colisão Transversal;0;0;1;0;0;0;0;2;;;2;0;0;0;0
19/04/2017;12:24:00;289;Acidente sem vítima;270;BR-101/ES;Sul;Colisão Lateral;1;0;0;0;0;0;0;2;;;3;0;0;0;0
19/04/2017;13:38:00;323;Acidente sem vítima;70;BR-101/ES;Sul;Colisão Transversal;2;0;0;0;0;0;0;0;;;4;0;0;0;0
19/04/2017;16:06:00;370;Acidente sem vítima;213;BR-101/ES;Norte;Tombamento;0;0;0;0;0;0;0;2;;;1;0;0;0;0
19/04/2017;16:24:00;380;Acidente com vítima;212;BR-101/ES;Sul;Saída de Pista;0;0;0;0;0;0;0;2;;;1;0;1;0;0
19/04/2017;17:48:00;411;Acidente com vítima;213;BR-101/ES;Norte;Colisão Traseira;2;0;0;0;0;0;0;0;;;4;1;0;0;0
19/04/2017;17:59:00;413;Acidente com vítima;160;BR-101/ES;Sul;Colisão Transversal;1;0;0;1;0;0;0;0;;;1;0;1;0;0
19/04/2017;18:39:00;422;Acidente sem vítima;266;BR-101/ES;Sul;Colisão Traseira;2;0;0;0;0;1;0;0;;;3;0;0;0;0
19/04/2017;20:37:00;453;Acidente sem vítima;125;BR-101/ES;Sul;Colisão Traseira;1;0;0;0;0;0;0;1;;;2;0;0;0;0
20/04/2017;01:10:00;27;Acidente com morte;264;BR-101/ES;Sul;Queda de Moto;0;0;0;1;0;0;0;0;;;0;0;0;0;1
20/04/2017;08:30:00;145;Acidente sem vítima;277;BR-101/ES;Sul;Choque;1;0;0;0;0;0;0;2;;;2;0;0;0;0
20/04/2017;08:31:00;146;Acidente sem vítima;125;BR-101/ES;Sul;Colisão Lateral;1;0;0;0;1;0;0;0;;;2;0;0;0;0
20/04/2017;08:50:00;155;Acidente sem vítima;291;BR-101/ES;Sul;Colisão Lateral;1;0;0;0;1;0;0;0;;;3;0;0;0;0
20/04/2017;09:17:00;180;Acidente com vítima;101;BR-101/ES;Norte;Colisão Lateral;2;0;0;0;0;0;0;0;;;0;3;0;0;0
20/04/2017;09:51:00;203;Acidente com vítima;439;BR-101/ES;Sul;Colisão Transversal;1;0;0;0;0;0;0;1;;;1;0;0;1;0
20/04/2017;10:58:00;242;Acidente sem vítima;323;BR-101/ES;Norte;Colisão Traseira;2;0;0;0;0;0;0;0;;;3;0;0;0;0
20/04/2017;11:33:00;261;Acidente com vítima;261;BR-101/ES;Norte;Colisão Traseira;1;0;1;1;0;0;0;0;;;3;0;1;0;0
20/04/2017;14:25:00;347;Acidente sem vítima;203;BR-101/ES;Norte;Engavetamento;3;0;0;0;0;0;0;0;;;6;0;0;0;0
20/04/2017;15:21:00;364;Acidente sem vítima;297;BR-101/ES;Norte;Colisão Traseira;1;0;0;1;0;0;0;0;;;2;0;0;0;0
20/04/2017;17:51:00;410;Acidente sem vítima;265,5;BR-101/ES;Sul;Engavetamento;3;0;0;0;0;0;0;0;;;3;0;0;0;0
20/04/2017;18:38:00;418;Acidente sem vítima;70;BR-101/ES;Norte;Colisão Transversal;2;0;0;0;0;0;0;0;;;3;0;0;0;0
20/04/2017;19:35:00;434;Acidente sem vítima;290;BR-101/ES;Sul;Colisão Traseira;2;0;0;0;0;0;0;0;;;4;0;0;0;0
20/04/2017;19:55:00;440;Acidente sem vítima;270;BR-101/ES;Norte;Colisão Lateral;1;0;0;0;0;0;0;3;;;4;0;0;0;0
20/04/2017;22:25:00;499;Acidente com vítima;65;BR-101/ES;Norte;Colisão;0;1;0;1;0;0;0;0;;;0;2;0;0;0
20/04/2017;23:56:00;531;Acidente sem vítima;298;BR-101/ES;Norte;Atropelamento de Equino;1;0;0;0;0;0;0;0;;;2;0;0;0;0
21/04/2017;00:57:00;15;Acidente com vítima;264;BR-101/ES;Norte;Queda de Moto;0;0;0;1;0;0;0;0;;;0;1;0;0;0
21/04/2017;03:00:00;67;Acidente com vítima;129;BR-101/ES;Norte;Colisão Traseira;2;0;0;0;0;0;0;0;;;2;2;2;0;0
21/04/2017;08:15:00;127;Acidente sem vítima;223;BR-101/ES;Sul;Queda de Moto;0;0;0;1;0;0;0;0;;;1;0;0;0;0