data;horario;n_da_ocorrencia;tipo_de_ocorrencia;km;trecho;sentido;tipo_de_acidente;automovel;bicicleta;caminhao;moto;onibus;outros;tracao_animal;transporte_de_cargas_especiais;trator_maquinas;utilitarios;ilesos;levemente_feridos;moderadamente_feridos;gravemente_feridos;mortos
21/04/2017;08:15:00;128;Acidente sem vítima;319;BR-101/ES;Norte;Colisão Traseira;2;0;0;0;0;0;0;0;;;4;0;0;0;0
21/04/2017;09:58:00;168;Acidente sem vítima;210;BR-101/ES;Sul;Engavetamento;3;0;0;0;0;0;0;0;;;4;0;0;0;0
21/04/2017;13:39:00;298;Acidente com vítima;293;BR-101/ES;Sul;Queda de Moto;0;0;0;1;0;0;0;0;;;0;0;1;0;0
21/04/2017;15:13:00;319;Acidente sem vítima;206;BR-101/ES;Norte;Colisão Traseira;2;0;0;0;0;0;0;0;;;2;0;0;0;0
21/04/2017;16:10:00;332;Acidente com vítima;165;BR-101/ES;Sul;Colisão Lateral;2;0;1;0;0;0;0;1;;;4;0;1;0;0
21/04/2017;16:49:00;339;Acidente com vítima;50;BR-101/ES;Norte;Engavetamento;2;0;0;0;0;0;0;6;;;3;3;0;0;0
21/04/2017;16:53:00;343;Acidente com vítima;271;BR-101/ES;Norte;Choque com Objeto Fixo;1;0;0;0;0;0;0;0;;;2;0;2;0;0
21/04/2017;17:27:00;348;Acidente com vítima;25;BR-101/ES;Sul;Colisão Lateral;2;0;1;0;0;0;0;0;;;0;7;0;0;0
22/04/2017;04:08:00;82;Acidente com vítima;120;BR-101/ES;Sul;Colisão Frontal;1;0;1;0;0;0;0;3;;;0;1;1;0;0
22/04/2017;08:22:00;121;Acidente sem vítima;65,6;BR-101/ES;Sul;Engavetamento;3;0;0;0;0;0;0;0;;;3;0;0;0;0
22/04/2017;09:13:00;148;Acidente com vítima;24,6;BR-101/ES;Sul;Saída de Pista;1;0;0;0;0;0;0;0;;;0;0;6;0;0
22/04/2017;15:09:00;332;Acidente com vítima;296;BR-101/ES;Norte;Queda de Moto;0;0;0;1;0;0;0;0;;;0;0;1;0;0
22/04/2017;17:46:00;368;Acidente com vítima;162;BR-101/ES;Norte;Queda de Moto;0;0;0;1;0;0;0;0;;;0;0;1;0;0
22/04/2017;18:17:00;373;Acidente com vítima;31;BR-101/ES;Sul;Colisão;0;1;0;1;0;0;0;0;;;0;2;0;0;0
22/04/2017;18:58:00;378;Acidente sem vítima;16;BR-101/ES;Sul;Colisão Lateral;1;0;1;0;0;0;0;0;;;4;0;0;0;0
22/04/2017;21:35:00;428;Acidente com vítima;377;BR-101/ES;Sul;Colisão Lateral;1;0;0;1;0;0;0;0;;;2;0;2;0;0
23/04/2017;01:38:00;41;Acidente com vítima;110;BR-101/ES;Norte;Queda de Moto;0;0;0;1;0;0;0;0;;;0;0;1;0;0
23/04/2017;04:12:00;96;Acidente sem vítima;297;BR-101/ES;Sul;Choque com Objeto Fixo;1;0;0;0;0;0;0;0;;;1;0;0;0;0
23/04/2017;07:07:00;118;Acidente sem vítima;99;BR-101/ES;Norte;Colisão Lateral;2;0;0;0;0;0;0;0;;;4;0;0;0;0
23/04/2017;08:23:00;138;Acidente com vítima;182;BR-101/ES;Sul;Colisão Traseira;1;0;0;1;0;0;0;0;;;1;2;0;0;0
23/04/2017;08:35:00;140;Acidente sem vítima;322;BR-101/ES;Sul;Colisão Transversal;1;0;0;1;0;0;0;0;;;2;0;0;0;0
23/04/2017;09:04:00;148;Acidente sem vítima;101;BR-101/ES;Sul;Queda de Moto;0;0;0;1;0;0;0;0;;;2;0;0;0;0
23/04/2017;10:55:00;200;Acidente sem vítima;130;BR-101/ES;Sul;Saída de Pista;1;0;0;0;0;0;0;0;;;1;0;0;0;0
23/04/2017;11:09:00;209;Acidente sem vítima;282;BR-101/ES;Norte;Choque com Objeto Fixo;1;0;0;0;0;0;0;0;;;1;0;0;0;0
23/04/2017;13:26:00;295;Acidente com vítima;162;BR-101/ES;Sul;Queda de Moto;1;0;0;0;0;0;0;0;;;0;1;0;0;0
23/04/2017;14:57:00;320;Acidente sem vítima;242;BR-101/ES;Norte;Colisão Lateral;2;0;0;0;0;0;0;0;;;2;0;0;0;0
23/04/2017;16:12:00;337;Acidente sem vítima;211;BR-101/ES;Sul;Veículo em Chamas;1;0;0;0;0;0;0;0;;;2;0;0;0;0
23/04/2017;17:45:00;362;Acidente com vítima;377;BR-101/ES;Sul;Colisão Transversal;2;0;0;0;0;0;0;0;;;2;3;0;0;0
23/04/2017;17:47:00;363;Acidente com vítima;256;BR-101/ES;Sul;Queda de Moto;0;0;0;1;0;0;0;0;;;1;0;1;0;0
23/04/2017;19:43:00;392;Acidente sem vítima;270;BR-101/ES;Norte;Choque com Objeto Fixo;1;0;0;0;0;0;0;0;;;1;0;0;0;0
23/04/2017;20:39:00;415;Acidente sem vítima;267,5;BR-101/ES;Norte;Tombamento;1;0;0;0;0;0;0;0;;;1;0;0;0;0
24/04/2017;00:22:00;6;Atropelamento sem morte;264;BR-101/ES;Norte;Atropelamento;1;0;0;0;0;0;0;0;;;1;0;1;0;0
24/04/2017;01:09:00;30;Acidente sem vítima;250;BR-101/ES;Sul;Capotamento;1;0;0;0;0;0;0;0;;;3;0;0;0;0
24/04/2017;06:27:00;105;Acidente sem vítima;270;BR-101/ES;Sul;Colisão Traseira;2;0;0;0;0;0;0;0;;;2;0;0;0;0
24/04/2017;08:47:00;153;Acidente sem vítima;19;BR-101/ES;Sul;Veículo em Chamas;1;0;0;0;0;0;0;0;;;1;0;0;0;0
24/04/2017;12:08:00;276;Acidente com vítima;253;BR-101/ES;Sul;Colisão Traseira;2;0;0;0;0;0;0;0;;;3;0;1;0;0
24/04/2017;14:03:00;319;Acidente com vítima;296;BR-101/ES;Norte;Colisão Traseira;1;0;0;1;0;0;0;0;;;1;2;0;0;0
24/04/2017;15:46:00;348;Acidente sem vítima;941;BR-101/BA;Sul;Saída de Pista;0;0;1;0;0;0;0;1;;;1;0;0;0;0
24/04/2017;16:28:00;369;Acidente sem vítima;266;BR-101/ES;Sul;Colisão Lateral;1;0;0;0;0;0;0;2;;;2;0;0;0;0
24/04/2017;18:47:00;407;Acidente sem vítima;342;BR-101/ES;Sul;Choque;1;0;0;0;0;0;0;0;;;1;0;0;0;0
24/04/2017;19:08:00;410;Acidente com vítima;203;BR-101/ES;Norte;Colisão Traseira;1;0;0;0;0;0;0;2;;;1;1;0;0;0
24/04/2017;19:14:00;412;Acidente sem vítima;219;BR-101/ES;Sul;Colisão Traseira;2;0;0;0;0;0;0;0;;;4;0;0;0;0
25/04/2017;06:05:00;103;Acidente com vítima;457,5;BR-101/ES;Sul;Saída de Pista;1;0;0;0;0;0;0;0;;;2;0;3;0;0
25/04/2017;07:45:00;121;Acidente sem vítima;228;BR-101/ES;Norte;Colisão Lateral;1;0;1;0;0;0;0;0;;;3;0;0;0;0
25/04/2017;11:37:00;251;Acidente sem vítima;261;BR-101/ES;Sul;Colisão Traseira;1;0;1;0;0;0;0;0;;;2;0;0;0;0
25/04/2017;12:38:00;283;Acidente com vítima;288;BR-101/ES;Sul;Saída de Pista;0;0;1;0;0;0;0;0;;;0;2;0;0;0
25/04/2017;12:51:00;287;Acidente com vítima;268;BR-101/ES;Norte;Colisão Traseira;1;0;0;1;0;0;0;0;;;2;1;0;0;0
25/04/2017;14:20:00;315;Acidente com vítima;298;BR-101/ES;Sul;Colisão Traseira;0;0;1;1;0;0;0;0;;;3;0;1;0;0
25/04/2017;18:02:00;386;Acidente sem vítima;246;BR-101/ES;Sul;Queda de Moto;0;0;0;1;0;0;0;0;;;1;0;0;0;0
26/04/2017;04:11:00;80;Acidente com vítima;101,8;BR-101/ES;Sul;Choque com Objeto Fixo;1;0;0;0;0;0;0;0;;;0;2;0;0;0
26/04/2017;07:26:00;111;Acidente sem vítima;391;BR-101/ES;Norte;Tombamento;0;0;0;0;0;0;0;4;;;2;0;0;0;0
26/04/2017;07:37:00;114;Acidente com vítima;72,5;BR-101/ES;Norte;Capotamento;1;0;0;0;0;0;0;0;;;0;0;2;0;0
26/04/2017;15:59:00;318;Acidente sem vítima;265;BR-101/ES;Sul;Colisão Traseira;1;0;1;0;0;0;0;0;;;2;0;0;0;0
26/04/2017;16:25:00;323;Acidente com vítima;261;BR-101/ES;Sul;Queda de Moto;0;0;0;1;0;0;0;0;;;0;0;1;0;0
26/04/2017;17:23:00;334;Acidente sem vítima;262;BR-101/ES;Sul;Engavetamento;3;0;0;0;0;0;0;0;;;3;0;0;0;0
26/04/2017;17:51:00;340;Acidente sem vítima;336;BR-101/ES;Norte;Colisão Lateral;0;0;2;0;0;0;0;0;;;2;0;0;0;0
26/04/2017;17:55:00;343;Acidente com vítima;129;BR-101/ES;Norte;Choque com Objeto Fixo;0;0;0;1;0;0;0;0;;;0;1;0;0;0
26/04/2017;18:37:00;356;Acidente com vítima;265,5;BR-101/ES;Norte;Colisão Transversal;2;0;0;1;0;0;0;0;;;2;0;1;0;0
27/04/2017;06:12:00;122;Acidente sem vítima;14;BR-101/ES;Sul;Tombamento;0;0;0;0;0;0;0;4;;;1;0;0;0;0
27/04/2017;08:49:00;162;Acidente com vítima;117;BR-101/ES;Sul;Colisão Transversal;0;0;0;1;0;0;0;2;;;1;0;1;0;0
27/04/2017;09:44:00;198;Acidente sem vítima;254;BR-101/ES;Sul;Colisão Traseira;1;0;1;0;0;0;0;0;;;2;0;0;0;0
27/04/2017;10:06:00;222;Acidente sem vítima;267;BR-101/ES;Sul;Colisão Lateral;1;0;0;0;0;0;0;2;;;4;0;0;0;0
27/04/2017;12:52:00;317;Acidente com vítima;350;BR-101/ES;Sul;Capotamento;1;0;0;0;0;0;0;0;;;0;0;1;0;0
27/04/2017;16:29:00;403;Acidente sem vítima;254;BR-101/ES;Sul;Engavetamento;3;0;0;0;0;0;0;0;;;4;0;0;0;0
27/04/2017;17:22:00;424;Atropelamento sem morte;150;BR-101/ES;Norte;Atropelamento;0;0;1;0;0;0;0;0;;;2;0;0;0;0
27/04/2017;17:25:00;426;Acidente sem vítima;270;BR-101/ES;Norte;Colisão Lateral;2;0;0;0;0;0;0;0;;;2;0;0;0;0
27/04/2017;18:52:00;452;Acidente com vítima;290;BR-101/ES;Norte;Colisão Traseira;1;0;0;1;0;0;0;0;;;2;1;0;0;0
27/04/2017;21:09:00;515;Acidente com vítima;148;BR-101/ES;Sul;Colisão Transversal;1;0;0;1;0;0;0;0;;;1;1;1;0;0
27/04/2017;22:02:00;538;Acidente sem vítima;291;BR-101/ES;Norte;Choque com Objeto Fixo;0;0;0;0;0;0;0;2;;;1;0;0;0;0
28/04/2017;01:57:00;54;Acidente com vítima;386;BR-101/ES;Sul;Saída de Pista;1;0;0;0;0;0;0;0;;;0;2;0;0;0
28/04/2017;04:59:00;98;Acidente com vítima;394;BR-101/ES;Sul;Saída de Pista;0;0;0;0;0;0;0;2;;;0;1;0;0;0
28/04/2017;08:25:00;130;Acidente com vítima;268;BR-101/ES;Norte;Colisão Lateral;2;0;0;0;0;0;0;0;;;2;2;0;0;0
28/04/2017;12:03:00;199;Acidente sem vítima;266;BR-101/ES;Sul;Colisão Lateral;1;0;0;1;0;0;0;0;;;2;0;0;0;0
28/04/2017;18:32:00;333;Acidente sem vítima;290;BR-101/ES;Norte;Colisão Traseira;2;0;0;0;0;0;0;0;;;3;0;0;0;0
28/04/2017;18:40:00;336;Acidente com vítima;143;BR-101/ES;Norte;Queda de Moto;0;0;0;1;0;0;0;0;;;0;0;1;0;0
28/04/2017;19:41:00;352;Acidente sem vítima;293;BR-101/ES;Sul;Saída de Pista;1;0;0;0;0;0;0;0;;;1;0;0;0;0
28/04/2017;21:35:00;396;Acidente sem vítima;287,4;BR-101/ES;Sul;Atropelamento de Equino;1;0;0;0;0;0;0;3;;;2;0;0;0;0
28/04/2017;21:56:00;401;Acidente sem vítima;268;BR-101/ES;Sul;Saída de Pista;1;0;0;0;0;0;0;0;;;1;0;0;0;0
28/04/2017;22:18:00;413;Acidente com vítima;267;BR-101/ES;Norte;Colisão Lateral;3;0;0;0;0;0;0;0;;;2;0;3;0;0
28/04/2017;23:14:00;428;Acidente sem vítima;127;BR-101/ES;Norte;Queda de Moto;0;0;0;1;0;0;0;3;;;3;0;0;0;0
29/04/2017;01:49:00;46;Acidente sem vítima;266;BR-101/ES;Sul;Colisão Transversal;2;0;0;0;0;0;0;0;;;2;0;0;0;0
29/04/2017;03:06:00;79;Acidente com morte;226;BR-101/ES;Norte;Colisão Transversal;2;0;0;0;0;0;0;0;;;0;0;2;1;1
29/04/2017;07:54:00;135;Acidente com vítima;239;BR-101/ES;Sul;Queda de Moto;0;0;0;1;0;0;0;0;;;0;0;2;0;0
29/04/2017;08:46:00;151;Acidente sem vítima;242;BR-101/ES;Norte;Colisão Traseira;2;0;0;0;0;0;0;1;;;2;0;0;0;0
29/04/2017;10:55:00;217;Acidente sem vítima;148;BR-101/ES;Norte;Colisão Traseira;2;0;0;0;0;0;0;0;;;4;0;0;0;0
29/04/2017;11:55:00;253;Acidente sem vítima;11;BR-101/ES;Norte;Colisão Traseira;2;0;0;0;0;0;0;0;;;6;0;0;0;0
29/04/2017;12:47:00;286;Acidente sem vítima;268;BR-101/ES;Norte;Colisão Lateral;1;0;1;0;0;0;0;0;;;2;0;0;0;0
29/04/2017;15:29:00;343;Acidente sem vítima;145,5;BR-101/ES;Sul;Colisão Lateral;1;0;0;0;0;0;0;1;;;5;0;0;0;0
29/04/2017;18:14:00;394;Acidente sem vítima;207;BR-101/ES;Sul;Capotamento;1;0;0;0;0;0;0;0;;;1;0;0;0;0
29/04/2017;18:31:00;396;Acidente sem vítima;67;BR-101/ES;Norte;Colisão Transversal;2;0;0;0;0;0;0;0;;;2;0;0;0;0
29/04/2017;18:34:00;399;Acidente com vítima;235;BR-101/ES;Sul;Colisão Lateral;1;0;0;1;0;0;0;0;;;2;0;1;0;0
29/04/2017;19:30:00;416;Acidente sem vítima;421;BR-101/ES;Sul;Choque com Objeto Fixo;1;0;0;0;0;0;0;0;;;1;0;0;0;0
29/04/2017;20:43:00;437;Acidente sem vítima;264;BR-101/ES;Sul;Colisão Lateral;2;0;0;0;0;0;0;0;;;4;0;0;0;0
29/04/2017;21:45:00;470;Atropelamento sem morte;125,8;BR-101/ES;Sul;Atropelamento e Fuga;1;0;0;0;0;0;0;0;;;0;0;1;0;0
30/04/2017;00:18:00;4;Acidente com vítima;161;BR-101/ES;Sul;Colisão Frontal;3;0;0;0;0;0;0;0;;;1;6;0;1;0
30/04/2017;02:28:00;49;Acidente com vítima;147;BR-101/ES;Sul;Colisão Traseira;1;0;0;1;0;0;0;0;;;1;1;0;0;0
30/04/2017;04:12:00;78;Acidente sem vítima;434;BR-101/ES;Norte;Saída de Pista;0;0;0;0;0;0;0;2;;;1;0;0;0;0
30/04/2017;05:28:00;92;Acidente sem vítima;258;BR-101/ES;Norte;Colisão Transversal;1;0;0;0;1;0;0;0;;;2;0;0;0;0
30/04/2017;10:35:00;182;Acidente com vítima;212;BR-101/ES;Sul;Queda de Moto;0;0;0;1;0;0;0;0;;;0;0;1;0;0
30/04/2017;14:26:00;294;Acidente sem vítima;296;BR-101/ES;Sul;Colisão Lateral;1;0;1;0;0;0;0;1;;;3;0;0;0;0
30/04/2017;15:09:00;305;Atropelamento sem morte;203;BR-101/ES;Norte;Atropelamento e Fuga;0;0;0;1;0;0;0;0;;;1;0;0;0;0
30/04/2017;15:12:00;306;Acidente sem vítima;126;BR-101/ES;Norte;Colisão Traseira;1;0;0;0;0;0;0;0;;;6;0;0;0;0
30/04/2017;19:33:00;377;Acidente sem vítima;328;BR-101/ES;Sul;Saída de Pista;1;0;0;0;0;0;0;0;;;1;0;0;0;0
30/04/2017;19:58:00;381;Acidente sem vítima;264;BR-101/ES;Norte;Choque com Objeto Fixo;2;0;0;0;0;0;0;0;;;5;0;0;0;0
30/04/2017;20:51:00;396;Acidente com vítima;293;BR-101/ES;Norte;Queda de Moto;0;0;0;1;0;0;0;0;;;0;0;1;0;0
30/04/2017;21:19:00;410;Acidente com vítima;144;BR-101/ES;Norte;Colisão Traseira;1;0;0;1;0;0;0;0;;;3;0;1;0;0
30/04/2017;23:37:00;450;Acidente sem vítima;265;BR-101/ES;Norte;Choque com Objeto Fixo;1;0;0;0;0;0;0;0;;;1;0;0;0;0
01/05/2017;11:46:00;226;Acidente sem vítima;76;BR-101/ES;Norte;Saída de Pista;1;0;0;0;0;0;0;0;;;3;0;0;0;0
01/05/2017;13:53:00;286;Acidente com vítima;217;BR-101/ES;Sul;Saída de Pista;1;0;0;0;0;0;0;0;;;0;0;1;0;0
01/05/2017;19:03:00;376;Acidente sem vítima;239,5;BR-101/ES;Sul;Engavetamento;4;0;0;0;0;0;0;0;;;5;0;0;0;0
01/05/2017;20:25:00;405;Acidente sem vítima;273,9;BR-101/ES;Norte;Saída de Pista;1;0;0;0;0;0;0;0;;;3;0;0;0;0
01/05/2017;22:28:00;454;Acidente sem vítima;308;BR-101/ES;Sul;Choque com Veículo Estacionado;2;0;0;0;0;0;0;0;;;2;0;0;0;0
02/05/2017;06:26:00;97;Acidente com vítima;372;BR-101/ES;Sul;Colisão Transversal;1;0;0;1;0;0;0;0;;;1;1;0;0;0
02/05/2017;07:27:00;115;Acidente com vítima;287;BR-101/ES;Norte;Colisão Traseira;2;0;0;0;0;0;0;0;;;1;1;0;0;0
02/05/2017;08:19:00;133;Acidente com vítima;288;BR-101/ES;Norte;Colisão Lateral;0;0;0;1;0;0;0;0;;;0;1;0;0;0
02/05/2017;09:46:00;191;Acidente com vítima;258;BR-101/ES;Sul;Queda de Moto;0;0;0;1;0;0;0;0;;;0;0;2;0;0
02/05/2017;17:39:00;392;Acidente sem vítima;270;BR-101/ES;Norte;Colisão;0;1;0;1;0;0;0;0;;;2;0;0;0;0
02/05/2017;19:19:00;415;Acidente com vítima;296;BR-101/ES;Norte;Choque com Objeto Fixo;1;0;0;0;0;0;0;0;;;0;1;0;0;0
03/05/2017;09:00:00;157;Acidente sem vítima;17;BR-101/ES;Sul;Colisão Transversal;2;0;0;0;0;0;0;0;;;2;0;0;0;0
03/05/2017;12:58:00;303;Acidente com morte;120,5;BR-101/ES;Sul;Capotamento;1;0;0;0;0;0;0;0;;;0;2;0;0;1
03/05/2017;15:53:00;351;Acidente sem vítima;266;BR-101/ES;Sul;Colisão Traseira;2;0;0;0;0;0;0;3;;;3;0;0;0;0
03/05/2017;17:40:00;374;Acidente sem vítima;263;BR-101/ES;Norte;Engavetamento;3;0;0;0;0;0;0;0;;;3;0;0;0;0
03/05/2017;23:13:00;485;Acidente com vítima;84;BR-101/ES;Sul;Saída de Pista;1;0;0;0;0;0;0;0;;;0;0;1;0;0
04/05/2017;14:12:00;347;Acidente com vítima;124,9;BR-101/ES;Norte;Colisão Transversal;1;0;0;1;0;0;0;0;;;1;1;0;0;0
04/05/2017;14:44:00;356;Acidente sem vítima;421;BR-101/ES;Norte;Colisão Transversal;2;0;0;0;0;0;0;0;;;3;0;0;0;0
04/05/2017;18:34:00;415;Acidente sem vítima;241;BR-101/ES;Norte;Choque com Objeto Fixo;0;0;0;0;0;0;0;1;;;1;0;0;0;0
04/05/2017;19:51:00;427;Acidente sem vítima;265;BR-101/ES;Norte;Veículo em Chamas;1;0;0;0;0;0;0;0;;;1;0;0;0;0
04/05/2017;20:31:00;441;Acidente sem vítima;142;BR-101/ES;Norte;Colisão Lateral;1;0;0;0;0;0;0;2;;;2;0;0;0;0
04/05/2017;23:33:00;499;Acidente com vítima;267;BR-101/ES;Norte;Queda de ciclista;0;1;0;0;0;0;0;0;;;0;0;1;0;0
05/05/2017;07:33:00;116;Acidente sem vítima;269;BR-101/ES;Sul;Colisão Lateral;1;0;0;0;1;0;0;0;;;4;0;0;0;0
05/05/2017;08:42:00;160;Acidente sem vítima;302;BR-101/ES;Sul;Engavetamento;3;0;0;0;0;0;0;0;;;3;0;0;0;0
05/05/2017;12:20:00;297;Acidente sem vítima;269;BR-101/ES;Sul;Colisão Lateral;0;0;1;0;0;0;0;1;;;3;0;0;0;0
05/05/2017;14:57:00;371;Acidente sem vítima;258;BR-101/ES;Sul;Colisão Lateral;2;0;0;0;0;0;0;0;;;4;0;0;0;0
05/05/2017;18:02:00;426;Acidente com vítima;293;BR-101/ES;Norte;Colisão Traseira;0;0;1;1;0;0;0;0;;;1;0;1;0;0
05/05/2017;18:47:00;437;Acidente com vítima;173;BR-101/ES;Norte;Saída de Pista;1;0;0;0;0;0;0;0;;;0;0;1;0;0
05/05/2017;21:03:00;485;Acidente sem vítima;270;BR-101/ES;Sul;Colisão Traseira;3;0;0;0;0;0;0;0;;;5;0;0;0;0
06/05/2017;00:55:00;19;Acidente sem vítima;212;BR-101/ES;Sul;Tombamento;1;0;0;0;0;0;0;0;;;1;0;0;0;0
06/05/2017;04:36:00;93;Acidente com vítima;264;BR-101/ES;Norte;Colisão Traseira;1;0;0;0;1;0;0;0;;;1;0;1;0;0
06/05/2017;06:10:00;106;Atropelamento com morte;64;BR-101/ES;Norte;Atropelamento;2;0;1;0;0;0;0;0;;;2;0;0;0;1
06/05/2017;06:14:00;107;Acidente com vítima;258;BR-101/ES;Norte;Colisão Transversal;1;0;1;0;0;0;0;0;;;1;0;0;1;0
06/05/2017;07:41:00;123;Acidente sem vítima;296;BR-101/ES;Sul;Colisão Traseira;2;0;0;0;0;0;0;0;;;2;0;0;0;0
06/05/2017;07:42:00;124;Acidente sem vítima;447;BR-101/ES;Sul;Colisão Traseira;2;0;0;0;0;0;0;0;;;2;0;0;0;0
06/05/2017;10:07:00;194;Acidente sem vítima;127;BR-101/ES;Norte;Colisão Lateral;2;0;0;0;0;0;0;0;;;4;0;0;0;0
06/05/2017;11:41:00;248;Acidente com vítima;321;BR-101/ES;Sul;Queda de ciclista;0;1;0;0;0;0;0;0;;;0;1;0;0;0
06/05/2017;13:14:00;290;Acidente sem vítima;448,2;BR-101/ES;Sul;Capotamento;0;0;1;0;0;0;0;0;;;1;0;0;0;0
06/05/2017;16:13:00;359;Acidente sem vítima;429,5;BR-101/ES;Sul;Saída de Pista;1;0;0;0;0;0;0;0;;;1;0;0;0;0
06/05/2017;18:23:00;396;Acidente com vítima;125;BR-101/ES;Sul;Colisão Transversal;1;0;0;1;0;0;0;0;;;2;0;1;0;0
06/05/2017;20:07:00;430;Acidente sem vítima;160;BR-101/ES;Norte;Colisão Lateral;1;0;1;0;0;0;0;0;;;2;0;0;0;0
07/05/2017;00:09:00;6;Acidente com vítima;458;BR-101/ES;Sul;Capotamento;1;0;0;0;0;0;0;0;;;0;0;2;0;0
07/05/2017;03:02:00;65;Acidente sem vítima;335;BR-101/ES;Sul;Saída de Pista;1;0;0;0;0;0;0;0;;;1;0;0;0;0
07/05/2017;03:26:00;76;Acidente sem vítima;261;BR-101/ES;Norte;Capotamento;1;0;0;0;0;0;0;0;;;1;0;0;0;0
07/05/2017;07:39:00;117;Acidente sem vítima;226;BR-101/ES;Sul;Tombamento;1;0;0;0;0;0;0;0;;;1;0;0;0;0
07/05/2017;08:09:00;123;Acidente com vítima;270;BR-101/ES;Sul;Colisão Lateral;1;0;0;1;0;0;0;0;;;2;0;1;0;0
07/05/2017;10:24:00;163;Acidente sem vítima;284;BR-101/ES;Norte;Choque com Objeto Fixo;1;0;0;0;0;0;0;0;;;2;0;0;0;0
07/05/2017;10:40:00;173;Acidente sem vítima;213;BR-101/ES;Norte;Queda de Moto;0;0;0;1;0;0;0;0;;;2;0;0;0;0
07/05/2017;16:30:00;314;Acidente com vítima;458;BR-101/ES;Sul;Queda de Moto;0;0;0;1;0;0;0;0;;;0;0;1;0;0
07/05/2017;18:46:00;340;Acidente com vítima;29;BR-101/ES;Norte;Colisão;0;1;0;1;0;0;0;0;;;0;0;2;0;0
07/05/2017;19:51:00;355;Acidente com vítima;45;BR-101/ES;Norte;Queda de Moto;0;0;0;1;0;0;0;0;;;0;0;1;0;0
07/05/2017;20:42:00;370;Acidente sem vítima;272;BR-101/ES;Sul;Capotamento;1;0;0;0;0;0;0;0;;;1;0;0;0;0
07/05/2017;21:27:00;380;Acidente sem vítima;447;BR-101/ES;Norte;Capotamento;1;0;0;0;0;0;0;0;;;1;0;0;0;0
07/05/2017;22:03:00;397;Acidente sem vítima;255;BR-101/ES;Sul;Colisão Lateral;2;0;0;0;0;0;0;0;;;2;0;0;0;0
07/05/2017;22:04:00;398;Acidente com vítima;265;BR-101/ES;Sul;Colisão Traseira;2;0;0;0;0;0;0;0;;;2;1;0;0;0
08/05/2017;10:26:00;242;Acidente sem vítima;948,1;BR-101/BA;Norte;Saída de Pista;0;0;0;0;0;0;0;2;;;1;0;0;0;0
08/05/2017;12:35:00;332;Acidente com morte;122,5;BR-101/ES;Norte;Capotamento;1;0;0;0;0;0;0;0;;;1;0;2;0;1
08/05/2017;13:23:00;353;Acidente sem vítima;269;BR-101/ES;Norte;Colisão Lateral;1;0;0;0;0;0;0;2;;;2;0;0;0;0
08/05/2017;14:37:00;374;Acidente sem vítima;285;BR-101/ES;Sul;Colisão Traseira;2;0;0;0;0;0;0;0;;;3;0;0;0;0
08/05/2017;16:37:00;407;Acidente com vítima;284;BR-101/ES;Norte;Saída de Pista;0;0;1;0;0;0;0;0;;;0;0;3;0;0
08/05/2017;19:43:00;451;Acidente sem vítima;265;BR-101/ES;Norte;Queda de Moto;0;0;0;1;0;0;0;0;;;1;0;0;0;0
08/05/2017;20:58:00;475;Acidente sem vítima;264;BR-101/ES;Norte;Choque com Objeto Fixo;1;0;0;0;0;0;0;0;;;1;0;0;0;0
08/05/2017;23:10:00;523;Acidente com vítima;335;BR-101/ES;Norte;Queda de Moto;0;0;0;1;0;0;0;0;;;0;1;0;0;0
09/05/2017;04:53:00;100;Acidente sem vítima;298;BR-101/ES;Norte;Colisão Traseira;1;0;1;0;0;0;0;0;;;2;0;0;0;0
09/05/2017;07:30:00;137;Acidente com vítima;299;BR-101/ES;Norte;Colisão Traseira;0;0;0;1;1;0;0;0;;;2;1;0;0;0
09/05/2017;08:57:00;180;Acidente sem vítima;147;BR-101/ES;Norte;Colisão Transversal;2;0;0;0;0;0;0;0;;;2;0;0;0;0
09/05/2017;14:58:00;374;Acidente sem vítima;154;BR-101/ES;Norte;Colisão Lateral;1;0;0;0;0;0;0;3;;;2;0;0;0;0
09/05/2017;16:12:00;403;Acidente sem vítima;282;BR-101/ES;Sul;Choque com Objeto Fixo;1;0;1;0;0;0;0;0;;;2;0;0;0;0
09/05/2017;16:25:00;408;Acidente sem vítima;262;BR-101/ES;Norte;Engavetamento;2;0;1;0;0;0;0;0;;;3;0;0;0;0
09/05/2017;16:25:00;409;Acidente com vítima;282;BR-101/ES;Sul;Colisão Frontal;1;0;0;1;0;0;0;0;;;2;0;1;0;0
09/05/2017;16:50:00;417;Acidente sem vítima;269;BR-101/ES;Norte;Colisão Lateral;1;0;0;0;0;0;0;3;;;2;0;0;0;0
09/05/2017;18:01:00;432;Acidente sem vítima;269;BR-101/ES;Sul;Engavetamento;3;0;0;0;0;0;0;0;;;6;0;0;0;0
09/05/2017;18:31:00;438;Acidente com morte;172,6;BR-101/ES;Sul;Colisão Frontal;1;0;1;0;0;0;0;0;;;0;0;1;0;1
09/05/2017;19:43:00;454;Acidente sem vítima;270;BR-101/ES;Sul;Choque com Objeto Fixo;1;0;0;0;0;0;0;0;;;1;0;0;0;0
09/05/2017;22:22:00;524;Atropelamento sem morte;292;BR-101/ES;Norte;Atropelamento;0;0;0;1;0;0;0;0;;;0;0;1;1;0
10/05/2017;07:52:00;134;Acidente com vítima;229;BR-101/ES;Sul;Colisão Transversal;1;0;0;0;0;0;0;2;;;2;1;0;0;0