data;horario;n_da_ocorrencia;tipo_de_ocorrencia;km;trecho;sentido;tipo_de_acidente;automovel;bicicleta;caminhao;moto;onibus;outros;tracao_animal;transporte_de_cargas_especiais;trator_maquinas;utilitarios;ilesos;levemente_feridos;moderadamente_feridos;gravemente_feridos;mortos
22/07/2017;13:53:00;264;Acidente com vítima;339;BR-101/ES;Norte;Choque com Objeto Fixo;1;0;0;0;0;0;0;0;;;0;0;1;0;0
22/07/2017;14:53:00;277;Acidente com vítima;51,5;BR-101/ES;Norte;Colisão Transversal;1;0;1;0;0;0;0;0;;;1;0;2;0;0
22/07/2017;16:02:00;297;Acidente com vítima;287;BR-101/ES;Norte;Colisão Lateral;2;0;0;0;0;0;0;0;;;2;2;0;0;0
22/07/2017;16:26:00;308;Acidente sem vítima;298;BR-101/ES;Norte;Engavetamento;4;0;0;0;0;0;0;0;;;7;0;0;0;0
22/07/2017;19:25:00;352;Acidente com vítima;62,5;BR-101/ES;Sul;Colisão Transversal;1;0;0;1;0;0;0;0;;;1;0;1;1;0
22/07/2017;20:38:00;377;Acidente sem vítima;351;BR-101/ES;Norte;Colisão Traseira;2;0;0;0;0;0;0;0;;;5;0;0;0;0
22/07/2017;21:51:00;404;Acidente com morte;25,7;BR-101/ES;Norte;Colisão Traseira;1;0;1;0;0;0;0;0;;;1;0;0;1;1
23/07/2017;01:17:00;31;Acidente sem vítima;144;BR-101/ES;Norte;Choque com Objeto Fixo;1;0;0;0;0;0;0;0;;;1;0;0;0;0
23/07/2017;02:02:00;49;Acidente sem vítima;117;BR-101/ES;Sul;Saída de Pista;1;0;0;0;0;0;0;0;;;2;0;0;0;0
23/07/2017;12:40:00;251;Acidente com vítima;96;BR-101/ES;Sul;Queda de Moto;0;0;0;1;0;0;0;0;;;0;1;1;0;0
23/07/2017;14:38:00;291;Acidente sem vítima;295;BR-101/ES;Norte;Colisão Traseira;2;0;0;0;0;0;0;0;;;2;0;0;0;0
23/07/2017;14:56:00;295;Acidente sem vítima;264;BR-101/ES;Norte;Queda de Moto;0;0;0;1;0;0;0;0;;;1;0;0;0;0
23/07/2017;15:08:00;298;Acidente com vítima;93;BR-101/ES;Norte;Colisão Transversal;2;0;0;0;0;0;0;0;;;6;0;1;1;0
23/07/2017;16:05:00;309;Acidente sem vítima;284;BR-101/ES;Norte;Saída de Pista;1;0;0;0;0;0;0;0;;;2;0;0;0;0
23/07/2017;16:48:00;326;Acidente sem vítima;117;BR-101/ES;Sul;Colisão Traseira;0;0;1;1;0;0;0;0;;;4;0;0;0;0
23/07/2017;17:12:00;332;Atropelamento com morte;461;BR-101/ES;Norte;Atropelamento;3;0;1;0;0;0;0;0;;;5;0;0;1;1
23/07/2017;17:40:00;338;Acidente sem vítima;387;BR-101/ES;Norte;Saída de Pista;1;0;0;0;0;0;0;0;;;2;0;0;0;0
23/07/2017;17:56:00;344;Acidente com vítima;147;BR-101/ES;Norte;Queda de Moto;1;0;0;0;0;0;0;0;;;0;1;0;0;0
23/07/2017;20:24:00;393;Acidente com vítima;74,5;BR-101/ES;Norte;Capotamento;1;0;0;0;0;0;0;0;;;0;1;0;0;0
24/07/2017;03:30:00;84;Acidente sem vítima;300,7;BR-101/ES;Sul;Capotamento;1;0;0;0;0;0;0;0;;;1;0;0;0;0
24/07/2017;06:38:00;119;Acidente com vítima;293;BR-101/ES;Sul;Capotamento;1;0;0;0;0;0;0;0;;;0;1;1;0;0
24/07/2017;06:50:00;123;Atropelamento sem morte;271;BR-101/ES;Norte;Atropelamento;1;0;0;0;0;0;0;0;;;2;0;1;0;0
24/07/2017;07:26:00;141;Acidente sem vítima;199;BR-101/ES;Norte;Atropelamento Animal;1;0;0;0;0;0;0;0;;;1;0;0;0;0
24/07/2017;08:07:00;161;Acidente com vítima;286;BR-101/ES;Norte;Colisão Traseira;2;0;0;1;0;0;0;0;;;2;0;1;0;0
24/07/2017;13:13:00;333;Acidente sem vítima;263;BR-101/ES;Sul;Engavetamento;3;0;0;0;0;0;0;0;;;4;0;0;0;0
24/07/2017;14:22:00;366;Acidente com vítima;365;BR-101/ES;Norte;Saída de Pista;1;0;0;0;0;0;0;0;;;2;1;0;0;0
24/07/2017;17:39:00;430;Acidente sem vítima;270;BR-101/ES;Sul;Engavetamento;4;0;0;0;0;0;0;0;;;4;0;0;0;0
24/07/2017;18:33:00;447;Acidente com vítima;303;BR-101/ES;Norte;Colisão Traseira;1;0;1;0;0;0;0;0;;;1;0;1;0;0
25/07/2017;06:27:00;105;Acidente sem vítima;293;BR-101/ES;Sul;Colisão Traseira;2;0;0;0;0;0;0;0;;;3;0;0;0;0
25/07/2017;08:41:00;151;Acidente sem vítima;341;BR-101/ES;Sul;Atropelamento Animal;1;0;0;0;0;0;0;0;;;1;0;0;0;0
25/07/2017;09:45:00;179;Acidente sem vítima;172;BR-101/ES;Sul;Choque com Objeto Fixo;1;0;0;0;0;0;0;0;;;1;0;0;0;0
25/07/2017;11:40:00;241;Acidente sem vítima;264;BR-101/ES;Norte;Colisão Traseira;0;0;1;0;0;0;0;2;;;2;0;0;0;0
25/07/2017;11:57:00;249;Acidente sem vítima;948;BR-101/BA;Sul;Tombamento;1;0;0;0;0;0;0;0;;;2;0;0;0;0
25/07/2017;14:13:00;326;Acidente sem vítima;66,1;BR-101/ES;Sul;Colisão Traseira;2;0;0;0;0;0;0;0;;;3;0;0;0;0
25/07/2017;15:58:00;390;Acidente com vítima;67;BR-101/ES;Sul;Colisão Transversal;1;0;0;1;0;0;0;0;;;4;0;1;0;0
26/07/2017;08:10:00;127;Acidente com vítima;214;BR-101/ES;Norte;Colisão Lateral;2;0;0;0;0;0;0;0;;;3;0;1;0;0
26/07/2017;14:40:00;319;Acidente sem vítima;265;BR-101/ES;Sul;Colisão Traseira;2;0;0;0;0;0;0;0;;;3;0;0;0;0
26/07/2017;15:48:00;334;Acidente sem vítima;67;BR-101/ES;Norte;Colisão Transversal;1;0;0;0;0;0;0;1;;;4;0;0;0;0
26/07/2017;16:14:00;340;Acidente sem vítima;947;BR-101/BA;Sul;Tombamento;0;0;0;0;0;0;0;3;;;1;0;0;0;0
26/07/2017;17:15:00;354;Acidente sem vítima;146;BR-101/ES;Norte;Engavetamento;3;0;0;0;0;0;0;0;;;3;0;0;0;0
26/07/2017;17:54:00;372;Acidente com vítima;308;BR-101/ES;Norte;Queda de Moto;0;0;0;1;0;0;0;2;;;1;0;0;1;0
26/07/2017;18:47:00;381;Acidente com vítima;401;BR-101/ES;Norte;Saída de Pista;1;0;0;0;0;0;0;0;;;1;0;2;0;0
27/07/2017;00:34:00;18;Acidente sem vítima;126;BR-101/ES;Sul;Colisão Transversal;1;0;0;1;0;0;0;0;;;2;0;0;0;0
27/07/2017;01:17:00;37;Acidente sem vítima;159;BR-101/ES;Sul;Saída de Pista;1;0;0;0;0;0;0;0;;;2;0;0;0;0
27/07/2017;07:54:00;131;Acidente com vítima;401;BR-101/ES;Sul;Saída de Pista;0;0;0;0;0;0;0;2;;;0;0;1;0;0
27/07/2017;08:04:00;135;Acidente sem vítima;209;BR-101/ES;Norte;Queda de Moto;0;0;0;1;0;0;0;0;;;1;0;0;0;0
27/07/2017;08:15:00;139;Acidente sem vítima;258;BR-101/ES;Sul;Saída de Pista;1;0;0;0;0;0;0;0;;;1;0;0;0;0
27/07/2017;09:15:00;155;Acidente com vítima;293;BR-101/ES;Sul;Colisão Traseira;0;0;2;0;0;0;0;0;;;1;1;0;0;0
27/07/2017;13:13:00;274;Acidente com morte;245,9;BR-101/ES;Sul;Colisão Transversal;1;0;0;0;0;0;0;2;;;1;0;0;0;4
27/07/2017;16:49:00;328;Acidente sem vítima;334;BR-101/ES;Sul;Queda de Moto;0;0;0;1;0;0;0;0;;;1;0;0;0;0
27/07/2017;17:07:00;336;Acidente sem vítima;144;BR-101/ES;Sul;Queda de Moto;0;0;0;1;0;0;0;0;;;1;0;0;0;0
27/07/2017;17:22:00;340;Acidente sem vítima;334;BR-101/ES;Norte;Engavetamento;1;0;3;0;0;0;0;0;;;5;0;0;0;0
27/07/2017;17:47:00;347;Acidente sem vítima;261;BR-101/ES;Sul;Colisão Traseira;2;0;0;0;0;0;0;0;;;2;0;0;0;0
27/07/2017;18:12:00;352;Acidente com vítima;266;BR-101/ES;Sul;Queda de Moto;0;0;0;1;0;0;0;0;;;0;0;1;0;0
27/07/2017;21:25:00;400;Acidente sem vítima;274;BR-101/ES;Sul;Saída de Pista;1;0;0;0;0;0;0;0;;;2;0;0;0;0
27/07/2017;23:20:00;430;Acidente com morte;386;BR-101/ES;Norte;Tombamento;0;0;1;0;0;0;0;6;;;1;0;0;1;2
28/07/2017;06:39:00;85;Acidente sem vítima;276;BR-101/ES;Norte;Colisão Traseira;3;0;0;0;0;0;0;0;;;3;0;0;0;0
28/07/2017;06:59:00;89;Atropelamento sem morte;266;BR-101/ES;Sul;Atropelamento;0;0;0;1;0;0;0;0;;;1;0;0;1;0
28/07/2017;08:39:00;115;Acidente sem vítima;200;BR-101/ES;Norte;Veículo em Chamas;1;0;0;0;0;0;0;0;;;1;0;0;0;0
28/07/2017;09:32:00;146;Acidente sem vítima;15;BR-101/ES;Sul;Engavetamento;3;0;0;0;0;0;0;0;;;5;0;0;0;0
28/07/2017;10:08:00;162;Acidente com vítima;309;BR-101/ES;Sul;Capotamento;1;0;0;0;0;0;0;0;;;0;2;0;0;0
28/07/2017;11:16:00;226;Acidente sem vítima;388;BR-101/ES;Norte;Tombamento;0;0;0;0;0;0;0;2;;;1;0;0;0;0
28/07/2017;13:44:00;308;Acidente com vítima;261;BR-101/ES;Sul;Colisão Traseira;1;0;0;1;0;0;0;0;;;1;0;1;0;0
28/07/2017;15:16:00;338;Acidente sem vítima;340;BR-101/ES;Sul;Colisão Traseira;0;0;1;0;1;0;0;1;;;5;0;0;0;0
28/07/2017;15:38:00;344;Acidente com vítima;358;BR-101/ES;Norte;Colisão Lateral;2;0;0;0;0;0;0;0;;;1;1;0;0;0
28/07/2017;16:31:00;366;Acidente com vítima;96;BR-101/ES;Norte;Colisão Traseira;2;0;0;0;0;0;0;0;;;0;6;0;0;0
28/07/2017;16:45:00;370;Acidente sem vítima;263;BR-101/ES;Norte;Colisão Lateral;2;0;0;0;0;0;0;0;;;2;0;0;0;0
28/07/2017;17:04:00;377;Acidente com vítima;122;BR-101/ES;Sul;Saída de Pista;1;0;0;0;0;0;0;0;;;3;0;1;0;0
28/07/2017;17:14:00;383;Acidente sem vítima;206;BR-101/ES;Norte;Colisão Transversal;1;0;0;1;0;0;0;0;;;3;0;0;0;0
28/07/2017;17:55:00;395;Acidente com vítima;266;BR-101/ES;Norte;Colisão Traseira;1;0;0;1;0;0;0;0;;;1;0;1;0;0
28/07/2017;18:16:00;402;Acidente sem vítima;149;BR-101/ES;Sul;Colisão Transversal;2;0;0;0;0;0;0;0;;;2;0;0;0;0
28/07/2017;18:43:00;406;Acidente com vítima;303,8;BR-101/ES;Sul;Colisão Traseira;2;0;0;0;0;0;0;0;;;5;0;1;0;0
28/07/2017;20:43:00;445;Acidente sem vítima;271;BR-101/ES;Sul;Colisão Lateral;1;0;0;0;0;0;0;3;;;2;0;0;0;0
28/07/2017;22:22:00;481;Acidente com vítima;144;BR-101/ES;Norte;Saída de Pista;1;0;0;0;0;0;0;0;;;0;2;0;0;0
28/07/2017;22:56:00;495;Acidente com vítima;61;BR-101/ES;Sul;Colisão Transversal;1;0;0;1;0;0;0;0;;;3;1;0;0;0
28/07/2017;23:16:00;501;Acidente sem vítima;458;BR-101/ES;Sul;Colisão Lateral;1;0;0;0;1;0;0;0;;;21;0;0;0;0
28/07/2017;23:27:00;504;Acidente sem vítima;276;BR-101/ES;Norte;Choque com Objeto Fixo;1;0;0;0;0;0;0;0;;;1;0;0;0;0
29/07/2017;02:22:00;60;Acidente sem vítima;454,8;BR-101/ES;Sul;Saída de Pista;1;0;0;0;0;0;0;0;;;1;0;0;0;0
29/07/2017;07:36:00;137;Acidente sem vítima;210;BR-101/ES;Norte;Capotamento;1;0;0;0;0;0;0;0;;;1;0;0;0;0
29/07/2017;08:07:00;146;Acidente sem vítima;461;BR-101/ES;Norte;Saída de Pista;1;0;0;0;0;0;0;0;;;1;0;0;0;0
29/07/2017;08:13:00;150;Acidente sem vítima;269;BR-101/ES;Sul;Choque com Objeto Fixo;1;0;1;0;0;0;0;0;;;2;0;0;0;0
29/07/2017;08:55:00;162;Acidente sem vítima;378;BR-101/ES;Sul;Colisão Lateral;2;0;0;0;0;0;0;1;;;2;0;0;0;0
29/07/2017;09:40:00;192;Acidente com vítima;131;BR-101/ES;Norte;Saída de Pista;1;0;0;0;0;0;0;0;;;1;1;0;0;0
29/07/2017;10:13:00;209;Acidente com vítima;435;BR-101/ES;Norte;Saída de Pista;1;0;0;0;0;0;0;0;;;0;1;1;0;0
29/07/2017;10:22:00;210;Acidente sem vítima;424;BR-101/ES;Sul;Saída de Pista;1;0;0;0;0;0;0;0;;;1;0;0;0;0
29/07/2017;11:42:00;265;Acidente sem vítima;20;BR-101/ES;Sul;Queda de Moto;0;0;0;1;0;0;0;0;;;2;0;0;0;0
29/07/2017;18:51:00;394;Acidente com vítima;144;BR-101/ES;Norte;Colisão;0;1;0;1;0;0;0;0;;;0;3;0;0;0
29/07/2017;19:41:00;409;Acidente sem vítima;165;BR-101/ES;Norte;Colisão Traseira;2;0;0;0;0;0;0;0;;;3;0;0;0;0
29/07/2017;21:39:00;452;Acidente com vítima;210;BR-101/ES;Norte;Saída de Pista;1;0;0;0;0;0;0;0;;;0;0;2;0;0
29/07/2017;22:17:00;465;Acidente sem vítima;272,5;BR-101/ES;Norte;Choque com Objeto Fixo;1;0;0;0;0;0;0;0;;;1;0;0;0;0
30/07/2017;03:59:00;73;Acidente com vítima;30;BR-101/ES;Sul;Choque com Objeto Fixo;1;0;0;0;0;0;0;0;;;1;4;0;0;0
30/07/2017;06:31:00;111;Acidente sem vítima;276;BR-101/ES;Norte;Saída de Pista;1;0;0;0;0;0;0;0;;;1;0;0;0;0
30/07/2017;06:59:00;114;Atropelamento sem morte;4;BR-101/ES;Norte;Atropelamento e Fuga;1;0;1;0;0;0;0;1;;;9;2;0;1;0
30/07/2017;10:51:00;183;Acidente com vítima;119;BR-101/ES;Sul;Saída de Pista;1;0;0;0;0;0;0;0;;;1;0;4;0;0
30/07/2017;11:05:00;191;Acidente com vítima;449,9;BR-101/ES;Norte;Capotamento;0;0;0;0;0;0;0;2;;;0;0;1;0;0
30/07/2017;12:09:00;217;Acidente sem vítima;89;BR-101/ES;Norte;Colisão Lateral;2;0;0;0;0;0;0;0;;;5;0;0;0;0
30/07/2017;14:54:00;280;Acidente sem vítima;272;BR-101/ES;Norte;Saída de Pista;1;0;0;0;0;0;0;0;;;1;0;0;0;0
30/07/2017;16:03:00;299;Acidente sem vítima;262;BR-101/ES;Norte;Colisão Traseira;2;0;0;0;0;0;0;0;;;7;0;0;0;0
30/07/2017;16:38:00;314;Acidente com vítima;297,5;BR-101/ES;Norte;Choque com Objeto Fixo;1;0;0;0;0;0;0;0;;;0;2;0;0;0
30/07/2017;17:17:00;328;Acidente sem vítima;296;BR-101/ES;Norte;Colisão Traseira;2;0;0;0;0;0;0;0;;;2;0;0;0;0
30/07/2017;18:38:00;347;Acidente sem vítima;270;BR-101/ES;Norte;Saída de Pista;2;0;0;0;0;0;0;0;;;2;0;0;0;0
30/07/2017;21:28:00;397;Acidente sem vítima;298;BR-101/ES;Norte;Colisão Transversal;1;0;0;0;0;0;0;2;;;2;0;0;0;0
30/07/2017;22:35:00;427;Acidente sem vítima;198;BR-101/ES;Norte;Saída de Pista;1;0;0;0;0;0;0;0;;;5;0;0;0;0
31/07/2017;06:14:00;104;Acidente com vítima;297;BR-101/ES;Norte;Colisão Lateral;0;0;1;0;0;0;0;2;;;2;0;1;0;0
31/07/2017;06:56:00;107;Acidente sem vítima;269;BR-101/ES;Sul;Colisão Traseira;2;0;0;0;0;0;0;0;;;2;0;0;0;0
31/07/2017;09:28:00;153;Acidente sem vítima;266;BR-101/ES;Sul;Engavetamento;4;0;0;0;0;0;0;0;;;6;0;0;0;0
31/07/2017;10:07:00;173;Acidente com vítima;3;BR-101/ES;Norte;Saída de Pista;1;0;0;0;0;0;0;0;;;1;2;0;0;0
31/07/2017;13:33:00;325;Acidente com vítima;269;BR-101/ES;Norte;Colisão Lateral;1;0;1;0;0;0;0;1;;;3;0;1;0;0
31/07/2017;18:40:00;419;Acidente sem vítima;146;BR-101/ES;Sul;Colisão Traseira;2;0;0;0;0;0;0;0;;;7;0;0;0;0
31/07/2017;18:41:00;420;Acidente com vítima;71;BR-101/ES;Norte;Queda de Moto;0;0;0;1;0;0;0;0;;;1;0;1;0;0
31/07/2017;23:01:00;491;Acidente sem vítima;267;BR-101/ES;Norte;Atropelamento Animal;1;0;0;0;0;0;0;0;;;1;0;0;0;0
31/07/2017;23:23:00;496;Acidente sem vítima;399;BR-101/ES;Sul;Choque;1;0;0;0;0;0;0;0;;;1;0;0;0;0
01/08/2017;05:48:00;81;Acidente com vítima;266;BR-101/ES;Sul;Colisão Traseira;0;0;1;0;0;0;0;3;;;1;0;1;0;0
01/08/2017;05:57:00;84;Acidente com morte;237;BR-101/ES;Norte;Colisão Frontal;0;0;0;2;0;0;0;0;;;0;0;1;0;1
01/08/2017;16:11:00;351;Acidente com vítima;268;BR-101/ES;Norte;Colisão Transversal;2;0;0;0;0;0;0;0;;;1;1;0;0;0
01/08/2017;17:11:00;369;Acidente com vítima;269;BR-101/ES;Sul;Colisão;0;1;0;1;0;0;0;0;;;0;1;1;0;0
01/08/2017;18:27:00;386;Acidente sem vítima;293;BR-101/ES;Norte;Colisão Traseira;1;0;1;0;0;0;0;0;;;3;0;0;0;0
01/08/2017;21:15:00;422;Acidente sem vítima;145;BR-101/ES;Norte;Colisão Traseira;2;0;0;0;0;0;0;0;;;2;0;0;0;0
01/08/2017;22:12:00;442;Acidente sem vítima;265;BR-101/ES;Norte;Colisão Lateral;1;0;0;0;0;0;0;3;;;2;0;0;0;0
01/08/2017;23:17:00;460;Acidente com vítima;269,5;BR-101/ES;Norte;Atropelamento Animal;0;0;0;1;0;0;0;0;;;0;0;2;0;0
02/08/2017;10:14:00;178;Acidente sem vítima;452;BR-101/ES;Sul;Choque;0;0;1;0;0;0;0;0;;;1;0;0;0;0
02/08/2017;10:58:00;212;Acidente sem vítima;313;BR-101/ES;Norte;Colisão Traseira;0;0;0;0;0;0;0;4;;;2;0;0;0;0
02/08/2017;11:24:00;224;Acidente sem vítima;312;BR-101/ES;Sul;Colisão Lateral;2;0;0;0;0;0;0;2;;;4;0;0;0;0
02/08/2017;11:53:00;238;Acidente com vítima;298;BR-101/ES;Sul;Colisão Traseira;0;0;0;1;0;0;0;0;;;0;0;1;0;0
02/08/2017;12:11:00;248;Acidente sem vítima;312;BR-101/ES;Sul;Saída de Pista;1;0;0;0;0;0;0;0;;;1;0;0;0;0
02/08/2017;13:12:00;270;Acidente sem vítima;266;BR-101/ES;Sul;Engavetamento;3;0;0;0;0;0;0;0;;;3;0;0;0;0
02/08/2017;13:40:00;286;Acidente com vítima;298;BR-101/ES;Sul;Colisão Lateral;0;0;1;1;0;0;0;0;;;1;0;1;0;0
02/08/2017;19:46:00;397;Acidente com vítima;300;BR-101/ES;Sul;Colisão;1;1;0;0;0;0;0;0;;;1;0;1;0;0
02/08/2017;20:00:00;399;Acidente sem vítima;295;BR-101/ES;Sul;Colisão Traseira;1;0;1;0;0;0;0;0;;;5;0;0;0;0
02/08/2017;22:35:00;437;Acidente com vítima;286;BR-101/ES;Norte;Queda de Moto;0;0;0;1;0;0;0;0;;;0;0;1;0;0
03/08/2017;04:46:00;71;Acidente com morte;100,4;BR-101/ES;Sul;Colisão Traseira;0;0;0;1;0;0;0;1;;;0;0;1;0;1
03/08/2017;13:00:00;290;Atropelamento sem morte;266,3;BR-101/ES;Sul;Atropelamento;0;0;1;0;0;0;0;0;;;3;0;0;1;0
03/08/2017;14:03:00;326;Acidente sem vítima;133;BR-101/ES;Norte;Choque;1;0;0;0;0;0;0;4;;;4;0;0;0;0
03/08/2017;15:24:00;350;Acidente com vítima;264;BR-101/ES;Norte;Colisão Transversal;2;0;0;0;0;0;0;0;;;1;1;0;0;0
03/08/2017;15:41:00;356;Acidente com vítima;260;BR-101/ES;Norte;Colisão Traseira;2;0;0;0;0;0;0;0;;;2;1;0;0;0
03/08/2017;17:36:00;398;Acidente sem vítima;255;BR-101/ES;Norte;Veículo em Chamas;0;0;0;0;0;0;0;2;;;1;0;0;0;0
03/08/2017;18:25:00;407;Atropelamento sem morte;268;BR-101/ES;Sul;Atropelamento e Fuga;1;0;0;0;0;0;0;0;;;1;0;1;0;0
03/08/2017;18:46:00;408;Acidente sem vítima;265;BR-101/ES;Norte;Colisão Traseira;1;0;0;0;0;0;0;3;;;4;0;0;0;0
03/08/2017;20:02:00;429;Acidente sem vítima;147;BR-101/ES;Norte;Colisão Transversal;2;0;0;0;0;0;0;0;;;2;0;0;0;0
03/08/2017;20:25:00;433;Acidente sem vítima;286;BR-101/ES;Sul;Saída de Pista;1;0;0;0;0;0;0;0;;;1;0;0;0;0
03/08/2017;23:25:00;481;Acidente sem vítima;328;BR-101/ES;Norte;Colisão Transversal;2;0;0;0;0;0;0;0;;;3;0;0;0;0
04/08/2017;06:48:00;93;Acidente sem vítima;324;BR-101/ES;Norte;Colisão Lateral;0;0;0;0;1;0;0;3;;;2;0;0;0;0
04/08/2017;12:31:00;269;Acidente com vítima;299;BR-101/ES;Norte;Colisão Lateral;1;0;0;1;0;0;0;0;;;1;0;1;0;0
04/08/2017;17:12:00;381;Acidente sem vítima;269;BR-101/ES;Sul;Colisão Lateral;1;0;0;1;0;0;0;0;;;2;0;0;0;0
04/08/2017;17:15:00;382;Acidente sem vítima;202;BR-101/ES;Norte;Colisão Traseira;2;0;0;0;0;0;0;0;;;4;0;0;0;0
04/08/2017;17:57:00;395;Acidente com vítima;205;BR-101/ES;Norte;Colisão Transversal;1;0;0;1;0;0;0;0;;;1;0;1;0;0
04/08/2017;18:49:00;412;Acidente sem vítima;247;BR-101/ES;Sul;Queda de Moto;0;0;0;1;0;0;0;0;;;1;0;0;0;0
04/08/2017;19:01:00;416;Acidente sem vítima;129;BR-101/ES;Sul;Queda de Moto;0;0;0;1;0;0;0;0;;;1;0;0;0;0
04/08/2017;22:25:00;465;Acidente com vítima;150;BR-101/ES;Norte;Colisão Frontal;0;0;0;1;1;0;0;0;;;1;1;0;0;0
04/08/2017;22:34:00;471;Acidente sem vítima;264;BR-101/ES;Norte;Colisão Transversal;2;0;0;0;0;0;0;0;;;2;0;0;0;0
05/08/2017;02:05:00;41;Acidente com vítima;144;BR-101/ES;Norte;Capotamento;1;0;0;0;0;0;0;0;;;0;1;0;0;0
05/08/2017;03:09:00;52;Acidente sem vítima;276;BR-101/ES;Norte;Capotamento;1;0;0;0;0;0;0;0;;;1;0;0;0;0
05/08/2017;06:19:00;90;Acidente com vítima;52;BR-101/ES;Norte;Choque com Objeto Fixo;1;0;0;0;0;0;0;0;;;0;0;1;0;0
05/08/2017;09:35:00;149;Acidente sem vítima;346;BR-101/ES;Sul;Colisão Transversal;1;0;0;1;0;0;0;0;;;2;0;0;0;0
05/08/2017;10:56:00;188;Acidente sem vítima;148;BR-101/ES;Sul;Engavetamento;2;0;1;0;0;0;0;0;;;3;0;0;0;0
05/08/2017;11:08:00;193;Acidente sem vítima;119;BR-101/ES;Norte;Veículo em Chamas;1;0;0;0;0;0;0;0;;;1;0;0;0;0
05/08/2017;11:08:00;194;Acidente sem vítima;338,3;BR-101/ES;Norte;Saída de Pista;1;0;0;0;0;0;0;0;;;3;0;0;0;0
05/08/2017;12:54:00;236;Acidente com vítima;397;BR-101/ES;Norte;Tombamento;0;0;1;0;0;0;0;0;;;0;1;0;0;0
05/08/2017;15:50:00;309;Acidente com vítima;140;BR-101/ES;Norte;Queda de Moto;0;0;0;1;0;0;0;0;;;0;1;0;0;0
05/08/2017;18:28:00;360;Acidente com vítima;187;BR-101/ES;Norte;Colisão Transversal;0;0;0;1;1;0;0;0;;;1;1;1;0;0
05/08/2017;18:51:00;363;Acidente sem vítima;179;BR-101/ES;Sul;Colisão Lateral;1;0;0;0;0;0;0;3;;;2;0;0;0;0
05/08/2017;19:24:00;369;Atropelamento sem morte;254,5;BR-101/ES;Norte;Atropelamento;1;0;0;0;0;0;0;0;;;2;1;0;0;0
05/08/2017;21:10:00;393;Acidente com vítima;144,5;BR-101/ES;Norte;Saída de Pista;1;0;0;0;0;0;0;0;;;1;1;0;0;0
05/08/2017;23:13:00;426;Acidente sem vítima;269;BR-101/ES;Sul;Choque com Objeto Fixo;1;0;0;0;0;0;0;0;;;5;0;0;0;0
05/08/2017;23:47:00;438;Acidente sem vítima;149;BR-101/ES;Norte;Capotamento;1;0;0;0;0;0;0;0;;;1;0;0;0;0
06/08/2017;00:16:00;2;Acidente com vítima;151;BR-101/ES;Sul;Colisão Transversal;1;0;0;0;0;0;0;2;;;4;2;0;1;0
06/08/2017;00:47:00;13;Acidente com vítima;67;BR-101/ES;Norte;Colisão Transversal;1;0;0;1;0;0;0;0;;;0;3;1;0;0
06/08/2017;01:43:00;30;Acidente com vítima;266;BR-101/ES;Norte;Colisão Traseira;1;0;0;1;0;0;0;2;;;2;0;0;1;0
06/08/2017;07:12:00;99;Acidente com vítima;146;BR-101/ES;Sul;Colisão Lateral;1;0;0;1;0;0;0;0;;;4;2;0;0;0
06/08/2017;16:45:00;304;Acidente sem vítima;268;BR-101/ES;Sul;Colisão Lateral;1;0;0;1;0;0;0;0;;;3;0;0;0;0
06/08/2017;17:24:00;317;Acidente com vítima;365;BR-101/ES;Norte;Choque com Objeto Fixo;1;0;0;0;0;0;0;0;;;0;0;1;1;0
06/08/2017;18:32:00;332;Acidente com vítima;129;BR-101/ES;Norte;Saída de Pista;1;0;0;0;0;0;0;0;;;0;0;1;0;0
06/08/2017;18:53:00;336;Acidente com vítima;30;BR-101/ES;Norte;Queda de Moto;0;0;0;1;0;0;0;0;;;0;0;0;1;0
06/08/2017;19:09:00;340;Acidente com vítima;243;BR-101/ES;Norte;Colisão Frontal;2;0;0;0;0;0;0;0;;;7;2;0;0;0
07/08/2017;00:08:00;3;Acidente sem vítima;298;BR-101/ES;Norte;Veículo em Chamas;1;0;0;0;0;0;0;0;;;1;0;0;0;0
07/08/2017;08:28:00;117;Acidente sem vítima;288;BR-101/ES;Norte;Saída de Pista;0;0;1;0;0;0;0;1;;;1;0;0;0;0
07/08/2017;09:03:00;134;Acidente sem vítima;213;BR-101/ES;Norte;Colisão Traseira;1;0;1;0;0;0;0;0;;;4;0;0;0;0
07/08/2017;09:20:00;138;Acidente com vítima;265;BR-101/ES;Sul;Colisão Traseira;1;0;0;0;0;0;0;5;;;3;1;0;0;0
07/08/2017;10:20:00;187;Acidente com vítima;25;BR-101/ES;Norte;Saída de Pista;1;0;0;0;0;0;0;3;;;3;1;0;0;0
07/08/2017;10:48:00;206;Acidente sem vítima;79,5;BR-101/ES;Sul;Colisão Lateral;1;0;0;0;0;0;0;3;;;2;0;0;0;0
07/08/2017;12:02:00;242;Acidente com vítima;297;BR-101/ES;Sul;Queda de Moto;0;0;0;1;0;0;0;0;;;0;1;0;0;0
07/08/2017;13:20:00;274;Acidente com vítima;52;BR-101/ES;Norte;Colisão Lateral;1;0;1;0;0;0;0;0;;;1;1;0;0;0
07/08/2017;16:23:00;339;Acidente com vítima;260;BR-101/ES;Norte;Colisão Transversal;1;0;1;1;0;0;0;0;;;1;0;4;0;0