data;horario;n_da_ocorrencia;tipo_de_ocorrencia;km;trecho;sentido;tipo_de_acidente;automovel;bicicleta;caminhao;moto;onibus;outros;tracao_animal;transporte_de_cargas_especiais;trator_maquinas;utilitarios;ilesos;levemente_feridos;moderadamente_feridos;gravemente_feridos;mortos
07/08/2017;19:02:00;368;Acidente com vítima;269;BR-101/ES;Sul;Queda de Moto;0;0;0;1;0;0;0;0;;;0;0;1;0;0
07/08/2017;23:14:00;416;Acidente com vítima;297;BR-101/ES;Sul;Colisão Lateral;1;0;0;1;0;0;0;1;;;2;0;2;0;0
08/08/2017;01:58:00;33;Acidente sem vítima;2,5;BR-101/ES;Sul;Veículo em Chamas;0;0;1;0;0;0;0;1;;;1;0;0;0;0
08/08/2017;04:22:00;62;Acidente com vítima;358,5;BR-101/ES;Norte;Saída de Pista;1;0;0;0;0;0;0;0;;;0;0;1;0;0
08/08/2017;06:34:00;88;Acidente sem vítima;353;BR-101/ES;Norte;Tombamento;0;0;0;0;0;0;0;2;;;1;0;0;0;0
08/08/2017;14:12:00;285;Acidente com vítima;260;BR-101/ES;Sul;Queda de Moto;0;0;0;1;0;0;0;0;;;0;0;2;0;0
08/08/2017;15:49:00;316;Acidente sem vítima;267;BR-101/ES;Norte;Colisão Lateral;1;0;1;0;0;0;0;0;;;4;0;0;0;0
08/08/2017;18:51:00;381;Acidente sem vítima;161,5;BR-101/ES;Norte;Choque;3;0;0;0;0;0;0;0;;;5;0;0;0;0
09/08/2017;01:41:00;31;Acidente sem vítima;329;BR-101/ES;Sul;Saída de Pista;0;0;0;0;0;0;0;2;;;1;0;0;0;0
09/08/2017;03:55:00;57;Acidente sem vítima;85;BR-101/ES;Sul;Choque com Objeto Fixo;0;0;1;0;0;0;0;0;;;1;0;0;0;0
09/08/2017;05:17:00;65;Acidente com vítima;325,2;BR-101/ES;Norte;Colisão Traseira;0;0;2;0;0;0;0;2;;;2;1;0;0;0
09/08/2017;05:58:00;73;Acidente sem vítima;161;BR-101/ES;Norte;Colisão Traseira;2;0;0;0;0;0;0;0;;;2;0;0;0;0
09/08/2017;07:41:00;96;Acidente sem vítima;299;BR-101/ES;Norte;Colisão Traseira;1;0;0;1;0;0;0;0;;;2;0;0;0;0
09/08/2017;07:52:00;102;Acidente sem vítima;269;BR-101/ES;Sul;Colisão Traseira;2;0;0;0;0;0;0;0;;;2;0;0;0;0
09/08/2017;11:03:00;205;Acidente sem vítima;266;BR-101/ES;Sul;Colisão Traseira;2;0;0;0;0;0;0;1;;;2;0;0;0;0
09/08/2017;11:23:00;213;Acidente com vítima;160;BR-101/ES;Sul;Queda de Moto;0;0;0;1;0;0;0;0;;;0;0;1;0;0
09/08/2017;17:27:00;370;Acidente sem vítima;208,8;BR-101/ES;Norte;Colisão Traseira;2;0;0;0;0;0;0;0;;;3;0;0;0;0
09/08/2017;19:39:00;407;Acidente sem vítima;217;BR-101/ES;Sul;Engavetamento;2;0;2;0;0;0;0;0;;;6;0;0;0;0
10/08/2017;07:53:00;97;Acidente com vítima;266,5;BR-101/ES;Norte;Queda de Moto;0;0;0;1;0;0;0;0;;;0;0;1;0;0
10/08/2017;11:38:00;245;Acidente sem vítima;43;BR-101/ES;Sul;Veículo em Chamas;1;0;0;0;0;0;0;0;;;1;0;0;0;0
10/08/2017;19:37:00;412;Acidente com vítima;292;BR-101/ES;Norte;Queda de Moto;0;0;0;1;0;0;0;0;;;0;1;0;0;0
10/08/2017;20:56:00;430;Acidente com vítima;126;BR-101/ES;Norte;Atropelamento Animal;0;0;0;1;0;0;0;0;;;0;0;1;0;0
10/08/2017;23:49:00;486;Acidente sem vítima;118;BR-101/ES;Norte;Colisão Frontal;2;0;0;0;0;0;0;0;;;5;0;0;0;0
11/08/2017;07:07:00;88;Acidente sem vítima;264;BR-101/ES;Sul;Colisão Traseira;2;0;0;0;0;0;0;0;;;5;0;0;0;0
11/08/2017;13:02:00;278;Acidente com vítima;242;BR-101/ES;Norte;Colisão Traseira;1;0;1;0;0;0;0;1;;;4;1;0;0;0
11/08/2017;14:37:00;320;Acidente sem vítima;310,8;BR-101/ES;Sul;Colisão Traseira;0;0;0;0;0;0;0;4;;;2;0;0;0;0
11/08/2017;15:08:00;326;Acidente sem vítima;315;BR-101/ES;Sul;Queda de Moto;0;0;0;1;0;0;0;0;;;2;0;0;0;0
11/08/2017;15:13:00;328;Acidente sem vítima;270;BR-101/ES;Norte;Colisão Traseira;1;0;1;0;0;0;0;0;;;4;0;0;0;0
11/08/2017;16:26:00;345;Acidente sem vítima;159;BR-101/ES;Norte;Saída de Pista;1;0;0;0;0;0;0;0;;;1;0;0;0;0
11/08/2017;16:56:00;353;Acidente sem vítima;430;BR-101/ES;Sul;Saída de Pista;0;0;1;0;0;0;0;0;;;1;0;0;0;0
11/08/2017;17:28:00;362;Acidente com vítima;270;BR-101/ES;Norte;Queda de Moto;0;0;0;1;0;0;0;0;;;0;0;0;1;0
11/08/2017;17:33:00;363;Acidente sem vítima;247;BR-101/ES;Norte;Colisão Transversal;2;0;0;0;0;0;0;0;;;3;0;0;0;0
11/08/2017;18:43:00;375;Acidente com vítima;143;BR-101/ES;Norte;Colisão Lateral;0;0;0;2;0;0;0;0;;;0;3;0;0;0
11/08/2017;20:20:00;398;Acidente sem vítima;358;BR-101/ES;Norte;Saída de Pista;1;0;0;0;0;0;0;0;;;1;0;0;0;0
11/08/2017;20:25:00;400;Acidente sem vítima;258;BR-101/ES;Norte;Atropelamento de Equino;1;0;0;0;0;0;0;0;;;3;0;0;0;0
11/08/2017;20:26:00;402;Acidente sem vítima;222;BR-101/ES;Sul;Atropelamento de Bovino;1;0;0;0;0;0;0;0;;;2;0;0;0;0
11/08/2017;22:21:00;433;Acidente com vítima;268;BR-101/ES;Norte;Colisão Traseira;1;0;0;1;0;0;0;0;;;1;1;1;0;0
12/08/2017;06:18:00;94;Acidente sem vítima;286;BR-101/ES;Sul;Choque com Objeto Fixo;1;0;0;0;0;0;0;0;;;1;0;0;0;0
12/08/2017;06:59:00;99;Acidente com vítima;276;BR-101/ES;Sul;Saída de Pista;1;0;0;0;0;0;0;0;;;2;0;1;0;0
12/08/2017;10:25:00;153;Acidente sem vítima;296;BR-101/ES;Sul;Choque com Objeto Fixo;1;0;0;0;0;0;0;0;;;3;0;0;0;0
12/08/2017;12:18:00;214;Acidente sem vítima;262;BR-101/ES;Sul;Colisão Traseira;2;0;0;0;0;0;0;0;;;2;0;0;0;0
12/08/2017;15:17:00;278;Acidente com vítima;219;BR-101/ES;Sul;Queda de Moto;0;0;0;1;0;0;0;0;;;0;1;0;0;0
12/08/2017;17:56:00;331;Acidente com vítima;268;BR-101/ES;Norte;Choque com Objeto Fixo;0;0;0;1;0;0;0;0;;;0;0;1;0;0
12/08/2017;18:45:00;340;Acidente com morte;422,5;BR-101/ES;Sul;Saída de Pista;0;0;0;0;0;0;0;1;;;0;0;0;0;1
12/08/2017;19:57:00;354;Acidente sem vítima;131;BR-101/ES;Sul;Saída de Pista;1;0;0;0;0;0;0;0;;;1;0;0;0;0
12/08/2017;20:36:00;363;Acidente com vítima;202;BR-101/ES;Norte;Colisão Transversal;1;0;0;0;0;0;0;2;;;2;1;0;0;0
12/08/2017;21:26:00;368;Acidente com vítima;246;BR-101/ES;Sul;Queda de Moto;0;0;0;1;0;0;0;0;;;0;0;1;0;0
12/08/2017;21:53:00;378;Atropelamento com morte;32;BR-101/ES;Norte;Atropelamento;1;0;0;0;0;0;0;0;;;1;0;0;0;1
12/08/2017;22:12:00;384;Acidente com vítima;65;BR-101/ES;Norte;Colisão Traseira;1;0;0;1;0;0;0;0;;;2;1;0;0;0
13/08/2017;03:59:00;62;Acidente sem vítima;234;BR-101/ES;Norte;Saída de Pista;1;0;0;0;0;0;0;0;;;2;0;0;0;0
13/08/2017;04:51:00;71;Acidente sem vítima;331;BR-101/ES;Sul;Saída de Pista;1;0;0;0;0;0;0;0;;;1;0;0;0;0
13/08/2017;15:02:00;272;Acidente sem vítima;142;BR-101/ES;Norte;Colisão Traseira;2;0;0;0;0;0;0;0;;;8;0;0;0;0
13/08/2017;16:25:00;304;Acidente sem vítima;255;BR-101/ES;Sul;Colisão Traseira;2;0;0;0;0;0;0;0;;;3;0;0;0;0
13/08/2017;18:21:00;341;Acidente com vítima;269;BR-101/ES;Norte;Colisão Traseira;1;0;0;1;0;0;0;0;;;1;0;1;0;0
13/08/2017;18:40:00;347;Acidente com vítima;377;BR-101/ES;Norte;Colisão Frontal;1;0;0;1;0;0;0;0;;;1;0;1;1;0
13/08/2017;18:52:00;351;Acidente com vítima;176;BR-101/ES;Norte;Saída de Pista;0;0;0;1;0;0;0;0;;;0;0;1;0;0
13/08/2017;19:01:00;355;Acidente com vítima;956;BR-101/BA;Sul;Queda de Moto;0;0;0;1;0;0;0;0;;;1;0;1;0;0
13/08/2017;20:22:00;375;Acidente sem vítima;257;BR-101/ES;Sul;Colisão Lateral;2;0;0;0;0;0;0;0;;;2;0;0;0;0
13/08/2017;21:01:00;387;Acidente com vítima;266;BR-101/ES;Sul;Colisão Traseira;1;0;0;1;0;0;0;0;;;1;0;1;0;0
13/08/2017;22:26:00;409;Acidente com vítima;282,5;BR-101/ES;Norte;Queda de Moto;0;0;0;1;0;0;0;0;;;0;0;1;0;0
14/08/2017;05:27:00;68;Acidente sem vítima;229;BR-101/ES;Sul;Colisão Transversal;1;0;0;0;0;0;0;2;;;2;0;0;0;0
14/08/2017;06:59:00;83;Acidente sem vítima;269,5;BR-101/ES;Sul;Engavetamento;4;0;0;0;0;0;0;0;;;4;0;0;0;0
14/08/2017;08:56:00;129;Acidente com vítima;308;BR-101/ES;Norte;Choque com Veículo Estacionado;1;0;0;1;0;0;0;0;;;1;0;1;0;0
14/08/2017;11:06:00;220;Acidente sem vítima;271;BR-101/ES;Norte;Colisão Traseira;1;0;0;1;0;0;0;1;;;2;0;0;0;0
14/08/2017;15:26:00;333;Acidente sem vítima;315;BR-101/ES;Sul;Atropelamento Animal;1;0;0;0;0;0;0;0;;;1;0;0;0;0
14/08/2017;18:42:00;397;Acidente com vítima;209;BR-101/ES;Norte;Colisão Traseira;1;0;0;1;0;0;0;0;;;2;1;0;0;0
14/08/2017;18:56:00;404;Acidente sem vítima;139;BR-101/ES;Sul;Colisão Lateral;1;0;1;0;0;0;0;0;;;5;0;0;0;0
14/08/2017;19:24:00;409;Acidente sem vítima;266;BR-101/ES;Norte;Colisão Traseira;2;0;0;0;0;0;0;0;;;3;0;0;0;0
14/08/2017;20:05:00;423;Atropelamento com morte;265;BR-101/ES;Sul;Atropelamento;1;0;0;0;0;0;0;0;;;0;1;0;0;1
15/08/2017;05:07:00;87;Acidente com vítima;209;BR-101/ES;Norte;Colisão Frontal;2;0;0;0;0;0;0;0;;;0;0;6;1;0
15/08/2017;06:01:00;94;Acidente com vítima;159;BR-101/ES;Sul;Colisão Transversal;0;0;0;2;0;0;0;0;;;1;0;1;0;0
15/08/2017;06:06:00;97;Acidente com vítima;304;BR-101/ES;Norte;Colisão Transversal;0;0;0;1;0;0;0;2;;;1;0;0;1;0
15/08/2017;06:30:00;98;Acidente com vítima;145;BR-101/ES;Sul;Colisão Lateral;0;0;0;1;1;0;0;2;;;3;0;1;0;0
15/08/2017;09:48:00;160;Acidente com vítima;148;BR-101/ES;Sul;Colisão Lateral;1;0;0;1;0;0;0;0;;;1;1;0;0;0
15/08/2017;12:20:00;285;Acidente sem vítima;255;BR-101/ES;Sul;Engavetamento;3;0;0;0;0;0;0;0;;;3;0;0;0;0
15/08/2017;13:54:00;342;Acidente sem vítima;285;BR-101/ES;Sul;Colisão Traseira;1;0;1;0;0;0;0;0;;;2;0;0;0;0
15/08/2017;13:58:00;345;Acidente sem vítima;306;BR-101/ES;Norte;Colisão Frontal;1;0;0;0;0;0;0;2;;;2;0;0;0;0
15/08/2017;14:14:00;349;Acidente com vítima;156;BR-101/ES;Sul;Queda de Moto;0;0;0;1;0;0;0;0;;;0;1;0;0;0
15/08/2017;19:35:00;450;Acidente com vítima;176;BR-101/ES;Norte;Colisão Transversal;1;0;0;1;0;0;0;0;;;1;0;1;0;0
15/08/2017;22:04:00;486;Acidente sem vítima;287;BR-101/ES;Norte;Queda de Moto;0;0;0;1;0;0;0;0;;;1;0;0;0;0
16/08/2017;04:39:00;71;Acidente sem vítima;259;BR-101/ES;Norte;Choque com Objeto Fixo;1;0;0;0;0;0;0;0;;;1;0;0;0;0
16/08/2017;07:19:00;98;Acidente sem vítima;268,2;BR-101/ES;Sul;Colisão Traseira;2;0;0;0;0;0;0;0;;;2;0;0;0;0
16/08/2017;07:27:00;104;Acidente com vítima;315;BR-101/ES;Norte;Colisão Lateral;1;0;0;1;0;0;0;0;;;1;0;1;0;0
16/08/2017;13:49:00;266;Acidente sem vítima;192;BR-101/ES;Norte;Capotamento;1;0;0;0;0;0;0;0;;;1;0;0;0;0
16/08/2017;14:21:00;276;Acidente com vítima;294;BR-101/ES;Sul;Colisão Traseira;1;0;0;1;0;0;0;0;;;2;0;1;0;0
16/08/2017;15:56:00;309;Acidente sem vítima;396;BR-101/ES;Norte;Colisão Traseira;2;0;0;0;0;0;0;0;;;2;0;0;0;0
16/08/2017;20:29:00;390;Atropelamento sem morte;270;BR-101/ES;Sul;Atropelamento;0;0;0;1;0;0;0;0;;;0;0;3;0;0
16/08/2017;20:43:00;396;Acidente sem vítima;33,2;BR-101/ES;Sul;Choque;0;0;1;0;1;0;0;0;;;4;0;0;0;0
17/08/2017;01:07:00;16;Acidente sem vítima;393;BR-101/ES;Sul;Colisão Traseira;0;0;1;0;0;0;0;2;;;2;0;0;0;0
17/08/2017;06:34:00;78;Acidente sem vítima;255;BR-101/ES;Sul;Colisão Traseira;0;0;1;0;0;0;0;2;;;2;0;0;0;0
17/08/2017;08:43:00;125;Acidente sem vítima;285;BR-101/ES;Norte;Colisão Traseira;1;0;1;0;0;0;0;0;;;2;0;0;0;0
17/08/2017;13:34:00;285;Acidente com vítima;336;BR-101/ES;Sul;Queda de Moto;0;0;0;1;0;0;0;0;;;1;1;0;0;0
17/08/2017;19:14:00;397;Acidente com vítima;302;BR-101/ES;Norte;Queda de Moto;0;0;0;1;0;0;0;0;;;0;0;1;0;0
17/08/2017;20:47:00;419;Acidente com vítima;270;BR-101/ES;Norte;Queda de Moto;0;0;0;1;0;0;0;0;;;0;0;1;0;0
18/08/2017;00:04:00;1;Acidente com vítima;148,9;BR-101/ES;Norte;Colisão Traseira;0;0;0;1;0;0;0;2;;;1;1;0;0;0
18/08/2017;13:15:00;289;Acidente sem vítima;174;BR-101/ES;Norte;Colisão Transversal;2;0;0;0;0;0;0;0;;;2;0;0;0;0
18/08/2017;14:47:00;319;Acidente sem vítima;255;BR-101/ES;Sul;Colisão Traseira;3;0;0;0;0;0;0;0;;;8;0;0;0;0
18/08/2017;15:06:00;325;Acidente com vítima;223;BR-101/ES;Sul;Queda de Moto;0;0;0;1;0;0;0;0;;;0;1;0;0;0
18/08/2017;15:31:00;334;Acidente com vítima;255;BR-101/ES;Sul;Colisão Traseira;1;0;0;1;0;0;0;0;;;1;0;1;0;0
18/08/2017;18:44:00;396;Acidente com vítima;349;BR-101/ES;Sul;Colisão Lateral;1;0;0;0;1;0;0;0;;;1;0;1;0;0
18/08/2017;18:45:00;397;Acidente sem vítima;123,5;BR-101/ES;Sul;Saída de Pista;0;0;0;0;0;0;0;2;;;1;0;0;0;0
18/08/2017;20:37:00;427;Acidente sem vítima;271;BR-101/ES;Sul;Colisão Traseira;2;0;0;0;0;0;0;0;;;4;0;0;0;0
18/08/2017;21:48:00;435;Acidente sem vítima;262;BR-101/ES;Sul;Colisão Lateral;1;0;0;0;0;0;0;2;;;3;0;0;0;0
18/08/2017;23:44:00;480;Acidente sem vítima;290;BR-101/ES;Norte;Colisão Traseira;1;0;1;0;0;0;0;0;;;2;0;0;0;0
19/08/2017;06:36:00;79;Acidente sem vítima;254;BR-101/ES;Sul;Saída de Pista;0;0;1;0;0;0;0;0;;;2;0;0;0;0
19/08/2017;08:29:00;130;Acidente sem vítima;343;BR-101/ES;Norte;Colisão Traseira;2;0;0;0;0;0;0;0;;;7;0;0;0;0
19/08/2017;11:11:00;201;Acidente sem vítima;271;BR-101/ES;Norte;Colisão Traseira;2;0;0;0;0;0;0;0;;;7;0;0;0;0
19/08/2017;12:15:00;219;Acidente com vítima;144;BR-101/ES;Norte;Colisão Transversal;1;0;0;0;0;0;0;2;;;2;1;0;0;0
19/08/2017;14:28:00;278;Acidente sem vítima;270;BR-101/ES;Norte;Colisão Lateral;1;0;0;0;0;0;0;2;;;5;0;0;0;0
19/08/2017;15:32:00;302;Acidente com vítima;145,9;BR-101/ES;Sul;Colisão Traseira;0;0;0;2;1;0;0;0;;;1;0;0;1;0
19/08/2017;16:02:00;313;Acidente com vítima;232;BR-101/ES;Norte;Colisão Frontal;2;0;0;0;0;0;0;0;;;3;2;2;0;0
19/08/2017;20:33:00;383;Acidente sem vítima;441;BR-101/ES;Sul;Colisão Transversal;1;0;1;0;0;0;0;2;;;3;0;0;0;0
19/08/2017;23:13:00;421;Acidente sem vítima;235;BR-101/ES;Norte;Queda de Moto;0;0;0;1;0;0;0;0;;;1;0;0;0;0
19/08/2017;23:17:00;423;Acidente sem vítima;266;BR-101/ES;Sul;Colisão Transversal;2;0;0;0;0;0;0;0;;;2;0;0;0;0
20/08/2017;02:05:00;38;Acidente sem vítima;146;BR-101/ES;Norte;Saída de Pista;1;0;0;0;0;0;0;0;;;1;0;0;0;0
20/08/2017;02:37:00;45;Acidente sem vítima;144;BR-101/ES;Norte;Saída de Pista;1;0;0;0;0;0;0;0;;;1;0;0;0;0
20/08/2017;07:07:00;102;Acidente com vítima;355;BR-101/ES;Sul;Colisão Transversal;1;0;0;1;0;0;0;0;;;1;2;0;0;0
20/08/2017;11:15:00;168;Acidente com vítima;285,2;BR-101/ES;Sul;Capotamento;1;0;0;0;0;0;0;0;;;1;0;1;0;0
20/08/2017;13:19:00;210;Acidente com vítima;276;BR-101/ES;Sul;Colisão Lateral;1;0;0;1;0;0;0;0;;;1;0;1;0;0
20/08/2017;14:45:00;246;Acidente sem vítima;57;BR-101/ES;Sul;Choque;1;0;0;0;0;0;0;2;;;2;0;0;0;0
20/08/2017;15:09:00;252;Acidente sem vítima;368;BR-101/ES;Sul;Colisão Traseira;2;0;0;0;0;0;0;0;;;2;0;0;0;0
20/08/2017;20:10:00;348;Acidente sem vítima;290;BR-101/ES;Norte;Choque com Objeto Fixo;1;0;0;0;0;0;0;0;;;2;0;0;0;0
20/08/2017;20:41:00;357;Atropelamento sem morte;271;BR-101/ES;Sul;Atropelamento;1;0;0;0;0;0;0;0;;;3;0;1;0;0
20/08/2017;21:57:00;375;Acidente sem vítima;65;BR-101/ES;Norte;Colisão Transversal;1;0;0;0;1;0;0;0;;;2;0;0;0;0
20/08/2017;21:59:00;376;Acidente sem vítima;267;BR-101/ES;Norte;Colisão Transversal;0;0;0;0;1;0;0;2;;;2;0;0;0;0
21/08/2017;05:36:00;72;Acidente sem vítima;234;BR-101/ES;Norte;Engavetamento;2;0;0;0;0;0;0;2;;;6;0;0;0;0
21/08/2017;06:49:00;84;Acidente com vítima;461;BR-101/ES;Norte;Colisão Frontal;2;0;0;0;0;0;0;0;;;0;0;6;0;0
21/08/2017;06:50:00;85;Atropelamento sem morte;347;BR-101/ES;Sul;Atropelamento e Fuga;1;0;0;0;0;0;0;0;;;1;0;1;0;0
21/08/2017;08:42:00;108;Acidente com vítima;268;BR-101/ES;Norte;Queda de Moto;0;0;0;1;0;0;0;0;;;0;2;0;0;0
21/08/2017;08:50:00;110;Acidente sem vítima;344,5;BR-101/ES;Sul;Veículo em Chamas;0;0;0;1;0;0;0;0;;;1;0;0;0;0
21/08/2017;10:20:00;136;Acidente com vítima;333;BR-101/ES;Norte;Queda de Moto;0;0;0;1;0;0;0;0;;;0;0;0;1;0
21/08/2017;12:59:00;211;Acidente sem vítima;269;BR-101/ES;Sul;Colisão Traseira;2;0;0;0;0;0;0;0;;;2;0;0;0;0
21/08/2017;13:15:00;219;Acidente com vítima;146;BR-101/ES;Sul;Colisão;0;1;0;0;1;0;0;0;;;2;1;0;0;0
21/08/2017;14:59:00;266;Acidente com vítima;259,9;BR-101/ES;Norte;Queda de Moto;1;0;0;0;0;0;0;0;;;0;0;1;0;0
21/08/2017;15:15:00;273;Acidente com vítima;266;BR-101/ES;Sul;Engavetamento;5;0;0;0;0;0;0;0;;;6;0;2;0;0
21/08/2017;17:46:00;316;Acidente sem vítima;68;BR-101/ES;Norte;Colisão Traseira;3;0;0;0;0;0;0;0;;;3;0;0;0;0
21/08/2017;18:28:00;321;Acidente com vítima;204;BR-101/ES;Norte;Colisão Transversal;1;0;0;1;0;0;0;0;;;2;0;1;0;0
21/08/2017;18:43:00;324;Acidente sem vítima;293;BR-101/ES;Sul;Colisão Lateral;1;0;0;0;0;0;0;2;;;2;0;0;0;0
21/08/2017;20:34:00;355;Acidente com vítima;266,6;BR-101/ES;Norte;Queda de Moto;0;0;0;1;0;0;0;0;;;0;0;1;0;0
22/08/2017;01:22:00;18;Acidente sem vítima;385;BR-101/ES;Sul;Saída de Pista;0;0;0;0;0;0;0;3;;;1;0;0;0;0
22/08/2017;05:43:00;60;Acidente sem vítima;325;BR-101/ES;Sul;Colisão Traseira;1;0;1;0;0;0;0;0;;;2;0;0;0;0
22/08/2017;10:11:00;138;Acidente com vítima;83,8;BR-101/ES;Sul;Saída de Pista;1;0;0;0;0;0;0;0;;;0;0;0;1;0
22/08/2017;14:40:00;273;Acidente sem vítima;260;BR-101/ES;Sul;Colisão Traseira;3;0;0;0;0;0;0;0;;;7;0;0;0;0
22/08/2017;14:48:00;277;Acidente com vítima;381,5;BR-101/ES;Sul;Colisão Lateral;2;0;0;0;0;0;0;3;;;2;0;2;0;0
22/08/2017;16:10:00;303;Acidente sem vítima;430;BR-101/ES;Norte;Capotamento;1;0;0;0;0;0;0;0;;;1;0;0;0;0
22/08/2017;17:43:00;332;Acidente com vítima;388,5;BR-101/ES;Norte;Colisão Frontal;2;0;0;0;0;0;0;0;;;0;0;2;1;0
22/08/2017;21:09:00;370;Acidente com vítima;100;BR-101/ES;Sul;Colisão Frontal;1;0;1;0;0;0;0;3;;;1;0;3;1;0
23/08/2017;06:20:00;65;Acidente sem vítima;438;BR-101/ES;Sul;Saída de Pista;1;0;0;0;0;0;0;0;;;1;0;0;0;0
23/08/2017;07:19:00;78;Acidente com vítima;269;BR-101/ES;Sul;Queda de ciclista;1;1;0;0;0;0;0;0;;;2;0;1;0;0
23/08/2017;08:27:00;100;Acidente sem vítima;261;BR-101/ES;Sul;Colisão Traseira;2;0;0;0;0;0;0;0;;;3;0;0;0;0
23/08/2017;10:04:00;137;Acidente com vítima;295;BR-101/ES;Sul;Colisão Traseira;1;0;0;1;0;0;0;0;;;1;1;1;0;0
23/08/2017;12:59:00;248;Acidente sem vítima;190;BR-101/ES;Norte;Choque;0;0;1;0;0;0;0;2;;;2;0;0;0;0
23/08/2017;15:10:00;294;Acidente sem vítima;285;BR-101/ES;Sul;Colisão Lateral;1;0;0;0;0;0;0;3;;;2;0;0;0;0
24/08/2017;02:57:00;42;Acidente com vítima;383,8;BR-101/ES;Sul;Colisão Lateral;1;0;0;0;0;0;0;2;;;1;0;1;0;0
24/08/2017;09:18:00;114;Acidente com vítima;416;BR-101/ES;Sul;Queda de Moto;0;0;0;1;0;0;0;0;;;0;1;0;0;0
24/08/2017;13:12:00;241;Acidente com vítima;289;BR-101/ES;Norte;Colisão Traseira;0;0;0;1;1;0;0;0;;;2;0;1;0;0
24/08/2017;14:06:00;263;Acidente com vítima;266,3;BR-101/ES;Sul;Colisão Traseira;2;0;0;1;0;0;0;0;;;5;1;0;0;0
24/08/2017;18:54:00;365;Atropelamento sem morte;286;BR-101/ES;Norte;Atropelamento;1;0;0;0;0;0;0;0;;;2;0;1;0;0
25/08/2017;01:42:00;33;Atropelamento sem morte;255;BR-101/ES;Norte;Atropelamento;0;0;1;0;0;0;0;1;;;3;0;1;0;0
25/08/2017;02:11:00;38;Acidente com vítima;204;BR-101/ES;Sul;Tombamento;0;0;0;0;0;0;0;3;;;0;0;1;0;0
25/08/2017;04:01:00;50;Acidente sem vítima;144;BR-101/ES;Norte;Choque;0;0;0;0;0;0;0;2;;;1;0;0;0;0
25/08/2017;06:47:00;69;Acidente com vítima;267;BR-101/ES;Sul;Colisão Lateral;1;0;0;1;0;0;0;0;;;2;0;1;0;0
25/08/2017;07:14:00;77;Acidente sem vítima;459;BR-101/ES;Sul;Saída de Pista;1;0;0;0;0;0;0;0;;;1;0;0;0;0
25/08/2017;07:17:00;79;Acidente com vítima;144;BR-101/ES;Sul;Colisão Transversal;1;0;0;1;0;0;0;0;;;1;1;0;0;0
25/08/2017;08:05:00;96;Acidente sem vítima;259;BR-101/ES;Sul;Colisão Traseira;1;0;1;0;0;0;0;0;;;2;0;0;0;0
25/08/2017;10:22:00;159;Acidente sem vítima;270;BR-101/ES;Sul;Colisão Traseira;2;0;0;0;0;0;0;0;;;2;0;0;0;0
25/08/2017;10:28:00;163;Acidente com vítima;293;BR-101/ES;Sul;Atropelamento Animal;0;0;0;1;0;0;0;0;;;0;1;0;0;0
25/08/2017;10:42:00;181;Acidente sem vítima;296;BR-101/ES;Sul;Colisão Traseira;1;0;0;0;0;0;0;2;;;3;0;0;0;0
25/08/2017;12:21:00;245;Acidente sem vítima;269;BR-101/ES;Sul;Colisão Traseira;2;0;0;0;0;0;0;0;;;3;0;0;0;0
25/08/2017;12:36:00;255;Acidente com vítima;283;BR-101/ES;Norte;Colisão Traseira;1;0;0;1;0;0;0;0;;;1;1;0;0;0
26/08/2017;04:24:00;62;Acidente sem vítima;40;BR-101/ES;Sul;Colisão Lateral;0;0;0;0;0;0;0;5;;;2;0;0;0;0
26/08/2017;09:14:00;140;Acidente com vítima;292;BR-101/ES;Sul;Colisão Traseira;2;0;0;1;0;0;0;0;;;4;1;1;0;0
26/08/2017;09:55:00;157;Acidente com morte;412;BR-101/ES;Sul;Colisão Frontal;2;0;0;0;0;0;0;0;;;0;0;4;1;1
26/08/2017;10:26:00;171;Acidente sem vítima;298;BR-101/ES;Norte;Colisão Traseira;1;0;0;0;0;0;0;2;;;2;0;0;0;0
26/08/2017;13:54:00;255;Acidente sem vítima;436;BR-101/ES;Sul;Saída de Pista;1;0;0;0;0;0;0;0;;;1;0;0;0;0
26/08/2017;16:36:00;313;Acidente sem vítima;285;BR-101/ES;Norte;Colisão Traseira;2;0;0;0;0;0;0;0;;;2;0;0;0;0
26/08/2017;18:43:00;350;Acidente sem vítima;237;BR-101/ES;Norte;Saída de Pista;0;0;1;0;0;0;0;0;;;1;0;0;0;0
26/08/2017;19:29:00;358;Acidente sem vítima;119;BR-101/ES;Sul;Queda de Moto;0;0;0;1;0;0;0;0;;;2;0;0;0;0
26/08/2017;19:40:00;361;Acidente com vítima;150;BR-101/ES;Sul;Colisão Transversal;1;0;0;0;1;0;0;0;;;1;1;0;0;0
26/08/2017;20:43:00;372;Acidente com vítima;283;BR-101/ES;Norte;Saída de Pista;1;0;0;0;0;0;0;0;;;0;0;1;0;0
27/08/2017;07:33:00;92;Acidente sem vítima;285;BR-101/ES;Sul;Colisão Lateral;1;0;0;1;0;0;0;0;;;2;0;0;0;0
27/08/2017;07:54:00;98;Acidente com vítima;270,8;BR-101/ES;Sul;Colisão Lateral;2;0;0;0;0;0;0;0;;;4;0;1;0;0
27/08/2017;18:12:00;307;Acidente com vítima;263;BR-101/ES;Norte;Queda de Moto;0;0;0;1;0;0;0;0;;;0;1;0;0;0