data;horario;n_da_ocorrencia;tipo_de_ocorrencia;km;trecho;sentido;tipo_de_acidente;automovel;bicicleta;caminhao;moto;onibus;outros;tracao_animal;transporte_de_cargas_especiais;trator_maquinas;utilitarios;ilesos;levemente_feridos;moderadamente_feridos;gravemente_feridos;mortos
02/12/2017;22:30:00;356;Acidente com vítima;8,1;BR-101/ES;Sul;Tombamento;0;0;1;0;0;0;0;0;;;0;2;0;0;0
03/12/2017;03:53:00;56;Acidente sem vítima;31;BR-101/ES;Sul;Saída de Pista;1;0;0;0;0;0;0;0;;;1;0;0;0;0
03/12/2017;04:57:00;70;Acidente sem vítima;4;BR-101/ES;Sul;Saída de Pista;1;0;0;0;0;0;0;0;;;4;0;0;0;0
03/12/2017;05:59:00;80;Acidente sem vítima;299;BR-101/ES;Sul;Saída de Pista;1;0;0;0;0;0;0;0;;;1;0;0;0;0
03/12/2017;07:21:00;92;Acidente sem vítima;265,5;BR-101/ES;Sul;Capotamento;1;0;0;0;0;0;0;0;;;1;0;0;0;0
03/12/2017;11:46:00;179;Acidente com vítima;141;BR-101/ES;Norte;Colisão Lateral;1;0;0;1;0;0;0;0;;;2;1;1;0;0
03/12/2017;14:03:00;237;Acidente sem vítima;132;BR-101/ES;Sul;Colisão Lateral;1;0;0;0;0;0;0;4;;;4;0;0;0;0
03/12/2017;14:10:00;240;Acidente com vítima;68;BR-101/ES;Norte;Queda de Moto;0;0;0;1;0;0;0;0;;;0;0;1;0;0
03/12/2017;15:25:00;259;Acidente sem vítima;337;BR-101/ES;Sul;Atropelamento Animal;1;0;0;0;0;0;0;0;;;3;0;0;0;0
03/12/2017;19:07:00;330;Acidente com vítima;265,216;BR-101/ES;Norte;Colisão;1;1;0;0;0;0;0;0;;;2;0;1;0;0
03/12/2017;20:01:00;347;Acidente sem vítima;93;BR-101/ES;Sul;Saída de Pista;1;0;0;0;0;0;0;0;;;1;0;0;0;0
03/12/2017;20:31:00;353;Acidente com vítima;237;BR-101/ES;Norte;Colisão Transversal;1;1;0;0;0;1;0;0;;;3;0;0;1;0
03/12/2017;22:15:00;374;Acidente com vítima;265;BR-101/ES;Norte;Engavetamento;4;0;0;0;0;0;0;0;;;7;0;1;0;0
04/12/2017;02:06:00;39;Acidente com vítima;120;BR-101/ES;Sul;Tombamento;0;0;0;0;0;0;0;2;;;0;1;0;0;0
04/12/2017;04:11:00;52;Acidente sem vítima;262;BR-101/ES;Sul;Capotamento;1;0;0;0;0;0;0;0;;;1;0;0;0;0
04/12/2017;06:09:00;70;Acidente sem vítima;361;BR-101/ES;Norte;Saída de Pista;1;0;0;0;0;0;0;0;;;1;0;0;0;0
04/12/2017;09:04:00;125;Acidente com vítima;191;BR-101/ES;Norte;Colisão Transversal;1;0;0;0;0;0;0;2;;;1;0;1;0;0
04/12/2017;13:28:00;254;Acidente com vítima;265;BR-101/ES;Norte;Colisão Lateral;1;0;0;1;0;0;0;0;;;1;1;1;0;0
04/12/2017;13:42:00;264;Acidente sem vítima;392;BR-101/ES;Norte;Saída de Pista;0;0;0;0;0;0;0;2;;;1;0;0;0;0
04/12/2017;16:06:00;319;Acidente sem vítima;268;BR-101/ES;Sul;Veículo em Chamas;1;0;0;0;0;0;0;0;;;1;0;0;0;0
04/12/2017;17:33:00;353;Acidente sem vítima;265;BR-101/ES;Norte;Colisão Traseira;2;0;0;0;0;0;0;0;;;3;0;0;0;0
05/12/2017;00:36:00;12;Acidente sem vítima;222;BR-101/ES;Norte;Choque;0;0;0;0;0;0;0;2;;;1;0;0;0;0
05/12/2017;09:58:00;144;Acidente com vítima;446;BR-101/ES;Sul;Choque;1;0;0;0;0;0;0;0;;;0;0;1;0;0
05/12/2017;11:54:00;186;Acidente sem vítima;376;BR-101/ES;Sul;Colisão Traseira;2;0;0;0;0;0;0;0;;;4;0;0;0;0
05/12/2017;14:27:00;251;Acidente com vítima;206;BR-101/ES;Sul;Queda de Moto;0;0;0;1;0;0;0;0;;;0;0;1;0;0
05/12/2017;18:01:00;315;Acidente sem vítima;114;BR-101/ES;Norte;Saída de Pista;0;0;0;0;0;0;0;3;;;1;0;0;0;0
05/12/2017;18:38:00;318;Acidente com morte;328;BR-101/ES;Norte;Colisão Frontal;1;0;0;0;0;0;0;2;;;3;0;1;0;1
06/12/2017;07:16:00;82;Atropelamento sem morte;147;BR-101/ES;Norte;Atropelamento e Fuga;0;0;1;0;0;0;0;0;;;0;1;0;0;0
06/12/2017;08:57:00;127;Acidente sem vítima;211;BR-101/ES;Sul;Saída de Pista;1;0;0;0;0;0;0;0;;;1;0;0;0;0
06/12/2017;09:56:00;152;Acidente com vítima;287;BR-101/ES;Norte;Colisão Transversal;0;0;0;1;0;0;0;2;;;1;0;2;0;0
06/12/2017;11:34:00;183;Acidente com vítima;374;BR-101/ES;Sul;Colisão Transversal;1;0;0;1;0;0;0;0;;;1;1;0;0;0
06/12/2017;12:24:00;209;Acidente com vítima;265;BR-101/ES;Norte;Colisão Traseira;1;0;0;1;0;0;0;0;;;1;0;1;0;0
06/12/2017;12:48:00;225;Acidente sem vítima;355;BR-101/ES;Sul;Colisão Transversal;0;0;0;0;0;0;0;4;;;2;0;0;0;0
06/12/2017;14:27:00;260;Acidente sem vítima;369;BR-101/ES;Sul;Colisão Traseira;2;0;0;0;0;0;0;0;;;2;0;0;0;0
06/12/2017;15:29:00;282;Acidente sem vítima;142,7;BR-101/ES;Sul;Colisão Lateral;1;0;1;0;0;0;0;0;;;1;0;0;0;0
06/12/2017;16:58:00;307;Acidente sem vítima;62,6;BR-101/ES;Norte;Colisão Lateral;1;0;0;0;0;0;0;2;;;2;0;0;0;0
07/12/2017;12:30:00;243;Acidente sem vítima;141;BR-101/ES;Norte;Colisão Traseira;3;0;0;0;0;0;0;0;;;5;0;0;0;0
07/12/2017;14:24:00;287;Acidente sem vítima;293;BR-101/ES;Sul;Colisão Transversal;0;0;0;2;0;0;0;0;;;3;0;0;0;0
07/12/2017;17:27:00;347;Acidente com vítima;269;BR-101/ES;Sul;Colisão Traseira;1;0;0;1;0;0;0;0;;;1;0;1;0;0
07/12/2017;18:48:00;365;Acidente sem vítima;259;BR-101/ES;Norte;Colisão;1;1;0;0;0;0;0;0;;;4;0;0;0;0
07/12/2017;19:35:00;370;Acidente sem vítima;260;BR-101/ES;Norte;Colisão Traseira;2;0;0;0;0;0;0;0;;;2;0;0;0;0
07/12/2017;20:42:00;380;Acidente sem vítima;288,8;BR-101/ES;Norte;Colisão Lateral;2;0;0;0;0;0;0;0;;;2;0;0;0;0
07/12/2017;21:04:00;382;Acidente com vítima;288;BR-101/ES;Norte;Choque com Objeto Fixo;1;0;0;0;0;0;0;0;;;0;0;3;0;0
07/12/2017;21:45:00;390;Acidente sem vítima;269;BR-101/ES;Norte;Colisão Traseira;1;0;1;0;0;0;0;0;;;2;0;0;0;0
07/12/2017;22:54:00;407;Acidente com vítima;262;BR-101/ES;Norte;Colisão Traseira;1;0;0;1;0;0;0;0;;;1;0;1;0;0
08/12/2017;00:08:00;3;Acidente sem vítima;148;BR-101/ES;Norte;Colisão Transversal;2;0;0;0;0;0;0;0;;;3;0;0;0;0
08/12/2017;05:07:00;68;Acidente sem vítima;287;BR-101/ES;Sul;Saída de Pista;0;0;1;0;0;0;0;0;;;1;0;0;0;0
08/12/2017;06:31:00;85;Acidente com vítima;255;BR-101/ES;Sul;Colisão Traseira;0;0;1;0;1;0;0;0;;;5;1;0;0;0
08/12/2017;07:23:00;92;Atropelamento sem morte;269;BR-101/ES;Sul;Atropelamento;0;0;0;1;0;0;0;0;;;0;1;1;0;0
08/12/2017;16:43:00;296;Acidente com vítima;88;BR-101/ES;Sul;Colisão Traseira;2;0;0;0;0;0;0;0;;;0;3;0;0;0
08/12/2017;19:21:00;334;Acidente sem vítima;263;BR-101/ES;Sul;Colisão Traseira;2;0;0;0;0;0;0;0;;;2;0;0;0;0
08/12/2017;20:07:00;349;Acidente sem vítima;290;BR-101/ES;Sul;Colisão Transversal;1;0;0;1;0;0;0;0;;;2;0;0;0;0
09/12/2017;00:05:00;1;Acidente sem vítima;367;BR-101/ES;Sul;Choque;1;0;0;0;0;0;0;0;;;1;0;0;0;0
09/12/2017;01:53:00;28;Acidente sem vítima;289;BR-101/ES;Sul;Choque com Objeto Fixo;1;0;0;0;0;0;0;0;;;1;0;0;0;0
09/12/2017;04:41:00;65;Acidente com morte;34,8;BR-101/ES;Norte;Colisão Frontal;2;0;0;0;0;1;0;3;;;1;0;2;2;1
09/12/2017;05:14:00;70;Acidente sem vítima;248;BR-101/ES;Sul;Saída de Pista;1;0;0;0;0;0;0;0;;;3;0;0;0;0
09/12/2017;05:20:00;71;Acidente sem vítima;266;BR-101/ES;Sul;Choque com Objeto Fixo;2;0;0;0;0;0;0;0;;;2;0;0;0;0
09/12/2017;12:13:00;187;Acidente com vítima;131;BR-101/ES;Sul;Capotamento;1;0;0;0;0;0;0;0;;;0;3;1;0;0
09/12/2017;12:35:00;195;Acidente sem vítima;378;BR-101/ES;Sul;Colisão Transversal;2;0;0;0;0;0;0;0;;;2;0;0;0;0
09/12/2017;13:02:00;202;Acidente sem vítima;262;BR-101/ES;Norte;Colisão Transversal;2;0;0;0;1;0;0;0;;;4;0;0;0;0
09/12/2017;16:42:00;278;Acidente com vítima;264;BR-101/ES;Norte;Queda de ciclista;0;1;0;0;0;0;0;0;;;0;0;1;0;0
09/12/2017;20:26:00;334;Acidente com morte;111,6;BR-101/ES;Norte;Colisão Frontal;1;0;1;0;0;0;0;3;;;3;0;1;1;1
10/12/2017;04:55:00;71;Acidente sem vítima;264,7;BR-101/ES;Sul;Choque com Objeto Fixo;1;0;0;0;0;0;0;0;;;1;0;0;0;0
10/12/2017;05:23:00;75;Acidente sem vítima;127;BR-101/ES;Norte;Colisão Traseira;2;0;0;0;0;0;0;0;;;6;0;0;0;0
10/12/2017;06:31:00;83;Acidente sem vítima;219;BR-101/ES;Norte;Tombamento;1;0;0;0;0;0;0;0;;;2;0;0;0;0
10/12/2017;06:35:00;84;Acidente com vítima;271;BR-101/ES;Sul;Queda de Moto;0;0;0;1;0;0;0;0;;;0;0;1;0;0
10/12/2017;13:32:00;219;Acidente sem vítima;229;BR-101/ES;Sul;Colisão Traseira;2;0;0;0;0;0;0;0;;;6;0;0;0;0
10/12/2017;15:11:00;249;Acidente sem vítima;150;BR-101/ES;Sul;Colisão Traseira;2;0;0;0;0;0;0;0;;;4;0;0;0;0
10/12/2017;15:29:00;255;Atropelamento sem morte;93,5;BR-101/ES;Sul;Atropelamento;0;0;0;1;0;0;0;0;;;0;0;2;0;0
10/12/2017;16:07:00;265;Acidente com vítima;15;BR-101/ES;Norte;Saída de Pista;1;0;0;0;0;0;0;0;;;0;1;0;0;0
10/12/2017;16:55:00;281;Acidente com vítima;145,9;BR-101/ES;Norte;Colisão Lateral;0;1;0;0;1;0;0;0;;;2;0;1;0;0
10/12/2017;18:10:00;307;Acidente com vítima;145;BR-101/ES;Norte;Colisão Traseira;2;0;0;0;0;0;0;0;;;4;1;0;0;0
10/12/2017;18:50:00;312;Acidente sem vítima;256;BR-101/ES;Sul;Colisão Traseira;2;0;0;0;0;0;0;0;;;2;0;0;0;0
10/12/2017;19:31:00;323;Acidente sem vítima;33,8;BR-101/ES;Norte;Atropelamento de Equino;0;0;1;0;0;0;0;1;;;1;0;0;0;0
10/12/2017;19:44:00;328;Acidente com vítima;142;BR-101/ES;Sul;Colisão Transversal;0;1;0;1;0;0;0;0;;;0;2;1;0;0
10/12/2017;20:31:00;340;Acidente com vítima;221;BR-101/ES;Norte;Capotamento;1;0;0;0;0;0;0;0;;;0;1;0;0;0
10/12/2017;21:03:00;344;Acidente sem vítima;298;BR-101/ES;Norte;Choque com Objeto Fixo;1;0;0;0;0;0;0;0;;;1;0;0;0;0
10/12/2017;21:16:00;347;Acidente com vítima;205;BR-101/ES;Norte;Colisão Transversal;1;0;0;1;0;0;0;0;;;3;1;0;0;0
10/12/2017;21:17:00;348;Acidente com vítima;298;BR-101/ES;Sul;Colisão Transversal;1;0;1;0;0;0;0;0;;;2;0;1;0;0
10/12/2017;22:33:00;365;Acidente sem vítima;135;BR-101/ES;Sul;Atropelamento Animal;1;0;0;0;0;0;0;0;;;1;0;0;0;0
10/12/2017;23:14:00;374;Acidente sem vítima;258;BR-101/ES;Sul;Veículo em Chamas;1;0;0;0;0;0;0;0;;;1;0;0;0;0
11/12/2017;13:52:00;290;Acidente sem vítima;266;BR-101/ES;Sul;Colisão Traseira;1;0;1;0;0;0;0;1;;;2;0;0;0;0
11/12/2017;14:07:00;302;Acidente sem vítima;267;BR-101/ES;Sul;Colisão Traseira;1;0;0;0;0;0;0;2;;;2;0;0;0;0
11/12/2017;15:48:00;333;Acidente sem vítima;36;BR-101/ES;Norte;Queda de Moto;1;0;0;0;0;0;0;0;;;2;0;0;0;0
11/12/2017;16:18:00;344;Acidente com vítima;296;BR-101/ES;Norte;Colisão Traseira;1;0;1;0;0;0;0;0;;;2;1;0;0;0
11/12/2017;16:22:00;347;Acidente com vítima;223;BR-101/ES;Norte;Saída de Pista;1;0;0;0;0;0;0;0;;;0;1;0;0;0
11/12/2017;19:14:00;389;Acidente com vítima;269;BR-101/ES;Norte;Colisão Lateral;1;0;0;1;0;0;0;0;;;1;0;1;0;0
12/12/2017;00:25:00;7;Acidente sem vítima;322;BR-101/ES;Norte;Saída de Pista;0;0;1;0;0;0;0;0;;;3;0;0;0;0
12/12/2017;07:27:00;87;Acidente sem vítima;213;BR-101/ES;Sul;Colisão Traseira;0;0;1;0;0;0;0;1;;;3;0;0;0;0
12/12/2017;09:55:00;166;Acidente sem vítima;277;BR-101/ES;Norte;Saída de Pista;1;0;0;0;0;0;0;0;;;3;0;0;0;0
12/12/2017;10:34:00;177;Acidente com vítima;279;BR-101/ES;Sul;Queda de Moto;0;0;0;1;0;0;0;0;;;0;0;1;0;0
12/12/2017;14:52:00;275;Acidente sem vítima;271;BR-101/ES;Norte;Veículo em Chamas;1;0;0;0;0;0;0;0;;;5;0;0;0;0
12/12/2017;18:14:00;326;Acidente com vítima;257;BR-101/ES;Sul;Colisão Transversal;0;0;0;2;0;0;0;0;;;1;1;0;0;0
12/12/2017;19:36:00;344;Acidente com vítima;265;BR-101/ES;Norte;Colisão Traseira;1;0;0;1;0;0;0;0;;;1;0;1;0;0
12/12/2017;23:53:00;404;Acidente com vítima;261;BR-101/ES;Sul;Queda de Moto;0;0;1;1;0;0;0;0;;;1;0;1;0;0
13/12/2017;09:41:00;151;Acidente com vítima;282;BR-101/ES;Sul;Colisão Lateral;1;0;0;0;0;0;0;2;;;0;3;1;0;0
13/12/2017;10:14:00;194;Acidente sem vítima;442;BR-101/ES;Sul;Saída de Pista;1;0;0;0;0;0;0;0;;;1;0;0;0;0
13/12/2017;12:36:00;261;Acidente sem vítima;293;BR-101/ES;Norte;Engavetamento;2;0;0;1;0;0;0;0;;;3;0;0;0;0
13/12/2017;15:20:00;318;Acidente com vítima;265;BR-101/ES;Norte;Colisão Lateral;1;0;0;1;0;0;0;0;;;1;0;1;0;0
13/12/2017;15:37:00;323;Acidente com vítima;144,9;BR-101/ES;Sul;Colisão Transversal;1;0;0;1;0;0;0;0;;;1;2;0;0;0
13/12/2017;15:59:00;332;Acidente sem vítima;401;BR-101/ES;Sul;Saída de Pista;1;0;0;0;0;0;0;0;;;1;0;0;0;0
13/12/2017;16:59:00;350;Acidente sem vítima;268;BR-101/ES;Sul;Colisão Transversal;1;0;1;0;0;0;0;0;;;2;0;0;0;0
13/12/2017;19:41:00;394;Acidente sem vítima;85;BR-101/ES;Norte;Choque com Objeto Fixo;0;0;0;0;0;0;0;3;;;1;0;0;0;0
13/12/2017;20:45:00;412;Acidente com vítima;268;BR-101/ES;Norte;Queda de Moto;1;0;0;0;0;0;0;0;;;0;1;0;0;0
13/12/2017;21:09:00;418;Acidente sem vítima;280,8;BR-101/ES;Sul;Saída de Pista;0;0;0;0;0;0;0;2;;;1;0;0;0;0
14/12/2017;05:11:00;63;Acidente com vítima;61,5;BR-101/ES;Sul;Queda de Moto;0;0;0;1;0;0;0;0;;;0;1;0;0;0
14/12/2017;06:14:00;75;Acidente com vítima;266;BR-101/ES;Norte;Queda de Moto;0;0;0;1;0;0;0;0;;;0;0;1;0;0
14/12/2017;06:43:00;79;Acidente sem vítima;262;BR-101/ES;Sul;Colisão Traseira;2;0;0;0;0;0;0;0;;;2;0;0;0;0
14/12/2017;08:43:00;116;Acidente sem vítima;107;BR-101/ES;Sul;Colisão Traseira;1;0;1;0;0;0;0;0;;;2;0;0;0;0
14/12/2017;13:49:00;316;Acidente com vítima;94;BR-101/ES;Norte;Colisão Lateral;0;0;2;0;0;0;0;0;;;4;0;1;0;0
14/12/2017;14:00:00;320;Acidente sem vítima;117;BR-101/ES;Norte;Colisão Transversal;2;0;0;0;0;0;0;0;;;8;0;0;0;0
14/12/2017;16:39:00;349;Acidente sem vítima;146;BR-101/ES;Norte;Engavetamento;3;0;0;0;0;0;0;0;;;4;0;0;0;0
14/12/2017;16:57:00;354;Acidente sem vítima;259;BR-101/ES;Sul;Colisão Traseira;1;0;1;0;0;0;0;1;;;2;0;0;0;0
14/12/2017;17:46:00;365;Acidente sem vítima;265;BR-101/ES;Norte;Colisão Lateral;1;0;0;1;0;0;0;0;;;2;0;0;0;0
14/12/2017;18:00:00;368;Acidente sem vítima;179;BR-101/ES;Norte;Saída de Pista;1;0;0;0;0;0;0;0;;;3;0;0;0;0
14/12/2017;18:51:00;378;Acidente sem vítima;268;BR-101/ES;Sul;Colisão Lateral;1;0;0;1;0;0;0;0;;;4;0;0;0;0
14/12/2017;20:35:00;400;Acidente com vítima;66;BR-101/ES;Norte;Colisão Traseira;1;0;0;1;0;0;0;0;;;2;1;0;0;0
14/12/2017;22:08:00;415;Acidente sem vítima;142;BR-101/ES;Sul;Colisão Traseira;2;0;0;0;0;0;0;0;;;2;0;0;0;0
14/12/2017;23:42:00;450;Acidente sem vítima;147;BR-101/ES;Sul;Colisão Lateral;1;0;1;0;0;0;0;0;;;2;0;0;0;0
15/12/2017;07:36:00;99;Acidente sem vítima;273;BR-101/ES;Norte;Queda de Moto;0;0;0;1;0;0;0;0;;;1;0;0;0;0
15/12/2017;08:19:00;108;Acidente com vítima;295;BR-101/ES;Sul;Colisão Traseira;1;0;0;1;0;0;0;0;;;4;0;1;0;0
15/12/2017;12:37:00;255;Acidente sem vítima;255;BR-101/ES;Sul;Colisão Traseira;2;0;0;0;0;0;0;0;;;5;0;0;0;0
15/12/2017;13:35:00;284;Acidente sem vítima;266;BR-101/ES;Sul;Colisão Traseira;3;0;0;0;0;0;0;0;;;3;0;0;0;0
15/12/2017;16:23:00;333;Acidente com vítima;939;BR-101/BA;Sul;Colisão Transversal;2;0;0;0;0;0;0;0;;;6;0;1;0;0
15/12/2017;16:49:00;343;Acidente com vítima;62;BR-101/ES;Sul;Queda de ciclista;0;1;0;0;0;0;0;0;;;0;0;1;0;0
15/12/2017;19:57:00;399;Acidente com vítima;141;BR-101/ES;Sul;Colisão;1;1;0;0;0;0;0;0;;;1;0;1;0;0
15/12/2017;20:41:00;410;Acidente sem vítima;362;BR-101/ES;Sul;Colisão Traseira;2;0;0;0;0;0;0;0;;;4;0;0;0;0
15/12/2017;21:02:00;414;Acidente sem vítima;94;BR-101/ES;Norte;Atropelamento Animal;1;0;0;0;0;0;0;0;;;1;0;0;0;0
15/12/2017;22:55:00;450;Acidente sem vítima;362,5;BR-101/ES;Norte;Tombamento;0;0;1;0;0;0;0;0;;;1;0;0;0;0
15/12/2017;23:22:00;456;Acidente sem vítima;279;BR-101/ES;Norte;Choque com Objeto Fixo;1;0;0;0;0;0;0;0;;;1;0;0;0;0
16/12/2017;02:05:00;33;Acidente sem vítima;97;BR-101/ES;Norte;Queda de Moto;0;0;0;1;0;0;0;0;;;1;0;0;0;0
16/12/2017;03:08:00;42;Acidente com vítima;141;BR-101/ES;Norte;Queda de ciclista;0;1;0;0;0;0;0;0;;;0;0;1;0;0
16/12/2017;03:17:00;43;Acidente sem vítima;375;BR-101/ES;Norte;Colisão Transversal;1;0;0;0;0;0;0;3;;;2;0;0;0;0
16/12/2017;07:10:00;89;Acidente sem vítima;194;BR-101/ES;Norte;Saída de Pista;1;0;0;0;0;0;0;0;;;6;0;0;0;0
16/12/2017;12:16:00;233;Acidente com morte;425;BR-101/ES;Sul;Colisão Frontal;2;0;0;0;0;0;0;0;;;0;0;1;0;1
16/12/2017;13:42:00;269;Acidente sem vítima;270;BR-101/ES;Sul;Colisão Lateral;2;0;0;0;0;0;0;0;;;2;0;0;0;0
16/12/2017;18:36:00;354;Acidente com vítima;449;BR-101/ES;Sul;Queda de Moto;0;0;0;1;0;0;0;0;;;0;2;0;0;0
16/12/2017;21:58:00;393;Acidente com vítima;97;BR-101/ES;Sul;Colisão Transversal;1;0;0;1;0;0;0;0;;;2;1;0;0;0
16/12/2017;23:58:00;430;Acidente sem vítima;141;BR-101/ES;Sul;Colisão Traseira;1;0;0;0;0;0;0;3;;;2;0;0;0;0
17/12/2017;00:24:00;5;Acidente sem vítima;162,842;BR-101/ES;Norte;Saída de Pista;1;0;0;0;0;0;0;0;;;2;0;0;0;0
17/12/2017;05:08:00;70;Acidente com vítima;52;BR-101/ES;Sul;Saída de Pista;0;0;0;1;0;0;0;0;;;0;0;1;0;0
17/12/2017;06:07:00;84;Acidente com vítima;288;BR-101/ES;Norte;Colisão Transversal;2;0;0;0;0;0;0;0;;;3;0;1;0;0
17/12/2017;08:10:00;101;Acidente com vítima;262;BR-101/ES;Sul;Colisão Traseira;2;0;0;0;0;0;0;0;;;1;0;1;0;0
17/12/2017;08:21:00;107;Acidente sem vítima;385;BR-101/ES;Norte;Saída de Pista;1;0;0;0;0;0;0;0;;;1;0;0;0;0
17/12/2017;08:36:00;112;Acidente com vítima;68;BR-101/ES;Sul;Queda de ciclista;0;1;0;0;0;0;0;0;;;0;1;0;0;0
17/12/2017;09:38:00;136;Acidente sem vítima;77,5;BR-101/ES;Sul;Saída de Pista;1;0;0;0;0;0;0;0;;;2;0;0;0;0
17/12/2017;11:53:00;186;Acidente com morte;454,7;BR-101/ES;Sul;Colisão Frontal;1;0;0;0;0;0;0;2;;;0;1;0;0;2
17/12/2017;17:11:00;295;Acidente sem vítima;295;BR-101/ES;Sul;Colisão Traseira;1;0;0;1;0;0;0;0;;;4;0;0;0;0
17/12/2017;17:19:00;300;Acidente sem vítima;264;BR-101/ES;Norte;Colisão Traseira;2;0;0;0;0;0;0;0;;;2;0;0;0;0
17/12/2017;23:17:00;405;Acidente com morte;62,4;BR-101/ES;Sul;Colisão Frontal;2;0;0;0;0;0;0;0;;;0;0;0;1;1
17/12/2017;23:18:00;406;Acidente sem vítima;188;BR-101/ES;Norte;Colisão Lateral;1;0;0;0;0;0;0;2;;;3;0;0;0;0
18/12/2017;07:56:00;97;Acidente com vítima;317,7;BR-101/ES;Sul;Saída de Pista;1;0;0;0;0;0;0;0;;;0;0;4;0;0
18/12/2017;08:12:00;104;Acidente sem vítima;399;BR-101/ES;Norte;Colisão Traseira;0;0;1;0;0;0;0;3;;;2;0;0;0;0
18/12/2017;08:12:00;105;Acidente sem vítima;150;BR-101/ES;Sul;Saída de Pista;2;0;0;0;0;0;0;0;;;3;0;0;0;0
18/12/2017;08:46:00;118;Acidente com morte;454,7;BR-101/ES;Sul;Colisão Lateral;1;0;1;0;0;0;0;3;;;1;0;2;0;2
18/12/2017;09:21:00;155;Acidente com vítima;140,5;BR-101/ES;Sul;Colisão Transversal;1;0;0;0;0;0;0;2;;;1;1;1;0;0
18/12/2017;13:40:00;318;Acidente com vítima;101;BR-101/ES;Norte;Queda de Moto;0;0;0;1;0;0;0;0;;;0;1;0;0;0
18/12/2017;16:34:00;375;Acidente sem vítima;399;BR-101/ES;Norte;Colisão Traseira;0;0;2;0;0;0;0;0;;;4;0;0;0;0
18/12/2017;16:59:00;388;Acidente com vítima;294;BR-101/ES;Norte;Colisão Lateral;0;1;0;1;0;0;0;0;;;0;2;1;0;0
18/12/2017;17:23:00;392;Acidente sem vítima;210;BR-101/ES;Norte;Saída de Pista;1;0;0;0;0;0;0;0;;;4;0;0;0;0
18/12/2017;21:00:00;444;Acidente com vítima;326;BR-101/ES;Norte;Colisão Frontal;1;0;0;0;0;0;0;1;;;0;1;1;1;0
18/12/2017;21:56:00;455;Acidente sem vítima;125;BR-101/ES;Sul;Atropelamento Animal;1;0;0;0;0;0;0;0;;;1;0;0;0;0
19/12/2017;07:00:00;98;Acidente com vítima;68;BR-101/ES;Sul;Colisão Transversal;1;0;0;1;0;0;0;0;;;1;1;0;0;0
19/12/2017;07:56:00;121;Atropelamento sem morte;268,8;BR-101/ES;Sul;Atropelamento;1;0;0;1;0;0;0;0;;;1;0;2;0;0
19/12/2017;07:59:00;122;Acidente com vítima;25;BR-101/ES;Sul;Colisão Lateral;1;0;0;1;0;0;0;0;;;1;0;1;0;0
19/12/2017;16:13:00;287;Acidente sem vítima;150;BR-101/ES;Sul;Colisão Traseira;2;0;0;0;0;0;0;0;;;2;0;0;0;0
19/12/2017;18:48:00;329;Acidente sem vítima;311;BR-101/ES;Sul;Colisão;1;1;0;0;0;0;0;0;;;3;0;0;0;0
20/12/2017;00:21:00;7;Acidente com vítima;264;BR-101/ES;Sul;Colisão Transversal;1;0;0;1;0;0;0;0;;;1;0;1;0;0
20/12/2017;06:59:00;90;Acidente sem vítima;272;BR-101/ES;Norte;Saída de Pista;1;0;0;0;0;0;0;0;;;3;0;0;0;0
20/12/2017;08:39:00;123;Acidente sem vítima;151;BR-101/ES;Norte;Colisão Traseira;2;0;0;0;0;0;0;0;;;2;0;0;0;0
20/12/2017;10:21:00;205;Acidente com vítima;67;BR-101/ES;Sul;Queda de Moto;0;0;0;1;0;0;0;0;;;0;1;0;0;0
20/12/2017;10:40:00;217;Acidente com vítima;146;BR-101/ES;Sul;Colisão Lateral;1;0;1;0;0;0;0;0;;;2;1;0;0;0
20/12/2017;15:20:00;323;Acidente com vítima;160;BR-101/ES;Sul;Colisão Transversal;1;0;0;0;0;0;0;3;;;1;3;0;0;0
20/12/2017;17:34:00;367;Acidente sem vítima;279;BR-101/ES;Norte;Queda de Moto;0;0;0;1;0;0;0;0;;;2;0;0;0;0
20/12/2017;18:56:00;387;Acidente sem vítima;224;BR-101/ES;Sul;Colisão Lateral;1;0;0;0;0;0;0;2;;;2;0;0;0;0
20/12/2017;19:19:00;396;Acidente com vítima;396;BR-101/ES;Sul;Colisão Transversal;0;0;0;2;0;0;0;0;;;0;0;2;0;0
20/12/2017;21:22:00;423;Acidente com vítima;336;BR-101/ES;Sul;Queda de Moto;0;0;0;1;0;0;0;0;;;0;2;0;0;0
20/12/2017;23:15:00;456;Acidente com vítima;191;BR-101/ES;Sul;Queda de Moto;0;0;0;1;0;0;0;0;;;0;0;1;0;0
20/12/2017;23:43:00;468;Acidente sem vítima;449;BR-101/ES;Sul;Tombamento;0;0;1;0;0;0;0;0;;;1;0;0;0;0
21/12/2017;05:51:00;70;Acidente sem vítima;127;BR-101/ES;Norte;Colisão Traseira;1;0;1;0;0;0;0;0;;;1;0;0;0;0
21/12/2017;07:33:00;85;Acidente com vítima;297;BR-101/ES;Sul;Engavetamento;1;0;2;0;0;0;0;3;;;8;0;1;0;0
21/12/2017;09:37:00;143;Acidente com vítima;400;BR-101/ES;Norte;Colisão Traseira;0;0;1;0;0;0;0;2;;;1;1;0;0;0
21/12/2017;11:40:00;217;Acidente com vítima;214;BR-101/ES;Sul;Colisão Transversal;1;0;0;1;0;0;0;0;;;1;0;1;0;0