data;horario;n_da_ocorrencia;tipo_de_ocorrencia;km;trecho;sentido;tipo_de_acidente;automovel;bicicleta;caminhao;moto;onibus;outros;tracao_animal;transporte_de_cargas_especiais;trator_maquinas;utilitarios;ilesos;levemente_feridos;moderadamente_feridos;gravemente_feridos;mortos
09/03/2018;01:46:00;35;Acidente sem vítima;141;BR-101/ES;Sul;Saída de Pista;1;0;0;0;0;0;0;0;;;2;0;0;0;0
09/03/2018;02:54:00;53;Acidente com vítima;456;BR-101/ES;Norte;Colisão Frontal;1;0;0;0;0;0;0;2;;;1;0;1;0;0
09/03/2018;09:28:00;160;Acidente sem vítima;267;BR-101/ES;Norte;Colisão Lateral;1;0;0;0;0;0;0;2;;;3;0;0;0;0
09/03/2018;15:28:00;323;Acidente com vítima;284;BR-101/ES;Norte;Choque com Objeto Fixo;1;0;0;0;0;0;0;0;;;0;0;1;0;0
09/03/2018;16:22:00;338;Acidente sem vítima;269;BR-101/ES;Norte;Colisão Lateral;1;0;0;0;0;0;0;2;;;2;0;0;0;0
09/03/2018;16:26:00;340;Acidente sem vítima;443;BR-101/ES;Sul; ;1;0;0;0;0;0;0;0;;;1;0;0;0;0
09/03/2018;17:18:00;354;Acidente sem vítima;230;BR-101/ES;Sul;Colisão Transversal;1;0;0;0;0;0;0;3;;;3;0;0;0;0
09/03/2018;18:03:00;368;Acidente com vítima;164;BR-101/ES;Norte;Queda de Moto;0;0;0;1;0;0;0;0;;;0;0;0;1;0
09/03/2018;19:53:00;389;Acidente sem vítima;297;BR-101/ES;Norte;Colisão Lateral;1;0;1;0;0;0;0;0;;;2;0;0;0;0
09/03/2018;23:39:00;447;Atropelamento sem morte;146;BR-101/ES;Sul;Atropelamento e Fuga;0;1;0;0;0;0;0;0;;;0;1;0;0;0
09/03/2018;23:50:00;449;Acidente com vítima;142;BR-101/ES;Sul;Saída de Pista;1;0;0;0;0;0;0;0;;;1;2;1;0;0
10/03/2018;10:35:00;172;Acidente com vítima;257;BR-101/ES;Sul;Colisão Transversal;1;0;0;1;0;0;0;0;;;1;0;1;0;0
10/03/2018;10:47:00;177;Acidente com vítima;146,8;BR-101/ES;Sul;Colisão Traseira;1;0;0;1;0;0;0;0;;;1;0;1;0;0
10/03/2018;10:52:00;178;Acidente com vítima;246;BR-101/ES;Sul;Capotamento;1;0;0;0;0;0;0;0;;;0;1;0;0;0
10/03/2018;12:47:00;222;Acidente com vítima;230;BR-101/ES;Norte;Queda de Moto;0;0;1;1;0;0;0;0;;;1;1;0;0;0
10/03/2018;17:43:00;327;Acidente com vítima;311;BR-101/ES;Sul;Colisão Lateral;1;1;0;0;0;0;0;0;;;1;0;1;0;0
10/03/2018;18:34:00;334;Acidente sem vítima;131;BR-101/ES;Norte;Saída de Pista;1;0;0;0;0;0;0;0;;;3;0;0;0;0
10/03/2018;18:59:00;342;Acidente com vítima;17;BR-101/ES;Norte;Queda de Moto;0;0;0;1;0;0;0;0;;;1;1;0;0;0
10/03/2018;21:58:00;398;Acidente com vítima;170;BR-101/ES;Norte;Queda de Moto;0;0;0;1;0;0;0;0;;;0;1;1;0;0
10/03/2018;22:43:00;409;Acidente sem vítima;221;BR-101/ES;Sul;Colisão Traseira;2;0;0;0;0;0;0;0;;;2;0;0;0;0
11/03/2018;06:44:00;77;Acidente com vítima;216;BR-101/ES;Norte;Saída de Pista;1;0;0;0;0;0;0;0;;;4;1;0;0;0
11/03/2018;07:08:00;79;Acidente sem vítima;2;BR-101/ES;Sul;Queda de Moto;0;0;0;1;0;0;0;0;;;1;0;0;0;0
11/03/2018;09:03:00;104;Acidente sem vítima;75;BR-101/ES;Norte;Queda de Moto;0;0;0;1;0;0;0;0;;;1;0;0;0;0
11/03/2018;09:08:00;105;Acidente sem vítima;253;BR-101/ES;Norte;Queda de Moto;0;0;0;1;0;0;0;0;;;2;0;0;0;0
11/03/2018;12:14:00;165;Acidente sem vítima;121;BR-101/ES;Norte;Saída de Pista;1;0;0;0;0;0;0;0;;;1;0;0;0;0
11/03/2018;16:12:00;249;Acidente com morte;359;BR-101/ES;Sul;Colisão Transversal;1;0;0;0;0;0;0;2;;;1;0;1;0;2
11/03/2018;16:37:00;261;Acidente sem vítima;179;BR-101/ES;Sul;Saída de Pista;1;0;0;0;0;0;0;0;;;1;0;0;0;0
11/03/2018;16:37:00;262;Acidente sem vítima;264;BR-101/ES;Sul;Engavetamento;3;0;0;0;0;0;0;0;;;5;0;0;0;0
11/03/2018;17:00:00;268;Acidente com vítima;144;BR-101/ES;Norte;Colisão Transversal;1;0;0;1;0;0;0;0;;;5;0;2;0;0
11/03/2018;17:44:00;285;Acidente sem vítima;43;BR-101/ES;Sul;Veículo em Chamas;1;0;0;0;0;0;0;0;;;2;0;0;0;0
11/03/2018;18:22:00;290;Acidente com vítima;945;BR-101/BA;Sul;Colisão Lateral;1;0;0;1;0;0;0;0;;;6;1;0;1;0
11/03/2018;19:03:00;308;Acidente com morte;204;BR-101/ES;Sul;Colisão Frontal;1;0;0;2;0;0;0;0;;;1;0;0;1;2
11/03/2018;20:17:00;321;Acidente com vítima;71;BR-101/ES;Sul;Queda de Moto;1;0;0;0;0;0;0;0;;;0;0;1;0;0
11/03/2018;22:23:00;345;Acidente com vítima;233;BR-101/ES;Norte;Queda de Moto;0;0;0;1;0;0;0;0;;;0;0;1;0;0
12/03/2018;01:33:00;32;Acidente sem vítima;295;BR-101/ES;Sul;Saída de Pista;1;0;0;0;0;0;0;0;;;2;0;0;0;0
12/03/2018;10:18:00;159;Acidente sem vítima;307;BR-101/ES;Sul;Colisão Lateral;1;0;0;0;0;0;0;1;;;2;0;0;0;0
12/03/2018;13:09:00;247;Acidente com vítima;295;BR-101/ES;Norte;Queda de Moto;0;0;0;1;0;0;0;0;;;1;0;1;0;0
12/03/2018;14:31:00;281;Acidente com vítima;117;BR-101/ES;Sul;Colisão Transversal;2;0;0;0;0;0;0;0;;;2;1;1;0;0
12/03/2018;14:52:00;288;Acidente com vítima;175;BR-101/ES;Norte;Queda de Moto;1;0;0;0;0;0;0;0;;;0;1;1;0;0
12/03/2018;18:35:00;359;Acidente com vítima;210;BR-101/ES;Norte;Queda de ciclista;0;1;0;0;0;0;0;0;;;0;1;0;0;0
12/03/2018;18:43:00;362;Acidente com morte;310,4;BR-101/ES;Sul;Choque com Objeto Fixo;0;0;1;0;0;0;0;0;;;0;0;0;0;1
12/03/2018;21:40:00;398;Acidente sem vítima;277;BR-101/ES;Norte;Queda de Moto;0;0;0;1;0;0;0;0;;;2;0;0;0;0
13/03/2018;05:51:00;68;Acidente sem vítima;450,5;BR-101/ES;Sul;Tombamento;0;0;0;0;0;0;0;2;;;1;0;0;0;0
13/03/2018;08:15:00;127;Acidente com vítima;268;BR-101/ES;Sul;Colisão Lateral;1;0;0;1;0;0;0;0;;;4;1;0;0;0
13/03/2018;12:11:00;256;Acidente sem vítima;289;BR-101/ES;Sul;Capotamento;1;0;0;0;0;0;0;0;;;2;0;0;0;0
13/03/2018;15:32:00;310;Acidente com morte;121,5;BR-101/ES;Sul;Colisão Frontal;1;0;1;0;0;0;0;0;;;1;0;0;0;1
13/03/2018;20:28:00;390;Acidente sem vítima;219;BR-101/ES;Norte;Choque com Veículo Estacionado;1;0;0;0;0;0;0;0;;;1;0;0;0;0
13/03/2018;22:40:00;426;Acidente com vítima;294;BR-101/ES;Norte;Queda de Moto;0;0;0;1;0;0;0;0;;;1;0;1;0;0
14/03/2018;00:35:00;11;Acidente sem vítima;146;BR-101/ES;Norte;Choque com Objeto Fixo;0;0;1;0;0;0;0;0;;;1;0;0;0;0
14/03/2018;01:10:00;25;Acidente sem vítima;148;BR-101/ES;Norte;Choque com Objeto Fixo;0;0;1;0;0;0;0;0;;;1;0;0;0;0
14/03/2018;07:47:00;111;Acidente com vítima;260;BR-101/ES;Sul;Colisão Frontal;0;0;1;1;0;0;0;2;;;1;0;1;0;0
14/03/2018;10:45:00;201;Acidente com vítima;146;BR-101/ES;Norte;Colisão Transversal;1;0;0;1;0;0;0;0;;;1;1;0;0;0
14/03/2018;11:53:00;226;Acidente com vítima;146;BR-101/ES;Sul;Colisão Traseira;2;0;0;0;0;0;0;0;;;4;1;0;0;0
14/03/2018;13:53:00;273;Acidente com vítima;4;BR-101/ES;Norte;Tombamento;0;0;1;0;0;0;0;0;;;0;1;1;0;0
14/03/2018;13:59:00;276;Acidente sem vítima;372;BR-101/ES;Sul;Colisão Lateral;2;0;0;0;0;0;0;0;;;4;0;0;0;0
14/03/2018;17:42:00;334;Acidente com vítima;66;BR-101/ES;Norte;Queda de Moto;0;0;0;1;0;0;0;0;;;0;2;0;0;0
14/03/2018;19:10:00;351;Acidente sem vítima;144;BR-101/ES;Norte;Colisão Traseira;2;0;0;0;0;0;0;0;;;2;0;0;0;0
14/03/2018;20:59:00;374;Acidente sem vítima;71;BR-101/ES;Norte;Saída de Pista;1;0;0;0;0;0;0;0;;;2;0;0;0;0
14/03/2018;23:11:00;408;Acidente sem vítima;146;BR-101/ES;Norte;Colisão Lateral;2;0;0;0;0;0;0;0;;;2;0;0;0;0
15/03/2018;04:48:00;56;Atropelamento sem morte;294;BR-101/ES;Norte;Atropelamento;1;0;0;0;0;0;0;0;;;2;0;1;0;0
15/03/2018;10:27:00;134;Acidente sem vítima;260;BR-101/ES;Sul;Saída de Pista;0;0;0;0;0;0;0;2;;;1;0;0;0;0
15/03/2018;12:19:00;178;Acidente sem vítima;298;BR-101/ES;Norte;Colisão Traseira;1;0;0;0;0;0;0;2;;;2;0;0;0;0
15/03/2018;12:35:00;185;Acidente com vítima;66,4;BR-101/ES;Norte;Colisão Transversal;1;0;0;1;0;0;0;0;;;1;0;1;0;0
15/03/2018;19:40:00;327;Acidente sem vítima;175;BR-101/ES;Sul;Colisão Traseira;1;0;0;0;0;0;0;3;;;2;0;0;0;0
15/03/2018;21:00:00;343;Acidente sem vítima;147;BR-101/ES;Sul;Colisão Transversal;2;0;0;0;0;0;0;0;;;2;0;0;0;0
15/03/2018;22:41:00;371;Acidente sem vítima;262;BR-101/ES;Sul;Saída de Pista;1;0;0;0;0;0;0;0;;;2;0;0;0;0
16/03/2018;03:54:00;62;Acidente sem vítima;117;BR-101/ES;Norte;Saída de Pista;0;0;0;0;0;0;0;2;;;1;0;0;0;0
16/03/2018;06:14:00;86;Acidente sem vítima;265;BR-101/ES;Sul;Colisão Traseira;1;0;0;0;1;0;0;0;;;3;0;0;0;0
16/03/2018;07:00:00;92;Acidente com vítima;290;BR-101/ES;Norte;Colisão Traseira;0;0;1;1;0;0;0;0;;;2;0;1;0;0
16/03/2018;07:59:00;115;Acidente com vítima;264;BR-101/ES;Sul;Colisão Traseira;0;0;0;2;0;0;0;0;;;0;1;3;0;0
16/03/2018;10:10:00;159;Acidente com vítima;284;BR-101/ES;Sul;Queda de Moto;0;0;0;1;0;0;0;0;;;0;1;0;0;0
16/03/2018;13:03:00;226;Acidente com vítima;210,8;BR-101/ES;Sul;Colisão Transversal;1;0;0;1;0;0;0;0;;;1;1;1;0;0
16/03/2018;14:42:00;263;Acidente com vítima;254;BR-101/ES;Norte;Colisão Lateral;2;0;0;0;0;0;0;0;;;2;0;1;0;0
16/03/2018;17:42:00;334;Acidente sem vítima;177;BR-101/ES;Sul;Engavetamento;5;0;0;0;0;0;0;0;;;10;0;0;0;0
16/03/2018;18:35:00;349;Acidente sem vítima;305;BR-101/ES;Norte;Colisão Lateral;1;0;1;0;0;0;0;0;;;2;0;0;0;0
16/03/2018;22:43:00;411;Acidente sem vítima;290;BR-101/ES;Norte;Colisão Lateral;1;0;0;0;0;0;0;1;;;5;0;0;0;0
16/03/2018;23:11:00;425;Acidente sem vítima;321;BR-101/ES;Sul;Engavetamento;1;0;1;1;0;0;0;0;;;5;0;0;0;0
17/03/2018;07:18:00;97;Acidente sem vítima;394;BR-101/ES;Sul;Choque com Objeto Fixo;1;0;0;0;0;0;0;0;;;1;0;0;0;0
17/03/2018;08:21:00;115;Acidente com vítima;270;BR-101/ES;Sul;Queda de Moto;0;0;0;1;0;0;0;0;;;0;0;1;1;0
17/03/2018;08:53:00;126;Acidente sem vítima;358;BR-101/ES;Sul;Choque com Objeto Fixo;0;0;1;0;0;0;0;0;;;1;0;0;0;0
17/03/2018;09:09:00;132;Acidente com vítima;68;BR-101/ES;Norte;Colisão Traseira;1;0;0;1;0;0;0;0;;;2;1;0;0;0
17/03/2018;11:31:00;183;Acidente sem vítima;354;BR-101/ES;Norte;Saída de Pista;1;0;0;0;0;0;0;0;;;1;0;0;0;0
17/03/2018;12:00:00;193;Acidente sem vítima;218;BR-101/ES;Norte;Saída de Pista;1;0;0;0;0;0;0;0;;;2;0;0;0;0
17/03/2018;12:04:00;195;Acidente sem vítima;143;BR-101/ES;Norte;Queda de ciclista;0;1;0;0;0;0;0;0;;;1;0;0;0;0
17/03/2018;12:14:00;196;Acidente sem vítima;284;BR-101/ES;Norte;Choque com Objeto Fixo;1;0;0;0;0;0;0;0;;;1;0;0;0;0
17/03/2018;12:19:00;199;Acidente sem vítima;252,3;BR-101/ES;Norte;Saída de Pista;1;0;0;0;0;0;0;0;;;2;0;0;0;0
17/03/2018;13:38:00;228;Acidente sem vítima;268;BR-101/ES;Sul;Colisão Traseira;2;0;0;0;0;0;0;0;;;3;0;0;0;0
17/03/2018;14:41:00;257;Acidente sem vítima;263;BR-101/ES;Sul;Choque com Objeto Fixo;1;0;0;0;0;0;0;0;;;1;0;0;0;0
17/03/2018;15:23:00;273;Acidente sem vítima;169;BR-101/ES;Norte;Colisão Lateral;1;0;1;0;0;0;0;0;;;6;0;0;0;0
17/03/2018;16:33:00;292;Acidente sem vítima;278;BR-101/ES;Sul;Capotamento;1;0;0;0;0;0;0;0;;;1;0;0;0;0
17/03/2018;17:37:00;304;Acidente com vítima;268;BR-101/ES;Sul;Choque com Objeto Fixo;1;0;0;0;0;0;0;0;;;0;0;1;0;0
17/03/2018;17:54:00;311;Atropelamento sem morte;267;BR-101/ES;Sul;Atropelamento;0;0;0;1;0;0;0;0;;;1;0;0;1;0
17/03/2018;21:42:00;352;Acidente sem vítima;48;BR-101/ES;Norte;Colisão Traseira;0;0;0;0;0;0;0;5;;;2;0;0;0;0
17/03/2018;22:33:00;372;Acidente com morte;308,7;BR-101/ES;Norte;Colisão Lateral;1;0;1;0;0;0;0;0;;;1;0;0;0;1
18/03/2018;00:47:00;19;Acidente com vítima;270;BR-101/ES;Sul;Colisão;1;1;0;0;0;0;0;0;;;1;0;1;0;0
18/03/2018;04:32:00;62;Acidente com vítima;204;BR-101/ES;Norte;Colisão Transversal;1;0;0;0;1;0;0;0;;;1;0;1;0;0
18/03/2018;12:12:00;159;Acidente com vítima;303,5;BR-101/ES;Norte;Queda de Moto;0;0;0;1;0;0;0;0;;;0;1;0;0;0
18/03/2018;14:39:00;193;Acidente com vítima;197;BR-101/ES;Norte;Saída de Pista;1;0;0;0;0;0;0;0;;;1;1;0;0;0
18/03/2018;16:37:00;222;Acidente com vítima;259;BR-101/ES;Sul;Queda de Moto;1;0;0;0;0;0;0;0;;;0;0;2;0;0
18/03/2018;17:45:00;245;Acidente com vítima;254;BR-101/ES;Norte;Engavetamento;2;0;0;0;1;0;0;2;;;5;45;2;1;0
18/03/2018;21:11:00;291;Acidente sem vítima;88;BR-101/ES;Sul;Saída de Pista;1;0;0;0;0;0;0;0;;;1;0;0;0;0
19/03/2018;05:40:00;67;Acidente sem vítima;443,58;BR-101/ES;Sul;Saída de Pista;1;0;0;0;0;0;0;0;;;1;0;0;0;0
19/03/2018;09:09:00;141;Acidente com vítima;67;BR-101/ES;Norte;Colisão Transversal;1;0;0;1;0;0;0;0;;;0;1;0;0;0
19/03/2018;19:23:00;390;Acidente sem vítima;396;BR-101/ES;Norte;Colisão Traseira;1;0;1;0;0;0;0;0;;;3;0;0;0;0
20/03/2018;07:13:00;84;Acidente sem vítima;266;BR-101/ES;Sul;Colisão Traseira;1;0;1;0;0;0;0;0;;;2;0;0;0;0
20/03/2018;10:47:00;154;Acidente com vítima;298;BR-101/ES;Norte;Queda de Moto;0;0;0;1;0;0;0;0;;;1;0;1;0;0
20/03/2018;17:02:00;298;Acidente com vítima;189;BR-101/ES;Sul;Colisão;1;0;0;1;0;0;0;0;;;0;1;2;0;0
20/03/2018;18:22:00;326;Atropelamento sem morte;300;BR-101/ES;Norte;Atropelamento e Fuga;0;0;0;1;0;0;0;0;;;0;0;1;0;0
20/03/2018;18:35:00;327;Acidente com vítima;167;BR-101/ES;Sul;Colisão Lateral;1;0;0;1;0;0;0;0;;;1;1;0;0;0
21/03/2018;06:31:00;84;Acidente com vítima;263;BR-101/ES;Sul;Colisão Traseira;0;0;0;0;1;0;0;2;;;21;1;13;0;0
21/03/2018;06:49:00;89;Acidente com vítima;128;BR-101/ES;Sul;Colisão Transversal;0;0;1;1;0;0;0;0;;;1;1;0;0;0
21/03/2018;11:21:00;207;Acidente sem vítima;312;BR-101/ES;Sul;Danos Eventuais;1;0;0;0;0;0;0;0;;;2;0;0;0;0
21/03/2018;13:32:00;265;Acidente com vítima;264;BR-101/ES;Norte;Colisão;0;1;0;1;0;0;0;0;;;1;1;0;0;0
21/03/2018;22:00:00;408;Acidente com vítima;315;BR-101/ES;Norte;Queda de ciclista;0;1;0;0;0;0;0;0;;;0;1;0;0;0
22/03/2018;02:20:00;36;Acidente sem vítima;344;BR-101/ES;Sul;Colisão Traseira;0;0;0;0;0;0;0;4;;;2;0;0;0;0
22/03/2018;10:38:00;201;Acidente sem vítima;284;BR-101/ES;Norte;Saída de Pista;1;0;0;0;0;0;0;0;;;1;0;0;0;0
22/03/2018;10:57:00;210;Acidente com vítima;293;BR-101/ES;Norte;Colisão Frontal;0;0;1;1;0;0;0;0;;;1;0;1;0;0
22/03/2018;12:19:00;234;Acidente sem vítima;244,5;BR-101/ES;Sul;Saída de Pista;1;0;0;0;0;0;0;0;;;1;0;0;0;0
22/03/2018;14:10:00;283;Acidente sem vítima;358;BR-101/ES;Sul;Tombamento;0;0;1;0;0;0;0;0;;;1;0;0;0;0
22/03/2018;14:13:00;284;Acidente com vítima;217;BR-101/ES;Sul;Colisão Traseira;1;0;0;1;0;0;0;0;;;1;1;0;0;0
22/03/2018;16:01:00;306;Acidente com vítima;269;BR-101/ES;Sul;Colisão Traseira;1;0;1;0;0;0;0;0;;;3;2;0;0;0
22/03/2018;16:34:00;315;Acidente com morte;358;BR-101/ES;Norte;Colisão Transversal;2;0;0;0;0;0;0;0;;;1;0;0;0;1
22/03/2018;18:42:00;341;Acidente com vítima;285;BR-101/ES;Norte;Queda de Moto;0;0;0;1;0;0;0;0;;;0;1;0;0;0
23/03/2018;07:53:00;109;Acidente sem vítima;261;BR-101/ES;Sul;Engavetamento;3;0;0;0;0;0;0;0;;;3;0;0;0;0
23/03/2018;08:34:00;130;Acidente sem vítima;268;BR-101/ES;Sul;Colisão Lateral;1;0;0;1;0;0;0;0;;;2;0;0;0;0
23/03/2018;09:14:00;150;Acidente com vítima;269;BR-101/ES;Sul;Colisão Lateral;1;0;0;1;0;0;0;0;;;4;0;2;0;0
23/03/2018;09:53:00;163;Acidente sem vítima;349,5;BR-101/ES;Norte;Colisão Lateral;2;0;0;0;0;0;0;0;;;5;0;0;0;0
23/03/2018;12:18:00;226;Acidente com vítima;448;BR-101/ES;Norte;Colisão Transversal;2;0;0;0;0;0;0;0;;;1;1;1;0;0
23/03/2018;12:35:00;237;Acidente sem vítima;270;BR-101/ES;Norte;Colisão Lateral;1;0;0;0;0;0;0;2;;;2;0;0;0;0
23/03/2018;13:36:00;260;Acidente com vítima;269,5;BR-101/ES;Sul;Colisão Lateral;2;0;0;1;0;0;0;0;;;3;0;1;0;0
23/03/2018;14:40:00;280;Acidente sem vítima;434;BR-101/ES;Norte;Queda de Moto;0;0;0;1;0;0;0;0;;;1;0;0;0;0
23/03/2018;15:19:00;288;Acidente sem vítima;146;BR-101/ES;Norte;Colisão Traseira;2;0;0;0;0;0;0;0;;;3;0;0;0;0
23/03/2018;15:58:00;299;Acidente sem vítima;211;BR-101/ES;Norte;Colisão Traseira;2;0;0;0;0;0;0;0;;;2;0;0;0;0
23/03/2018;18:11:00;340;Acidente com vítima;90;BR-101/ES;Norte;Colisão Transversal;1;1;0;0;0;0;0;0;;;0;1;0;1;0
23/03/2018;19:00:00;352;Acidente sem vítima;213;BR-101/ES;Sul;Colisão Traseira;2;0;0;0;0;0;0;0;;;2;0;0;0;0
23/03/2018;19:04:00;354;Acidente com vítima;288;BR-101/ES;Norte;Choque com Objeto Fixo;1;0;0;0;0;0;0;0;;;4;0;1;0;0
23/03/2018;21:50:00;388;Acidente com morte;135;BR-101/ES;Sul;Colisão Transversal;0;0;0;1;0;0;0;0;;;0;0;0;0;1
24/03/2018;03:36:00;60;Acidente com vítima;288;BR-101/ES;Sul;Queda de Moto;0;0;0;1;0;0;0;0;;;0;0;2;0;0
24/03/2018;15:56:00;290;Acidente sem vítima;61;BR-101/ES;Norte;Colisão Transversal;0;0;1;1;0;0;0;0;;;2;0;0;0;0
24/03/2018;17:15:00;311;Acidente sem vítima;266;BR-101/ES;Sul;Colisão Traseira;2;0;0;0;0;0;0;0;;;2;0;0;0;0
24/03/2018;18:22:00;328;Acidente com vítima;145;BR-101/ES;Sul;Colisão Traseira;0;0;0;1;0;0;0;0;;;0;1;0;0;0
24/03/2018;18:33:00;329;Acidente com vítima;395;BR-101/ES;Sul;Queda de Moto;0;0;0;1;0;0;0;0;;;0;1;0;0;0
24/03/2018;20:02:00;350;Acidente com vítima;343;BR-101/ES;Sul;Choque;0;0;0;1;0;0;0;0;;;0;0;1;0;0
24/03/2018;21:16:00;365;Acidente com vítima;294;BR-101/ES;Norte;Choque com Objeto Fixo;1;0;0;0;0;0;0;0;;;1;0;3;0;0
25/03/2018;01:32:00;26;Acidente sem vítima;162;BR-101/ES;Sul;Saída de Pista;1;0;0;0;0;0;0;0;;;1;0;0;0;0
25/03/2018;02:55:00;42;Acidente com vítima;68;BR-101/ES;Norte;Queda de Moto;0;0;0;1;0;0;0;0;;;0;0;1;0;0
25/03/2018;03:56:00;47;Acidente sem vítima;137;BR-101/ES;Norte;Saída de Pista;1;0;0;0;0;0;0;0;;;1;0;0;0;0
25/03/2018;05:16:00;63;Acidente sem vítima;263;BR-101/ES;Sul;Colisão Traseira;2;0;0;0;0;0;0;0;;;2;0;0;0;0
25/03/2018;12:59:00;209;Acidente com vítima;135;BR-101/ES;Norte;Colisão Traseira;0;0;1;1;0;0;0;2;;;1;1;0;0;0
25/03/2018;17:32:00;279;Acidente com vítima;293;BR-101/ES;Sul;Colisão Traseira;2;0;0;0;0;0;0;0;;;1;0;0;1;0
25/03/2018;20:22:00;315;Acidente sem vítima;358;BR-101/ES;Norte;Choque com Objeto Fixo;1;0;0;0;0;0;0;0;;;1;0;0;0;0
26/03/2018;04:37:00;54;Acidente sem vítima;296;BR-101/ES;Sul;Choque com Objeto Fixo;1;0;0;0;0;0;0;0;;;1;0;0;0;0
26/03/2018;08:58:00;128;Acidente sem vítima;84;BR-101/ES;Sul;Veículo em Chamas;0;0;1;0;0;0;0;0;;;1;0;0;0;0
26/03/2018;10:04:00;160;Acidente sem vítima;70;BR-101/ES;Norte;Colisão Traseira;1;0;0;0;0;0;0;3;;;2;0;0;0;0
26/03/2018;11:25:00;195;Acidente sem vítima;264;BR-101/ES;Norte;Colisão Lateral;1;0;0;1;0;0;0;0;;;2;0;0;0;0
26/03/2018;12:57:00;229;Acidente sem vítima;242;BR-101/ES;Sul;Choque com Objeto Fixo;0;0;1;0;0;0;0;1;;;1;0;0;0;0
26/03/2018;15:17:00;266;Acidente com vítima;256;BR-101/ES;Norte;Colisão Traseira;1;0;0;0;1;0;0;0;;;1;1;0;0;0
26/03/2018;15:55:00;281;Acidente com vítima;241;BR-101/ES;Sul;Capotamento;2;0;0;0;0;0;0;0;;;3;0;0;1;0
26/03/2018;17:18:00;309;Atropelamento sem morte;270;BR-101/ES;Sul;Atropelamento;0;0;0;1;0;0;0;0;;;0;0;2;0;0
26/03/2018;18:15:00;331;Acidente com vítima;334;BR-101/ES;Sul;Colisão Transversal;1;0;0;0;1;0;0;0;;;1;1;0;1;0
26/03/2018;18:20:00;332;Acidente com vítima;23;BR-101/ES;Norte;Colisão Lateral;1;0;0;0;0;0;0;2;;;3;0;1;0;0
26/03/2018;19:24:00;347;Acidente com vítima;268;BR-101/ES;Sul;Queda de Moto;0;0;0;1;0;0;0;0;;;0;0;1;0;0
27/03/2018;06:35:00;68;Acidente com vítima;230;BR-101/ES;Sul;Queda de Moto;0;0;0;1;0;0;0;0;;;0;0;1;0;0
27/03/2018;09:57:00;141;Acidente sem vítima;199;BR-101/ES;Norte;Saída de Pista;1;0;0;0;0;0;0;0;;;4;0;0;0;0
27/03/2018;13:22:00;235;Acidente com vítima;281,9;BR-101/ES;Norte;Queda de Moto;0;0;0;1;0;0;0;0;;;0;0;1;0;0
27/03/2018;13:34:00;241;Acidente sem vítima;295;BR-101/ES;Norte;Colisão Lateral;1;0;0;0;0;0;0;2;;;2;0;0;0;0
27/03/2018;14:19:00;254;Acidente com vítima;146;BR-101/ES;Sul;Colisão Lateral;1;0;1;0;0;0;0;0;;;3;2;0;0;0
27/03/2018;17:28:00;331;Acidente com vítima;413;BR-101/ES;Sul;Colisão Lateral;0;0;1;1;0;0;0;0;;;1;1;0;0;0
27/03/2018;17:56:00;344;Acidente sem vítima;242;BR-101/ES;Norte;Choque com Objeto Fixo;0;0;1;0;0;0;0;0;;;2;0;0;0;0
27/03/2018;18:34:00;352;Acidente sem vítima;282;BR-101/ES;Norte;Saída de Pista;1;0;0;0;0;0;0;0;;;1;0;0;0;0
27/03/2018;19:32:00;367;Acidente sem vítima;266;BR-101/ES;Sul;Colisão Traseira;1;0;0;1;0;0;0;0;;;2;0;0;0;0
27/03/2018;21:20:00;389;Acidente com vítima;111;BR-101/ES;Sul;Queda de Moto;0;0;0;1;0;0;0;0;;;0;1;0;0;0
27/03/2018;22:44:00;411;Acidente sem vítima;374;BR-101/ES;Sul;Choque com Objeto Fixo;1;0;0;0;0;0;0;0;;;1;0;0;0;0
28/03/2018;01:52:00;38;Acidente sem vítima;203;BR-101/ES;Sul;Saída de Pista;1;0;0;0;0;0;0;0;;;1;0;0;0;0
28/03/2018;06:38:00;87;Acidente sem vítima;345;BR-101/ES;Sul;Saída de Pista;1;0;0;0;0;0;0;0;;;1;0;0;0;0
28/03/2018;07:16:00;100;Acidente sem vítima;233;BR-101/ES;Norte;Saída de Pista;1;0;0;0;0;0;0;0;;;1;0;0;0;0
28/03/2018;10:18:00;180;Acidente sem vítima;295;BR-101/ES;Norte;Colisão Traseira;1;0;1;0;0;0;0;0;;;2;0;0;0;0
28/03/2018;15:32:00;302;Acidente com morte;254;BR-101/ES;Sul;Colisão Lateral;2;0;0;0;0;0;0;0;;;2;0;0;0;1
28/03/2018;15:41:00;307;Acidente sem vítima;395;BR-101/ES;Norte;Colisão Traseira;0;0;0;0;0;0;0;3;;;1;0;0;0;0
28/03/2018;17:05:00;342;Acidente sem vítima;333;BR-101/ES;Sul;Saída de Pista;1;0;0;0;0;0;0;0;;;1;0;0;0;0
28/03/2018;18:37:00;357;Acidente com vítima;301;BR-101/ES;Sul;Queda de Moto;0;0;0;1;0;0;0;0;;;0;1;0;0;0
28/03/2018;19:29:00;369;Acidente com vítima;263;BR-101/ES;Sul;Colisão Traseira;2;0;0;0;0;0;0;0;;;2;1;0;0;0
28/03/2018;20:12:00;380;Acidente com vítima;214;BR-101/ES;Norte;Colisão Transversal;1;0;1;0;0;0;0;0;;;1;0;1;1;0