data;horario;n_da_ocorrencia;tipo_de_ocorrencia;km;trecho;sentido;tipo_de_acidente;automovel;bicicleta;caminhao;moto;onibus;outros;tracao_animal;transporte_de_cargas_especiais;trator_maquinas;utilitarios;ilesos;levemente_feridos;moderadamente_feridos;gravemente_feridos;mortos
17/04/2018;16:15:00;291;Acidente com vítima;414;BR-101/ES;Sul;Colisão Transversal;2;0;0;0;0;0;0;0;;;2;0;1;0;0
17/04/2018;16:56:00;305;Acidente com vítima;264;BR-101/ES;Norte;Colisão Lateral;2;0;0;0;0;0;0;0;;;1;0;1;0;0
17/04/2018;17:11:00;312;Acidente sem vítima;365;BR-101/ES;Sul;Choque com Objeto Fixo;1;0;0;0;0;0;0;0;;;2;0;0;0;0
17/04/2018;17:35:00;320;Acidente sem vítima;66,3;BR-101/ES;Sul;Colisão Traseira;2;0;0;0;0;0;0;0;;;2;0;0;0;0
17/04/2018;19:35:00;352;Acidente sem vítima;275;BR-101/ES;Norte;Choque com Objeto Fixo;1;0;0;0;0;0;0;0;;;2;0;0;0;0
17/04/2018;19:40:00;355;Acidente com vítima;257;BR-101/ES;Norte;Colisão Traseira;1;0;0;1;0;0;0;0;;;2;1;0;0;0
17/04/2018;22:52:00;401;Acidente com vítima;166;BR-101/ES;Norte;Queda de Moto;0;0;0;1;0;0;0;0;;;0;0;1;0;0
18/04/2018;05:18:00;62;Acidente com vítima;269;BR-101/ES;Norte;Colisão Transversal;0;0;0;1;1;0;0;0;;;2;0;1;0;0
18/04/2018;05:33:00;65;Acidente com vítima;206;BR-101/ES;Sul;Queda de Moto;0;0;0;1;0;0;0;0;;;0;0;1;0;0
18/04/2018;06:56:00;74;Acidente com vítima;292;BR-101/ES;Norte;Colisão Transversal;1;0;0;1;0;0;0;0;;;1;0;1;0;0
18/04/2018;08:17:00;119;Atropelamento sem morte;293;BR-101/ES;Norte;Atropelamento;1;0;0;0;0;0;0;0;;;1;0;1;0;0
18/04/2018;12:48:00;232;Acidente com vítima;215;BR-101/ES;Norte;Queda de Moto;0;0;0;1;0;0;0;0;;;0;1;1;0;0
18/04/2018;13:31:00;244;Acidente com vítima;293;BR-101/ES;Sul;Colisão Transversal;1;0;1;0;0;0;0;0;;;1;1;0;0;0
18/04/2018;14:53:00;269;Acidente sem vítima;262;BR-101/ES;Norte;Colisão Traseira;2;0;0;0;0;0;0;0;;;1;0;0;0;0
18/04/2018;15:03:00;271;Acidente sem vítima;447;BR-101/ES;Norte;Colisão Traseira;2;0;0;0;0;0;0;0;;;2;0;0;0;0
18/04/2018;16:00:00;286;Acidente sem vítima;266;BR-101/ES;Norte;Engavetamento;3;0;0;0;0;0;0;0;;;3;0;0;0;0
18/04/2018;17:51:00;329;Acidente sem vítima;25;BR-101/ES;Sul;Colisão Traseira;1;0;0;1;0;0;0;0;;;2;0;0;0;0
18/04/2018;23:55:00;398;Acidente sem vítima;385;BR-101/ES;Sul;Colisão Lateral;1;0;1;0;0;0;0;0;;;5;0;0;0;0
19/04/2018;10:15:00;155;Acidente com vítima;300;BR-101/ES;Sul;Choque com Objeto Fixo;1;0;0;0;0;0;0;0;;;1;0;1;0;0
19/04/2018;10:32:00;158;Acidente sem vítima;293;BR-101/ES;Sul;Colisão Traseira;1;0;1;0;0;0;0;0;;;5;0;0;0;0
19/04/2018;12:11:00;193;Acidente com vítima;66;BR-101/ES;Sul;Colisão;0;1;0;1;0;0;0;0;;;0;2;1;0;0
19/04/2018;12:47:00;211;Acidente com vítima;298;BR-101/ES;Norte;Colisão Lateral;1;0;0;1;0;0;0;0;;;1;1;0;0;0
19/04/2018;16:38:00;289;Acidente sem vítima;134;BR-101/ES;Sul;Veículo em Chamas;1;0;0;0;0;0;0;0;;;1;0;0;0;0
19/04/2018;16:56:00;297;Acidente com vítima;119;BR-101/ES;Sul;Queda de Moto;0;0;0;1;0;0;0;0;;;0;0;1;0;0
19/04/2018;17:54:00;311;Acidente com vítima;129;BR-101/ES;Sul;Queda de Moto;0;0;0;1;0;0;0;0;;;0;1;0;0;0
19/04/2018;20:45:00;349;Acidente sem vítima;228,5;BR-101/ES;Sul;Queda de Moto;0;0;0;1;0;0;0;0;;;2;0;0;0;0
19/04/2018;23:18:00;385;Acidente sem vítima;375,5;BR-101/ES;Sul;Colisão Lateral;0;0;1;0;0;0;0;2;;;2;0;0;0;0
19/04/2018;23:20:00;386;Acidente sem vítima;442;BR-101/ES;Norte;Colisão Lateral;0;0;1;0;0;0;0;2;;;3;0;0;0;0
20/04/2018;07:27:00;85;Atropelamento sem morte;258;BR-101/ES;Norte;Atropelamento;2;0;0;0;0;0;0;0;;;1;0;1;0;0
20/04/2018;08:25:00;107;Acidente sem vítima;270;BR-101/ES;Sul;Engavetamento;3;0;0;0;0;0;0;0;;;5;0;0;0;0
20/04/2018;08:45:00;112;Acidente sem vítima;270;BR-101/ES;Sul;Veículo em Chamas;1;0;0;0;0;0;0;0;;;1;0;0;0;0
20/04/2018;09:40:00;137;Acidente com vítima;285,5;BR-101/ES;Norte;Colisão Lateral;1;0;0;1;0;0;0;0;;;1;1;0;0;0
20/04/2018;11:26:00;181;Acidente com vítima;200;BR-101/ES;Sul;Colisão Frontal;2;0;0;0;0;0;0;0;;;2;0;1;0;0
20/04/2018;16:22:00;300;Acidente com vítima;287;BR-101/ES;Sul;Colisão Traseira;2;0;0;0;0;0;0;0;;;1;0;1;0;0
20/04/2018;18:00:00;336;Acidente com vítima;89;BR-101/ES;Norte;Colisão Lateral;1;0;0;1;0;0;0;0;;;2;1;0;0;0
20/04/2018;19:02:00;353;Acidente com vítima;144;BR-101/ES;Sul;Colisão Lateral;0;0;0;1;1;0;0;0;;;2;0;2;0;0
20/04/2018;19:42:00;369;Acidente com vítima;132;BR-101/ES;Norte;Queda de Moto;0;0;0;1;0;0;0;0;;;0;1;0;0;0
20/04/2018;20:05:00;380;Acidente sem vítima;237;BR-101/ES;Sul;Colisão Traseira;1;0;1;0;0;0;0;0;;;5;0;0;0;0
21/04/2018;01:11:00;19;Acidente sem vítima;264;BR-101/ES;Sul;Colisão Transversal;2;0;0;0;0;0;0;0;;;2;0;0;0;0
21/04/2018;06:11:00;92;Acidente com vítima;343;BR-101/ES;Sul;Saída de Pista;1;0;0;0;0;0;0;0;;;0;1;0;0;0
21/04/2018;18:26:00;317;Acidente sem vítima;207;BR-101/ES;Norte;Colisão Lateral;1;0;0;0;0;0;0;1;;;7;0;0;0;0
21/04/2018;23:39:00;387;Acidente sem vítima;265;BR-101/ES;Sul;Choque com Objeto Fixo;1;0;0;0;0;0;0;0;;;1;0;0;0;0
22/04/2018;01:44:00;26;Acidente sem vítima;67;BR-101/ES;Norte;Veículo em Chamas;1;0;0;0;0;0;0;0;;;1;0;0;0;0
22/04/2018;09:25:00;105;Acidente sem vítima;331;BR-101/ES;Norte;Colisão Traseira;1;0;1;0;0;0;0;0;;;4;0;0;0;0
22/04/2018;16:24:00;238;Acidente sem vítima;46;BR-101/ES;Norte;Veículo em Chamas;0;0;0;0;0;0;0;3;;;1;0;0;0;0
22/04/2018;16:45:00;246;Acidente com vítima;254,5;BR-101/ES;Sul;Engavetamento;4;0;0;0;0;0;0;0;;;8;0;1;0;0
22/04/2018;17:58:00;271;Acidente sem vítima;270;BR-101/ES;Sul;Colisão Transversal;2;0;0;0;0;0;0;0;;;5;0;0;0;0
22/04/2018;21:36:00;319;Acidente com vítima;172;BR-101/ES;Norte;Queda de Moto;1;0;0;0;0;0;0;0;;;0;1;0;0;0
23/04/2018;00:05:00;1;Acidente sem vítima;90;BR-101/ES;Sul;Queda de Moto;0;0;0;1;0;0;0;0;;;1;0;0;0;0
23/04/2018;04:48:00;65;Acidente sem vítima;298;BR-101/ES;Sul;Colisão Traseira;2;0;0;0;0;0;0;0;;;2;0;0;0;0
23/04/2018;07:19:00;105;Acidente com vítima;247;BR-101/ES;Sul;Colisão Transversal;1;0;0;1;0;0;0;0;;;2;0;1;0;0
23/04/2018;07:27:00;108;Acidente sem vítima;65;BR-101/ES;Sul;Engavetamento;2;0;1;0;0;0;0;0;;;5;0;0;0;0
23/04/2018;07:43:00;112;Acidente sem vítima;269;BR-101/ES;Norte;Engavetamento;3;0;0;0;0;0;0;0;;;5;0;0;0;0
23/04/2018;11:55:00;196;Acidente com vítima;270;BR-101/ES;Sul;Colisão Lateral;1;1;0;0;0;0;0;0;;;1;0;1;0;0
23/04/2018;16:52:00;276;Acidente com vítima;11;BR-101/ES;Norte;Queda de Moto;1;0;0;0;0;0;0;0;;;0;0;1;0;0
23/04/2018;18:11:00;296;Acidente sem vítima;148;BR-101/ES;Sul;Engavetamento;2;0;1;0;0;0;0;0;;;5;0;0;0;0
23/04/2018;18:39:00;304;Acidente sem vítima;265;BR-101/ES;Norte;Queda de Moto;0;0;0;1;0;0;0;0;;;1;0;0;0;0
23/04/2018;19:22:00;315;Acidente sem vítima;148;BR-101/ES;Sul;Colisão Traseira;1;0;0;1;0;0;0;0;;;2;0;0;0;0
23/04/2018;19:49:00;320;Acidente sem vítima;257;BR-101/ES;Sul;Queda de Moto;1;0;0;0;0;0;0;0;;;1;0;0;0;0
23/04/2018;21:16:00;339;Acidente sem vítima;234;BR-101/ES;Norte;Engavetamento;1;0;0;0;0;0;0;4;;;5;0;0;0;0
24/04/2018;01:41:00;31;Atropelamento sem morte;268;BR-101/ES;Norte;Atropelamento e Fuga;0;0;0;1;0;0;0;0;;;0;0;1;0;0
24/04/2018;08:55:00;119;Acidente com vítima;146;BR-101/ES;Norte;Colisão Traseira;1;0;0;0;1;0;0;0;;;2;1;0;0;0
24/04/2018;15:28:00;275;Acidente com vítima;150;BR-101/ES;Sul;Colisão Lateral;1;0;0;1;0;0;0;0;;;1;2;0;0;0
24/04/2018;15:34:00;278;Acidente sem vítima;344,5;BR-101/ES;Norte;Colisão Lateral;1;0;0;1;0;0;0;0;;;2;0;0;0;0
24/04/2018;16:26:00;300;Acidente sem vítima;281;BR-101/ES;Norte;Veículo em Chamas;0;0;1;0;0;0;0;0;;;1;0;0;0;0
24/04/2018;16:46:00;310;Acidente com vítima;295;BR-101/ES;Sul;Queda de Moto;0;0;0;1;0;0;0;0;;;0;1;0;0;0
24/04/2018;18:05:00;339;Acidente com vítima;192;BR-101/ES;Sul;Colisão Lateral;2;0;1;0;0;0;0;0;;;3;0;2;0;0
24/04/2018;19:10:00;350;Acidente com vítima;142;BR-101/ES;Sul;Colisão Transversal;2;0;0;0;0;0;0;0;;;1;3;0;0;0
25/04/2018;07:16:00;79;Acidente com vítima;297;BR-101/ES;Sul;Colisão Lateral;0;0;0;1;0;0;0;2;;;1;0;1;0;0
25/04/2018;08:09:00;97;Acidente com vítima;40;BR-101/ES;Norte;Saída de Pista;1;0;0;0;0;0;0;0;;;0;1;1;0;0
25/04/2018;10:01:00;150;Acidente sem vítima;273;BR-101/ES;Norte;Choque com Objeto Fixo;1;0;0;0;0;0;0;0;;;2;0;0;0;0
25/04/2018;12:16:00;207;Acidente com vítima;268;BR-101/ES;Norte;Colisão Lateral;1;0;0;0;0;0;0;2;;;3;1;0;0;0
25/04/2018;16:24:00;287;Acidente com vítima;271;BR-101/ES;Norte;Colisão Transversal;2;0;0;0;0;0;0;0;;;2;0;2;0;0
25/04/2018;17:50:00;319;Acidente com vítima;204;BR-101/ES;Sul;Colisão Lateral;1;0;0;1;0;0;0;0;;;2;0;1;0;0
25/04/2018;19:56:00;340;Acidente sem vítima;171;BR-101/ES;Sul;Colisão Traseira;2;0;0;0;0;0;0;0;;;2;0;0;0;0
25/04/2018;20:49:00;354;Acidente com vítima;140;BR-101/ES;Norte;Colisão Traseira;2;0;0;0;0;0;0;0;;;2;3;1;0;0
26/04/2018;08:41:00;111;Acidente sem vítima;271;BR-101/ES;Norte;Choque com Objeto Fixo;1;0;0;0;0;0;0;0;;;1;0;0;0;0
26/04/2018;12:07:00;193;Acidente com vítima;294;BR-101/ES;Sul;Queda de Moto;0;0;0;1;0;0;0;0;;;0;0;1;0;0
26/04/2018;15:02:00;252;Acidente com vítima;174;BR-101/ES;Sul;Colisão Transversal;1;0;0;1;0;0;0;0;;;1;0;1;0;0
26/04/2018;17:53:00;296;Atropelamento sem morte;147;BR-101/ES;Sul;Atropelamento;1;0;0;0;0;0;0;0;;;1;0;1;0;0
26/04/2018;23:11:00;371;Acidente sem vítima;294;BR-101/ES;Sul;Saída de Pista;1;0;0;0;0;0;0;0;;;1;0;0;0;0
27/04/2018;06:53:00;72;Acidente com vítima;64;BR-101/ES;Sul;Queda de ciclista;0;1;0;0;0;0;0;0;;;0;1;0;0;0
27/04/2018;10:02:00;148;Acidente sem vítima;263;BR-101/ES;Sul;Tombamento;0;0;1;0;0;0;0;0;;;1;0;0;0;0
27/04/2018;11:02:00;165;Acidente com vítima;61;BR-101/ES;Norte;Colisão Traseira;1;0;0;1;0;0;0;0;;;2;0;1;0;0
27/04/2018;13:02:00;214;Acidente com vítima;270;BR-101/ES;Sul;Colisão Transversal;0;1;0;1;0;0;0;0;;;1;1;0;0;0
27/04/2018;13:37:00;230;Acidente com vítima;945;BR-101/BA;Sul;Capotamento;1;0;0;0;0;0;0;0;;;0;1;2;0;0
27/04/2018;14:36:00;243;Acidente com vítima;294;BR-101/ES;Norte;Colisão Traseira;0;0;1;1;0;0;0;0;;;2;0;1;0;0
27/04/2018;16:46:00;297;Acidente sem vítima;212;BR-101/ES;Sul;Colisão Transversal;1;0;0;1;0;0;0;0;;;4;0;0;0;0
27/04/2018;18:27:00;334;Acidente sem vítima;223;BR-101/ES;Sul;Saída de Pista;1;0;0;0;0;0;0;0;;;1;0;0;0;0
27/04/2018;18:45:00;342;Acidente com morte;283;BR-101/ES;Norte;Capotamento;1;0;0;0;0;0;0;0;;;0;0;0;0;1
27/04/2018;22:17:00;398;Acidente com vítima;170;BR-101/ES;Norte;Queda de Moto;1;0;0;0;0;0;0;0;;;0;1;0;0;0
28/04/2018;02:24:00;38;Acidente com vítima;421,5;BR-101/ES;Sul;Colisão Lateral;1;0;0;0;0;0;0;3;;;1;0;0;1;0
28/04/2018;03:51:00;46;Acidente sem vítima;260;BR-101/ES;Norte;Saída de Pista;1;0;0;0;0;0;0;0;;;1;0;0;0;0
28/04/2018;05:37:00;66;Acidente sem vítima;150;BR-101/ES;Norte;Choque com Objeto Fixo;1;0;0;0;0;0;0;0;;;1;0;0;0;0
28/04/2018;10:33:00;146;Acidente sem vítima;295;BR-101/ES;Norte;Colisão Lateral;1;0;0;0;0;0;0;2;;;3;0;0;0;0
28/04/2018;11:49:00;181;Acidente com vítima;460;BR-101/ES;Sul;Tombamento;0;0;0;0;0;0;0;4;;;0;0;1;0;0
28/04/2018;12:17:00;189;Acidente com vítima;244;BR-101/ES;Norte;Colisão Lateral;1;0;0;1;0;0;0;0;;;0;1;0;0;0
28/04/2018;16:24:00;294;Acidente sem vítima;259;BR-101/ES;Norte;Colisão Lateral;1;0;0;1;0;0;0;0;;;2;0;0;0;0
28/04/2018;19:28:00;343;Acidente sem vítima;321;BR-101/ES;Sul;Colisão Traseira;2;0;0;0;0;0;0;0;;;2;0;0;0;0
28/04/2018;19:28:00;344;Acidente com vítima;285;BR-101/ES;Sul;Colisão Lateral;0;0;0;2;0;0;0;0;;;0;2;0;0;0
28/04/2018;20:04:00;356;Acidente sem vítima;318;BR-101/ES;Norte;Atropelamento de Bovino;1;0;0;0;0;0;0;2;;;4;0;0;0;0
28/04/2018;21:50:00;381;Acidente com vítima;68;BR-101/ES;Norte;Queda de Moto;0;0;0;1;0;0;0;0;;;0;1;0;0;0
29/04/2018;02:35:00;39;Acidente sem vítima;141;BR-101/ES;Sul;Queda de Moto;0;0;0;1;0;0;0;0;;;1;0;0;0;0
29/04/2018;08:21:00;93;Acidente sem vítima;257;BR-101/ES;Sul;Engavetamento;5;0;0;0;0;0;0;0;;;11;0;0;0;0
29/04/2018;14:38:00;218;Acidente sem vítima;214;BR-101/ES;Norte;Colisão Traseira;2;0;0;0;0;0;0;0;;;5;0;0;0;0
30/04/2018;09:41:00;154;Acidente sem vítima;269;BR-101/ES;Norte;Colisão Lateral;1;0;0;0;0;0;0;2;;;2;0;0;0;0
30/04/2018;10:06:00;160;Acidente sem vítima;267;BR-101/ES;Norte;Colisão Traseira;1;0;1;0;0;0;0;0;;;3;0;0;0;0
30/04/2018;11:36:00;196;Acidente sem vítima;266;BR-101/ES;Sul;Colisão Transversal;1;0;0;0;0;0;0;1;;;2;0;0;0;0
30/04/2018;16:31:00;305;Acidente com vítima;270;BR-101/ES;Norte;Queda de ciclista;0;1;0;0;0;0;0;0;;;0;0;1;0;0
30/04/2018;17:09:00;320;Acidente sem vítima;261;BR-101/ES;Sul;Saída de Pista;1;0;0;0;0;1;0;0;;;1;0;0;0;0
30/04/2018;17:49:00;334;Acidente com vítima;305;BR-101/ES;Sul;Queda de Moto;0;0;0;1;0;0;0;0;;;0;2;0;0;0
30/04/2018;18:08:00;339;Acidente com vítima;69;BR-101/ES;Norte;Colisão Lateral;2;0;0;0;0;0;0;0;;;2;1;1;0;0
30/04/2018;18:11:00;340;Acidente com vítima;203;BR-101/ES;Sul;Colisão Transversal;2;0;0;0;0;0;0;0;;;1;2;0;0;0
30/04/2018;18:35:00;343;Acidente sem vítima;212;BR-101/ES;Sul;Colisão Lateral;0;0;1;0;1;0;0;1;;;2;0;0;0;0
30/04/2018;19:28:00;351;Acidente sem vítima;263;BR-101/ES;Sul;Colisão Traseira;2;0;0;0;0;0;0;0;;;3;0;0;0;0
01/05/2018;06:09:00;71;Acidente com vítima;218;BR-101/ES;Norte;Saída de Pista;1;0;0;0;0;0;0;0;;;1;1;0;0;0
01/05/2018;07:34:00;85;Acidente sem vítima;270;BR-101/ES;Norte;Colisão Transversal;2;0;0;0;0;0;0;0;;;2;0;0;0;0
01/05/2018;22:06:00;329;Acidente com vítima;325;BR-101/ES;Sul;Colisão Transversal;2;0;0;0;0;0;0;0;;;3;4;1;0;0
02/05/2018;05:18:00;61;Acidente sem vítima;266;BR-101/ES;Sul;Colisão Lateral;1;0;0;0;1;0;0;0;;;2;0;0;0;0
02/05/2018;06:50:00;73;Acidente sem vítima;231;BR-101/ES;Norte;Choque com Objeto Fixo;1;0;0;0;0;0;0;0;;;1;0;0;0;0
02/05/2018;08:21:00;103;Acidente sem vítima;264;BR-101/ES;Norte;Colisão Transversal;1;0;0;1;0;0;0;0;;;2;0;0;0;0
02/05/2018;11:36:00;181;Acidente com vítima;296;BR-101/ES;Norte;Queda de Moto;0;0;0;1;0;0;0;0;;;0;1;0;0;0
02/05/2018;12:55:00;222;Acidente sem vítima;302;BR-101/ES;Sul;Colisão Traseira;1;0;0;0;0;0;0;1;;;3;0;0;0;0
02/05/2018;16:04:00;294;Acidente sem vítima;414;BR-101/ES;Norte;Tombamento;0;0;1;0;0;0;0;0;;;1;0;0;0;0
02/05/2018;16:38:00;306;Acidente com vítima;255;BR-101/ES;Sul;Colisão Transversal;1;0;0;1;0;0;0;0;;;4;1;0;0;0
02/05/2018;18:07:00;332;Acidente sem vítima;264;BR-101/ES;Sul;Colisão Traseira;2;0;0;0;0;0;0;0;;;2;0;0;0;0
02/05/2018;18:46:00;343;Acidente com vítima;2;BR-101/ES;Norte;Queda de Moto;0;0;0;1;0;0;0;0;;;0;1;0;0;0
02/05/2018;21:41:00;384;Acidente com vítima;61,5;BR-101/ES;Norte;Queda de Moto;0;0;0;1;0;0;0;0;;;0;2;0;0;0
03/05/2018;06:34:00;81;Acidente sem vítima;280;BR-101/ES;Norte;Colisão Traseira;2;0;0;0;0;0;0;0;;;4;0;0;0;0
03/05/2018;11:34:00;188;Atropelamento sem morte;293;BR-101/ES;Sul;Atropelamento;1;0;0;0;0;0;0;0;;;1;0;1;0;0
03/05/2018;12:16:00;206;Acidente com vítima;241;BR-101/ES;Norte;Colisão Transversal;0;0;1;1;0;0;0;0;;;1;0;1;0;0
03/05/2018;14:31:00;251;Acidente com vítima;218;BR-101/ES;Sul;Queda de Moto;0;0;0;1;0;0;0;0;;;0;1;0;0;0
03/05/2018;19:09:00;348;Acidente com vítima;309;BR-101/ES;Sul;Colisão Lateral;1;0;0;1;0;0;0;0;;;1;1;0;0;0
04/05/2018;05:24:00;70;Acidente sem vítima;50;BR-101/ES;Norte;Colisão Lateral;1;0;0;0;0;0;0;3;;;2;0;0;0;0
04/05/2018;06:41:00;80;Acidente com vítima;149;BR-101/ES;Sul;Colisão Transversal;2;0;0;0;0;0;0;0;;;2;3;0;0;0
04/05/2018;09:44:00;140;Acidente sem vítima;296;BR-101/ES;Sul;Colisão Lateral;1;0;0;0;0;0;0;2;;;3;0;0;0;0
04/05/2018;10:40:00;165;Acidente sem vítima;206;BR-101/ES;Sul;Colisão Traseira;1;0;1;0;0;0;0;0;;;3;0;0;0;0
04/05/2018;14:14:00;253;Acidente com vítima;165;BR-101/ES;Norte;Colisão Lateral;2;0;2;0;0;0;0;0;;;3;1;2;0;0
04/05/2018;16:30:00;290;Acidente sem vítima;206;BR-101/ES;Norte;Colisão Traseira;1;0;1;0;0;0;0;0;;;4;0;0;0;0
04/05/2018;19:08:00;331;Atropelamento sem morte;80;BR-101/ES;Norte;Atropelamento;0;0;0;1;0;0;0;2;;;2;0;0;0;0
05/05/2018;00:46:00;15;Acidente sem vítima;284,5;BR-101/ES;Norte;Saída de Pista;1;0;0;0;0;0;0;0;;;1;0;0;0;0
05/05/2018;05:29:00;67;Acidente sem vítima;264,5;BR-101/ES;Sul;Colisão Transversal;1;0;1;0;0;0;0;0;;;2;0;0;0;0
05/05/2018;12:16:00;193;Acidente com vítima;261;BR-101/ES;Sul;Colisão Frontal;2;0;0;0;0;0;0;0;;;0;0;2;1;0
05/05/2018;12:44:00;203;Acidente sem vítima;277;BR-101/ES;Sul;Saída de Pista;1;0;0;0;0;0;0;0;;;2;0;0;0;0
05/05/2018;15:28:00;251;Acidente com vítima;66;BR-101/ES;Sul;Colisão Transversal;0;1;1;0;0;0;0;0;;;4;0;1;0;0
05/05/2018;20:23:00;325;Acidente sem vítima;271;BR-101/ES;Norte;Colisão Traseira;0;0;0;1;1;0;0;0;;;3;0;0;0;0
06/05/2018;06:01:00;78;Acidente sem vítima;371;BR-101/ES;Sul;Saída de Pista;1;0;0;0;0;0;0;0;;;1;0;0;0;0
06/05/2018;11:45:00;183;Acidente com vítima;286;BR-101/ES;Sul;Colisão Lateral;1;0;0;1;0;0;0;0;;;0;0;2;0;0
06/05/2018;19:18:00;333;Acidente sem vítima;98,5;BR-101/ES;Norte;Saída de Pista;2;0;0;0;0;0;0;0;;;2;0;0;0;0
07/05/2018;05:08:00;66;Acidente sem vítima;92,3;BR-101/ES;Norte;Saída de Pista;0;0;1;0;0;0;0;0;;;1;0;0;0;0
07/05/2018;05:56:00;73;Atropelamento sem morte;295;BR-101/ES;Norte;Atropelamento e Fuga;1;0;0;0;0;0;0;0;;;0;0;1;0;0
07/05/2018;06:17:00;79;Acidente sem vítima;283;BR-101/ES;Norte;Choque com Objeto Fixo;1;0;0;0;0;0;0;0;;;1;0;0;0;0
07/05/2018;07:11:00;91;Acidente sem vítima;339;BR-101/ES;Sul;Choque;0;0;1;0;1;0;0;0;;;2;0;0;0;0
07/05/2018;07:31:00;98;Acidente com vítima;377;BR-101/ES;Sul;Colisão Transversal;1;0;0;1;0;0;0;0;;;1;1;0;0;0
07/05/2018;08:05:00;111;Acidente sem vítima;283;BR-101/ES;Norte;Choque com Objeto Fixo;1;0;0;0;0;0;0;0;;;3;0;0;0;0
07/05/2018;09:18:00;142;Atropelamento sem morte;147;BR-101/ES;Sul;Atropelamento;0;0;0;0;0;0;0;2;;;1;0;1;0;0
07/05/2018;13:14:00;253;Acidente com vítima;247;BR-101/ES;Norte;Colisão Traseira;0;0;1;1;0;0;0;0;;;1;1;0;0;0
07/05/2018;13:20:00;255;Acidente sem vítima;213;BR-101/ES;Norte;Colisão Traseira;2;0;0;0;0;0;0;0;;;6;0;0;0;0
07/05/2018;15:18:00;291;Acidente com vítima;266;BR-101/ES;Sul;Colisão Traseira;1;0;0;1;0;0;0;0;;;1;0;1;0;0
07/05/2018;17:14:00;327;Acidente com morte;372,7;BR-101/ES;Norte;Colisão Frontal;1;0;0;0;0;0;0;2;;;1;1;0;0;1
07/05/2018;17:34:00;331;Acidente com vítima;79;BR-101/ES;Sul;Queda de Moto;0;0;0;1;0;0;0;0;;;0;1;1;0;0
07/05/2018;17:57:00;344;Acidente sem vítima;12;BR-101/ES;Sul;Colisão Traseira;2;0;0;0;0;0;0;0;;;10;0;0;0;0
07/05/2018;18:34:00;352;Acidente sem vítima;279;BR-101/ES;Norte;Colisão Lateral;1;0;1;0;0;0;0;1;;;2;0;0;0;0
07/05/2018;21:26:00;383;Acidente com vítima;208;BR-101/ES;Norte;Colisão Traseira;0;0;0;0;0;0;0;5;;;1;1;0;0;0
07/05/2018;23:30:00;415;Acidente sem vítima;251;BR-101/ES;Norte;Saída de Pista;1;0;0;0;0;0;0;1;;;1;0;0;0;0
08/05/2018;06:00:00;71;Acidente sem vítima;321;BR-101/ES;Sul;Colisão Traseira;0;0;1;0;1;0;0;0;;;6;0;0;0;0
08/05/2018;08:22:00;106;Acidente com vítima;270;BR-101/ES;Norte;Queda de Moto;1;0;0;1;0;0;0;0;;;2;1;0;0;0
08/05/2018;12:49:00;205;Acidente com vítima;377;BR-101/ES;Norte;Colisão Transversal;1;1;0;0;0;0;0;0;;;1;1;0;0;0
08/05/2018;15:22:00;242;Acidente sem vítima;374;BR-101/ES;Norte;Colisão Traseira;1;0;1;0;0;0;0;0;;;3;0;0;0;0
08/05/2018;16:03:00;249;Acidente com vítima;209;BR-101/ES;Sul;Colisão Traseira;1;0;0;1;0;0;0;0;;;3;0;1;0;0
08/05/2018;16:26:00;255;Acidente com vítima;268;BR-101/ES;Norte;Colisão Lateral;1;0;0;1;0;0;0;0;;;1;1;0;0;0
08/05/2018;20:54:00;313;Acidente sem vítima;408;BR-101/ES;Norte;Colisão Traseira;0;0;1;0;1;0;0;0;;;3;0;0;0;0
08/05/2018;22:47:00;340;Acidente com vítima;266;BR-101/ES;Norte;Colisão Transversal;1;0;0;0;1;0;0;0;;;1;0;2;0;0
09/05/2018;05:57:00;80;Acidente sem vítima;284,5;BR-101/ES;Norte;Saída de Pista;1;0;0;0;0;0;0;0;;;1;0;0;0;0
09/05/2018;06:13:00;81;Acidente sem vítima;338;BR-101/ES;Norte;Saída de Pista;1;0;0;0;0;0;0;0;;;1;0;0;0;0
09/05/2018;06:17:00;82;Acidente sem vítima;268;BR-101/ES;Norte;Colisão Traseira;1;0;0;0;1;0;0;0;;;3;0;0;0;0
09/05/2018;07:00:00;87;Acidente sem vítima;435;BR-101/ES;Sul;Saída de Pista;1;0;0;0;0;0;0;0;;;1;0;0;0;0
09/05/2018;07:48:00;99;Acidente sem vítima;261;BR-101/ES;Norte;Queda de Moto;0;0;0;1;0;0;0;0;;;1;0;0;0;0
09/05/2018;09:09:00;123;Acidente sem vítima;282;BR-101/ES;Norte;Saída de Pista;1;0;0;0;0;0;0;0;;;1;0;0;0;0
09/05/2018;11:44:00;182;Acidente com vítima;342;BR-101/ES;Sul;Saída de Pista;1;0;0;0;0;0;0;0;;;0;2;0;0;0
09/05/2018;11:57:00;188;Atropelamento sem morte;125;BR-101/ES;Norte;Atropelamento e Fuga;1;0;0;0;0;0;0;0;;;1;0;1;0;0
09/05/2018;12:18:00;194;Acidente sem vítima;142;BR-101/ES;Sul;Colisão Traseira;2;0;0;0;0;0;0;0;;;2;0;0;0;0