data;horario;n_da_ocorrencia;tipo_de_ocorrencia;km;trecho;sentido;tipo_de_acidente;automovel;bicicleta;caminhao;moto;onibus;outros;tracao_animal;transporte_de_cargas_especiais;trator_maquinas;utilitarios;ilesos;levemente_feridos;moderadamente_feridos;gravemente_feridos;mortos
08/07/2018;12:12:00;167;Acidente com vítima;162;BR-101/ES;Norte;Colisão Transversal;0;0;0;1;0;0;0;0;;;0;0;2;0;0
08/07/2018;12:27:00;173;Acidente sem vítima;265;BR-101/ES;Sul;Colisão Lateral;2;0;0;0;0;0;0;0;;;4;0;0;0;0
08/07/2018;13:01:00;186;Acidente sem vítima;295;BR-101/ES;Norte;Colisão Traseira;2;0;0;0;0;0;0;0;;;4;0;0;0;0
08/07/2018;13:23:00;190;Acidente com vítima;30;BR-101/ES;Norte;Queda de ciclista;0;1;0;0;0;0;0;0;;;0;0;1;0;0
08/07/2018;16:51:00;252;Acidente com vítima;296;BR-101/ES;Sul;Queda de Moto;0;0;0;1;0;0;0;0;;;0;2;0;0;0
08/07/2018;18:35:00;281;Acidente com vítima;298;BR-101/ES;Norte;Colisão Traseira;1;0;0;1;0;0;0;0;;;2;0;2;0;0
08/07/2018;20:00:00;301;Acidente sem vítima;242;BR-101/ES;Norte;Veículo em Chamas;0;0;0;0;0;0;0;2;;;1;0;0;0;0
09/07/2018;06:14:00;82;Acidente com vítima;266;BR-101/ES;Norte;Colisão Lateral;0;1;0;1;0;0;0;0;;;1;0;1;0;0
09/07/2018;07:19:00;96;Acidente com vítima;151;BR-101/ES;Norte;Queda de Moto;0;0;0;1;0;0;0;0;;;0;1;1;0;0
09/07/2018;08:05:00;112;Acidente sem vítima;269,6;BR-101/ES;Sul;Colisão Traseira;2;0;0;0;0;0;0;0;;;1;0;0;0;0
09/07/2018;09:29:00;146;Acidente sem vítima;242;BR-101/ES;Norte;Colisão Traseira;2;0;0;0;0;0;0;0;;;2;0;0;0;0
09/07/2018;09:55:00;157;Acidente com vítima;300,8;BR-101/ES;Sul;Queda de Moto;0;0;0;1;0;0;0;0;;;0;0;1;0;0
09/07/2018;11:51:00;215;Acidente sem vítima;302;BR-101/ES;Norte;Colisão Traseira;2;0;0;0;0;0;0;0;;;5;0;0;0;0
09/07/2018;14:23:00;286;Acidente com vítima;263;BR-101/ES;Sul;Engavetamento;3;0;0;0;0;0;0;0;;;5;0;1;0;0
09/07/2018;15:48:00;310;Acidente sem vítima;147;BR-101/ES;Sul;Colisão Transversal;1;0;1;0;0;0;0;0;;;2;0;0;0;0
09/07/2018;18:53:00;369;Atropelamento sem morte;143;BR-101/ES;Norte;Atropelamento;1;0;0;0;0;0;0;0;;;1;0;1;0;0
09/07/2018;23:23:00;433;Acidente sem vítima;213;BR-101/ES;Norte;Saída de Pista;1;0;0;0;0;0;0;0;;;1;0;0;0;0
10/07/2018;06:08:00;74;Acidente sem vítima;176;BR-101/ES;Norte;Danos Eventuais;0;0;1;0;0;0;0;0;;;1;0;0;0;0
10/07/2018;14:49:00;277;Acidente sem vítima;78;BR-101/ES;Sul;Colisão Traseira;1;0;1;0;0;0;0;0;;;7;0;0;0;0
10/07/2018;15:18:00;291;Acidente sem vítima;270;BR-101/ES;Norte;Colisão Traseira;2;0;0;0;0;0;0;0;;;1;0;0;0;0
10/07/2018;17:29:00;342;Acidente sem vítima;265;BR-101/ES;Norte;Engavetamento;3;0;0;0;0;0;0;0;;;3;0;0;0;0
10/07/2018;20:18:00;379;Acidente sem vítima;290;BR-101/ES;Sul;Colisão Lateral;2;0;0;0;0;0;0;0;;;2;0;0;0;0
11/07/2018;04:52:00;50;Acidente sem vítima;282;BR-101/ES;Sul;Queda de Moto;0;0;0;1;0;0;0;0;;;1;0;0;0;0
11/07/2018;07:03:00;81;Acidente sem vítima;266;BR-101/ES;Sul;Colisão Traseira;1;0;1;0;0;0;0;0;;;2;0;0;0;0
11/07/2018;07:13:00;83;Acidente com vítima;262;BR-101/ES;Sul;Colisão Transversal;2;0;0;0;0;0;0;0;;;2;0;1;0;0
11/07/2018;09:25:00;130;Acidente com vítima;145;BR-101/ES;Sul;Colisão Traseira;1;0;0;1;0;0;0;0;;;4;1;0;0;0
11/07/2018;09:47:00;138;Acidente sem vítima;422;BR-101/ES;Norte;Colisão Traseira;1;0;1;0;0;0;0;0;;;2;0;0;0;0
11/07/2018;12:01:00;182;Acidente sem vítima;266;BR-101/ES;Sul;Colisão Lateral;1;0;0;0;1;0;0;0;;;2;0;0;0;0
11/07/2018;17:54:00;294;Acidente com morte;181;BR-101/ES;Sul;Colisão Frontal;3;0;0;0;0;0;0;0;;;2;1;0;0;1
12/07/2018;05:08:00;55;Acidente sem vítima;360;BR-101/ES;Sul;Veículo em Chamas;0;0;1;0;0;0;0;0;;;3;0;0;0;0
12/07/2018;11:16:00;170;Acidente sem vítima;421;BR-101/ES;Sul;Colisão Transversal;1;0;0;0;1;0;0;0;;;2;0;0;0;0
12/07/2018;12:26:00;196;Acidente sem vítima;268;BR-101/ES;Norte;Colisão Lateral;1;0;1;0;0;0;0;0;;;2;0;0;0;0
12/07/2018;18:08:00;324;Acidente com vítima;62,3;BR-101/ES;Norte;Colisão Traseira;2;0;0;0;0;0;0;0;;;0;4;1;0;0
12/07/2018;21:24:00;355;Acidente sem vítima;293;BR-101/ES;Norte;Colisão Traseira;1;0;0;1;0;0;0;0;;;2;0;0;0;0
12/07/2018;23:12:00;381;Acidente com vítima;261;BR-101/ES;Sul;Colisão Traseira;0;0;0;1;0;0;0;0;;;0;0;2;0;0
13/07/2018;00:03:00;1;Acidente sem vítima;261;BR-101/ES;Sul;Colisão Lateral;1;0;0;0;0;0;0;2;;;2;0;0;0;0
13/07/2018;06:58:00;78;Acidente sem vítima;264,5;BR-101/ES;Sul;Engavetamento;5;0;0;0;0;0;0;0;;;5;0;0;0;0
13/07/2018;08:55:00;119;Acidente sem vítima;259;BR-101/ES;Sul;Colisão Traseira;2;0;0;0;0;0;0;0;;;2;0;0;0;0
13/07/2018;09:36:00;137;Acidente com vítima;149;BR-101/ES;Sul;Colisão Traseira;0;0;0;1;0;0;0;3;;;1;0;1;0;0
13/07/2018;16:31:00;312;Acidente sem vítima;279;BR-101/ES;Norte;Colisão Lateral;1;0;1;0;0;0;0;0;;;2;0;0;0;0
13/07/2018;17:02:00;330;Acidente sem vítima;90;BR-101/ES;Norte;Atropelamento Animal;1;0;0;0;0;0;0;0;;;1;0;0;0;0
13/07/2018;17:25:00;337;Acidente sem vítima;266,3;BR-101/ES;Sul;Engavetamento;3;0;0;0;0;0;0;0;;;5;0;0;0;0
13/07/2018;17:38:00;343;Acidente sem vítima;262;BR-101/ES;Sul;Engavetamento;2;0;1;0;0;0;0;0;;;3;0;0;0;0
13/07/2018;23:25:00;434;Acidente com vítima;187;BR-101/ES;Sul;Queda de Moto;0;0;0;1;0;0;0;0;;;0;0;1;0;0
14/07/2018;01:06:00;20;Acidente sem vítima;353;BR-101/ES;Norte;Atropelamento Animal;1;0;0;0;0;0;0;0;;;1;0;0;0;0
14/07/2018;01:28:00;23;Acidente com vítima;210;BR-101/ES;Sul;Colisão Frontal;1;0;0;1;0;0;0;0;;;2;0;1;0;0
14/07/2018;04:40:00;56;Acidente sem vítima;243;BR-101/ES;Sul;Saída de Pista;1;0;0;0;0;0;0;0;;;1;0;0;0;0
14/07/2018;05:22:00;68;Acidente com vítima;266;BR-101/ES;Norte;Colisão Transversal;1;0;0;1;0;0;0;0;;;0;1;0;0;0
14/07/2018;07:49:00;91;Acidente com vítima;143;BR-101/ES;Sul;Colisão Transversal;1;1;0;0;0;0;0;0;;;1;0;1;0;0
14/07/2018;09:52:00;135;Acidente sem vítima;141;BR-101/ES;Sul;Colisão Traseira;1;0;0;2;0;0;0;0;;;2;0;0;0;0
14/07/2018;11:38:00;196;Acidente sem vítima;295,5;BR-101/ES;Norte;Colisão Traseira;2;0;0;0;0;0;0;0;;;3;0;0;0;0
14/07/2018;11:57:00;202;Acidente sem vítima;38;BR-101/ES;Sul;Colisão Transversal;2;0;0;0;0;0;0;0;;;4;0;0;0;0
14/07/2018;12:22:00;212;Acidente com vítima;376;BR-101/ES;Sul;Colisão Frontal;1;0;0;1;0;0;0;0;;;1;0;1;0;0
14/07/2018;13:31:00;235;Acidente sem vítima;386;BR-101/ES;Sul;Colisão Traseira;1;0;1;0;0;0;0;0;;;7;0;0;0;0
14/07/2018;13:45:00;246;Acidente sem vítima;36,8;BR-101/ES;Norte;Colisão Traseira;0;0;2;0;1;0;0;0;;;2;0;0;0;0
14/07/2018;16:14:00;300;Acidente com vítima;266,3;BR-101/ES;Sul;Colisão Lateral;1;0;0;1;0;0;0;0;;;3;0;1;0;0
14/07/2018;18:03:00;344;Acidente sem vítima;176;BR-101/ES;Norte;Colisão Lateral;2;0;0;0;0;0;0;0;;;5;0;0;0;0
14/07/2018;20:52:00;386;Acidente com vítima;176;BR-101/ES;Sul;Colisão Traseira;1;0;0;1;0;0;0;0;;;1;1;0;0;0
15/07/2018;00:21:00;9;Acidente com vítima;93;BR-101/ES;Norte;Saída de Pista;1;0;0;0;0;0;0;0;;;0;3;0;0;0
15/07/2018;04:31:00;62;Acidente com vítima;144;BR-101/ES;Sul;Queda de Moto;0;0;0;1;0;0;0;0;;;0;0;1;0;0
15/07/2018;14:35:00;210;Acidente com vítima;264,5;BR-101/ES;Norte;Queda de ciclista;0;1;0;0;0;0;0;2;;;0;0;1;1;0
15/07/2018;14:42:00;213;Acidente com vítima;27;BR-101/ES;Sul;Colisão Lateral;2;0;0;0;0;0;0;0;;;1;0;2;0;0
15/07/2018;15:23:00;222;Acidente com vítima;231;BR-101/ES;Norte;Queda de Moto;2;0;0;1;0;0;0;0;;;5;1;0;0;0
15/07/2018;16:00:00;228;Acidente com vítima;231;BR-101/ES;Norte;Queda de Moto;0;0;0;1;0;0;0;0;;;1;1;0;0;0
15/07/2018;17:29:00;251;Acidente com vítima;310;BR-101/ES;Sul;Colisão Transversal;0;0;0;2;0;0;0;0;;;2;2;0;0;0
15/07/2018;18:50:00;274;Acidente sem vítima;264;BR-101/ES;Sul;Veículo em Chamas;1;0;0;0;0;0;0;0;;;1;0;0;0;0
16/07/2018;00:24:00;6;Acidente sem vítima;246;BR-101/ES;Norte;Choque com Objeto Fixo;1;0;0;0;0;0;0;0;;;2;0;0;0;0
16/07/2018;09:39:00;128;Acidente com vítima;262;BR-101/ES;Sul;Colisão Traseira;1;0;0;1;0;0;0;0;;;3;1;1;0;0
16/07/2018;14:25:00;224;Acidente com morte;162;BR-101/ES;Sul;Queda de Moto;0;0;0;1;0;0;0;0;;;1;0;0;0;1
16/07/2018;14:39:00;229;Acidente sem vítima;55;BR-101/ES;Sul;Colisão Traseira;2;0;0;0;0;0;0;0;;;6;0;0;0;0
16/07/2018;16:24:00;250;Acidente sem vítima;265;BR-101/ES;Norte;Danos Eventuais;0;0;0;0;0;0;0;3;;;1;0;0;0;0
16/07/2018;19:53:00;289;Acidente com vítima;387;BR-101/ES;Sul;Queda de Moto;0;0;0;1;0;0;0;0;;;0;0;1;0;0
16/07/2018;21:34:00;309;Acidente com vítima;396;BR-101/ES;Norte;Colisão Transversal;0;0;0;2;0;0;0;0;;;0;2;0;0;0
17/07/2018;07:30:00;83;Acidente sem vítima;264;BR-101/ES;Norte;Colisão Lateral;1;0;1;0;0;0;0;1;;;2;0;0;0;0
17/07/2018;10:04:00;139;Acidente sem vítima;254;BR-101/ES;Sul;Engavetamento;3;0;0;0;0;0;0;0;;;3;0;0;0;0
17/07/2018;11:39:00;190;Acidente com vítima;267;BR-101/ES;Norte;Colisão Traseira;0;0;2;0;0;0;0;0;;;2;1;0;0;0
17/07/2018;12:59:00;228;Acidente sem vítima;136;BR-101/ES;Norte;Colisão Transversal;2;0;0;0;0;0;0;0;;;2;0;0;0;0
17/07/2018;13:43:00;248;Acidente sem vítima;259;BR-101/ES;Sul;Colisão Traseira;2;0;0;0;0;0;0;0;;;2;0;0;0;0
17/07/2018;14:37:00;272;Acidente com vítima;70;BR-101/ES;Sul;Colisão Lateral;0;0;0;2;0;0;0;0;;;2;1;0;0;0
17/07/2018;17:56:00;343;Acidente com vítima;120;BR-101/ES;Sul;Queda de ciclista;0;1;0;0;0;0;0;0;;;0;1;0;0;0
17/07/2018;19:08:00;355;Acidente com vítima;163;BR-101/ES;Norte;Choque;1;0;0;0;0;0;0;0;;;0;1;0;0;0
17/07/2018;22:22:00;401;Acidente com vítima;288,31;BR-101/ES;Sul;Tombamento;0;0;0;0;0;0;0;2;;;0;1;0;0;0
17/07/2018;22:41:00;407;Acidente com morte;310;BR-101/ES;Sul;Choque com Objeto Fixo;0;0;1;0;0;0;0;0;;;0;0;0;0;1
18/07/2018;05:46:00;69;Acidente com vítima;298;BR-101/ES;Norte;Colisão Lateral;0;0;1;1;0;0;0;0;;;1;1;0;0;0
18/07/2018;06:13:00;78;Acidente com vítima;266;BR-101/ES;Norte;Colisão Transversal;2;0;0;0;0;0;0;0;;;1;1;0;0;0
18/07/2018;07:31:00;92;Acidente sem vítima;393;BR-101/ES;Norte;Queda de ciclista;0;1;0;0;0;0;0;0;;;2;0;0;0;0
18/07/2018;07:36:00;94;Acidente com vítima;266,3;BR-101/ES;Sul;Colisão Traseira;1;0;0;1;0;0;0;0;;;2;0;1;0;0
18/07/2018;07:47:00;98;Acidente sem vítima;125;BR-101/ES;Norte;Colisão Traseira;2;0;0;0;0;1;0;0;;;4;0;0;0;0
18/07/2018;07:57:00;103;Acidente com vítima;265;BR-101/ES;Sul;Queda de Moto;0;0;0;1;0;0;0;0;;;0;1;0;0;0
18/07/2018;07:59:00;105;Acidente com vítima;328;BR-101/ES;Norte;Queda de Moto;0;0;0;1;0;0;0;0;;;0;0;1;0;0
18/07/2018;14:54:00;257;Acidente com vítima;149;BR-101/ES;Norte;Colisão Transversal;0;1;1;0;0;0;0;1;;;1;0;1;0;0
18/07/2018;15:41:00;270;Acidente com vítima;261;BR-101/ES;Sul;Queda de Moto;0;0;0;1;0;0;0;0;;;0;1;1;0;0
18/07/2018;15:42:00;271;Acidente com vítima;286;BR-101/ES;Sul;Queda de Moto;0;0;0;1;0;0;0;0;;;0;0;1;0;0
18/07/2018;19:28:00;342;Acidente sem vítima;230;BR-101/ES;Sul;Choque;1;0;1;0;0;0;0;0;;;2;0;0;0;0
18/07/2018;19:52:00;347;Acidente sem vítima;266;BR-101/ES;Norte;Colisão Traseira;2;0;0;0;0;0;0;0;;;3;0;0;0;0
18/07/2018;23:01:00;389;Acidente com vítima;358;BR-101/ES;Sul;Colisão Lateral;1;0;1;0;0;0;0;0;;;1;1;2;0;0
19/07/2018;07:11:00;99;Acidente sem vítima;340;BR-101/ES;Norte;Colisão Traseira;0;0;1;0;1;0;0;0;;;21;0;0;0;0
19/07/2018;07:38:00;105;Acidente com vítima;266,5;BR-101/ES;Sul;Colisão Traseira;1;0;0;1;0;0;0;0;;;1;1;0;0;0
19/07/2018;10:05:00;157;Acidente sem vítima;203;BR-101/ES;Sul;Queda de Moto;0;0;0;1;0;0;0;0;;;1;0;0;0;0
19/07/2018;10:50:00;177;Acidente sem vítima;40;BR-101/ES;Sul;Saída de Pista;0;0;1;0;0;0;0;0;;;1;0;0;0;0
19/07/2018;11:45:00;200;Acidente com vítima;36;BR-101/ES;Norte;Capotamento;1;0;0;0;0;0;0;0;;;0;1;0;0;0
19/07/2018;14:43:00;271;Acidente com vítima;180;BR-101/ES;Sul;Colisão Transversal;1;0;0;1;0;0;0;0;;;1;0;1;0;0
19/07/2018;17:03:00;319;Acidente com vítima;212;BR-101/ES;Sul;Queda de Moto;0;0;0;1;0;0;0;0;;;0;1;0;0;0
20/07/2018;00:02:00;1;Acidente com vítima;269;BR-101/ES;Sul;Colisão Transversal;1;0;1;0;0;0;0;0;;;1;0;3;0;0
20/07/2018;04:33:00;74;Acidente com vítima;145;BR-101/ES;Norte;Colisão Transversal;2;0;0;0;0;0;0;0;;;1;1;0;0;0
20/07/2018;08:36:00;130;Acidente sem vítima;270;BR-101/ES;Sul;Colisão Traseira;1;0;0;1;0;0;0;0;;;3;0;0;0;0
20/07/2018;09:03:00;143;Acidente com vítima;150;BR-101/ES;Norte;Queda de Moto;0;0;0;1;0;0;0;0;;;0;2;0;0;0
20/07/2018;11:58:00;215;Acidente com vítima;166;BR-101/ES;Sul;Queda de Moto;0;0;0;1;0;0;0;0;;;0;1;0;0;0
20/07/2018;15:11:00;280;Acidente com vítima;270,5;BR-101/ES;Sul;Queda de Moto;0;0;0;1;0;0;0;0;;;0;0;1;0;0
20/07/2018;15:14:00;283;Acidente sem vítima;253;BR-101/ES;Sul;Colisão Traseira;2;0;0;0;0;0;0;0;;;4;0;0;0;0
20/07/2018;15:43:00;293;Acidente com vítima;142;BR-101/ES;Sul;Colisão Transversal;0;0;0;2;0;0;0;0;;;0;1;1;0;0
20/07/2018;16:59:00;311;Acidente sem vítima;256;BR-101/ES;Norte;Colisão Traseira;0;0;1;0;0;0;0;2;;;3;0;0;0;0
20/07/2018;17:55:00;330;Acidente com vítima;176;BR-101/ES;Sul;Colisão Transversal;0;0;0;2;0;0;0;0;;;1;1;1;0;0
20/07/2018;18:11:00;331;Acidente com vítima;247;BR-101/ES;Norte;Colisão Transversal;2;0;0;0;0;0;0;0;;;9;0;1;0;0
20/07/2018;19:18:00;350;Acidente com vítima;220,6;BR-101/ES;Sul;Queda de Moto;0;0;0;1;0;0;0;0;;;0;1;0;0;0
20/07/2018;20:15:00;367;Acidente com vítima;143;BR-101/ES;Sul;Queda de Moto;0;0;0;1;0;0;0;0;;;0;1;0;0;0
20/07/2018;21:30:00;384;Acidente com vítima;149;BR-101/ES;Norte;Colisão Lateral;2;0;0;0;0;0;0;0;;;3;1;1;0;0
20/07/2018;22:09:00;396;Acidente com vítima;241;BR-101/ES;Sul;Atropelamento Animal;0;0;0;1;0;0;0;0;;;0;1;0;0;0
21/07/2018;01:31:00;23;Acidente com vítima;16;BR-101/ES;Norte;Choque com Veículo Estacionado;1;0;0;0;0;0;0;3;;;2;0;1;0;0
21/07/2018;06:01:00;84;Acidente sem vítima;271;BR-101/ES;Norte;Choque com Objeto Fixo;1;0;0;0;0;0;0;0;;;1;0;0;0;0
21/07/2018;08:28:00;113;Acidente sem vítima;147;BR-101/ES;Norte;Colisão Traseira;2;0;0;0;0;0;0;0;;;7;0;0;0;0
21/07/2018;09:23:00;132;Acidente com vítima;269;BR-101/ES;Sul;Queda de Moto;0;0;0;1;0;0;0;0;;;0;2;0;0;0
21/07/2018;10:02:00;144;Acidente com vítima;205;BR-101/ES;Norte;Colisão Lateral;1;0;0;1;0;0;0;0;;;1;0;1;1;0
21/07/2018;11:45:00;183;Acidente sem vítima;203;BR-101/ES;Norte;Colisão Transversal;2;0;0;0;0;0;0;0;;;3;0;0;0;0
21/07/2018;11:46:00;184;Acidente com vítima;66;BR-101/ES;Sul;Colisão Lateral;1;0;0;1;0;0;0;0;;;0;2;0;0;0
21/07/2018;17:36:00;300;Acidente sem vítima;271;BR-101/ES;Norte;Colisão Lateral;2;0;0;0;0;0;0;0;;;3;0;0;0;0
21/07/2018;18:00:00;308;Acidente com vítima;23;BR-101/ES;Norte;Colisão Transversal;1;0;0;1;0;0;0;0;;;1;0;0;1;0
21/07/2018;18:27:00;317;Acidente com vítima;373;BR-101/ES;Sul;Colisão Transversal;2;0;0;0;0;0;0;0;;;6;0;1;0;0
21/07/2018;19:52:00;328;Acidente com vítima;33;BR-101/ES;Norte;Colisão Lateral;2;0;0;0;0;0;0;0;;;2;1;0;0;0
22/07/2018;05:45:00;69;Acidente com vítima;270,8;BR-101/ES;Sul;Choque com Objeto Fixo;1;0;0;0;0;0;0;0;;;0;2;4;0;0
22/07/2018;08:08:00;82;Acidente sem vítima;255;BR-101/ES;Norte;Engavetamento;3;0;0;0;0;0;0;0;;;12;0;0;0;0
22/07/2018;10:30:00;128;Acidente com vítima;953,3;BR-101/BA;Norte;Queda de Moto;0;0;0;1;0;0;0;0;;;0;1;1;0;0
22/07/2018;13:58:00;204;Acidente sem vítima;264;BR-101/ES;Norte;Colisão Transversal;1;0;0;0;0;0;0;2;;;2;0;0;0;0
22/07/2018;15:01:00;230;Acidente com vítima;42;BR-101/ES;Sul;Colisão Traseira;1;0;0;1;0;0;0;0;;;2;0;1;0;0
22/07/2018;16:50:00;273;Acidente sem vítima;119;BR-101/ES;Sul;Colisão Traseira;2;0;0;0;0;0;0;0;;;8;0;0;0;0
22/07/2018;17:40:00;294;Acidente com vítima;209;BR-101/ES;Sul;Colisão Traseira;2;0;0;0;0;0;0;0;;;6;0;1;0;0
22/07/2018;18:06:00;304;Acidente com vítima;32;BR-101/ES;Norte;Colisão Frontal;1;0;0;0;0;0;0;3;;;1;0;1;0;0
22/07/2018;23:27:00;403;Acidente sem vítima;33;BR-101/ES;Norte;Saída de Pista;1;0;0;0;0;0;0;0;;;4;0;0;0;0
22/07/2018;23:44:00;409;Atropelamento com morte;270;BR-101/ES;Sul;Atropelamento;1;0;0;0;0;0;0;0;;;1;0;0;0;1
23/07/2018;00:04:00;1;Acidente com vítima;147;BR-101/ES;Sul;Colisão Traseira;1;0;0;1;0;0;0;0;;;1;0;1;0;0
23/07/2018;05:30:00;73;Acidente com vítima;171;BR-101/ES;Sul;Queda de ciclista;0;1;0;0;0;0;0;0;;;0;0;1;0;0
23/07/2018;05:33:00;76;Acidente sem vítima;300;BR-101/ES;Norte;Veículo em Chamas;0;0;0;0;0;0;0;1;;;1;0;0;0;0
23/07/2018;08:53:00;129;Acidente sem vítima;270;BR-101/ES;Sul;Colisão Traseira;0;0;0;0;0;0;0;5;;;2;0;0;0;0
23/07/2018;11:01:00;174;Acidente sem vítima;218;BR-101/ES;Norte;Saída de Pista;1;0;0;0;0;0;0;0;;;4;0;0;0;0
23/07/2018;11:25:00;183;Acidente com vítima;285;BR-101/ES;Sul;Colisão Traseira;1;0;0;1;0;0;0;0;;;1;1;0;0;0
23/07/2018;13:41:00;236;Acidente com vítima;67;BR-101/ES;Sul;Colisão Lateral;2;0;0;0;0;0;0;0;;;1;0;1;0;0
23/07/2018;15:08:00;268;Acidente sem vítima;229;BR-101/ES;Norte;Engavetamento;3;0;0;0;0;0;0;0;;;3;0;0;0;0
23/07/2018;17:55:00;317;Atropelamento sem morte;270;BR-101/ES;Sul;Atropelamento;0;0;0;1;0;0;0;0;;;2;0;1;0;0
23/07/2018;18:45:00;326;Acidente com vítima;257;BR-101/ES;Sul;Colisão Lateral;2;0;0;0;0;0;0;0;;;3;1;0;0;0
23/07/2018;18:57:00;329;Acidente com vítima;298;BR-101/ES;Norte;Queda de ciclista;0;1;0;0;0;0;0;0;;;0;1;0;0;0
24/07/2018;06:27:00;75;Acidente com vítima;211,8;BR-101/ES;Norte;Colisão Lateral;1;0;1;0;0;0;0;0;;;2;1;0;0;0
24/07/2018;07:46:00;86;Acidente sem vítima;269;BR-101/ES;Sul;Colisão Lateral;2;0;0;0;0;0;0;0;;;2;0;0;0;0
24/07/2018;08:58:00;116;Acidente com morte;351;BR-101/ES;Norte;Capotamento;0;0;1;0;0;0;0;0;;;0;0;0;0;1
24/07/2018;09:00:00;117;Acidente com vítima;304;BR-101/ES;Sul;Queda de Moto;0;0;0;1;0;0;0;0;;;0;1;0;0;0
24/07/2018;10:11:00;140;Acidente com vítima;293,5;BR-101/ES;Norte;Colisão Transversal;3;0;0;0;0;0;0;0;;;3;1;0;0;0
24/07/2018;13:43:00;219;Acidente com vítima;293;BR-101/ES;Norte;Colisão Traseira;0;0;0;1;0;0;0;2;;;1;0;1;0;0
24/07/2018;14:46:00;239;Acidente com morte;442;BR-101/ES;Norte;Colisão Frontal;1;0;0;1;0;0;0;0;;;1;0;0;0;1
25/07/2018;05:30:00;76;Atropelamento sem morte;295;BR-101/ES;Sul;Atropelamento;1;0;0;0;0;0;0;0;;;1;0;0;1;0
25/07/2018;08:16:00;105;Acidente com vítima;259,5;BR-101/ES;Norte;Colisão Lateral;0;2;1;0;0;0;0;0;;;1;2;0;0;0
25/07/2018;09:46:00;136;Acidente sem vítima;313;BR-101/ES;Norte;Saída de Pista;0;0;0;0;0;0;0;1;;;2;0;0;0;0
25/07/2018;11:47:00;190;Acidente com vítima;262;BR-101/ES;Sul;Colisão Traseira;0;0;0;0;2;0;0;3;;;5;0;1;0;0
25/07/2018;16:30:00;284;Acidente com vítima;254;BR-101/ES;Sul;Colisão Traseira;0;0;1;1;0;0;0;0;;;1;1;1;0;0
25/07/2018;16:46:00;290;Acidente sem vítima;68;BR-101/ES;Norte;Colisão Traseira;1;0;0;0;0;0;0;1;;;1;0;0;0;0
25/07/2018;17:04:00;297;Acidente sem vítima;291;BR-101/ES;Sul;Colisão Lateral;1;0;1;1;0;0;0;2;;;4;0;0;0;0
25/07/2018;17:22:00;301;Acidente sem vítima;143;BR-101/ES;Sul;Colisão Traseira;2;0;0;0;0;0;0;0;;;2;0;0;0;0
26/07/2018;01:12:00;20;Acidente sem vítima;288;BR-101/ES;Sul;Atropelamento de Equino;0;0;1;0;0;0;0;0;;;1;0;0;0;0
26/07/2018;03:00:00;47;Acidente sem vítima;288;BR-101/ES;Sul;Atropelamento de Equino;0;0;0;0;0;0;0;2;;;1;0;0;0;0
26/07/2018;05:25:00;72;Acidente sem vítima;261;BR-101/ES;Norte;Choque com Objeto Fixo;1;0;0;0;0;0;0;0;;;1;0;0;0;0
26/07/2018;06:20:00;83;Acidente sem vítima;266;BR-101/ES;Sul;Colisão Traseira;1;0;0;0;0;0;0;2;;;2;0;0;0;0
26/07/2018;07:39:00;96;Acidente com morte;212;BR-101/ES;Norte;Colisão Frontal;2;0;0;0;0;0;0;0;;;0;1;3;1;2
26/07/2018;09:26:00;138;Acidente com vítima;214;BR-101/ES;Sul;Colisão Transversal;2;0;0;0;0;0;0;0;;;2;0;1;0;0
26/07/2018;10:49:00;174;Acidente sem vítima;420;BR-101/ES;Sul;Colisão Traseira;2;0;0;0;0;0;0;0;;;1;0;0;0;0
26/07/2018;12:36:00;225;Acidente sem vítima;377;BR-101/ES;Sul;Engavetamento;4;0;0;0;0;0;0;0;;;4;0;0;0;0
26/07/2018;14:51:00;275;Acidente com vítima;252;BR-101/ES;Norte;Colisão Traseira;2;0;0;0;0;0;0;0;;;5;0;2;0;0
26/07/2018;18:51:00;359;Atropelamento sem morte;202;BR-101/ES;Norte;Atropelamento;0;0;1;0;0;0;0;0;;;1;0;0;1;0
26/07/2018;19:21:00;369;Acidente sem vítima;146;BR-101/ES;Sul;Queda de Moto;0;0;1;1;0;0;0;0;;;3;0;0;0;0
26/07/2018;22:24:00;419;Atropelamento sem morte;262;BR-101/ES;Norte;Atropelamento;0;0;0;1;0;0;0;0;;;0;0;2;0;0
27/07/2018;05:55:00;76;Acidente sem vítima;285;BR-101/ES;Sul;Saída de Pista;1;0;0;0;0;0;0;0;;;1;0;0;0;0
27/07/2018;10:31:00;164;Acidente sem vítima;221;BR-101/ES;Norte;Engavetamento;3;0;1;0;0;0;0;0;;;12;0;0;0;0
27/07/2018;13:05:00;233;Acidente sem vítima;342;BR-101/ES;Norte;Colisão Traseira;2;0;0;0;0;0;0;0;;;2;0;0;0;0
27/07/2018;13:10:00;235;Acidente sem vítima;256;BR-101/ES;Norte;Colisão Traseira;3;0;0;0;0;0;0;0;;;4;0;0;0;0
27/07/2018;13:11:00;236;Acidente com vítima;336;BR-101/ES;Norte;Queda de Moto;0;0;0;1;0;0;0;0;;;0;0;1;0;0