data;horario;n_da_ocorrencia;tipo_de_ocorrencia;km;trecho;sentido;tipo_de_acidente;automovel;bicicleta;caminhao;moto;onibus;outros;tracao_animal;transporte_de_cargas_especiais;trator_maquinas;utilitarios;ilesos;levemente_feridos;moderadamente_feridos;gravemente_feridos;mortos
14/08/2018;17:17:00;347;Acidente sem vítima;297;BR-101/ES;Norte;Colisão Traseira;2;0;0;0;0;0;0;0;;;2;0;0;0;0
14/08/2018;18:13:00;363;Acidente com vítima;271;BR-101/ES;Norte;Colisão Traseira;1;0;0;1;0;0;0;0;;;3;2;0;0;0
14/08/2018;19:42:00;387;Acidente com vítima;258;BR-101/ES;Norte;Colisão Transversal;0;0;0;1;1;0;0;0;;;1;0;1;0;0
14/08/2018;19:47:00;388;Acidente sem vítima;241;BR-101/ES;Sul;Colisão Traseira;2;0;0;0;0;0;0;0;;;5;0;0;0;0
15/08/2018;04:54:00;58;Acidente sem vítima;232;BR-101/ES;Norte;Saída de Pista;1;0;0;0;0;0;0;0;;;1;0;0;0;0
15/08/2018;06:39:00;81;Atropelamento sem morte;293;BR-101/ES;Norte;Atropelamento e Fuga;0;0;0;1;0;0;0;0;;;1;0;2;0;0
15/08/2018;06:45:00;83;Acidente sem vítima;325;BR-101/ES;Sul;Colisão Lateral;1;0;1;0;0;0;0;0;;;16;0;0;0;0
15/08/2018;07:51:00;104;Acidente sem vítima;141,9;BR-101/ES;Sul;Colisão Traseira;1;0;1;0;0;0;0;0;;;2;0;0;0;0
15/08/2018;08:07:00;110;Acidente sem vítima;270;BR-101/ES;Norte;Colisão Lateral;1;0;0;1;0;0;0;0;;;2;0;0;0;0
15/08/2018;10:48:00;177;Acidente sem vítima;269;BR-101/ES;Norte;Colisão Lateral;1;0;0;0;0;0;0;1;;;1;0;0;0;0
15/08/2018;11:52:00;200;Acidente sem vítima;284;BR-101/ES;Sul;Colisão Traseira;1;0;1;0;0;0;0;0;;;3;0;0;0;0
15/08/2018;12:21:00;212;Acidente com vítima;212;BR-101/ES;Norte;Colisão Transversal;2;0;0;0;0;0;0;0;;;1;0;1;0;0
15/08/2018;14:06:00;259;Acidente com vítima;268;BR-101/ES;Sul;Queda de Moto;0;0;0;1;0;0;0;0;;;0;1;0;0;0
15/08/2018;15:28:00;297;Acidente com vítima;269;BR-101/ES;Norte;Colisão Traseira;1;0;0;1;0;0;0;0;;;2;1;1;0;0
15/08/2018;16:46:00;323;Acidente sem vítima;262;BR-101/ES;Sul;Colisão Traseira;2;0;0;0;0;0;0;0;;;2;0;0;0;0
15/08/2018;17:25:00;337;Acidente com vítima;268;BR-101/ES;Norte;Queda de Moto;0;0;0;1;0;0;0;0;;;0;1;0;0;0
15/08/2018;18:24:00;356;Acidente sem vítima;219;BR-101/ES;Norte;Atropelamento Animal;1;0;0;0;0;0;0;0;;;1;0;0;0;0
15/08/2018;21:57:00;402;Acidente sem vítima;265;BR-101/ES;Norte;Queda de Moto;0;0;0;1;0;0;0;0;;;1;0;0;0;0
16/08/2018;03:53:00;52;Acidente com vítima;444;BR-101/ES;Norte;Tombamento;0;0;0;0;0;0;0;2;;;0;0;1;0;0
16/08/2018;07:10:00;83;Acidente sem vítima;309,4;BR-101/ES;Sul;Colisão Lateral;0;0;1;0;0;0;0;2;;;3;0;0;0;0
16/08/2018;07:37:00;93;Acidente sem vítima;281;BR-101/ES;Norte;Colisão Traseira;0;0;1;1;0;0;0;0;;;2;0;0;0;0
16/08/2018;17:22:00;324;Acidente com vítima;270;BR-101/ES;Sul;Colisão Lateral;2;0;0;1;0;0;0;0;;;2;0;1;0;0
16/08/2018;17:41:00;332;Acidente com vítima;266;BR-101/ES;Norte;Engavetamento;3;0;0;0;0;0;0;0;;;2;2;0;0;0
16/08/2018;22:14:00;390;Acidente com vítima;269;BR-101/ES;Norte;Colisão Traseira;2;0;0;0;0;0;0;0;;;3;1;0;0;0
17/08/2018;05:32:00;66;Acidente com morte;4;BR-101/ES;Norte;Colisão Frontal;1;0;0;0;1;0;0;0;;;17;16;10;0;2
17/08/2018;08:23:00;112;Acidente sem vítima;16;BR-101/ES;Sul;Colisão Traseira;2;0;0;0;0;0;0;0;;;2;0;0;0;0
17/08/2018;08:49:00;120;Acidente com vítima;265,5;BR-101/ES;Sul;Colisão Lateral;1;0;0;1;0;0;0;0;;;1;1;0;0;0
17/08/2018;14:41:00;261;Acidente sem vítima;293,5;BR-101/ES;Sul;Colisão Traseira;2;0;0;0;0;0;0;0;;;4;0;0;0;0
17/08/2018;14:45:00;264;Acidente sem vítima;254;BR-101/ES;Sul;Engavetamento;1;0;0;0;0;0;0;3;;;3;0;0;0;0
17/08/2018;15:35:00;275;Acidente sem vítima;145;BR-101/ES;Norte;Colisão Transversal;0;0;1;0;0;0;0;4;;;2;0;0;0;0
17/08/2018;16:01:00;281;Acidente sem vítima;145;BR-101/ES;Sul;Engavetamento;2;0;0;0;0;0;0;2;;;5;0;0;0;0
17/08/2018;16:07:00;285;Acidente sem vítima;293;BR-101/ES;Sul;Colisão Traseira;2;0;0;0;0;0;0;0;;;4;0;0;0;0
17/08/2018;17:25:00;313;Acidente sem vítima;223;BR-101/ES;Norte;Saída de Pista;1;0;0;0;0;1;0;0;;;1;0;0;0;0
17/08/2018;17:29:00;316;Acidente com vítima;323;BR-101/ES;Sul;Colisão Frontal;1;0;1;0;0;0;0;0;;;1;0;0;2;0
17/08/2018;17:32:00;318;Acidente com vítima;179;BR-101/ES;Norte;Saída de Pista;1;0;0;0;0;0;0;0;;;0;1;0;0;0
17/08/2018;17:35:00;319;Acidente sem vítima;214;BR-101/ES;Sul;Colisão Traseira;2;0;0;0;0;0;0;0;;;5;0;0;0;0
17/08/2018;17:51:00;324;Acidente sem vítima;256;BR-101/ES;Sul;Colisão Traseira;2;0;0;0;0;0;0;0;;;2;0;0;0;0
17/08/2018;17:57:00;327;Acidente com vítima;80;BR-101/ES;Norte;Queda de Moto;0;0;0;1;0;0;0;0;;;0;1;0;0;0
17/08/2018;18:53:00;337;Acidente com vítima;231;BR-101/ES;Norte;Colisão Traseira;2;0;0;0;0;0;0;0;;;1;1;0;0;0
17/08/2018;19:25:00;344;Acidente com vítima;258;BR-101/ES;Norte;Engavetamento;2;0;0;0;1;0;0;0;;;4;0;1;0;0
17/08/2018;20:09:00;351;Acidente com vítima;296;BR-101/ES;Sul;Colisão Lateral;1;0;0;1;0;0;0;0;;;2;1;0;0;0
17/08/2018;20:24:00;352;Acidente com vítima;143;BR-101/ES;Norte;Colisão Traseira;2;0;0;0;0;0;0;0;;;1;2;0;0;0
17/08/2018;22:59:00;395;Acidente sem vítima;154;BR-101/ES;Norte;Colisão Lateral;1;0;1;0;0;0;0;1;;;4;0;0;0;0
17/08/2018;23:03:00;397;Acidente com vítima;269;BR-101/ES;Norte;Colisão Traseira;0;0;0;2;0;0;0;0;;;2;0;1;0;0
18/08/2018;06:21:00;74;Acidente sem vítima;270;BR-101/ES;Norte;Saída de Pista;1;0;0;0;0;0;0;0;;;2;0;0;0;0
18/08/2018;06:36:00;76;Acidente com vítima;325;BR-101/ES;Sul;Choque com Objeto Fixo;0;0;0;1;0;0;0;0;;;0;2;0;0;0
18/08/2018;09:32:00;133;Atropelamento com morte;213;BR-101/ES;Norte;Atropelamento;0;0;0;0;0;0;0;2;;;1;0;0;0;1
18/08/2018;12:49:00;217;Acidente sem vítima;269;BR-101/ES;Sul;Engavetamento;3;0;0;0;0;0;0;0;;;3;0;0;0;0
18/08/2018;15:05:00;268;Acidente sem vítima;261;BR-101/ES;Sul;Choque com Objeto Fixo;2;0;0;0;0;0;0;0;;;3;0;0;0;0
18/08/2018;16:30:00;298;Acidente sem vítima;264;BR-101/ES;Norte;Colisão Lateral;1;0;1;0;0;0;0;0;;;2;0;0;0;0
18/08/2018;17:11:00;312;Acidente com morte;223;BR-101/ES;Norte;Colisão Transversal;2;0;0;0;0;0;0;0;;;3;2;1;0;1
18/08/2018;17:35:00;317;Acidente sem vítima;85;BR-101/ES;Norte;Colisão Traseira;1;0;0;1;0;0;0;0;;;2;0;0;0;0
19/08/2018;12:37:00;181;Acidente sem vítima;388;BR-101/ES;Norte;Tombamento;0;0;0;0;0;0;0;2;;;1;0;0;0;0
19/08/2018;14:10:00;214;Acidente com vítima;67;BR-101/ES;Norte;Colisão Transversal;1;0;0;1;0;0;0;0;;;4;0;1;0;0
19/08/2018;14:12:00;216;Acidente com vítima;426;BR-101/ES;Sul;Colisão Frontal;2;0;0;0;0;0;0;0;;;5;0;2;0;0
19/08/2018;17:05:00;261;Acidente sem vítima;255;BR-101/ES;Norte;Colisão Traseira;2;0;0;0;0;0;0;0;;;1;0;0;0;0
19/08/2018;17:51:00;273;Acidente com vítima;293;BR-101/ES;Norte;Colisão Traseira;3;0;0;0;0;0;0;0;;;5;1;1;0;0
19/08/2018;17:54:00;274;Atropelamento sem morte;66;BR-101/ES;Norte;Atropelamento;0;0;0;1;0;0;0;0;;;0;2;0;0;0
19/08/2018;19:29:00;299;Acidente com vítima;127;BR-101/ES;Sul;Queda de Moto;0;0;0;1;0;0;0;0;;;0;2;0;0;0
19/08/2018;20:00:00;307;Acidente com vítima;142;BR-101/ES;Sul;Queda de Moto;0;0;0;1;0;0;0;0;;;0;1;0;0;0
19/08/2018;23:17:00;339;Acidente sem vítima;272;BR-101/ES;Norte;Colisão Lateral;2;0;0;0;0;0;0;0;;;5;0;0;0;0
19/08/2018;23:39:00;345;Acidente sem vítima;265;BR-101/ES;Norte;Colisão Transversal;2;0;0;0;0;0;0;0;;;3;0;0;0;0
20/08/2018;09:10:00;146;Acidente com vítima;298;BR-101/ES;Norte;Colisão Transversal;1;0;0;1;0;0;0;0;;;1;1;0;0;0
20/08/2018;10:14:00;168;Acidente sem vítima;281;BR-101/ES;Norte;Colisão Traseira;0;0;2;0;0;0;0;0;;;2;0;0;0;0
20/08/2018;13:16:00;254;Acidente com vítima;251;BR-101/ES;Sul;Queda de Moto;0;0;0;1;0;0;0;0;;;0;0;1;0;0
20/08/2018;13:47:00;263;Acidente com vítima;136;BR-101/ES;Norte;Queda de Moto;0;0;0;1;0;0;0;0;;;1;1;0;0;0
20/08/2018;16:39:00;331;Acidente com vítima;264;BR-101/ES;Norte;Colisão Traseira;1;0;0;1;0;0;0;0;;;2;0;1;0;0
20/08/2018;19:14:00;379;Acidente com vítima;68;BR-101/ES;Norte;Colisão Traseira;1;0;1;0;0;0;0;0;;;1;1;0;0;0
20/08/2018;23:23:00;443;Acidente sem vítima;301;BR-101/ES;Norte;Saída de Pista;1;0;0;0;0;0;0;0;;;2;0;0;0;0
21/08/2018;03:22:00;41;Acidente sem vítima;218;BR-101/ES;Sul;Saída de Pista;1;0;0;0;0;0;0;0;;;4;0;0;0;0
21/08/2018;06:52:00;71;Acidente com vítima;321;BR-101/ES;Sul;Colisão Lateral;1;0;0;1;0;0;0;0;;;4;1;0;0;0
21/08/2018;09:11:00;125;Acidente sem vítima;68;BR-101/ES;Norte;Colisão Traseira;1;0;0;0;0;0;0;3;;;6;0;0;0;0
21/08/2018;09:46:00;144;Acidente sem vítima;263;BR-101/ES;Sul;Colisão Traseira;0;0;1;0;0;0;0;2;;;2;0;0;0;0
21/08/2018;12:38:00;222;Acidente sem vítima;214;BR-101/ES;Sul;Saída de Pista;1;0;0;0;0;0;0;0;;;1;0;0;0;0
21/08/2018;12:54:00;231;Acidente com vítima;369;BR-101/ES;Sul;Capotamento;1;0;0;0;0;0;0;0;;;0;1;0;0;0
21/08/2018;14:02:00;259;Acidente sem vítima;454;BR-101/ES;Sul;Veículo em Chamas;1;0;0;0;0;0;0;1;;;1;0;0;0;0
21/08/2018;17:41:00;335;Acidente sem vítima;266;BR-101/ES;Sul;Colisão Traseira;2;0;0;0;0;0;0;0;;;2;0;0;0;0
21/08/2018;19:15:00;348;Acidente sem vítima;377;BR-101/ES;Sul;Colisão Transversal;1;0;0;0;0;0;0;2;;;2;0;0;0;0
21/08/2018;19:20:00;350;Acidente com vítima;270;BR-101/ES;Sul;Colisão com ciclista;0;1;0;1;0;0;0;0;;;0;1;2;0;0
21/08/2018;22:19:00;382;Acidente sem vítima;259;BR-101/ES;Sul;Colisão Lateral;1;0;0;1;0;0;0;0;;;2;0;0;0;0
22/08/2018;01:04:00;19;Acidente sem vítima;216;BR-101/ES;Sul;Saída de Pista;0;0;1;0;0;0;0;0;;;1;0;0;0;0
22/08/2018;06:51:00;81;Acidente sem vítima;264;BR-101/ES;Sul;Colisão Lateral;1;0;0;1;0;0;0;0;;;2;0;0;0;0
22/08/2018;09:12:00;145;Acidente sem vítima;72;BR-101/ES;Sul;Saída de Pista;1;0;0;0;0;0;0;1;;;1;0;0;0;0
22/08/2018;09:54:00;160;Acidente sem vítima;254;BR-101/ES;Sul;Colisão Traseira;2;0;0;0;0;0;0;0;;;4;0;0;0;0
22/08/2018;18:33:00;363;Acidente com vítima;65;BR-101/ES;Sul;Colisão com ciclista;0;1;0;0;1;0;0;0;;;1;1;0;0;0
22/08/2018;20:20:00;384;Acidente sem vítima;78,3;BR-101/ES;Sul;Colisão Transversal;1;0;1;0;0;0;0;0;;;3;0;0;0;0
22/08/2018;22:59:00;429;Acidente com vítima;951,8;BR-101/BA;Norte;Atropelamento de Equino;1;0;0;0;0;0;0;0;;;0;2;0;0;0
23/08/2018;08:41:00;117;Acidente sem vítima;205;BR-101/ES;Norte;Colisão Traseira;2;0;0;0;0;0;0;0;;;2;0;0;0;0
23/08/2018;09:00:00;127;Acidente com vítima;148;BR-101/ES;Norte;Colisão Transversal;1;0;1;0;0;0;0;0;;;1;1;0;0;0
23/08/2018;13:53:00;267;Acidente sem vítima;257;BR-101/ES;Sul;Colisão Lateral;1;0;0;0;0;0;0;3;;;2;0;0;0;0
23/08/2018;14:11:00;277;Acidente com vítima;257;BR-101/ES;Sul;Colisão Traseira;2;0;0;0;0;0;0;0;;;1;1;0;0;0
23/08/2018;17:19:00;341;Acidente com vítima;292,5;BR-101/ES;Sul;Queda de Moto;0;0;0;1;1;0;0;0;;;2;0;1;0;0
23/08/2018;20:12:00;381;Acidente com vítima;262;BR-101/ES;Norte;Colisão Transversal;2;0;0;0;0;0;0;0;;;2;0;1;0;0
23/08/2018;21:54:00;400;Acidente com vítima;208;BR-101/ES;Norte;Queda de Moto;0;0;0;1;0;0;0;0;;;1;0;1;0;0
24/08/2018;02:00:00;37;Acidente sem vítima;223;BR-101/ES;Sul;Choque;0;0;0;0;1;0;0;2;;;28;0;0;0;0
24/08/2018;05:12:00;64;Acidente sem vítima;137;BR-101/ES;Sul;Saída de Pista;0;0;1;0;0;0;0;0;;;1;0;0;0;0
24/08/2018;07:15:00;89;Acidente com vítima;259;BR-101/ES;Sul;Queda de Moto;0;0;0;1;0;0;0;0;;;0;1;0;0;0
24/08/2018;07:50:00;102;Acidente sem vítima;271;BR-101/ES;Norte;Veículo em Chamas;1;0;0;0;0;0;0;0;;;1;0;0;0;0
24/08/2018;08:19:00;118;Acidente sem vítima;268;BR-101/ES;Sul;Colisão Transversal;1;0;0;1;0;0;0;0;;;2;0;0;0;0
24/08/2018;11:44:00;212;Acidente sem vítima;270;BR-101/ES;Sul;Colisão Traseira;1;0;0;0;0;0;0;2;;;2;0;0;0;0
24/08/2018;16:30:00;339;Acidente com vítima;336,8;BR-101/ES;Norte;Queda de Moto;0;0;0;1;0;0;0;0;;;0;1;0;0;0
24/08/2018;18:11:00;372;Acidente sem vítima;269;BR-101/ES;Sul;Engavetamento;3;0;0;0;1;0;0;0;;;4;0;0;0;0
24/08/2018;19:09:00;379;Acidente com vítima;295;BR-101/ES;Sul;Queda de Moto;0;0;0;1;0;0;0;0;;;0;0;1;0;0
24/08/2018;21:13:00;406;Acidente sem vítima;273;BR-101/ES;Norte;Colisão Lateral;2;0;0;0;0;0;0;0;;;2;0;0;0;0
25/08/2018;08:16:00;100;Acidente sem vítima;270,5;BR-101/ES;Sul;Engavetamento;3;0;0;0;0;0;0;0;;;4;0;0;0;0
25/08/2018;08:51:00;116;Acidente com vítima;307,6;BR-101/ES;Sul;Queda de ciclista;0;1;0;0;0;0;0;0;;;0;1;0;0;0
25/08/2018;09:43:00;145;Acidente com vítima;50,2;BR-101/ES;Sul;Colisão Frontal;1;0;1;0;0;0;0;0;;;1;0;2;0;0
25/08/2018;10:31:00;155;Acidente com vítima;148;BR-101/ES;Norte;Colisão Lateral;1;0;0;1;0;0;0;0;;;1;0;1;0;0
25/08/2018;11:26:00;175;Acidente com vítima;399;BR-101/ES;Norte;Queda de Moto;0;0;0;1;0;0;0;0;;;0;1;0;0;0
25/08/2018;11:31:00;176;Acidente com vítima;142;BR-101/ES;Norte;Colisão Transversal;2;0;0;0;0;0;0;0;;;3;0;1;0;0
25/08/2018;13:17:00;232;Acidente sem vítima;255;BR-101/ES;Sul;Colisão Traseira;0;0;0;0;0;0;0;4;;;2;0;0;0;0
25/08/2018;13:51:00;246;Acidente sem vítima;267;BR-101/ES;Norte;Colisão Lateral;1;0;1;0;0;0;0;0;;;2;0;0;0;0
25/08/2018;14:49:00;260;Acidente sem vítima;148,5;BR-101/ES;Sul;Colisão Transversal;2;0;0;0;0;0;0;0;;;2;0;0;0;0
25/08/2018;17:56:00;330;Acidente sem vítima;25;BR-101/ES;Sul;Colisão Lateral;1;0;0;1;0;0;0;0;;;5;0;0;0;0
25/08/2018;18:04:00;333;Acidente sem vítima;285;BR-101/ES;Norte;Saída de Pista;1;0;0;0;0;0;0;0;;;2;0;0;0;0
25/08/2018;20:36:00;367;Acidente com vítima;297;BR-101/ES;Norte;Engavetamento;4;0;0;0;0;0;0;0;;;8;1;0;0;0
26/08/2018;02:05:00;43;Acidente com vítima;129;BR-101/ES;Norte;Colisão Traseira;1;0;0;0;0;0;0;0;;;0;3;0;0;0
26/08/2018;04:38:00;65;Acidente sem vítima;133;BR-101/ES;Sul;Saída de Pista;1;0;0;0;0;0;0;0;;;1;0;0;0;0
26/08/2018;06:29:00;81;Acidente com vítima;395;BR-101/ES;Sul;Queda de Moto;0;0;0;1;0;0;0;0;;;0;1;0;0;0
26/08/2018;11:55:00;178;Acidente com vítima;238;BR-101/ES;Sul;Colisão Frontal;2;0;0;0;0;0;0;0;;;2;2;1;0;0
26/08/2018;12:29:00;190;Acidente sem vítima;201;BR-101/ES;Sul;Veículo em Chamas;0;0;0;0;0;0;0;1;;;1;0;0;0;0
26/08/2018;15:16:00;250;Acidente sem vítima;171;BR-101/ES;Sul;Colisão Traseira;2;0;0;0;0;0;0;0;;;5;0;0;0;0
26/08/2018;18:19:00;317;Acidente com vítima;255;BR-101/ES;Norte;Colisão Traseira;1;0;0;1;0;0;0;0;;;2;1;0;0;0
26/08/2018;18:38:00;322;Acidente sem vítima;207;BR-101/ES;Norte;Choque com Objeto Fixo;1;0;0;0;0;0;0;0;;;3;0;0;0;0
26/08/2018;19:39:00;332;Acidente com vítima;30,8;BR-101/ES;Norte;Colisão Traseira;2;0;0;0;0;0;0;0;;;3;1;0;0;0
26/08/2018;20:02:00;333;Acidente com vítima;32,6;BR-101/ES;Sul;Colisão Traseira;2;0;0;0;0;0;0;0;;;1;0;1;0;0
26/08/2018;20:19:00;341;Acidente sem vítima;147;BR-101/ES;Norte;Queda de Moto;0;0;0;1;0;0;0;0;;;1;0;0;0;0
26/08/2018;20:32:00;346;Acidente sem vítima;298;BR-101/ES;Norte;Colisão Traseira;0;0;0;0;0;0;0;4;;;2;0;0;0;0
27/08/2018;00:03:00;1;Acidente com vítima;267;BR-101/ES;Sul;Queda de Moto;0;0;0;1;0;0;0;0;;;0;0;1;0;0
27/08/2018;00:04:00;2;Acidente sem vítima;265;BR-101/ES;Sul;Choque com Objeto Fixo;1;0;0;0;0;0;0;0;;;2;0;0;0;0
27/08/2018;01:08:00;18;Acidente com vítima;270;BR-101/ES;Norte;Queda de Moto;0;0;0;1;0;0;0;0;;;0;1;0;1;0
27/08/2018;06:36:00;71;Acidente com vítima;310;BR-101/ES;Sul;Choque com Objeto Fixo;1;0;0;0;0;0;0;0;;;0;1;0;0;0
27/08/2018;07:06:00;77;Acidente sem vítima;152;BR-101/ES;Norte;Saída de Pista;1;0;0;0;0;0;0;0;;;1;0;0;0;0
27/08/2018;07:10:00;82;Acidente com vítima;265;BR-101/ES;Norte;Colisão Traseira;0;0;1;1;0;0;0;0;;;1;0;1;0;0
27/08/2018;08:02:00;95;Acidente sem vítima;270;BR-101/ES;Norte;Colisão Lateral;1;0;1;0;0;0;0;1;;;2;0;0;0;0
27/08/2018;08:03:00;97;Acidente com vítima;274;BR-101/ES;Sul;Atropelamento de Equino;1;0;0;0;0;1;0;0;;;7;3;1;0;0
27/08/2018;08:35:00;110;Acidente com vítima;448;BR-101/ES;Sul;Capotamento;1;0;0;0;0;0;0;0;;;0;1;0;0;0
27/08/2018;09:11:00;123;Acidente sem vítima;269;BR-101/ES;Norte;Engavetamento;3;0;0;0;0;0;0;0;;;4;0;0;0;0
27/08/2018;10:00:00;141;Acidente sem vítima;255;BR-101/ES;Norte;Colisão Traseira;2;0;0;0;0;0;0;0;;;2;0;0;0;0
27/08/2018;10:17:00;143;Acidente sem vítima;110,1;BR-101/ES;Sul;Colisão Traseira;2;0;0;0;0;0;0;0;;;2;0;0;0;0
27/08/2018;11:28:00;168;Acidente sem vítima;156;BR-101/ES;Sul;Colisão Traseira;0;0;1;0;1;0;0;0;;;3;0;0;0;0
27/08/2018;11:54:00;183;Acidente com vítima;235;BR-101/ES;Norte;Queda de Moto;0;0;0;1;0;0;0;0;;;0;1;0;0;0
27/08/2018;12:52:00;212;Acidente com vítima;174;BR-101/ES;Sul;Colisão Traseira;1;0;0;1;0;0;0;0;;;2;2;0;0;0
27/08/2018;14:58:00;252;Acidente com vítima;269;BR-101/ES;Sul;Queda de Moto;0;0;0;1;0;1;0;0;;;0;0;1;0;0
27/08/2018;15:37:00;267;Acidente com vítima;270;BR-101/ES;Norte;Choque com Objeto Fixo;0;0;1;0;0;0;0;0;;;0;0;1;0;0
27/08/2018;17:00:00;299;Acidente sem vítima;295;BR-101/ES;Norte;Choque com Objeto Fixo;2;0;0;0;0;0;0;2;;;3;0;0;0;0
27/08/2018;18:07:00;320;Acidente sem vítima;312;BR-101/ES;Norte;Saída de Pista;0;0;1;0;0;0;0;0;;;1;0;0;0;0
27/08/2018;18:19:00;322;Acidente sem vítima;144;BR-101/ES;Norte;Colisão com ciclista;0;1;0;1;0;0;0;0;;;3;0;0;0;0
27/08/2018;18:29:00;325;Acidente sem vítima;287;BR-101/ES;Norte;Colisão Traseira;1;0;1;0;0;0;0;0;;;2;0;0;0;0
27/08/2018;18:35:00;327;Acidente sem vítima;276;BR-101/ES;Sul;Colisão Lateral;1;0;0;1;0;0;0;0;;;2;0;0;0;0
27/08/2018;19:26:00;346;Acidente sem vítima;435;BR-101/ES;Sul;Tombamento;0;0;1;0;0;0;0;0;;;1;0;0;0;0
27/08/2018;21:21:00;377;Acidente com vítima;268;BR-101/ES;Norte;Queda de Moto;0;0;0;1;0;0;0;0;;;0;0;1;0;0
27/08/2018;22:17:00;391;Acidente sem vítima;171;BR-101/ES;Norte;Colisão Traseira;1;0;0;0;0;0;0;2;;;1;0;0;0;0
28/08/2018;05:39:00;69;Acidente com vítima;402;BR-101/ES;Norte;Queda de Moto;0;0;0;1;0;0;0;0;;;0;0;1;0;0
28/08/2018;08:20:00;111;Acidente sem vítima;199;BR-101/ES;Norte;Saída de Pista;1;0;0;0;0;0;0;0;;;2;0;0;0;0
28/08/2018;08:49:00;121;Acidente sem vítima;269;BR-101/ES;Norte;Colisão Traseira;2;0;0;0;0;0;0;0;;;2;0;0;0;0
28/08/2018;08:58:00;129;Atropelamento sem morte;269;BR-101/ES;Sul;Atropelamento;0;0;0;1;0;0;0;0;;;0;2;0;0;0
28/08/2018;09:25:00;141;Acidente sem vítima;310;BR-101/ES;Norte;Choque;0;0;0;0;0;0;0;2;;;1;0;0;0;0
28/08/2018;10:01:00;157;Acidente sem vítima;270;BR-101/ES;Sul;Engavetamento;2;0;1;0;0;0;0;0;;;4;0;0;0;0
28/08/2018;11:06:00;196;Acidente com vítima;164;BR-101/ES;Sul;Colisão Transversal;1;0;1;0;0;0;0;0;;;1;0;3;0;0
28/08/2018;12:06:00;221;Acidente sem vítima;387;BR-101/ES;Norte;Tombamento;0;0;1;0;0;0;0;0;;;1;0;0;0;0
28/08/2018;13:19:00;243;Acidente com vítima;135;BR-101/ES;Sul;Colisão Transversal;1;0;0;0;0;0;0;3;;;1;0;2;0;0
28/08/2018;13:29:00;245;Acidente sem vítima;148;BR-101/ES;Norte;Colisão Transversal;1;0;1;0;0;0;0;0;;;2;0;0;0;0
28/08/2018;15:25:00;283;Atropelamento sem morte;142;BR-101/ES;Sul;Atropelamento;1;0;0;0;0;0;0;0;;;2;0;0;0;0
28/08/2018;17:35:00;330;Atropelamento sem morte;186;BR-101/ES;Norte;Atropelamento;1;0;0;0;0;0;0;0;;;1;0;1;0;0
28/08/2018;18:13:00;344;Acidente com vítima;147;BR-101/ES;Norte;Colisão com ciclista;0;1;0;1;0;0;0;0;;;0;1;1;0;0
28/08/2018;20:33:00;378;Acidente sem vítima;271;BR-101/ES;Sul;Queda de Moto;0;0;0;1;0;0;0;0;;;1;0;0;0;0
29/08/2018;10:06:00;162;Acidente sem vítima;115,5;BR-101/ES;Norte;Colisão Traseira;2;0;0;0;0;0;0;0;;;3;0;0;0;0
29/08/2018;11:12:00;197;Acidente com vítima;51;BR-101/ES;Sul;Queda de Moto;0;0;0;1;0;0;0;0;;;0;0;1;0;0
29/08/2018;15:46:00;311;Acidente com vítima;338;BR-101/ES;Sul;Colisão Traseira;2;0;0;0;0;0;0;0;;;3;1;0;0;0
29/08/2018;17:00:00;333;Acidente com vítima;125;BR-101/ES;Norte;Colisão com ciclista;1;1;0;0;0;0;0;0;;;1;0;1;0;0
29/08/2018;18:10:00;358;Acidente sem vítima;266;BR-101/ES;Norte;Colisão Traseira;2;0;0;0;0;0;0;0;;;5;0;0;0;0
29/08/2018;19:20:00;368;Atropelamento sem morte;265;BR-101/ES;Norte;Atropelamento;0;0;0;1;0;0;0;0;;;1;0;1;1;0
29/08/2018;19:31:00;370;Acidente sem vítima;242;BR-101/ES;Sul;Colisão Traseira;0;0;1;0;0;0;0;1;;;2;0;0;0;0
30/08/2018;00:46:00;16;Acidente sem vítima;284;BR-101/ES;Norte;Saída de Pista;1;0;0;0;0;0;0;0;;;1;0;0;0;0
30/08/2018;05:37:00;64;Acidente com vítima;100;BR-101/ES;Norte;Colisão Lateral;0;0;1;0;0;0;0;2;;;2;1;0;0;0
30/08/2018;06:38:00;69;Acidente sem vítima;270;BR-101/ES;Norte;Colisão Lateral;1;0;0;0;0;0;0;2;;;2;0;0;0;0
30/08/2018;06:54:00;72;Acidente sem vítima;271;BR-101/ES;Norte;Colisão Transversal;1;0;0;1;0;0;0;0;;;3;0;0;0;0
30/08/2018;07:10:00;78;Acidente com vítima;376;BR-101/ES;Sul;Colisão Transversal;1;0;0;1;0;0;0;0;;;1;0;1;0;0
30/08/2018;09:42:00;123;Acidente sem vítima;269;BR-101/ES;Norte;Colisão Lateral;1;0;0;0;0;0;0;2;;;2;0;0;0;0
30/08/2018;11:56:00;181;Acidente com vítima;945;BR-101/BA;Sul;Queda de Moto;0;0;0;1;0;0;0;0;;;0;0;1;0;0
30/08/2018;12:52:00;197;Acidente com vítima;177;BR-101/ES;Norte;Colisão Lateral;2;0;0;0;0;0;0;0;;;1;0;1;0;0
30/08/2018;13:26:00;206;Acidente sem vítima;298;BR-101/ES;Norte;Colisão Traseira;2;0;0;0;0;0;0;0;;;3;0;0;0;0