data;horario;n_da_ocorrencia;tipo_de_ocorrencia;km;trecho;sentido;tipo_de_acidente;automovel;bicicleta;caminhao;moto;onibus;outros;tracao_animal;transporte_de_cargas_especiais;trator_maquinas;utilitarios;ilesos;levemente_feridos;moderadamente_feridos;gravemente_feridos;mortos
08/10/2018;07:27:00;99;Acidente com vítima;288;BR-101/ES;Sul;Saída de Pista;0;0;0;0;0;0;0;1;;;0;0;1;0;0
08/10/2018;08:04:00;129;Acidente com vítima;244;BR-101/ES;Norte;Colisão Transversal;1;0;1;0;0;0;0;0;;;1;1;0;0;0
08/10/2018;08:52:00;146;Acidente com vítima;270;BR-101/ES;Norte;Colisão Lateral;1;0;0;1;1;0;0;0;;;3;1;0;0;0
08/10/2018;09:50:00;177;Acidente com vítima;267;BR-101/ES;Sul;Colisão Lateral;1;0;0;1;0;0;0;0;;;1;0;1;0;0
08/10/2018;15:20:00;325;Acidente com vítima;145;BR-101/ES;Norte;Colisão Lateral;1;0;0;1;0;0;0;0;;;1;1;0;0;0
08/10/2018;15:22:00;326;Acidente sem vítima;275;BR-101/ES;Norte;Colisão Traseira;2;0;0;0;0;0;0;0;;;3;0;0;0;0
08/10/2018;17:35:00;371;Acidente com vítima;269;BR-101/ES;Norte;Colisão Traseira;1;0;0;1;0;0;0;0;;;1;0;1;0;0
09/10/2018;00:09:00;1;Acidente sem vítima;219;BR-101/ES;Norte;Colisão Lateral;0;0;2;0;0;0;0;1;;;2;0;0;0;0
09/10/2018;02:12:00;34;Acidente sem vítima;270;BR-101/ES;Norte;Choque com Objeto Fixo;1;0;0;0;0;0;0;0;;;1;0;0;0;0
09/10/2018;05:44:00;76;Acidente sem vítima;273;BR-101/ES;Norte;Choque com Objeto Fixo;1;0;0;0;0;0;0;0;;;1;0;0;0;0
09/10/2018;06:26:00;82;Acidente com vítima;267;BR-101/ES;Sul;Colisão Transversal;0;0;1;1;0;0;0;0;;;1;0;0;1;0
09/10/2018;06:47:00;85;Acidente com vítima;290;BR-101/ES;Sul;Colisão Traseira;1;0;0;1;0;0;0;0;;;1;1;0;0;0
09/10/2018;07:49:00;103;Acidente com vítima;267;BR-101/ES;Sul;Colisão Lateral;1;0;0;0;0;0;0;2;;;2;1;0;0;0
09/10/2018;11:51:00;198;Acidente sem vítima;219;BR-101/ES;Sul;Saída de Pista;1;0;0;0;0;0;0;0;;;1;0;0;0;0
09/10/2018;11:53:00;199;Acidente sem vítima;266;BR-101/ES;Sul;Colisão Traseira;2;0;0;0;0;0;0;0;;;2;0;0;0;0
09/10/2018;14:23:00;261;Acidente sem vítima;144;BR-101/ES;Norte;Colisão Traseira;1;0;1;0;0;0;0;0;;;2;0;0;0;0
10/10/2018;06:45:00;71;Acidente com vítima;266;BR-101/ES;Sul;Colisão com ciclista;0;2;0;0;0;0;0;0;;;1;0;1;0;0
10/10/2018;08:57:00;115;Acidente com vítima;304;BR-101/ES;Sul;Queda de Moto;0;0;0;1;0;0;0;0;;;0;1;0;0;0
10/10/2018;10:32:00;157;Acidente sem vítima;285;BR-101/ES;Sul;Colisão Traseira;1;0;0;0;0;0;0;2;;;2;0;0;0;0
10/10/2018;11:54:00;190;Acidente com vítima;62;BR-101/ES;Norte;Colisão com ciclista;1;1;0;0;0;0;0;0;;;1;0;0;1;0
10/10/2018;15:57:00;304;Acidente com morte;225;BR-101/ES;Sul;Saída de Pista;0;0;0;0;0;0;0;2;;;0;0;0;0;1
10/10/2018;18:59:00;366;Acidente com vítima;267;BR-101/ES;Sul;Colisão Transversal;1;0;0;1;0;0;0;0;;;2;1;0;0;0
10/10/2018;19:21:00;373;Acidente com vítima;265;BR-101/ES;Norte;Colisão com ciclista;1;1;0;0;0;0;0;0;;;2;1;0;0;0
10/10/2018;19:34:00;376;Acidente sem vítima;340;BR-101/ES;Sul;Queda de Moto;0;0;0;1;0;0;0;0;;;1;0;0;0;0
10/10/2018;22:04:00;415;Acidente sem vítima;148;BR-101/ES;Sul;Colisão Transversal;2;0;0;0;0;0;0;0;;;4;0;0;0;0
11/10/2018;00:00:00;1;Acidente sem vítima;326,5;BR-101/ES;Norte;Saída de Pista;0;0;0;0;0;0;0;2;;;1;0;0;0;0
11/10/2018;05:06:00;77;Acidente com vítima;384;BR-101/ES;Norte;Saída de Pista;0;0;1;0;0;0;0;0;;;0;1;0;0;0
11/10/2018;06:00:00;89;Acidente com vítima;67;BR-101/ES;Sul;Colisão Traseira;1;0;0;0;1;0;0;1;;;3;1;0;0;0
11/10/2018;06:03:00;90;Acidente sem vítima;254;BR-101/ES;Norte;Engavetamento;2;0;1;0;0;0;0;1;;;3;0;0;0;0
11/10/2018;10:12:00;181;Acidente sem vítima;271;BR-101/ES;Sul;Colisão Traseira;1;0;1;0;0;0;0;0;;;2;0;0;0;0
11/10/2018;11:46:00;223;Acidente com vítima;282;BR-101/ES;Norte;Colisão Lateral;1;0;0;1;0;0;0;0;;;1;1;0;0;0
11/10/2018;13:57:00;280;Acidente com vítima;259;BR-101/ES;Norte;Queda de Moto;0;0;0;1;0;0;0;0;;;0;0;1;0;0
11/10/2018;13:58:00;281;Acidente sem vítima;202;BR-101/ES;Sul;Choque com Objeto Fixo;1;0;0;0;0;0;0;0;;;1;0;0;0;0
11/10/2018;14:18:00;289;Acidente sem vítima;407;BR-101/ES;Sul;Saída de Pista;0;0;0;0;0;0;0;2;;;1;0;0;0;0
11/10/2018;15:15:00;312;Acidente sem vítima;94;BR-101/ES;Norte;Colisão Transversal;1;0;0;1;0;0;0;0;;;2;0;0;0;0
11/10/2018;16:25:00;326;Acidente sem vítima;388;BR-101/ES;Sul;Tombamento;1;0;0;0;0;0;0;2;;;3;0;0;0;0
11/10/2018;16:27:00;331;Acidente com vítima;264;BR-101/ES;Sul;Colisão Transversal;0;0;0;1;0;0;0;2;;;1;0;1;0;0
11/10/2018;18:53:00;371;Acidente com vítima;67;BR-101/ES;Sul;Colisão Transversal;1;0;0;1;0;0;0;0;;;0;0;2;0;0
11/10/2018;21:13:00;417;Acidente sem vítima;212;BR-101/ES;Sul;Colisão Traseira;1;0;0;1;0;0;0;0;;;5;0;0;0;0
11/10/2018;21:17:00;421;Acidente sem vítima;242;BR-101/ES;Norte;Colisão Traseira;1;0;0;0;0;0;0;2;;;4;0;0;0;0
11/10/2018;22:10:00;433;Acidente sem vítima;393;BR-101/ES;Norte;Colisão Traseira;2;0;0;0;0;0;0;0;;;7;0;0;0;0
11/10/2018;23:23:00;461;Acidente sem vítima;270;BR-101/ES;Sul;Veículo em Chamas;1;0;0;0;0;0;0;0;;;1;0;0;0;0
12/10/2018;00:38:00;11;Acidente sem vítima;291;BR-101/ES;Sul;Colisão Traseira;2;0;0;0;0;0;0;0;;;2;0;0;0;0
12/10/2018;05:41:00;84;Acidente com vítima;145;BR-101/ES;Norte;Queda de Moto;0;0;0;1;0;0;0;0;;;0;0;1;0;0
12/10/2018;08:07:00;129;Acidente sem vítima;113;BR-101/ES;Norte;Colisão Traseira;2;0;0;0;0;0;0;0;;;6;0;0;0;0
12/10/2018;08:10:00;131;Acidente sem vítima;231;BR-101/ES;Norte;Colisão Traseira;2;0;0;0;0;0;0;0;;;9;0;0;0;0
12/10/2018;08:10:00;132;Acidente sem vítima;450;BR-101/ES;Norte;Saída de Pista;0;0;0;0;0;0;0;2;;;1;0;0;0;0
12/10/2018;09:10:00;158;Acidente com vítima;144;BR-101/ES;Norte;Engavetamento;2;0;1;0;0;0;0;0;;;5;3;0;0;0
12/10/2018;09:40:00;165;Acidente com vítima;224;BR-101/ES;Sul;Engavetamento;3;0;0;1;0;0;0;0;;;9;1;0;0;0
12/10/2018;10:08:00;177;Acidente sem vítima;223,5;BR-101/ES;Sul;Colisão Traseira;2;0;0;0;0;0;0;0;;;5;0;0;0;0
12/10/2018;10:38:00;191;Acidente sem vítima;377;BR-101/ES;Sul;Colisão Traseira;2;0;0;0;0;0;0;0;;;2;0;0;0;0
12/10/2018;12:14:00;234;Acidente com vítima;380;BR-101/ES;Sul;Colisão Transversal;1;0;0;1;0;0;0;0;;;2;2;0;0;0
12/10/2018;14:50:00;290;Acidente sem vítima;112;BR-101/ES;Norte;Saída de Pista;1;0;0;0;0;0;0;0;;;2;0;0;0;0
12/10/2018;15:27:00;303;Acidente sem vítima;266;BR-101/ES;Sul;Colisão Traseira;2;0;0;0;0;0;0;0;;;7;0;0;0;0
12/10/2018;15:39:00;305;Acidente sem vítima;133;BR-101/ES;Sul;Queda de Moto;0;0;0;1;0;0;0;0;;;2;0;0;0;0
12/10/2018;16:16:00;320;Acidente sem vítima;234;BR-101/ES;Norte;Capotamento;1;0;0;0;0;0;0;0;;;2;0;0;0;0
12/10/2018;17:13:00;343;Acidente com vítima;386;BR-101/ES;Norte;Saída de Pista;0;0;0;1;0;0;0;0;;;0;0;1;0;0
12/10/2018;17:48:00;350;Acidente com vítima;144;BR-101/ES;Norte;Colisão Traseira;1;0;0;1;0;0;0;0;;;3;1;0;0;0
12/10/2018;19:05:00;369;Atropelamento sem morte;308;BR-101/ES;Sul;Atropelamento;0;0;0;1;0;0;0;0;;;1;0;1;0;0
12/10/2018;22:10:00;407;Acidente com vítima;219;BR-101/ES;Sul;Queda de Moto;0;0;0;1;0;0;0;0;;;0;2;0;0;0
13/10/2018;02:28:00;36;Acidente com vítima;419;BR-101/ES;Norte;Colisão Lateral;1;0;1;0;0;0;0;0;;;2;1;0;0;0
13/10/2018;08:00:00;87;Acidente com vítima;220,3;BR-101/ES;Norte;Saída de Pista;1;0;0;0;0;0;0;1;;;7;0;1;0;0
13/10/2018;09:49:00;127;Acidente com vítima;54,1;BR-101/ES;Norte;Saída de Pista;1;0;0;0;0;0;0;0;;;1;0;1;0;0
13/10/2018;16:07:00;270;Acidente sem vítima;297;BR-101/ES;Sul;Colisão Traseira;2;0;0;0;0;0;0;0;;;4;0;0;0;0
13/10/2018;18:59:00;320;Acidente sem vítima;260;BR-101/ES;Sul;Choque;3;0;0;0;0;0;0;0;;;3;0;0;0;0
13/10/2018;21:41:00;349;Acidente sem vítima;28;BR-101/ES;Norte;Atropelamento de Bovino;0;0;1;0;0;0;0;1;;;2;0;0;0;0
14/10/2018;00:56:00;13;Acidente com vítima;173;BR-101/ES;Norte;Queda de ciclista;0;1;0;0;0;0;0;0;;;0;0;1;0;0
14/10/2018;02:06:00;30;Acidente sem vítima;379,5;BR-101/ES;Sul;Saída de Pista;0;0;0;0;0;0;0;2;;;1;0;0;0;0
14/10/2018;08:32:00;96;Acidente sem vítima;137;BR-101/ES;Sul;Engavetamento;3;0;0;1;0;0;0;0;;;12;0;0;0;0
14/10/2018;08:37:00;98;Acidente com vítima;100;BR-101/ES;Norte;Colisão Transversal;2;0;0;0;0;0;0;0;;;3;1;0;0;0
14/10/2018;11:47:00;180;Acidente sem vítima;287;BR-101/ES;Norte;Choque com Objeto Fixo;1;0;0;0;0;0;0;0;;;1;0;0;0;0
14/10/2018;13:05:00;209;Acidente sem vítima;180;BR-101/ES;Norte;Capotamento;1;0;0;0;0;0;0;0;;;3;0;0;0;0
14/10/2018;14:31:00;250;Acidente sem vítima;159;BR-101/ES;Sul;Colisão Traseira;1;0;0;0;0;0;0;0;;;1;0;0;0;0
14/10/2018;16:09:00;295;Acidente sem vítima;141;BR-101/ES;Norte;Colisão Traseira;1;0;0;1;0;0;0;0;;;4;0;0;0;0
14/10/2018;16:29:00;312;Acidente com vítima;450;BR-101/ES;Sul;Queda de Moto;0;0;0;1;0;0;0;0;;;0;1;0;0;0
14/10/2018;17:22:00;331;Acidente sem vítima;174;BR-101/ES;Sul;Colisão Lateral;1;0;0;1;0;0;0;0;;;2;0;0;0;0
14/10/2018;17:34:00;338;Acidente sem vítima;376;BR-101/ES;Sul;Engavetamento;3;0;0;0;0;0;0;0;;;11;0;0;0;0
14/10/2018;18:24:00;353;Acidente com vítima;285;BR-101/ES;Norte;Queda de Moto;0;0;0;1;0;0;0;0;;;0;0;1;0;0
14/10/2018;19:02:00;363;Acidente com morte;391;BR-101/ES;Sul;Colisão Lateral;2;0;1;0;0;0;0;2;;;7;0;1;0;1
14/10/2018;20:29:00;387;Acidente com vítima;126;BR-101/ES;Sul;Colisão Traseira;1;0;0;1;0;0;0;0;;;4;0;1;0;0
14/10/2018;23:04:00;421;Acidente com vítima;265;BR-101/ES;Norte;Colisão Traseira;3;0;0;0;0;0;0;0;;;3;0;1;0;0
15/10/2018;07:17:00;87;Acidente sem vítima;271;BR-101/ES;Norte;Colisão Traseira;1;0;0;0;1;0;0;0;;;3;0;0;0;0
15/10/2018;07:58:00;135;Acidente com vítima;262;BR-101/ES;Sul;Colisão Traseira;1;0;1;0;0;0;0;0;;;2;1;0;0;0
15/10/2018;16:07:00;314;Acidente sem vítima;266;BR-101/ES;Sul;Colisão Traseira;2;0;0;0;0;0;0;0;;;2;0;0;0;0
15/10/2018;18:05:00;362;Acidente com vítima;414;BR-101/ES;Sul;Colisão Lateral;0;0;1;1;0;0;0;0;;;1;0;0;1;0
15/10/2018;18:37:00;368;Acidente sem vítima;255;BR-101/ES;Sul;Colisão Traseira;1;0;1;0;0;0;0;0;;;2;0;0;0;0
15/10/2018;20:58:00;398;Acidente com vítima;144;BR-101/ES;Norte;Colisão com ciclista;0;1;0;1;0;0;0;0;;;0;2;0;0;0
16/10/2018;04:21:00;57;Acidente sem vítima;308;BR-101/ES;Norte;Tombamento;0;0;1;0;0;0;0;0;;;1;0;0;0;0
16/10/2018;11:56:00;230;Acidente sem vítima;263,7;BR-101/ES;Sul;Colisão Lateral;1;0;0;0;0;0;0;1;;;2;0;0;0;0
16/10/2018;11:56:00;231;Acidente com morte;447,7;BR-101/ES;Sul;Colisão Lateral;0;0;0;1;0;0;0;4;;;1;0;1;0;1
16/10/2018;13:15:00;263;Acidente sem vítima;291;BR-101/ES;Norte;Engavetamento;3;0;1;0;0;0;0;0;;;6;0;0;0;0
16/10/2018;14:39:00;289;Acidente com vítima;285,5;BR-101/ES;Sul;Queda de Moto;0;0;0;1;0;0;0;0;;;0;0;1;0;0
16/10/2018;17:21:00;334;Acidente com vítima;219;BR-101/ES;Sul;Queda de Moto;0;0;0;1;0;0;0;0;;;0;2;0;0;0
16/10/2018;17:53:00;341;Acidente com vítima;213;BR-101/ES;Sul;Colisão Transversal;2;0;0;0;0;0;0;0;;;4;1;0;0;0
16/10/2018;18:04:00;343;Acidente sem vítima;293;BR-101/ES;Sul;Colisão Traseira;1;0;0;0;1;0;0;0;;;3;0;0;0;0
16/10/2018;18:30:00;347;Acidente sem vítima;293;BR-101/ES;Norte;Colisão Traseira;4;0;0;0;0;0;0;0;;;6;0;0;0;0
16/10/2018;19:35:00;363;Atropelamento sem morte;229,5;BR-101/ES;Sul;Atropelamento;0;0;1;0;0;0;0;0;;;1;0;1;0;0
16/10/2018;20:58:00;374;Acidente sem vítima;285;BR-101/ES;Norte;Saída de Pista;1;0;0;0;0;0;0;0;;;2;0;0;0;0
16/10/2018;23:25:00;403;Acidente com vítima;269;BR-101/ES;Sul;Queda de Moto;0;0;0;1;0;0;0;0;;;0;1;1;0;0
17/10/2018;00:42:00;13;Acidente sem vítima;149;BR-101/ES;Norte;Colisão Transversal;1;0;0;0;0;0;0;2;;;2;0;0;0;0
17/10/2018;07:18:00;78;Acidente sem vítima;293;BR-101/ES;Sul;Veículo em Chamas;1;0;0;0;0;0;0;0;;;1;0;0;0;0
17/10/2018;07:35:00;82;Acidente sem vítima;128;BR-101/ES;Norte;Colisão Traseira;2;0;0;0;0;0;0;0;;;2;0;0;0;0
17/10/2018;07:53:00;85;Acidente com vítima;264;BR-101/ES;Sul;Queda de Moto;2;0;0;0;0;0;0;0;;;2;0;1;0;0
17/10/2018;08:08:00;89;Acidente sem vítima;71,8;BR-101/ES;Sul;Colisão Traseira;1;0;1;0;0;0;0;0;;;4;0;0;0;0
17/10/2018;08:49:00;101;Acidente sem vítima;269;BR-101/ES;Sul;Colisão Traseira;2;0;0;0;0;0;0;0;;;2;0;0;0;0
17/10/2018;10:06:00;130;Acidente sem vítima;234,5;BR-101/ES;Sul;Colisão Traseira;2;0;0;0;0;0;0;0;;;4;0;0;0;0
17/10/2018;11:22:00;164;Acidente sem vítima;256;BR-101/ES;Norte;Colisão Traseira;0;0;1;0;0;0;0;2;;;2;0;0;0;0
17/10/2018;12:45:00;204;Acidente sem vítima;269;BR-101/ES;Norte;Engavetamento;3;0;0;0;0;0;0;1;;;4;0;0;0;0
17/10/2018;13:45:00;228;Acidente com vítima;256;BR-101/ES;Norte;Queda de Moto;0;0;0;1;0;0;0;0;;;0;0;1;0;0
17/10/2018;15:32:00;255;Acidente com vítima;233;BR-101/ES;Sul;Queda de Moto;0;0;0;1;0;0;0;0;;;1;0;1;0;0
17/10/2018;18:34:00;314;Acidente sem vítima;269;BR-101/ES;Sul;Colisão Traseira;0;0;1;0;1;0;0;0;;;3;0;0;0;0
17/10/2018;22:00:00;354;Acidente sem vítima;293;BR-101/ES;Norte;Colisão Traseira;2;0;0;0;0;0;0;0;;;2;0;0;0;0
18/10/2018;09:17:00;123;Acidente sem vítima;304;BR-101/ES;Sul;Colisão Traseira;1;0;0;0;0;0;0;2;;;2;0;0;0;0
18/10/2018;12:15:00;201;Acidente sem vítima;294;BR-101/ES;Sul;Colisão Traseira;0;0;1;0;0;0;0;2;;;2;0;0;0;0
18/10/2018;16:41:00;313;Acidente sem vítima;147;BR-101/ES;Sul;Colisão Traseira;1;0;0;1;0;0;0;0;;;2;0;0;0;0
18/10/2018;22:59:00;416;Acidente com vítima;219;BR-101/ES;Sul;Colisão Frontal;0;0;2;0;0;0;0;0;;;0;3;0;0;0
19/10/2018;00:37:00;14;Acidente sem vítima;218;BR-101/ES;Norte;Saída de Pista;0;0;0;0;0;0;0;2;;;1;0;0;0;0
19/10/2018;10:17:00;181;Acidente com vítima;269;BR-101/ES;Sul;Engavetamento;3;0;0;0;0;0;0;0;;;3;1;0;0;0
19/10/2018;11:56:00;223;Acidente com vítima;66;BR-101/ES;Norte;Queda de Moto;1;0;0;0;0;0;0;0;;;0;1;0;0;0
19/10/2018;12:32:00;238;Acidente sem vítima;226;BR-101/ES;Norte;Saída de Pista;1;0;0;0;0;0;0;0;;;1;0;0;0;0
19/10/2018;14:16:00;290;Acidente sem vítima;206;BR-101/ES;Norte;Colisão Lateral;1;0;0;0;1;0;0;0;;;3;0;0;0;0
19/10/2018;16:21:00;331;Acidente com vítima;331;BR-101/ES;Norte;Colisão Lateral;0;0;0;1;0;0;0;3;;;1;0;1;0;0
19/10/2018;17:11:00;351;Acidente com vítima;262;BR-101/ES;Sul;Queda de Moto;0;0;0;1;0;0;0;0;;;0;1;0;0;0
19/10/2018;19:31:00;390;Acidente sem vítima;278,5;BR-101/ES;Sul;Saída de Pista;1;0;0;0;0;0;0;0;;;1;0;0;0;0
19/10/2018;20:22:00;396;Acidente sem vítima;377;BR-101/ES;Norte;Colisão Traseira;1;0;0;0;0;0;0;1;;;2;0;0;0;0
19/10/2018;21:40:00;412;Acidente com vítima;90;BR-101/ES;Norte;Colisão Traseira;2;0;0;0;0;0;0;0;;;3;1;1;0;0
19/10/2018;22:21:00;422;Acidente sem vítima;264;BR-101/ES;Norte;Colisão Traseira;1;0;0;0;0;0;0;2;;;2;0;0;0;0
19/10/2018;22:40:00;430;Acidente sem vítima;268;BR-101/ES;Norte;Colisão Transversal;1;0;0;1;0;0;0;0;;;3;0;0;0;0
20/10/2018;04:21:00;55;Acidente sem vítima;192;BR-101/ES;Sul;Choque com Objeto Fixo;1;0;0;0;0;0;0;0;;;2;0;0;0;0
20/10/2018;07:21:00;105;Acidente sem vítima;255;BR-101/ES;Sul;Colisão Lateral;1;0;0;1;0;0;0;0;;;2;0;0;0;0
20/10/2018;11:51:00;201;Acidente sem vítima;106;BR-101/ES;Norte;Choque com Objeto Fixo;1;0;0;0;0;0;0;0;;;4;0;0;0;0
20/10/2018;13:31:00;240;Acidente sem vítima;399;BR-101/ES;Sul;Colisão Traseira;0;0;0;0;0;0;0;4;;;2;0;0;0;0
20/10/2018;18:48:00;335;Atropelamento com morte;201,4;BR-101/ES;Sul;Atropelamento;2;0;0;0;0;0;0;0;;;5;0;0;0;1
20/10/2018;19:35:00;343;Acidente sem vítima;270;BR-101/ES;Norte;Choque com Objeto Fixo;1;0;0;0;0;0;0;0;;;1;0;0;0;0
20/10/2018;23:18:00;396;Acidente sem vítima;271;BR-101/ES;Norte;Colisão Transversal;2;0;0;0;0;0;0;0;;;2;0;0;0;0
20/10/2018;23:23:00;397;Acidente sem vítima;148;BR-101/ES;Norte;Colisão Lateral;2;0;1;0;0;0;0;0;;;3;0;0;0;0
21/10/2018;04:20:00;60;Acidente sem vítima;326;BR-101/ES;Norte;Saída de Pista;1;0;0;0;0;0;0;0;;;1;0;0;0;0
21/10/2018;14:48:00;237;Acidente com vítima;219;BR-101/ES;Sul;Queda de Moto;0;0;0;1;0;0;0;0;;;0;0;0;1;0
21/10/2018;18:40:00;311;Acidente sem vítima;289;BR-101/ES;Sul;Saída de Pista;1;0;0;0;0;0;0;0;;;3;0;0;0;0
21/10/2018;18:45:00;312;Acidente sem vítima;294;BR-101/ES;Sul;Atropelamento de Equino;0;0;0;0;1;0;0;0;;;1;0;0;0;0
21/10/2018;18:56:00;316;Acidente sem vítima;285;BR-101/ES;Sul;Choque com Objeto Fixo;1;0;0;0;0;0;0;0;;;1;0;0;0;0
21/10/2018;20:22:00;330;Acidente sem vítima;295;BR-101/ES;Sul;Colisão Lateral;2;0;0;0;0;0;0;0;;;2;0;0;0;0
22/10/2018;00:43:00;14;Acidente com vítima;371;BR-101/ES;Norte;Capotamento;1;0;0;0;0;0;0;0;;;0;4;0;0;0
22/10/2018;07:00:00;90;Acidente com vítima;432,3;BR-101/ES;Sul;Colisão Lateral;1;0;0;1;0;0;0;0;;;3;0;0;2;0
22/10/2018;07:18:00;94;Acidente com vítima;266;BR-101/ES;Sul;Colisão Lateral;0;0;1;1;0;0;0;2;;;6;0;1;0;0
22/10/2018;07:21:00;95;Acidente com vítima;290;BR-101/ES;Norte;Colisão Lateral;1;0;0;1;0;0;0;0;;;2;0;0;1;0
22/10/2018;11:31:00;202;Acidente sem vítima;270;BR-101/ES;Norte;Colisão Lateral;1;0;0;0;0;0;0;2;;;2;0;0;0;0
22/10/2018;12:45:00;234;Acidente com vítima;147;BR-101/ES;Norte;Engavetamento;4;0;0;0;0;0;0;0;;;4;0;1;0;0
22/10/2018;13:25:00;248;Acidente sem vítima;293;BR-101/ES;Norte;Tombamento;0;0;0;0;0;0;0;2;;;1;0;0;0;0
22/10/2018;15:03:00;279;Acidente com vítima;269;BR-101/ES;Sul;Queda de Moto;0;0;0;1;0;0;0;0;;;0;1;0;0;0
22/10/2018;18:09:00;353;Acidente sem vítima;286;BR-101/ES;Norte;Atropelamento Animal;1;0;0;0;0;0;0;0;;;3;0;0;0;0
22/10/2018;18:44:00;362;Acidente com vítima;171;BR-101/ES;Norte;Queda de Moto;0;0;0;1;0;0;0;0;;;0;0;1;0;0
23/10/2018;05:59:00;85;Acidente com vítima;262;BR-101/ES;Sul;Queda de Moto;0;0;0;1;0;0;0;0;;;0;0;2;0;0
23/10/2018;07:12:00;106;Acidente com vítima;146;BR-101/ES;Norte;Queda de Moto;0;0;0;1;0;0;0;0;;;0;1;0;0;0
23/10/2018;09:39:00;192;Acidente com vítima;46,5;BR-101/ES;Norte;Queda de Moto;0;0;0;1;0;0;0;0;;;0;0;1;0;0
23/10/2018;12:13:00;260;Acidente com vítima;397;BR-101/ES;Sul;Colisão Transversal;1;0;0;1;0;0;0;0;;;1;1;0;0;0
23/10/2018;12:23:00;264;Acidente sem vítima;299;BR-101/ES;Sul;Colisão Lateral;0;0;1;0;0;0;0;2;;;2;0;0;0;0
23/10/2018;14:11:00;305;Acidente sem vítima;297;BR-101/ES;Norte;Colisão Traseira;2;0;0;0;0;0;0;0;;;3;0;0;0;0
23/10/2018;17:17:00;357;Acidente com vítima;269;BR-101/ES;Norte;Colisão com ciclista;1;1;0;0;0;0;0;0;;;1;0;1;0;0
24/10/2018;03:27:00;42;Acidente com morte;384,5;BR-101/ES;Sul;Colisão Frontal;0;0;1;0;0;0;0;4;;;0;2;0;0;1
24/10/2018;06:42:00;67;Acidente com vítima;372;BR-101/ES;Norte;Colisão Transversal;2;0;0;0;0;0;0;0;;;2;0;1;0;0
24/10/2018;07:38:00;114;Acidente sem vítima;262;BR-101/ES;Sul;Engavetamento;3;0;0;0;0;0;0;0;;;3;0;0;0;0
24/10/2018;09:18:00;145;Acidente sem vítima;32,5;BR-101/ES;Sul;Colisão Traseira;1;0;1;0;0;0;0;0;;;2;0;0;0;0
24/10/2018;13:37:00;264;Acidente sem vítima;151;BR-101/ES;Norte;Colisão Lateral;1;0;1;0;0;0;0;0;;;4;0;0;0;0
24/10/2018;19:04:00;361;Acidente com vítima;265;BR-101/ES;Norte;Colisão com ciclista;0;2;0;0;0;0;0;0;;;1;0;1;0;0
24/10/2018;20:38:00;377;Acidente sem vítima;210;BR-101/ES;Norte;Colisão Traseira;1;0;1;0;0;0;0;0;;;2;0;0;0;0
25/10/2018;06:29:00;83;Acidente com vítima;268;BR-101/ES;Sul;Colisão Frontal;1;0;0;1;0;0;0;0;;;1;0;1;0;0
25/10/2018;08:05:00;102;Acidente sem vítima;289;BR-101/ES;Sul;Choque com Objeto Fixo;1;0;0;0;0;0;0;0;;;1;0;0;0;0
25/10/2018;11:26:00;183;Acidente com vítima;38;BR-101/ES;Norte;Colisão Transversal;2;0;0;0;0;0;0;0;;;1;1;0;0;0
25/10/2018;11:45:00;193;Acidente com vítima;255;BR-101/ES;Sul;Colisão Transversal;1;0;0;0;1;0;0;0;;;2;1;0;0;0
25/10/2018;16:09:00;291;Acidente com vítima;154;BR-101/ES;Norte;Saída de Pista;1;0;0;0;0;0;0;0;;;0;1;1;0;0
25/10/2018;19:49:00;366;Acidente sem vítima;126;BR-101/ES;Norte;Colisão Transversal;2;0;1;0;0;0;0;0;;;4;0;0;0;0
25/10/2018;20:09:00;372;Acidente sem vítima;285;BR-101/ES;Sul;Saída de Pista;1;0;0;0;0;0;0;0;;;1;0;0;0;0
25/10/2018;21:28:00;389;Acidente sem vítima;383;BR-101/ES;Norte;Saída de Pista;1;0;0;0;0;0;0;0;;;2;0;0;0;0
25/10/2018;21:58:00;397;Acidente com vítima;272;BR-101/ES;Norte;Saída de Pista;1;0;0;0;0;0;0;0;;;0;1;0;0;0
25/10/2018;23:38:00;435;Acidente sem vítima;423;BR-101/ES;Sul;Saída de Pista;0;0;1;0;0;0;0;0;;;1;0;0;0;0
26/10/2018;02:59:00;39;Acidente sem vítima;267;BR-101/ES;Norte;Colisão Transversal;2;0;0;0;0;0;0;0;;;7;0;0;0;0
26/10/2018;05:59:00;65;Acidente sem vítima;360;BR-101/ES;Sul;Saída de Pista;1;0;0;0;0;0;0;0;;;2;0;0;0;0
26/10/2018;06:36:00;72;Acidente sem vítima;264;BR-101/ES;Sul;Colisão Lateral;1;0;1;0;0;0;0;0;;;2;0;0;0;0
26/10/2018;10:07:00;125;Acidente com vítima;286;BR-101/ES;Sul;Colisão Traseira;2;0;0;1;0;0;0;0;;;2;1;0;0;0
26/10/2018;14:23:00;244;Acidente sem vítima;284;BR-101/ES;Norte;Saída de Pista;0;0;1;0;0;0;0;0;;;1;0;0;0;0
26/10/2018;14:29:00;247;Acidente sem vítima;255;BR-101/ES;Sul;Colisão Traseira;1;0;0;0;1;0;0;0;;;2;0;0;0;0