data;horario;n_da_ocorrencia;tipo_de_ocorrencia;km;trecho;sentido;tipo_de_acidente;automovel;bicicleta;caminhao;moto;onibus;outros;tracao_animal;transporte_de_cargas_especiais;trator_maquinas;utilitarios;ilesos;levemente_feridos;moderadamente_feridos;gravemente_feridos;mortos
26/10/2018;14:52:00;254;Acidente sem vítima;283;BR-101/ES;Sul;Saída de Pista;1;0;0;0;0;0;0;0;;;2;0;0;0;0
26/10/2018;15:13:00;262;Acidente sem vítima;219;BR-101/ES;Norte;Colisão Traseira;1;0;0;0;0;0;0;0;;;1;0;0;0;0
26/10/2018;15:19:00;266;Acidente com vítima;164;BR-101/ES;Sul;Colisão Traseira;0;0;1;1;0;0;0;0;;;1;0;1;0;0
26/10/2018;16:20:00;286;Acidente sem vítima;269;BR-101/ES;Norte;Colisão Traseira;1;0;0;1;0;0;0;0;;;3;0;0;0;0
26/10/2018;16:28:00;288;Atropelamento sem morte;268,5;BR-101/ES;Norte;Atropelamento;0;0;0;1;0;0;0;0;;;1;0;1;0;0
26/10/2018;16:33:00;291;Acidente sem vítima;212;BR-101/ES;Sul;Colisão Traseira;2;0;0;0;0;0;0;0;;;5;0;0;0;0
26/10/2018;17:05:00;306;Acidente sem vítima;290;BR-101/ES;Sul;Colisão Traseira;2;0;0;0;0;0;0;0;;;3;0;0;0;0
26/10/2018;19:07:00;352;Acidente sem vítima;284;BR-101/ES;Norte;Saída de Pista;0;0;0;0;0;1;0;0;;;2;0;0;0;0
26/10/2018;19:19:00;356;Acidente sem vítima;280;BR-101/ES;Norte;Saída de Pista;1;0;0;0;0;0;0;0;;;1;0;0;0;0
26/10/2018;20:13:00;372;Acidente sem vítima;286;BR-101/ES;Norte;Saída de Pista;0;0;0;0;0;0;0;2;;;1;0;0;0;0
26/10/2018;22:25:00;432;Acidente sem vítima;265;BR-101/ES;Norte;Colisão Lateral;2;0;0;0;0;0;0;0;;;5;0;0;0;0
26/10/2018;22:50:00;444;Acidente com vítima;112;BR-101/ES;Norte;Saída de Pista;0;0;0;0;0;0;0;2;;;0;0;1;0;0
26/10/2018;23:44:00;459;Acidente com vítima;271;BR-101/ES;Norte;Colisão Traseira;1;0;0;1;0;0;0;0;;;1;0;1;0;0
27/10/2018;02:29:00;47;Acidente sem vítima;444,8;BR-101/ES;Sul;Saída de Pista;0;0;1;0;0;0;0;0;;;2;0;0;0;0
27/10/2018;08:11:00;135;Acidente com vítima;66;BR-101/ES;Sul;Colisão Traseira;2;0;0;0;0;0;0;0;;;7;2;0;0;0
27/10/2018;08:52:00;144;Acidente sem vítima;202;BR-101/ES;Sul;Choque;1;0;0;0;0;0;0;2;;;5;0;0;0;0
27/10/2018;10:29:00;172;Acidente com morte;149;BR-101/ES;Norte;Colisão com ciclista;0;1;0;0;0;0;0;3;;;1;0;0;0;1
27/10/2018;15:26:00;297;Acidente sem vítima;296;BR-101/ES;Norte;Colisão Lateral;1;0;0;0;1;0;0;0;;;2;0;0;0;0
27/10/2018;16:16:00;311;Acidente sem vítima;287;BR-101/ES;Sul;Queda de Moto;0;0;0;1;0;0;0;0;;;1;0;0;0;0
27/10/2018;18:21:00;356;Acidente sem vítima;40;BR-101/ES;Sul;Colisão Traseira;2;0;0;0;0;0;0;0;;;6;0;0;0;0
27/10/2018;19:27:00;377;Acidente sem vítima;214;BR-101/ES;Sul;Choque;0;0;0;0;0;0;0;2;;;1;0;0;0;0
27/10/2018;19:40:00;384;Acidente sem vítima;261,4;BR-101/ES;Norte;Colisão Traseira;2;0;0;0;0;0;0;0;;;3;0;0;0;0
27/10/2018;19:49:00;385;Acidente sem vítima;284;BR-101/ES;Sul;Choque com Objeto Fixo;1;0;0;0;0;0;0;0;;;1;0;0;0;0
27/10/2018;19:57:00;387;Acidente sem vítima;147;BR-101/ES;Norte;Colisão Traseira;1;0;0;0;1;0;0;0;;;2;0;0;0;0
27/10/2018;20:03:00;391;Acidente sem vítima;220;BR-101/ES;Norte;Choque;1;0;0;0;0;0;0;0;;;1;0;0;0;0
27/10/2018;20:12:00;394;Acidente sem vítima;276;BR-101/ES;Norte;Colisão Traseira;2;0;0;0;0;0;0;0;;;2;0;0;0;0
27/10/2018;21:05:00;403;Acidente sem vítima;258;BR-101/ES;Norte;Atropelamento Animal;1;0;0;0;0;0;0;0;;;2;0;0;0;0
27/10/2018;21:41:00;412;Acidente com vítima;255,6;BR-101/ES;Sul;Colisão Traseira;2;0;0;0;0;0;0;0;;;1;1;0;0;0
27/10/2018;23:07:00;434;Atropelamento sem morte;268;BR-101/ES;Sul;Atropelamento;1;0;0;0;0;0;0;0;;;1;0;1;0;0
28/10/2018;00:45:00;13;Acidente sem vítima;206;BR-101/ES;Sul;Colisão Lateral;2;0;0;0;0;0;0;0;;;5;0;0;0;0
28/10/2018;00:59:00;17;Acidente sem vítima;264;BR-101/ES;Norte;Colisão Traseira;2;0;0;0;0;0;0;0;;;2;0;0;0;0
28/10/2018;02:25:00;42;Acidente sem vítima;295;BR-101/ES;Norte;Colisão Traseira;2;0;0;0;0;0;0;0;;;2;0;0;0;0
28/10/2018;06:03:00;82;Acidente sem vítima;271;BR-101/ES;Sul;Choque com Objeto Fixo;1;0;0;0;0;0;0;0;;;1;0;0;0;0
28/10/2018;06:58:00;87;Acidente com vítima;138;BR-101/ES;Norte;Colisão Transversal;2;0;0;0;0;0;0;0;;;1;2;0;0;0
28/10/2018;18:21:00;322;Acidente com vítima;129;BR-101/ES;Sul;Colisão Traseira;2;0;0;0;0;0;0;0;;;2;4;1;0;0
28/10/2018;19:11:00;327;Acidente com vítima;269,8;BR-101/ES;Norte;Queda de Moto;0;0;0;1;0;0;0;0;;;0;0;1;0;0
29/10/2018;11:58:00;206;Acidente com vítima;268;BR-101/ES;Norte;Colisão Lateral;1;0;1;0;0;0;0;0;;;1;0;1;0;0
29/10/2018;14:00:00;258;Acidente sem vítima;140;BR-101/ES;Sul;Colisão Lateral;1;0;1;0;0;0;0;0;;;2;0;0;0;0
29/10/2018;18:35:00;332;Acidente com vítima;260;BR-101/ES;Sul;Queda de Moto;0;0;0;1;0;0;0;0;;;0;1;0;0;0
29/10/2018;18:59:00;341;Acidente com vítima;143;BR-101/ES;Sul;Colisão Traseira;0;0;1;0;1;0;0;0;;;2;4;0;0;0
29/10/2018;20:54:00;358;Acidente sem vítima;24;BR-101/ES;Norte;Atropelamento Animal;1;0;0;0;0;0;0;0;;;1;0;0;0;0
29/10/2018;23:17:00;391;Acidente com vítima;229;BR-101/ES;Sul;Queda de Moto;0;0;0;1;0;0;0;0;;;0;1;0;0;0
30/10/2018;02:28:00;34;Acidente com vítima;302;BR-101/ES;Norte;Choque com Objeto Fixo;1;0;0;0;0;0;0;0;;;0;0;1;0;0
30/10/2018;09:50:00;146;Acidente com vítima;147;BR-101/ES;Norte;Colisão Transversal;1;0;0;1;0;0;0;0;;;1;1;0;0;0
30/10/2018;12:44:00;228;Acidente com vítima;268;BR-101/ES;Norte;Colisão Lateral;1;0;0;1;0;0;0;0;;;1;0;1;0;0
30/10/2018;17:11:00;306;Acidente com vítima;315;BR-101/ES;Norte;Danos Eventuais;0;0;0;0;0;0;0;2;;;1;0;0;1;0
30/10/2018;19:00:00;332;Acidente sem vítima;229;BR-101/ES;Sul;Colisão Lateral;1;0;1;0;0;0;0;1;;;2;0;0;0;0
31/10/2018;00:51:00;20;Acidente com vítima;160;BR-101/ES;Sul;Choque;2;0;0;0;0;0;0;0;;;3;1;0;0;0
31/10/2018;05:00:00;67;Acidente sem vítima;406;BR-101/ES;Norte;Saída de Pista;1;0;0;0;0;0;0;0;;;1;0;0;0;0
31/10/2018;08:42:00;156;Acidente com vítima;298;BR-101/ES;Norte;Colisão Lateral;2;0;0;0;0;0;0;0;;;1;0;1;0;0
31/10/2018;10:04:00;196;Acidente sem vítima;13;BR-101/ES;Norte;Colisão Lateral;1;0;0;0;0;0;0;2;;;2;0;0;0;0
31/10/2018;11:30:00;232;Acidente sem vítima;318;BR-101/ES;Sul;Colisão Lateral;1;0;0;0;0;0;0;2;;;2;0;0;0;0
31/10/2018;12:37:00;261;Acidente sem vítima;270;BR-101/ES;Sul;Colisão Traseira;1;0;0;0;0;0;0;2;;;2;0;0;0;0
31/10/2018;14:11:00;305;Acidente sem vítima;294;BR-101/ES;Sul;Colisão Traseira;0;0;0;0;0;0;0;4;;;2;0;0;0;0
31/10/2018;16:32:00;346;Acidente com vítima;947;BR-101/BA;Sul;Tombamento;0;0;0;0;0;0;0;2;;;0;0;1;0;0
31/10/2018;19:21:00;384;Acidente sem vítima;293;BR-101/ES;Sul;Saída de Pista;1;0;0;0;0;0;0;0;;;1;0;0;0;0
31/10/2018;21:24:00;405;Acidente com vítima;266;BR-101/ES;Sul;Engavetamento;4;0;0;0;0;0;0;0;;;3;0;1;0;0
01/11/2018;06:25:00;74;Acidente sem vítima;271;BR-101/ES;Norte;Colisão Transversal;0;0;1;0;1;0;0;0;;;3;0;0;0;0
01/11/2018;10:14:00;177;Acidente com vítima;270;BR-101/ES;Sul;Queda de Moto;1;0;0;0;0;0;0;0;;;0;0;1;0;0
01/11/2018;10:26:00;180;Acidente com vítima;269;BR-101/ES;Norte;Colisão Transversal;1;0;0;1;0;0;0;0;;;1;1;0;0;0
01/11/2018;11:12:00;201;Acidente sem vítima;145;BR-101/ES;Norte;Colisão Traseira;2;0;0;0;0;0;0;0;;;2;0;0;0;0
01/11/2018;11:24:00;204;Acidente sem vítima;327;BR-101/ES;Norte;Capotamento;1;0;0;0;0;0;0;0;;;1;0;0;0;0
01/11/2018;13:00:00;250;Acidente com vítima;293;BR-101/ES;Sul;Colisão Traseira;1;0;1;0;0;0;0;1;;;6;0;1;0;0
01/11/2018;14:37:00;286;Acidente sem vítima;296;BR-101/ES;Sul;Colisão Lateral;1;0;0;0;0;0;0;1;;;4;0;0;0;0
01/11/2018;14:44:00;290;Atropelamento sem morte;149;BR-101/ES;Sul;Atropelamento;0;0;0;0;0;0;0;2;;;2;0;0;1;0
01/11/2018;15:29:00;301;Acidente sem vítima;297;BR-101/ES;Norte;Colisão Traseira;1;0;1;0;0;0;0;0;;;3;0;0;0;0
01/11/2018;15:44:00;307;Acidente sem vítima;298;BR-101/ES;Norte;Engavetamento;3;0;0;0;0;0;0;0;;;3;0;0;0;0
01/11/2018;15:49:00;308;Acidente com vítima;160;BR-101/ES;Sul;Colisão Lateral;1;0;0;1;0;0;0;0;;;1;1;0;0;0
01/11/2018;16:30:00;322;Acidente sem vítima;393;BR-101/ES;Sul;Choque com Objeto Fixo;1;0;0;0;0;0;0;2;;;2;0;0;0;0
01/11/2018;18:38:00;365;Acidente sem vítima;378;BR-101/ES;Norte;Engavetamento;3;0;0;0;0;0;0;0;;;4;0;0;0;0
01/11/2018;19:51:00;383;Acidente sem vítima;285;BR-101/ES;Norte;Colisão Traseira;2;0;0;0;0;0;0;0;;;3;0;0;0;0
01/11/2018;19:51:00;384;Acidente sem vítima;450;BR-101/ES;Sul;Tombamento;0;0;1;0;0;0;0;0;;;1;0;0;0;0
01/11/2018;20:16:00;389;Acidente sem vítima;264;BR-101/ES;Norte;Saída de Pista;1;0;0;0;0;0;0;0;;;1;0;0;0;0
02/11/2018;00:45:00;16;Acidente sem vítima;137;BR-101/ES;Norte;Colisão Lateral;2;0;0;0;0;0;0;0;;;3;0;0;0;0
02/11/2018;03:01:00;50;Acidente com vítima;316;BR-101/ES;Sul;Colisão Lateral;2;0;0;0;0;0;0;0;;;1;0;2;0;0
02/11/2018;05:19:00;71;Acidente com vítima;297;BR-101/ES;Sul;Choque com Objeto Fixo;0;0;1;0;0;0;0;0;;;0;0;1;0;0
02/11/2018;06:34:00;82;Acidente sem vítima;295;BR-101/ES;Norte;Colisão Traseira;2;0;0;0;0;0;0;0;;;2;0;0;0;0
02/11/2018;14:01:00;267;Acidente com vítima;265;BR-101/ES;Norte;Colisão Lateral;1;0;0;1;0;0;0;0;;;1;1;0;0;0
02/11/2018;19:27:00;360;Acidente sem vítima;124;BR-101/ES;Sul;Queda de Moto;0;0;0;1;0;0;0;0;;;1;0;0;0;0
02/11/2018;20:12:00;366;Acidente sem vítima;38;BR-101/ES;Sul;Danos Eventuais;1;0;0;0;0;1;0;0;;;2;0;0;0;0
03/11/2018;01:01:00;16;Acidente sem vítima;335;BR-101/ES;Norte;Choque com Objeto Fixo;1;0;0;0;0;0;0;0;;;1;0;0;0;0
03/11/2018;04:35:00;57;Acidente sem vítima;146;BR-101/ES;Norte;Saída de Pista;1;0;0;0;0;0;0;0;;;2;0;0;0;0
03/11/2018;10:01:00;129;Acidente sem vítima;203;BR-101/ES;Norte;Colisão Traseira;2;0;0;0;0;0;0;0;;;2;0;0;0;0
03/11/2018;10:18:00;133;Acidente sem vítima;194;BR-101/ES;Norte;Saída de Pista;1;0;0;0;0;0;0;0;;;2;0;0;0;0
03/11/2018;16:15:00;263;Acidente com vítima;150;BR-101/ES;Sul;Colisão Transversal;1;0;0;0;1;0;0;0;;;2;0;2;0;0
03/11/2018;18:55:00;309;Acidente com vítima;129;BR-101/ES;Sul;Colisão Transversal;1;0;0;1;0;0;0;0;;;1;1;0;0;0
03/11/2018;22:42:00;363;Acidente sem vítima;211;BR-101/ES;Norte;Colisão Lateral;2;0;0;0;0;0;0;0;;;5;0;0;0;0
03/11/2018;23:37:00;384;Acidente sem vítima;242;BR-101/ES;Sul;Choque com Objeto Fixo;0;0;0;0;1;0;0;0;;;1;0;0;0;0
04/11/2018;06:45:00;73;Acidente com vítima;266;BR-101/ES;Sul;Colisão Traseira;0;0;0;1;0;0;0;2;;;1;0;1;0;0
04/11/2018;11:38:00;170;Acidente sem vítima;293;BR-101/ES;Sul;Colisão Transversal;2;0;0;0;0;0;0;0;;;6;0;0;0;0
04/11/2018;11:46:00;175;Acidente sem vítima;210;BR-101/ES;Sul;Colisão Traseira;3;0;0;0;0;0;0;0;;;13;0;0;0;0
04/11/2018;12:24:00;187;Acidente sem vítima;255;BR-101/ES;Sul;Engavetamento;5;0;0;0;0;0;0;0;;;16;0;0;0;0
04/11/2018;13:49:00;224;Acidente sem vítima;253;BR-101/ES;Sul;Colisão Traseira;2;0;0;0;0;0;0;0;;;5;0;0;0;0
04/11/2018;17:10:00;289;Acidente com vítima;66;BR-101/ES;Sul;Colisão Transversal;1;0;0;1;0;1;0;0;;;4;1;0;0;0
04/11/2018;17:23:00;297;Atropelamento sem morte;289;BR-101/ES;Sul;Atropelamento;1;0;0;0;0;0;0;0;;;1;0;1;0;0
04/11/2018;17:45:00;304;Acidente sem vítima;208;BR-101/ES;Norte;Colisão Lateral;2;0;0;0;0;0;0;0;;;6;0;0;0;0
04/11/2018;17:56:00;308;Acidente com vítima;66;BR-101/ES;Norte;Colisão Transversal;1;0;0;1;0;0;0;0;;;2;2;0;0;0
04/11/2018;18:53:00;318;Acidente com vítima;301;BR-101/ES;Norte;Colisão Lateral;1;0;0;1;0;0;0;0;;;1;1;0;0;0
04/11/2018;20:46:00;348;Acidente com vítima;293;BR-101/ES;Sul;Colisão Transversal;2;0;0;0;0;0;0;0;;;3;2;0;0;0
04/11/2018;21:17:00;359;Acidente sem vítima;260;BR-101/ES;Sul;Saída de Pista;1;0;0;0;0;0;0;0;;;1;0;0;0;0
04/11/2018;21:18:00;360;Acidente sem vítima;117;BR-101/ES;Norte;Saída de Pista;1;0;0;0;0;0;0;0;;;5;0;0;0;0
04/11/2018;22:30:00;380;Atropelamento sem morte;299,3;BR-101/ES;Norte;Atropelamento e Fuga;1;0;0;0;0;0;0;0;;;0;0;0;1;0
04/11/2018;22:31:00;381;Acidente sem vítima;173;BR-101/ES;Sul;Atropelamento de Bovino;1;0;0;0;0;0;0;0;;;3;0;0;0;0
05/11/2018;07:03:00;83;Acidente sem vítima;303;BR-101/ES;Norte;Saída de Pista;1;0;0;0;0;0;0;0;;;1;0;0;0;0
05/11/2018;07:58:00;132;Acidente com vítima;269;BR-101/ES;Sul;Colisão com ciclista;0;1;0;1;0;0;0;0;;;1;1;0;0;0
05/11/2018;07:59:00;133;Acidente com vítima;421;BR-101/ES;Norte;Queda de Moto;0;0;0;1;0;0;0;0;;;0;2;0;0;0
05/11/2018;09:06:00;147;Acidente sem vítima;320;BR-101/ES;Sul;Colisão Traseira;1;0;0;1;0;0;0;0;;;2;0;0;0;0
05/11/2018;10:59:00;195;Acidente sem vítima;286;BR-101/ES;Norte;Colisão Traseira;0;0;1;0;0;0;0;2;;;2;0;0;0;0
05/11/2018;11:21:00;204;Acidente sem vítima;52;BR-101/ES;Norte;Saída de Pista;1;0;0;0;0;0;0;0;;;4;0;0;0;0
05/11/2018;12:39:00;229;Acidente sem vítima;217;BR-101/ES;Norte;Queda de Moto;0;0;0;1;0;0;0;0;;;1;0;0;0;0
05/11/2018;13:19:00;245;Acidente com vítima;384;BR-101/ES;Sul;Queda de Moto;0;0;0;1;0;0;0;0;;;0;1;0;0;0
05/11/2018;17:09:00;338;Acidente sem vítima;360;BR-101/ES;Sul;Saída de Pista;1;0;0;0;0;0;0;0;;;2;0;0;0;0
05/11/2018;17:16:00;340;Acidente sem vítima;266;BR-101/ES;Sul;Colisão Traseira;1;0;0;1;0;0;0;0;;;2;0;0;0;0
05/11/2018;17:23:00;345;Acidente sem vítima;277;BR-101/ES;Sul;Colisão Lateral;0;0;2;0;0;0;0;0;;;3;0;0;0;0
05/11/2018;17:25:00;346;Acidente sem vítima;274;BR-101/ES;Sul;Colisão Traseira;1;0;0;0;0;0;0;2;;;5;0;0;0;0
05/11/2018;18:01:00;360;Acidente sem vítima;259;BR-101/ES;Sul;Saída de Pista;1;0;0;0;0;0;0;0;;;1;0;0;0;0
05/11/2018;18:28:00;365;Acidente sem vítima;267;BR-101/ES;Sul;Colisão Lateral;1;0;0;0;1;0;0;0;;;2;0;0;0;0
05/11/2018;18:53:00;374;Acidente sem vítima;290;BR-101/ES;Norte;Choque com Objeto Fixo;1;0;0;0;0;0;0;0;;;1;0;0;0;0
06/11/2018;03:48:00;52;Acidente sem vítima;160;BR-101/ES;Norte;Saída de Pista;1;0;0;0;0;0;0;0;;;1;0;0;0;0
06/11/2018;07:31:00;84;Acidente com vítima;264;BR-101/ES;Sul;Colisão Traseira;1;0;0;1;0;0;0;0;;;2;0;2;0;0
06/11/2018;08:13:00;100;Acidente sem vítima;193;BR-101/ES;Sul;Saída de Pista;1;0;0;0;0;0;0;0;;;1;0;0;0;0
06/11/2018;09:22:00;126;Acidente sem vítima;284;BR-101/ES;Norte;Saída de Pista;1;0;0;0;0;0;0;0;;;2;0;0;0;0
06/11/2018;09:25:00;129;Acidente sem vítima;208;BR-101/ES;Sul;Choque com Objeto Fixo;1;0;0;0;0;0;0;0;;;1;0;0;0;0
06/11/2018;10:57:00;161;Acidente sem vítima;272;BR-101/ES;Norte;Choque com Objeto Fixo;1;0;0;0;0;0;0;0;;;1;0;0;0;0
06/11/2018;11:18:00;167;Acidente sem vítima;93;BR-101/ES;Sul;Colisão Transversal;2;0;0;0;0;0;0;0;;;2;0;0;0;0
06/11/2018;11:27:00;172;Acidente sem vítima;68;BR-101/ES;Sul;Colisão Traseira;0;0;0;0;0;0;0;4;;;2;0;0;0;0
06/11/2018;11:34:00;175;Acidente sem vítima;20;BR-101/ES;Norte;Saída de Pista;1;0;0;0;0;0;0;0;;;1;0;0;0;0
06/11/2018;18:25:00;337;Acidente sem vítima;225;BR-101/ES;Sul;Tombamento;0;0;0;0;0;0;0;2;;;1;0;0;0;0
06/11/2018;20:18:00;355;Acidente com vítima;229,8;BR-101/ES;Sul;Choque com Veículo Estacionado;1;0;0;1;0;0;0;0;;;1;0;1;0;0
06/11/2018;22:39:00;385;Acidente com vítima;275;BR-101/ES;Sul;Queda de Moto;0;0;0;1;0;0;0;0;;;0;2;0;0;0
07/11/2018;00:52:00;21;Atropelamento sem morte;270;BR-101/ES;Norte;Atropelamento e Fuga;1;0;0;0;0;0;0;0;;;0;0;1;0;0
07/11/2018;01:20:00;28;Acidente com vítima;402;BR-101/ES;Norte;Colisão Traseira;0;0;2;0;0;0;0;0;;;1;0;1;0;0
07/11/2018;03:27:00;49;Acidente com vítima;260;BR-101/ES;Norte;Colisão Frontal;1;0;1;0;0;0;0;0;;;0;1;1;0;0
07/11/2018;07:50:00;86;Acidente sem vítima;272;BR-101/ES;Norte;Choque com Objeto Fixo;1;0;0;0;0;0;0;0;;;3;0;0;0;0
07/11/2018;07:53:00;87;Acidente com vítima;283;BR-101/ES;Norte;Saída de Pista;1;0;0;0;0;0;0;0;;;0;0;2;0;0
07/11/2018;08:13:00;94;Acidente sem vítima;284,6;BR-101/ES;Norte;Colisão Lateral;2;0;2;0;0;0;0;0;;;5;0;0;0;0
07/11/2018;08:36:00;103;Acidente sem vítima;83;BR-101/ES;Norte;Saída de Pista;1;0;0;0;0;0;0;0;;;1;0;0;0;0
07/11/2018;18:09:00;317;Acidente com vítima;298;BR-101/ES;Sul;Colisão Traseira;0;0;0;2;0;0;0;0;;;0;0;2;0;0
07/11/2018;20:39:00;345;Acidente com vítima;2;BR-101/ES;Sul;Atropelamento de Bovino;1;0;0;0;0;0;0;0;;;0;1;0;0;0
07/11/2018;21:27:00;355;Acidente sem vítima;275;BR-101/ES;Sul;Veículo em Chamas;1;0;0;0;0;0;0;0;;;1;0;0;0;0
08/11/2018;04:37:00;59;Acidente com vítima;266;BR-101/ES;Norte;Queda de Moto;0;0;0;1;0;0;0;0;;;1;0;1;0;0
08/11/2018;07:22:00;103;Acidente sem vítima;127;BR-101/ES;Norte;Saída de Pista;1;0;0;0;0;0;0;0;;;2;0;0;0;0
08/11/2018;12:07:00;236;Acidente com vítima;418;BR-101/ES;Sul;Tombamento;0;0;1;0;0;0;0;0;;;0;1;0;0;0
08/11/2018;12:36:00;247;Acidente com vítima;423;BR-101/ES;Sul;Colisão Transversal;0;0;2;0;0;0;0;0;;;1;1;0;0;0
08/11/2018;13:26:00;258;Acidente com vítima;277;BR-101/ES;Sul;Saída de Pista;1;0;0;0;0;0;0;0;;;0;0;1;0;0
08/11/2018;14:22:00;275;Acidente sem vítima;421,5;BR-101/ES;Sul;Tombamento;0;0;1;0;0;0;0;0;;;1;0;0;0;0
08/11/2018;17:08:00;319;Acidente sem vítima;422;BR-101/ES;Norte;Colisão Lateral;0;0;1;0;0;0;0;2;;;2;0;0;0;0
08/11/2018;17:20:00;325;Acidente sem vítima;287;BR-101/ES;Sul;Colisão Traseira;1;0;0;0;0;0;0;1;;;3;0;0;0;0
08/11/2018;17:59:00;341;Acidente com vítima;250;BR-101/ES;Sul;Colisão Transversal;2;0;0;0;0;0;0;0;;;1;0;1;0;0
08/11/2018;18:24:00;348;Acidente com vítima;291;BR-101/ES;Sul;Colisão Traseira;1;0;1;0;0;0;0;0;;;1;0;1;0;0
08/11/2018;18:44:00;357;Acidente sem vítima;283;BR-101/ES;Norte;Saída de Pista;1;0;0;0;0;0;0;0;;;1;0;0;0;0
08/11/2018;19:46:00;377;Acidente com vítima;18;BR-101/ES;Norte;Queda de Moto;0;0;0;1;0;0;0;0;;;0;1;0;0;0
08/11/2018;19:50:00;379;Acidente sem vítima;254;BR-101/ES;Norte;Colisão Traseira;1;0;1;0;0;0;0;0;;;4;0;0;0;0
08/11/2018;22:56:00;436;Acidente sem vítima;436;BR-101/ES;Sul;Saída de Pista;0;0;1;0;0;0;0;0;;;1;0;0;0;0
09/11/2018;00:14:00;5;Acidente sem vítima;266;BR-101/ES;Norte;Colisão Transversal;1;0;0;0;0;0;0;2;;;3;0;0;0;0
09/11/2018;03:01:00;60;Acidente sem vítima;233;BR-101/ES;Sul;Atropelamento de Bovino;0;0;1;0;0;0;0;0;;;1;0;0;0;0
09/11/2018;06:08:00;90;Acidente com vítima;266;BR-101/ES;Sul;Colisão Traseira;1;0;1;0;0;0;0;0;;;2;0;1;0;0
09/11/2018;06:40:00;93;Acidente sem vítima;258;BR-101/ES;Norte;Saída de Pista;1;0;0;0;0;0;0;0;;;1;0;0;0;0
09/11/2018;07:05:00;96;Acidente sem vítima;131;BR-101/ES;Sul;Colisão Lateral;1;0;1;0;0;0;0;1;;;2;0;0;0;0
09/11/2018;07:25:00;105;Acidente com vítima;191;BR-101/ES;Norte;Saída de Pista;1;0;0;0;0;0;0;0;;;0;1;0;0;0
09/11/2018;08:20:00;131;Acidente sem vítima;272,8;BR-101/ES;Norte;Colisão Lateral;1;0;1;0;0;0;0;2;;;4;0;0;0;0
09/11/2018;08:43:00;143;Acidente sem vítima;284;BR-101/ES;Norte;Saída de Pista;1;0;0;0;0;0;0;0;;;1;0;0;0;0
09/11/2018;12:12:00;228;Acidente sem vítima;277;BR-101/ES;Sul;Choque com Objeto Fixo;1;0;0;0;0;0;0;0;;;1;0;0;0;0
09/11/2018;13:36:00;262;Acidente sem vítima;277;BR-101/ES;Sul;Saída de Pista;0;0;0;0;0;0;0;2;;;1;0;0;0;0
09/11/2018;13:50:00;266;Acidente com vítima;301;BR-101/ES;Norte;Colisão Traseira;0;0;1;0;0;0;0;2;;;2;1;0;0;0
09/11/2018;14:35:00;277;Acidente sem vítima;255,5;BR-101/ES;Sul;Engavetamento;2;0;1;0;0;0;0;0;;;5;0;0;0;0
09/11/2018;16:34:00;319;Acidente sem vítima;146;BR-101/ES;Norte;Colisão Traseira;2;0;0;0;0;0;0;0;;;2;0;0;0;0
09/11/2018;19:36:00;375;Acidente sem vítima;257;BR-101/ES;Sul;Saída de Pista;1;0;0;0;0;0;0;0;;;1;0;0;0;0
09/11/2018;19:55:00;384;Acidente sem vítima;139;BR-101/ES;Norte;Choque com Objeto Fixo;0;0;1;0;0;0;0;0;;;1;0;0;0;0
09/11/2018;22:24:00;434;Acidente sem vítima;255;BR-101/ES;Norte;Colisão Traseira;2;0;0;0;0;0;0;0;;;3;0;0;0;0
09/11/2018;22:50:00;447;Acidente com vítima;22,3;BR-101/ES;Norte;Saída de Pista;1;0;0;0;0;0;0;0;;;0;1;0;0;0
10/11/2018;03:09:00;52;Acidente sem vítima;145;BR-101/ES;Sul;Saída de Pista;1;0;0;0;0;0;0;0;;;1;0;0;0;0
10/11/2018;05:24:00;75;Acidente sem vítima;257;BR-101/ES;Sul;Colisão Traseira;2;0;0;0;0;1;0;0;;;3;0;0;0;0
10/11/2018;07:43:00;98;Acidente sem vítima;408;BR-101/ES;Sul;Tombamento;0;0;0;0;0;0;0;2;;;1;0;0;0;0
10/11/2018;08:10:00;107;Acidente sem vítima;293;BR-101/ES;Sul;Colisão Traseira;0;0;1;0;0;0;0;3;;;3;0;0;0;0
10/11/2018;13:52:00;252;Acidente com vítima;272;BR-101/ES;Norte;Capotamento;1;0;0;0;0;0;0;0;;;1;1;0;0;0
10/11/2018;13:55:00;253;Acidente sem vítima;209;BR-101/ES;Sul;Colisão Traseira;1;0;0;0;0;0;0;2;;;3;0;0;0;0
10/11/2018;15:00:00;274;Acidente sem vítima;191;BR-101/ES;Sul;Saída de Pista;1;0;0;0;0;0;0;0;;;1;0;0;0;0
10/11/2018;16:10:00;298;Acidente sem vítima;66;BR-101/ES;Norte;Saída de Pista;1;0;0;0;0;0;0;0;;;2;0;0;0;0
10/11/2018;17:03:00;314;Acidente com vítima;272;BR-101/ES;Norte;Saída de Pista;1;0;0;0;0;0;0;0;;;0;0;1;0;0
10/11/2018;17:47:00;326;Acidente com vítima;192;BR-101/ES;Norte;Capotamento;1;0;0;0;0;0;0;0;;;0;0;2;0;0
10/11/2018;19:45:00;356;Acidente com vítima;261;BR-101/ES;Sul;Queda de Moto;0;0;0;1;0;0;0;0;;;0;1;0;0;0
11/11/2018;10:04:00;124;Acidente com vítima;307;BR-101/ES;Sul;Queda de Moto;0;0;0;1;0;0;0;0;;;0;0;1;0;0