data;horario;n_da_ocorrencia;tipo_de_ocorrencia;km;trecho;sentido;tipo_de_acidente;automovel;bicicleta;caminhao;moto;onibus;outros;tracao_animal;transporte_de_cargas_especiais;trator_maquinas;utilitarios;ilesos;levemente_feridos;moderadamente_feridos;gravemente_feridos;mortos
17/12/2018;06:38:00;72;Acidente com vítima;298;BR-101/ES;Sul;Colisão Traseira;1;0;0;1;0;0;0;0;;;2;0;1;0;0
17/12/2018;06:55:00;77;Acidente sem vítima;292;BR-101/ES;Norte;Engavetamento;4;0;0;0;0;0;0;0;;;3;0;0;0;0
17/12/2018;07:31:00;80;Acidente sem vítima;269;BR-101/ES;Norte;Colisão Lateral;1;0;1;0;0;0;0;0;;;2;0;0;0;0
17/12/2018;08:39:00;104;Acidente com vítima;414;BR-101/ES;Sul;Colisão Lateral;1;0;0;1;0;0;0;0;;;1;1;1;0;0
17/12/2018;10:25:00;148;Acidente sem vítima;301;BR-101/ES;Sul;Colisão Lateral;1;0;1;0;0;0;0;0;;;2;0;0;0;0
17/12/2018;10:50:00;168;Acidente sem vítima;262;BR-101/ES;Sul;Colisão Traseira;2;0;0;0;0;0;0;0;;;4;0;0;0;0
17/12/2018;13:37:00;238;Acidente com vítima;266;BR-101/ES;Sul;Choque com Objeto Fixo;0;0;0;1;1;0;0;0;;;1;0;1;1;0
17/12/2018;13:46:00;242;Acidente com vítima;67;BR-101/ES;Sul;Colisão Lateral;1;0;0;1;0;0;0;0;;;4;1;0;0;0
17/12/2018;14:42:00;259;Acidente sem vítima;377;BR-101/ES;Sul;Colisão Lateral;1;0;0;0;0;0;0;2;;;3;0;0;0;0
17/12/2018;16:03:00;291;Acidente sem vítima;257;BR-101/ES;Norte;Choque com Veículo Estacionado;4;0;0;0;0;0;0;0;;;3;0;0;0;0
17/12/2018;16:24:00;303;Acidente com vítima;316;BR-101/ES;Sul;Capotamento;1;0;0;0;0;0;0;0;;;0;2;0;0;0
17/12/2018;16:26:00;305;Atropelamento sem morte;309;BR-101/ES;Sul;Atropelamento e Fuga;0;0;1;0;0;0;0;0;;;0;0;0;1;0
17/12/2018;16:52:00;314;Acidente sem vítima;309;BR-101/ES;Sul;Colisão Traseira;1;0;0;0;0;0;0;2;;;2;0;0;0;0
17/12/2018;18:14:00;343;Acidente com vítima;159;BR-101/ES;Norte;Colisão Traseira;1;0;0;1;0;0;0;0;;;2;0;1;0;0
17/12/2018;18:16:00;344;Acidente com vítima;264;BR-101/ES;Norte;Colisão Traseira;0;0;0;2;0;0;0;0;;;1;0;1;0;0
18/12/2018;01:05:00;22;Acidente com vítima;270;BR-101/ES;Sul;Queda de Moto;0;0;0;1;0;0;0;0;;;0;1;1;0;0
18/12/2018;07:55:00;146;Acidente com vítima;287;BR-101/ES;Sul;Colisão Lateral;2;0;0;0;0;0;0;0;;;1;1;0;0;0
18/12/2018;10:08:00;201;Acidente sem vítima;270;BR-101/ES;Sul;Colisão Traseira;1;0;0;0;0;0;0;2;;;2;0;0;0;0
18/12/2018;14:52:00;330;Acidente sem vítima;284;BR-101/ES;Norte;Colisão Traseira;1;0;0;0;1;0;0;0;;;4;0;0;0;0
18/12/2018;15:39:00;350;Acidente com vítima;270;BR-101/ES;Norte;Colisão Lateral;1;0;0;0;0;0;0;2;;;1;0;1;0;0
18/12/2018;15:53:00;356;Acidente sem vítima;146;BR-101/ES;Norte;Colisão Traseira;2;0;0;0;0;0;0;0;;;2;0;0;0;0
18/12/2018;17:58:00;405;Acidente sem vítima;268;BR-101/ES;Norte;Engavetamento;3;0;0;0;0;0;0;0;;;3;0;0;0;0
19/12/2018;09:35:00;170;Acidente sem vítima;269;BR-101/ES;Sul;Engavetamento;3;0;0;0;0;0;0;0;;;3;0;0;0;0
19/12/2018;11:38:00;237;Acidente sem vítima;373;BR-101/ES;Sul;Colisão Transversal;2;0;0;0;0;0;0;0;;;4;0;0;0;0
19/12/2018;16:02:00;343;Acidente sem vítima;230;BR-101/ES;Norte;Colisão Traseira;1;0;1;0;0;0;0;0;;;2;0;0;0;0
19/12/2018;16:04:00;344;Atropelamento sem morte;298;BR-101/ES;Norte;Atropelamento;0;0;0;1;0;0;0;0;;;1;0;1;0;0
19/12/2018;19:00:00;403;Acidente sem vítima;242;BR-101/ES;Sul;Colisão Traseira;1;0;1;0;0;0;0;1;;;2;0;0;0;0
19/12/2018;20:33:00;432;Acidente sem vítima;12;BR-101/ES;Norte;Colisão Transversal;2;0;0;0;0;0;0;1;;;4;0;0;0;0
20/12/2018;06:31:00;85;Acidente com vítima;215;BR-101/ES;Sul;Queda de Moto;0;0;0;1;0;0;0;0;;;0;0;1;0;0
20/12/2018;08:40:00;132;Acidente sem vítima;393;BR-101/ES;Sul;Colisão Traseira;1;0;1;0;0;0;0;0;;;4;0;0;0;0
20/12/2018;08:44:00;135;Acidente com vítima;266;BR-101/ES;Sul;Queda de Moto;0;0;0;1;0;0;0;0;;;0;0;1;0;0
20/12/2018;09:15:00;146;Acidente com vítima;49,7;BR-101/ES;Sul;Colisão Transversal;1;0;0;1;0;0;0;0;;;0;1;1;0;0
20/12/2018;11:03:00;195;Acidente com vítima;448,5;BR-101/ES;Norte;Queda de Moto;0;0;0;1;0;0;0;0;;;0;2;0;0;0
20/12/2018;12:44:00;243;Acidente com vítima;256;BR-101/ES;Sul;Colisão Lateral;1;0;0;1;0;0;0;0;;;3;0;1;0;0
20/12/2018;13:03:00;253;Acidente sem vítima;208;BR-101/ES;Norte;Colisão Traseira;1;0;1;0;0;0;0;0;;;2;0;0;0;0
20/12/2018;15:21:00;302;Acidente sem vítima;266;BR-101/ES;Sul;Colisão Lateral;1;0;0;1;0;0;0;0;;;2;0;0;0;0
20/12/2018;16:15:00;323;Acidente sem vítima;294;BR-101/ES;Sul;Colisão Traseira;1;0;1;0;0;0;0;0;;;2;0;0;0;0
20/12/2018;17:02:00;337;Acidente sem vítima;228;BR-101/ES;Sul;Engavetamento;1;0;2;0;0;0;0;0;;;3;0;0;0;0
20/12/2018;17:16:00;342;Acidente sem vítima;307;BR-101/ES;Norte;Saída de Pista;1;0;0;0;0;0;0;0;;;3;0;0;0;0
20/12/2018;19:34:00;378;Acidente sem vítima;294;BR-101/ES;Sul;Capotamento;1;0;0;0;0;0;0;0;;;1;0;0;0;0
20/12/2018;20:14:00;387;Acidente sem vítima;342,5;BR-101/ES;Norte;Colisão Traseira;2;0;0;0;0;0;0;0;;;2;0;0;0;0
20/12/2018;20:36:00;398;Acidente com vítima;144;BR-101/ES;Norte;Queda de Moto;0;0;0;1;0;0;0;0;;;0;1;1;0;0
20/12/2018;21:02:00;406;Acidente com vítima;32;BR-101/ES;Sul;Queda de Moto;0;0;0;1;0;0;0;0;;;0;0;1;0;0
20/12/2018;22:23:00;429;Atropelamento sem morte;268;BR-101/ES;Sul;Atropelamento e Fuga;1;0;0;0;0;0;0;0;;;0;1;0;0;0
21/12/2018;04:06:00;63;Acidente com vítima;35;BR-101/ES;Norte;Choque com Objeto Fixo;1;0;0;0;0;0;0;0;;;2;2;0;1;0
21/12/2018;05:44:00;76;Atropelamento sem morte;268;BR-101/ES;Norte;Atropelamento;1;0;0;0;0;0;0;0;;;3;1;0;0;0
21/12/2018;08:12:00;117;Acidente com vítima;87;BR-101/ES;Sul;Queda de Moto;0;0;0;1;0;0;0;0;;;0;0;1;0;0
21/12/2018;08:46:00;129;Acidente sem vítima;262,5;BR-101/ES;Norte;Colisão Lateral;1;0;1;0;0;0;0;0;;;2;0;0;0;0
21/12/2018;09:34:00;154;Atropelamento com morte;272;BR-101/ES;Sul;Atropelamento;0;0;0;1;0;0;0;0;;;0;1;0;0;1
21/12/2018;10:24:00;170;Acidente sem vítima;305;BR-101/ES;Sul;Colisão Traseira;1;0;0;1;0;0;0;0;;;2;0;0;0;0
21/12/2018;10:48:00;185;Acidente com vítima;142;BR-101/ES;Sul;Colisão Lateral;1;0;0;1;0;0;0;0;;;3;1;0;0;0
21/12/2018;14:07:00;284;Acidente sem vítima;293;BR-101/ES;Norte;Colisão Traseira;1;0;1;0;0;0;0;0;;;2;0;0;0;0
21/12/2018;16:35:00;342;Acidente com vítima;265;BR-101/ES;Norte;Colisão Traseira;2;0;0;0;0;0;0;0;;;3;0;1;0;0
21/12/2018;16:53:00;354;Acidente com vítima;266;BR-101/ES;Sul;Colisão Traseira;0;0;1;1;0;0;0;0;;;1;0;1;0;0
21/12/2018;17:50:00;378;Acidente sem vítima;273;BR-101/ES;Sul;Capotamento;1;0;0;0;0;0;0;0;;;1;0;0;0;0
21/12/2018;20:21:00;427;Acidente sem vítima;122,9;BR-101/ES;Sul;Saída de Pista;1;0;0;0;0;0;0;0;;;1;0;0;0;0
22/12/2018;00:14:00;3;Acidente sem vítima;363;BR-101/ES;Sul;Choque com Objeto Fixo;1;0;0;0;0;0;0;0;;;1;0;0;0;0
22/12/2018;03:34:00;53;Acidente sem vítima;264;BR-101/ES;Norte;Choque com Objeto Fixo;1;0;0;0;0;0;0;0;;;1;0;0;0;0
22/12/2018;04:22:00;62;Acidente sem vítima;63,5;BR-101/ES;Norte;Saída de Pista;0;0;1;0;0;0;0;0;;;1;0;0;0;0
22/12/2018;07:37:00;110;Acidente com vítima;103;BR-101/ES;Norte;Colisão Traseira;3;0;0;0;0;0;0;0;;;5;3;0;0;0
22/12/2018;07:41:00;113;Acidente com vítima;265;BR-101/ES;Norte;Colisão Traseira;1;0;0;1;0;0;0;0;;;1;1;1;0;0
22/12/2018;08:04:00;128;Acidente com vítima;437;BR-101/ES;Norte;Saída de Pista;2;0;0;0;0;0;0;0;;;5;2;1;0;0
22/12/2018;10:20:00;182;Acidente sem vítima;61;BR-101/ES;Norte;Colisão Traseira;2;0;0;0;0;0;0;0;;;10;0;0;0;0
22/12/2018;11:32:00;212;Acidente com vítima;258;BR-101/ES;Norte;Colisão Traseira;1;0;0;1;0;0;0;0;;;1;0;0;1;0
22/12/2018;11:50:00;220;Acidente sem vítima;234;BR-101/ES;Sul;Engavetamento;2;0;1;0;0;0;0;0;;;6;0;0;0;0
22/12/2018;13:05:00;253;Acidente com vítima;258;BR-101/ES;Norte;Colisão Traseira;1;0;0;0;0;0;0;2;;;4;0;0;1;0
22/12/2018;13:33:00;264;Acidente sem vítima;401;BR-101/ES;Norte;Colisão Traseira;2;0;0;0;0;0;0;0;;;4;0;0;0;0
22/12/2018;15:05:00;292;Acidente sem vítima;267;BR-101/ES;Sul;Engavetamento;3;0;0;0;0;0;0;0;;;3;0;0;0;0
22/12/2018;15:11:00;293;Acidente sem vítima;125;BR-101/ES;Norte;Colisão Traseira;3;0;0;0;0;0;0;0;;;14;0;0;0;0
22/12/2018;16:51:00;332;Acidente sem vítima;165;BR-101/ES;Sul;Saída de Pista;1;0;0;0;0;0;0;0;;;4;0;0;0;0
22/12/2018;17:01:00;336;Acidente sem vítima;270;BR-101/ES;Sul;Colisão Lateral;2;0;0;0;0;0;0;0;;;2;0;0;0;0
22/12/2018;20:37:00;402;Acidente com vítima;268;BR-101/ES;Sul;Colisão Transversal;1;0;0;1;0;0;0;0;;;0;1;1;0;0
22/12/2018;21:09:00;412;Acidente com vítima;292;BR-101/ES;Norte;Queda de Moto;0;0;0;1;0;0;0;0;;;0;0;1;0;0
23/12/2018;02:50:00;48;Acidente sem vítima;45;BR-101/ES;Sul;Saída de Pista;1;0;0;0;0;0;0;0;;;1;0;0;0;0
23/12/2018;03:24:00;53;Acidente com vítima;329;BR-101/ES;Sul;Saída de Pista;1;0;0;0;0;0;0;0;;;0;0;1;0;0
23/12/2018;04:29:00;66;Acidente sem vítima;31;BR-101/ES;Sul;Colisão Traseira;1;0;0;0;0;0;0;3;;;3;0;0;0;0
23/12/2018;07:56:00;105;Acidente sem vítima;271;BR-101/ES;Norte;Veículo em Chamas;1;0;0;0;0;0;0;0;;;1;0;0;0;0
23/12/2018;08:42:00;116;Acidente com vítima;346;BR-101/ES;Sul;Queda de ciclista;0;1;0;0;0;0;0;0;;;0;1;0;0;0
23/12/2018;08:43:00;117;Acidente com vítima;100;BR-101/ES;Sul;Saída de Pista;1;0;0;0;0;0;0;0;;;1;1;0;0;0
23/12/2018;11:26:00;178;Acidente com vítima;393;BR-101/ES;Norte;Queda de Moto;1;0;0;0;0;0;0;0;;;1;0;1;0;0
23/12/2018;12:12:00;203;Acidente sem vítima;0,8;BR-101/ES;Sul;Choque com Objeto Fixo;0;0;1;0;0;0;0;2;;;2;0;0;0;0
23/12/2018;14:14:00;253;Acidente sem vítima;399;BR-101/ES;Norte;Colisão Traseira;2;0;0;0;0;0;0;0;;;4;0;0;0;0
23/12/2018;18:02:00;323;Acidente com vítima;197;BR-101/ES;Norte;Choque;1;0;0;0;0;0;0;0;;;0;0;0;1;0
23/12/2018;18:40:00;330;Acidente sem vítima;223;BR-101/ES;Sul;Saída de Pista;1;0;0;0;0;0;0;0;;;4;0;0;0;0
23/12/2018;18:49:00;333;Acidente sem vítima;208;BR-101/ES;Sul;Colisão Lateral;1;0;0;0;0;0;0;2;;;5;0;0;0;0
23/12/2018;18:57:00;336;Acidente com vítima;207;BR-101/ES;Sul;Choque com Objeto Fixo;1;0;0;0;0;0;0;0;;;1;0;1;0;0
24/12/2018;01:26:00;23;Atropelamento sem morte;94,6;BR-101/ES;Sul;Atropelamento;0;0;0;0;0;0;0;3;;;1;0;0;1;0
24/12/2018;06:15:00;74;Acidente com vítima;107;BR-101/ES;Sul;Saída de Pista;1;0;0;0;0;0;0;0;;;1;2;2;0;0
24/12/2018;06:40:00;75;Acidente sem vítima;243;BR-101/ES;Sul;Queda de Moto;0;0;0;1;0;0;0;0;;;2;0;0;0;0
24/12/2018;12:23:00;182;Acidente com vítima;305;BR-101/ES;Sul;Queda de Moto;0;0;0;1;0;0;0;0;;;0;1;0;0;0
24/12/2018;12:28:00;186;Acidente sem vítima;305;BR-101/ES;Norte;Queda de Moto;0;0;0;1;0;0;0;0;;;1;0;0;0;0
24/12/2018;12:44:00;201;Acidente com vítima;334;BR-101/ES;Sul;Saída de Pista;1;0;0;0;0;0;0;0;;;1;1;0;0;0
24/12/2018;12:46:00;203;Acidente sem vítima;339;BR-101/ES;Sul;Choque com Objeto Fixo;0;0;0;0;0;0;0;2;;;1;0;0;0;0
24/12/2018;17:05:00;280;Acidente com vítima;289;BR-101/ES;Sul;Colisão Traseira;1;0;0;1;0;0;0;0;;;1;0;1;0;0
24/12/2018;17:21:00;286;Acidente sem vítima;290;BR-101/ES;Sul;Choque com Objeto Fixo;0;0;1;0;0;0;0;0;;;1;0;0;0;0
24/12/2018;17:44:00;293;Acidente sem vítima;291;BR-101/ES;Norte;Colisão Traseira;2;0;0;0;0;0;0;0;;;2;0;0;0;0
24/12/2018;23:48:00;371;Acidente com morte;231;BR-101/ES;Sul;Colisão Frontal;1;0;0;1;0;0;0;0;;;0;0;1;0;2
25/12/2018;03:37:00;52;Acidente sem vítima;260;BR-101/ES;Sul;Colisão Lateral;2;0;0;0;0;0;0;0;;;4;0;0;0;0
25/12/2018;05:33:00;67;Acidente sem vítima;287;BR-101/ES;Norte;Choque com Objeto Fixo;1;0;0;0;0;0;0;0;;;1;0;0;0;0
25/12/2018;16:25:00;255;Acidente sem vítima;276;BR-101/ES;Norte;Queda de Moto;1;0;0;0;0;0;0;0;;;2;0;0;0;0
25/12/2018;16:30:00;256;Acidente com vítima;145;BR-101/ES;Norte;Colisão Traseira;1;0;0;1;0;0;0;0;;;3;0;1;0;0
25/12/2018;16:47:00;261;Acidente sem vítima;62;BR-101/ES;Norte;Colisão Lateral;2;0;0;0;0;0;0;0;;;4;0;0;0;0
25/12/2018;17:34:00;274;Acidente sem vítima;413;BR-101/ES;Sul;Colisão Traseira;3;0;0;0;0;0;0;0;;;6;0;0;0;0
25/12/2018;17:38:00;277;Acidente sem vítima;372;BR-101/ES;Norte;Choque com Objeto Fixo;1;0;0;0;0;0;0;0;;;2;0;0;0;0
25/12/2018;17:58:00;282;Atropelamento sem morte;229;BR-101/ES;Norte;Atropelamento e Fuga;0;0;0;0;1;0;0;0;;;0;0;1;0;0
25/12/2018;18:33:00;292;Acidente sem vítima;386,2;BR-101/ES;Norte;Saída de Pista;1;0;0;0;0;0;0;0;;;2;0;0;0;0
25/12/2018;19:13:00;305;Acidente sem vítima;260;BR-101/ES;Norte;Choque com Objeto Fixo;1;0;0;0;0;0;0;0;;;2;0;0;0;0
25/12/2018;20:30:00;332;Acidente sem vítima;453;BR-101/ES;Norte;Saída de Pista;1;0;0;0;0;0;0;0;;;2;0;0;0;0
25/12/2018;21:34:00;344;Acidente sem vítima;284;BR-101/ES;Norte;Saída de Pista;1;0;0;0;0;0;0;0;;;1;0;0;0;0
26/12/2018;00:03:00;2;Acidente sem vítima;130;BR-101/ES;Norte;Saída de Pista;1;0;0;0;0;0;0;0;;;1;0;0;0;0
26/12/2018;06:06:00;80;Acidente com vítima;36;BR-101/ES;Sul;Saída de Pista;1;0;0;0;0;0;0;0;;;0;0;2;2;0
26/12/2018;08:05:00;116;Acidente com vítima;270;BR-101/ES;Sul;Queda de Moto;0;0;0;1;0;0;0;0;;;0;1;0;0;0
26/12/2018;09:00:00;129;Acidente sem vítima;264;BR-101/ES;Norte;Colisão Traseira;2;0;0;0;0;0;0;0;;;2;0;0;0;0
26/12/2018;09:45:00;148;Acidente com vítima;222,7;BR-101/ES;Norte;Saída de Pista;1;0;0;0;0;0;0;0;;;0;0;1;0;0
26/12/2018;13:26:00;256;Acidente sem vítima;212;BR-101/ES;Norte;Colisão Traseira;1;0;1;0;0;0;0;0;;;2;0;0;0;0
26/12/2018;17:07:00;339;Acidente sem vítima;264;BR-101/ES;Norte;Colisão Traseira;2;0;0;0;0;0;0;0;;;2;0;0;0;0
26/12/2018;17:13:00;341;Acidente sem vítima;242;BR-101/ES;Norte;Colisão Traseira;2;0;0;0;0;0;0;0;;;7;0;0;0;0
26/12/2018;17:26:00;345;Acidente sem vítima;92;BR-101/ES;Norte;Colisão Traseira;2;0;0;0;0;0;0;0;;;2;0;0;0;0
26/12/2018;18:46:00;369;Acidente sem vítima;67;BR-101/ES;Sul;Colisão Transversal;1;0;1;0;0;0;0;0;;;2;0;0;0;0
26/12/2018;21:43:00;404;Acidente com vítima;0,8;BR-101/ES;Sul;Queda de Moto;0;0;0;1;0;0;0;0;;;0;1;0;0;0
27/12/2018;03:40:00;47;Acidente sem vítima;120,5;BR-101/ES;Norte;Choque;0;0;1;0;0;0;0;0;;;1;0;0;0;0
27/12/2018;07:46:00;126;Acidente sem vítima;276;BR-101/ES;Sul;Capotamento;1;0;0;0;0;0;0;0;;;1;0;0;0;0
27/12/2018;10:57:00;223;Acidente com vítima;383;BR-101/ES;Sul;Colisão Lateral;0;0;1;0;0;0;0;2;;;0;1;1;1;0
27/12/2018;14:40:00;303;Acidente sem vítima;393;BR-101/ES;Norte;Colisão Traseira;1;0;1;0;0;0;0;0;;;4;0;0;0;0
27/12/2018;14:42:00;307;Acidente com vítima;102;BR-101/ES;Sul;Engavetamento;0;0;3;0;0;0;0;0;;;3;0;1;0;0
27/12/2018;19:51:00;404;Acidente com vítima;18;BR-101/ES;Norte;Colisão Lateral;2;0;0;0;0;0;0;0;;;1;2;0;0;0
27/12/2018;21:08:00;420;Acidente com vítima;410;BR-101/ES;Norte;Colisão Lateral;4;0;0;0;0;0;0;0;;;5;5;1;0;0
27/12/2018;23:07:00;449;Acidente sem vítima;259;BR-101/ES;Norte;Choque com Objeto Fixo;2;0;0;0;0;0;0;0;;;4;0;0;0;0
28/12/2018;00:56:00;18;Acidente sem vítima;291;BR-101/ES;Sul;Saída de Pista;1;0;0;0;0;0;0;0;;;1;0;0;0;0
28/12/2018;01:16:00;22;Acidente sem vítima;314;BR-101/ES;Norte;Atropelamento Animal;1;0;0;0;0;0;0;0;;;1;0;0;0;0
28/12/2018;10:38:00;177;Acidente sem vítima;256;BR-101/ES;Norte;Colisão Traseira;1;0;1;0;0;0;0;0;;;2;0;0;0;0
28/12/2018;12:24:00;238;Acidente sem vítima;342;BR-101/ES;Norte;Colisão Lateral;1;0;1;0;0;0;0;0;;;8;0;0;0;0
28/12/2018;15:04:00;303;Acidente sem vítima;271;BR-101/ES;Norte;Colisão Lateral;1;0;0;0;0;0;0;2;;;2;0;0;0;0
28/12/2018;15:41:00;317;Acidente sem vítima;254;BR-101/ES;Norte;Colisão Traseira;2;0;0;0;0;0;0;0;;;2;0;0;0;0
28/12/2018;16:50:00;341;Acidente sem vítima;202;BR-101/ES;Norte;Colisão Transversal;1;0;0;1;0;0;0;0;;;3;0;0;0;0
28/12/2018;17:21:00;358;Acidente sem vítima;393;BR-101/ES;Norte;Colisão Traseira;1;0;0;0;0;0;0;2;;;4;0;0;0;0
28/12/2018;17:42:00;368;Acidente sem vítima;414;BR-101/ES;Sul;Engavetamento;2;0;1;0;0;0;0;0;;;5;0;0;0;0
28/12/2018;18:54:00;380;Acidente sem vítima;121;BR-101/ES;Norte;Saída de Pista;1;0;0;0;0;0;0;0;;;1;0;0;0;0
28/12/2018;23:41:00;471;Acidente com vítima;394;BR-101/ES;Sul;Colisão Lateral;1;0;1;0;0;0;0;0;;;1;3;0;0;0
29/12/2018;01:03:00;23;Acidente sem vítima;394;BR-101/ES;Norte;Colisão Traseira;2;0;0;0;0;0;0;0;;;2;0;0;0;0
29/12/2018;01:09:00;26;Acidente sem vítima;281,5;BR-101/ES;Sul;Choque com Objeto Fixo;1;0;0;0;0;0;0;0;;;1;0;0;0;0
29/12/2018;04:35:00;60;Atropelamento com morte;141,6;BR-101/ES;Sul;Atropelamento e Fuga;1;0;0;0;0;0;0;0;;;0;0;0;0;1
29/12/2018;06:51:00;80;Acidente sem vítima;278;BR-101/ES;Sul;Choque com Objeto Fixo;1;0;0;0;0;0;0;0;;;1;0;0;0;0
29/12/2018;07:41:00;91;Acidente sem vítima;287;BR-101/ES;Sul;Colisão Lateral;2;0;0;0;0;0;0;0;;;2;0;0;0;0
29/12/2018;08:18:00;97;Acidente com vítima;378;BR-101/ES;Norte;Colisão Traseira;1;0;0;1;0;0;0;0;;;5;1;0;0;0
29/12/2018;10:09:00;138;Acidente sem vítima;219;BR-101/ES;Sul;Colisão Lateral;2;0;0;0;0;0;0;0;;;6;0;0;0;0
29/12/2018;10:19:00;140;Acidente sem vítima;403;BR-101/ES;Norte;Colisão Traseira;2;0;0;0;0;0;0;0;;;6;0;0;0;0
29/12/2018;10:58:00;163;Acidente sem vítima;939;BR-101/BA;Sul;Colisão Transversal;2;0;0;0;0;1;0;0;;;7;0;0;0;0
29/12/2018;13:29:00;237;Acidente sem vítima;385;BR-101/ES;Norte;Engavetamento;3;0;0;0;0;0;0;0;;;11;0;0;0;0
29/12/2018;15:48:00;282;Acidente sem vítima;955;BR-101/BA;Norte;Capotamento;1;0;0;0;0;0;0;0;;;1;0;0;0;0
29/12/2018;15:59:00;286;Acidente com vítima;266;BR-101/ES;Sul;Colisão Traseira;2;0;0;1;0;0;0;0;;;6;0;1;0;0
29/12/2018;16:06:00;287;Acidente sem vítima;206;BR-101/ES;Sul;Choque com Objeto Fixo;1;0;0;0;0;0;0;0;;;2;0;0;0;0
29/12/2018;16:19:00;293;Acidente sem vítima;227;BR-101/ES;Sul;Engavetamento;4;0;0;0;0;0;0;0;;;14;0;0;0;0
29/12/2018;17:36:00;325;Acidente sem vítima;211;BR-101/ES;Sul;Engavetamento;3;0;0;0;0;0;0;0;;;3;0;0;0;0
29/12/2018;17:41:00;328;Acidente sem vítima;260;BR-101/ES;Sul;Saída de Pista;1;0;0;0;0;0;0;0;;;2;0;0;0;0
29/12/2018;17:42:00;330;Acidente sem vítima;301;BR-101/ES;Sul;Engavetamento;3;0;0;0;0;0;0;0;;;5;0;0;0;0
29/12/2018;17:42:00;331;Acidente com vítima;143;BR-101/ES;Sul;Capotamento;1;0;0;0;0;0;0;0;;;1;0;1;0;0
29/12/2018;19:03:00;350;Acidente com vítima;170;BR-101/ES;Sul;Saída de Pista;0;0;0;1;0;0;0;0;;;1;0;1;0;0
29/12/2018;19:20:00;355;Acidente sem vítima;361,5;BR-101/ES;Sul;Saída de Pista;1;0;0;0;0;0;0;0;;;2;0;0;0;0
30/12/2018;01:24:00;24;Acidente sem vítima;457;BR-101/ES;Sul;Colisão Transversal;1;0;0;0;1;0;0;0;;;5;0;0;0;0
30/12/2018;02:18:00;37;Acidente com vítima;257;BR-101/ES;Norte;Colisão Traseira;1;0;0;1;0;0;0;0;;;1;1;0;0;0
30/12/2018;07:42:00;95;Acidente sem vítima;225;BR-101/ES;Norte;Capotamento;1;0;0;0;0;0;0;0;;;5;0;0;0;0
30/12/2018;10:41:00;156;Acidente sem vítima;203;BR-101/ES;Sul;Engavetamento;3;0;0;0;0;0;0;0;;;7;0;0;0;0
30/12/2018;11:57:00;195;Acidente com vítima;383,8;BR-101/ES;Sul;Tombamento;1;0;0;0;0;0;0;0;;;0;1;0;0;0
30/12/2018;12:57:00;214;Acidente sem vítima;425;BR-101/ES;Sul;Saída de Pista;1;0;0;0;0;0;0;0;;;1;0;0;0;0
30/12/2018;19:13:00;318;Acidente sem vítima;117;BR-101/ES;Norte;Saída de Pista;1;0;0;0;0;0;0;0;;;6;0;0;0;0
30/12/2018;20:20:00;331;Acidente com vítima;262;BR-101/ES;Sul;Choque com Objeto Fixo;1;0;0;0;0;0;0;0;;;2;2;3;0;0
31/12/2018;05:49:00;62;Acidente sem vítima;939;BR-101/BA;Sul;Saída de Pista;1;0;0;0;0;0;0;0;;;1;0;0;0;0
31/12/2018;05:59:00;66;Acidente com vítima;149;BR-101/ES;Sul;Choque com Objeto Fixo;1;0;0;0;0;0;0;0;;;0;0;0;1;0
31/12/2018;16:19:00;226;Acidente sem vítima;290,8;BR-101/ES;Sul;Colisão Traseira;2;0;0;0;0;0;0;0;;;4;0;0;0;0
31/12/2018;17:39:00;258;Acidente com vítima;188;BR-101/ES;Norte;Capotamento;0;0;1;0;0;0;0;1;;;0;3;0;0;0
31/12/2018;19:20:00;282;Acidente com vítima;209;BR-101/ES;Sul;Queda de Moto;0;0;0;1;0;0;0;0;;;0;2;0;0;0
31/12/2018;19:51:00;290;Acidente com vítima;399;BR-101/ES;Sul;Capotamento;1;0;0;0;0;0;0;0;;;0;2;0;0;0
31/12/2018;21:01:00;306;Acidente com vítima;65;BR-101/ES;Sul;Colisão Traseira;1;0;0;1;0;0;0;0;;;3;1;0;0;0
01/01/2019;10:08:00;120;Acidente com vítima;121,6;BR-101/ES;Norte;Colisão Lateral;2;0;0;0;0;0;0;0;;;8;0;1;0;0
01/01/2019;15:19:00;236;Acidente com vítima;941;BR-101/BA;Norte;Colisão Transversal;1;0;0;1;0;0;0;0;;;5;0;1;0;0
01/01/2019;15:51:00;245;Acidente com vítima;77;BR-101/ES;Norte;Colisão Traseira;1;0;0;1;0;0;0;0;;;5;0;2;0;0
01/01/2019;16:52:00;270;Acidente sem vítima;264;BR-101/ES;Norte;Choque com Objeto Fixo;1;0;0;0;0;0;0;0;;;2;0;0;0;0
01/01/2019;18:06:00;300;Acidente sem vítima;263;BR-101/ES;Sul;Colisão Transversal;2;0;0;0;0;0;0;0;;;2;0;0;0;0
01/01/2019;21:01:00;335;Acidente sem vítima;269;BR-101/ES;Sul;Colisão Transversal;2;0;0;0;0;0;0;0;;;2;0;0;0;0
01/01/2019;21:22:00;342;Acidente sem vítima;380;BR-101/ES;Sul;Saída de Pista;1;0;0;0;0;0;0;0;;;3;0;0;0;0
01/01/2019;22:08:00;350;Acidente sem vítima;329;BR-101/ES;Norte;Colisão Lateral;2;0;0;0;0;0;0;0;;;2;0;0;0;0
01/01/2019;22:44:00;357;Acidente sem vítima;119,3;BR-101/ES;Sul;Saída de Pista;0;0;0;0;1;0;0;0;;;2;0;0;0;0