data;horario;n_da_ocorrencia;tipo_de_ocorrencia;km;trecho;sentido;tipo_de_acidente;automovel;bicicleta;caminhao;moto;onibus;outros;tracao_animal;transporte_de_cargas_especiais;trator_maquinas;utilitarios;ilesos;levemente_feridos;moderadamente_feridos;gravemente_feridos;mortos
21/03/2019;10:44:00;192;Atropelamento sem morte;349;BR-101/ES;Sul;Atropelamento;0;0;1;0;0;0;0;0;;;1;0;0;1;0
21/03/2019;15:23:00;289;Acidente sem vítima;262;BR-101/ES;Norte;Engavetamento;3;0;0;0;0;0;0;0;;;3;0;0;0;0
21/03/2019;15:32:00;294;Acidente sem vítima;22;BR-101/ES;Sul;Colisão Frontal;1;0;1;0;0;0;0;0;;;2;0;0;0;0
21/03/2019;15:48:00;295;Acidente sem vítima;270;BR-101/ES;Sul;Colisão Traseira;2;0;0;0;0;0;0;0;;;2;0;0;0;0
21/03/2019;16:06:00;298;Acidente com vítima;283;BR-101/ES;Sul;Queda de Moto;0;0;0;1;0;0;0;0;;;0;0;1;0;0
21/03/2019;17:57:00;331;Acidente com vítima;268;BR-101/ES;Norte;Colisão Traseira;1;0;0;1;0;0;0;0;;;0;0;1;0;0
21/03/2019;18:17:00;335;Acidente sem vítima;358;BR-101/ES;Sul;Tombamento;0;0;1;0;0;0;0;0;;;1;0;0;0;0
21/03/2019;18:49:00;340;Acidente com vítima;270;BR-101/ES;Norte;Colisão Traseira;1;0;0;1;0;0;0;0;;;1;0;1;0;0
21/03/2019;19:24:00;352;Acidente com vítima;295;BR-101/ES;Sul;Capotamento;1;0;0;0;0;0;0;0;;;1;1;0;0;0
21/03/2019;19:28:00;354;Acidente sem vítima;272;BR-101/ES;Norte;Choque com Objeto Fixo;2;0;0;0;0;0;0;2;;;3;0;0;0;0
21/03/2019;19:30:00;355;Acidente com vítima;266;BR-101/ES;Norte;Colisão Lateral;1;0;0;1;0;0;0;0;;;1;0;1;0;0
21/03/2019;20:23:00;361;Acidente sem vítima;174;BR-101/ES;Sul;Colisão Transversal;1;0;1;0;0;0;0;0;;;2;0;0;0;0
21/03/2019;21:17:00;369;Acidente sem vítima;271;BR-101/ES;Sul;Colisão Lateral;1;0;0;0;0;0;0;2;;;2;0;0;0;0
21/03/2019;23:02:00;408;Acidente sem vítima;431;BR-101/ES;Sul;Saída de Pista;1;0;0;0;0;0;0;0;;;1;0;0;0;0
22/03/2019;05:29:00;67;Acidente sem vítima;335;BR-101/ES;Norte;Choque com Objeto Fixo;0;0;1;0;0;0;0;0;;;2;0;0;0;0
22/03/2019;07:14:00;81;Acidente com vítima;270;BR-101/ES;Norte;Colisão Lateral;0;0;1;1;0;0;0;0;;;1;0;1;0;0
22/03/2019;15:07:00;305;Acidente sem vítima;254;BR-101/ES;Sul;Engavetamento;3;0;0;0;0;0;0;0;;;3;0;0;0;0
22/03/2019;15:12:00;308;Acidente sem vítima;255;BR-101/ES;Sul;Engavetamento;3;0;0;0;0;0;0;2;;;4;0;0;0;0
22/03/2019;16:36:00;331;Acidente sem vítima;346;BR-101/ES;Norte;Colisão Traseira;2;0;0;0;0;0;0;0;;;2;0;0;0;0
22/03/2019;16:39:00;332;Acidente sem vítima;436;BR-101/ES;Norte;Saída de Pista;1;0;0;0;0;0;0;0;;;1;0;0;0;0
22/03/2019;16:41:00;333;Acidente com vítima;174;BR-101/ES;Norte;Queda de Moto;0;0;0;1;0;0;0;0;;;0;1;1;0;0
22/03/2019;17:10:00;338;Acidente sem vítima;258;BR-101/ES;Norte;Atropelamento Animal;1;0;0;0;0;0;0;0;;;1;0;0;0;0
22/03/2019;17:29:00;347;Acidente com vítima;264;BR-101/ES;Norte;Colisão Transversal;1;0;0;1;0;0;0;0;;;2;0;1;0;0
22/03/2019;18:56:00;371;Acidente sem vítima;259;BR-101/ES;Sul;Saída de Pista;1;0;0;0;0;0;0;0;;;1;0;0;0;0
22/03/2019;20:16:00;385;Acidente sem vítima;149;BR-101/ES;Norte;Colisão Transversal;1;0;0;0;0;0;0;0;;;1;0;0;0;0
22/03/2019;21:19:00;400;Acidente sem vítima;265;BR-101/ES;Norte;Colisão Traseira;2;0;0;0;0;0;0;0;;;2;0;0;0;0
22/03/2019;22:53:00;419;Acidente com vítima;296;BR-101/ES;Sul;Queda de Moto;0;0;0;1;0;0;0;0;;;0;1;0;0;0
22/03/2019;22:53:00;420;Acidente com vítima;266;BR-101/ES;Norte;Colisão Traseira;1;0;1;0;0;0;0;0;;;2;1;0;0;0
23/03/2019;00:16:00;4;Acidente com vítima;414;BR-101/ES;Sul;Tombamento;0;0;1;0;0;0;0;0;;;1;0;1;0;0
23/03/2019;05:58:00;81;Acidente sem vítima;266;BR-101/ES;Sul;Colisão Traseira;2;0;0;0;0;0;0;0;;;5;0;0;0;0
23/03/2019;09:14:00;118;Acidente sem vítima;335;BR-101/ES;Norte;Atropelamento Animal;1;0;0;0;0;0;0;0;;;1;0;0;0;0
23/03/2019;09:26:00;124;Acidente sem vítima;252;BR-101/ES;Norte;Colisão Lateral;0;0;2;0;0;0;0;0;;;2;0;0;0;0
23/03/2019;09:57:00;139;Acidente com vítima;267;BR-101/ES;Norte;Queda de Moto;1;0;0;1;0;0;0;0;;;1;0;0;1;0
23/03/2019;12:12:00;189;Acidente sem vítima;380;BR-101/ES;Norte;Queda de Moto;0;0;0;1;0;0;0;0;;;2;0;0;0;0
23/03/2019;15:49:00;264;Acidente sem vítima;277;BR-101/ES;Norte;Colisão Traseira;0;0;1;0;0;0;0;2;;;2;0;0;0;0
23/03/2019;17:03:00;291;Acidente sem vítima;272;BR-101/ES;Sul;Colisão Lateral;1;0;0;0;0;0;0;2;;;2;0;0;0;0
23/03/2019;18:54:00;319;Acidente sem vítima;125;BR-101/ES;Sul;Saída de Pista;1;0;0;0;0;0;0;0;;;2;0;0;0;0
23/03/2019;20:40:00;336;Acidente sem vítima;65;BR-101/ES;Sul;Veículo em Chamas;1;0;0;0;0;0;0;0;;;1;0;0;0;0
23/03/2019;21:09:00;340;Acidente com vítima;167,5;BR-101/ES;Sul;Colisão com ciclista;0;1;0;1;0;0;0;0;;;1;0;1;0;0
24/03/2019;07:18:00;71;Acidente com vítima;268;BR-101/ES;Norte;Queda de Moto;1;0;0;0;0;0;0;0;;;0;1;0;0;0
24/03/2019;11:29:00;150;Acidente sem vítima;262;BR-101/ES;Sul;Colisão Traseira;1;0;0;0;0;0;0;0;;;1;0;0;0;0
24/03/2019;13:01:00;185;Acidente com morte;281,5;BR-101/ES;Sul;Saída de Pista;1;0;0;0;0;0;0;0;;;0;0;0;0;1
24/03/2019;13:29:00;191;Acidente com vítima;229;BR-101/ES;Sul;Colisão Traseira;1;0;0;1;0;0;0;0;;;1;0;1;0;0
24/03/2019;13:42:00;201;Acidente com vítima;281,6;BR-101/ES;Sul;Choque com Objeto Fixo;1;0;0;0;0;0;0;0;;;0;1;0;0;0
24/03/2019;19:20:00;280;Acidente com vítima;294;BR-101/ES;Norte;Colisão Lateral;1;0;0;1;0;0;0;0;;;1;0;1;0;0
24/03/2019;19:27:00;281;Acidente sem vítima;323,2;BR-101/ES;Sul;Saída de Pista;1;0;0;0;0;0;0;0;;;1;0;0;0;0
25/03/2019;00:49:00;18;Acidente com vítima;8,5;BR-101/ES;Norte;Saída de Pista;0;0;1;0;0;0;0;0;;;0;0;0;1;0
25/03/2019;13:18:00;233;Acidente sem vítima;66;BR-101/ES;Norte;Engavetamento;3;0;0;0;0;0;0;0;;;4;0;0;0;0
25/03/2019;14:02:00;250;Acidente sem vítima;301;BR-101/ES;Norte;Colisão Traseira;2;0;0;0;0;0;0;0;;;3;0;0;0;0
26/03/2019;05:17:00;57;Acidente com vítima;228;BR-101/ES;Sul;Colisão Transversal;1;0;0;1;0;0;0;0;;;1;1;0;0;0
26/03/2019;07:51:00;125;Acidente com vítima;272;BR-101/ES;Norte;Colisão com ciclista;0;1;0;1;0;0;0;0;;;0;0;1;1;0
26/03/2019;09:11:00;148;Acidente sem vítima;268;BR-101/ES;Sul;Engavetamento;4;0;0;0;0;0;0;0;;;4;0;0;0;0
26/03/2019;10:41:00;187;Acidente sem vítima;270;BR-101/ES;Norte;Colisão Lateral;1;0;0;0;0;0;0;2;;;2;0;0;0;0
26/03/2019;11:12:00;203;Acidente sem vítima;266;BR-101/ES;Sul;Colisão Traseira;2;0;0;0;0;0;0;0;;;1;0;0;0;0
26/03/2019;12:40:00;241;Acidente com vítima;214;BR-101/ES;Sul;Colisão Lateral;1;0;1;0;0;0;0;0;;;3;1;0;0;0
26/03/2019;15:47:00;304;Acidente sem vítima;292;BR-101/ES;Norte;Colisão Lateral;2;0;0;0;0;0;0;0;;;2;0;0;0;0
26/03/2019;19:39:00;376;Acidente sem vítima;344;BR-101/ES;Sul;Colisão Traseira;0;0;1;0;0;0;0;0;;;1;0;0;0;0
27/03/2019;04:09:00;62;Acidente sem vítima;417;BR-101/ES;Sul;Atropelamento de Bovino;0;0;0;0;0;0;0;2;;;1;0;0;0;0
27/03/2019;05:00:00;65;Atropelamento sem morte;299;BR-101/ES;Norte;Atropelamento e Fuga;1;0;0;0;0;0;0;0;;;0;0;1;0;0
27/03/2019;08:04:00;141;Acidente com vítima;293;BR-101/ES;Norte;Colisão Traseira;1;0;0;1;0;0;0;0;;;1;1;1;0;0
27/03/2019;08:24:00;148;Acidente sem vítima;299;BR-101/ES;Norte;Colisão Traseira;0;0;0;0;0;0;0;2;;;1;0;0;0;0
27/03/2019;09:04:00;165;Acidente sem vítima;270;BR-101/ES;Norte;Colisão Lateral;1;0;0;0;0;0;0;2;;;2;0;0;0;0
27/03/2019;09:52:00;181;Acidente sem vítima;302;BR-101/ES;Norte;Colisão Traseira;1;0;0;0;0;0;0;2;;;3;0;0;0;0
27/03/2019;10:21:00;190;Acidente sem vítima;262;BR-101/ES;Norte;Saída de Pista;1;0;0;0;0;0;0;0;;;1;0;0;0;0
27/03/2019;10:23:00;191;Acidente sem vítima;299,8;BR-101/ES;Norte;Colisão Traseira;1;0;0;0;0;0;0;2;;;2;0;0;0;0
27/03/2019;12:03:00;228;Acidente sem vítima;394;BR-101/ES;Sul;Colisão Transversal;2;0;0;0;0;0;0;0;;;2;0;0;0;0
27/03/2019;13:19:00;259;Acidente sem vítima;208;BR-101/ES;Sul;Saída de Pista;1;0;0;0;0;0;0;0;;;1;0;0;0;0
27/03/2019;13:56:00;275;Acidente sem vítima;173;BR-101/ES;Sul;Colisão Traseira;1;0;0;0;0;0;0;2;;;4;0;0;0;0
27/03/2019;15:01:00;296;Acidente sem vítima;255;BR-101/ES;Sul;Engavetamento;2;0;1;0;0;0;0;1;;;7;0;0;0;0
27/03/2019;17:59:00;350;Acidente sem vítima;31;BR-101/ES;Norte;Colisão Transversal;1;0;0;0;0;0;0;2;;;2;0;0;0;0
27/03/2019;21:55:00;395;Acidente com vítima;261;BR-101/ES;Sul;Saída de Pista;1;0;0;0;0;0;0;0;;;0;1;0;0;0
28/03/2019;06:37:00;70;Acidente sem vítima;361;BR-101/ES;Sul;Capotamento;1;0;0;0;0;0;0;0;;;2;0;0;0;0
28/03/2019;07:04:00;76;Acidente com vítima;305;BR-101/ES;Sul;Colisão Transversal;2;0;0;0;0;0;0;0;;;2;1;0;0;0
28/03/2019;07:49:00;86;Acidente com vítima;259;BR-101/ES;Sul;Colisão Traseira;1;0;0;1;0;0;0;0;;;2;0;1;0;0
28/03/2019;08:25:00;108;Acidente com vítima;293;BR-101/ES;Norte;Colisão com ciclista;0;1;0;0;1;0;0;0;;;2;1;0;0;0
28/03/2019;11:12:00;189;Acidente sem vítima;214;BR-101/ES;Sul;Colisão Transversal;1;0;1;0;0;0;0;0;;;5;0;0;0;0
28/03/2019;11:47:00;201;Acidente sem vítima;954;BR-101/BA;Norte;Capotamento;1;0;0;0;0;0;0;0;;;5;0;0;0;0
28/03/2019;15:36:00;292;Acidente sem vítima;269;BR-101/ES;Norte;Colisão Lateral;1;0;1;0;0;0;0;0;;;2;0;0;0;0
28/03/2019;16:01:00;308;Acidente sem vítima;263;BR-101/ES;Sul;Colisão Traseira;2;0;0;0;0;0;0;0;;;2;0;0;0;0
28/03/2019;16:20:00;321;Acidente sem vítima;269;BR-101/ES;Sul;Colisão com ciclista;1;1;0;0;0;0;0;0;;;2;0;0;0;0
28/03/2019;17:17:00;334;Acidente com vítima;127;BR-101/ES;Sul;Colisão Transversal;1;0;0;1;0;0;0;0;;;1;1;0;0;0
28/03/2019;18:50:00;357;Acidente sem vítima;146,2;BR-101/ES;Sul;Saída de Pista;1;0;0;0;0;0;0;0;;;1;0;0;0;0
28/03/2019;19:08:00;361;Acidente sem vítima;44;BR-101/ES;Norte;Queda de Moto;0;0;0;2;0;0;0;0;;;2;0;0;0;0
29/03/2019;01:31:00;31;Acidente sem vítima;38;BR-101/ES;Sul;Colisão Lateral;1;0;0;0;0;0;0;2;;;3;0;0;0;0
29/03/2019;03:31:00;49;Acidente sem vítima;264;BR-101/ES;Sul;Saída de Pista;1;0;0;0;0;0;0;0;;;1;0;0;0;0
29/03/2019;06:28:00;75;Acidente com vítima;240;BR-101/ES;Norte;Choque;0;0;0;1;0;0;0;0;;;0;0;1;0;0
29/03/2019;09:34:00;164;Acidente sem vítima;305;BR-101/ES;Sul;Colisão Transversal;1;0;0;0;0;0;0;0;;;1;0;0;0;0
29/03/2019;10:03:00;168;Acidente com vítima;147;BR-101/ES;Norte;Colisão Transversal;1;0;0;1;0;0;0;0;;;1;1;0;0;0
29/03/2019;11:52:00;209;Atropelamento sem morte;66;BR-101/ES;Norte;Atropelamento e Fuga;1;0;0;0;0;0;0;0;;;0;0;1;0;0
29/03/2019;13:03:00;242;Acidente sem vítima;246,6;BR-101/ES;Sul;Colisão Lateral;0;0;2;0;0;0;0;0;;;2;0;0;0;0
29/03/2019;13:16:00;245;Acidente sem vítima;940;BR-101/BA;Sul;Capotamento;1;0;0;0;0;0;0;0;;;1;0;0;0;0
29/03/2019;13:23:00;248;Acidente sem vítima;259;BR-101/ES;Sul;Atropelamento Animal;1;0;0;0;0;0;0;0;;;1;0;0;0;0
29/03/2019;13:34:00;253;Acidente sem vítima;263;BR-101/ES;Norte;Colisão Traseira;1;0;0;0;0;0;0;0;;;1;0;0;0;0
29/03/2019;14:36:00;273;Acidente sem vítima;294;BR-101/ES;Norte;Colisão Traseira;1;0;1;0;0;0;0;1;;;2;0;0;0;0
29/03/2019;14:54:00;279;Acidente com vítima;256;BR-101/ES;Norte;Colisão Traseira;2;0;0;0;0;0;0;0;;;2;1;0;0;0
29/03/2019;18:43:00;341;Acidente sem vítima;255;BR-101/ES;Sul;Colisão Transversal;2;0;0;0;0;0;0;0;;;4;0;0;0;0
29/03/2019;19:27:00;350;Acidente com vítima;213;BR-101/ES;Sul;Colisão Traseira;0;0;0;2;0;0;0;0;;;1;1;0;0;0
29/03/2019;19:42:00;353;Acidente sem vítima;250;BR-101/ES;Norte;Colisão Traseira;1;0;1;0;0;0;0;0;;;2;0;0;0;0
29/03/2019;22:17:00;384;Acidente com vítima;125;BR-101/ES;Norte;Colisão Lateral;0;0;0;2;0;0;0;0;;;0;2;0;0;0
29/03/2019;23:57:00;416;Acidente sem vítima;449,9;BR-101/ES;Sul;Atropelamento Animal;1;0;0;0;0;0;0;0;;;1;0;0;0;0
30/03/2019;04:35:00;72;Acidente com vítima;269,6;BR-101/ES;Norte;Colisão Transversal;1;0;0;0;1;0;0;0;;;4;1;0;0;0
30/03/2019;06:31:00;90;Acidente sem vítima;332;BR-101/ES;Norte;Saída de Pista;0;0;1;0;0;0;0;0;;;1;0;0;0;0
30/03/2019;06:48:00;92;Acidente com vítima;286;BR-101/ES;Norte;Colisão Traseira;0;0;1;1;0;0;0;0;;;1;1;1;0;0
30/03/2019;06:51:00;93;Acidente sem vítima;204;BR-101/ES;Sul;Tombamento;0;0;0;0;0;0;0;2;;;1;0;0;0;0
30/03/2019;07:51:00;120;Acidente sem vítima;213;BR-101/ES;Sul;Engavetamento;3;0;0;0;0;0;0;0;;;9;0;0;0;0
30/03/2019;09:32:00;150;Acidente com vítima;419;BR-101/ES;Sul;Queda de ciclista;0;1;0;0;0;0;0;0;;;0;1;0;0;0
30/03/2019;12:34:00;222;Acidente sem vítima;342;BR-101/ES;Norte;Colisão Lateral;2;0;0;0;0;0;0;0;;;5;0;0;0;0
30/03/2019;13:12:00;237;Acidente sem vítima;270;BR-101/ES;Norte;Colisão Traseira;2;0;0;0;0;0;0;0;;;2;0;0;0;0
30/03/2019;14:23:00;260;Acidente com vítima;145;BR-101/ES;Sul;Colisão Traseira;2;0;0;1;0;0;0;0;;;3;1;1;0;0
30/03/2019;14:30:00;262;Acidente com vítima;229;BR-101/ES;Norte;Colisão Traseira;1;0;0;1;0;0;0;0;;;1;0;1;0;0
30/03/2019;18:28:00;329;Acidente com vítima;262;BR-101/ES;Sul;Queda de Moto;1;0;0;0;0;0;0;0;;;0;0;1;0;0
30/03/2019;18:36:00;331;Acidente com vítima;147;BR-101/ES;Sul;Colisão Transversal;1;0;0;1;0;0;0;0;;;1;1;0;0;0
31/03/2019;00:25:00;10;Acidente sem vítima;297;BR-101/ES;Sul;Veículo em Chamas;1;0;0;0;0;0;0;0;;;1;0;0;0;0
31/03/2019;02:34:00;41;Acidente sem vítima;349;BR-101/ES;Norte;Saída de Pista;1;0;0;0;0;0;0;0;;;1;0;0;0;0
31/03/2019;03:49:00;52;Acidente com vítima;321;BR-101/ES;Sul;Colisão Traseira;0;0;1;0;0;0;0;3;;;1;1;0;0;0
31/03/2019;06:57:00;77;Acidente sem vítima;321;BR-101/ES;Sul;Colisão Lateral;1;0;0;0;0;0;0;0;;;3;0;0;0;0
31/03/2019;09:55:00;126;Acidente sem vítima;251;BR-101/ES;Sul;Queda de Moto;0;0;0;1;0;0;0;0;;;2;0;0;0;0
31/03/2019;14:01:00;197;Acidente com vítima;267;BR-101/ES;Sul;Colisão Lateral;1;0;0;2;0;0;0;0;;;2;0;3;0;0
31/03/2019;16:09:00;220;Acidente sem vítima;142;BR-101/ES;Norte;Colisão com ciclista;1;1;0;0;0;0;0;0;;;2;0;0;0;0
31/03/2019;16:41:00;232;Acidente sem vítima;452;BR-101/ES;Sul;Colisão Traseira;0;0;2;0;0;0;0;0;;;3;0;0;0;0
31/03/2019;16:55:00;241;Acidente com vítima;148;BR-101/ES;Norte;Colisão Traseira;1;0;0;1;0;0;0;0;;;1;1;0;0;0
31/03/2019;19:50:00;279;Acidente com morte;69,8;BR-101/ES;Sul;Colisão com ciclista;1;0;0;0;0;0;0;0;;;0;0;0;0;1
31/03/2019;20:28:00;282;Acidente com vítima;260;BR-101/ES;Norte;Colisão Frontal;2;0;0;0;0;0;0;0;;;0;1;1;0;0
31/03/2019;20:44:00;286;Acidente com vítima;81;BR-101/ES;Sul;Queda de Moto;0;0;0;1;0;0;0;0;;;0;0;1;0;0
01/02/2019;01:25:00;29;Acidente sem vítima;243;BR-101/ES;Sul;Atropelamento de Equino;1;0;0;0;0;0;0;0;;;5;0;0;0;0
01/02/2019;07:21:00;91;Acidente sem vítima;270;BR-101/ES;Sul;Colisão Traseira;2;0;0;0;0;0;0;0;;;2;0;0;0;0
01/02/2019;08:03:00;135;Acidente com vítima;272;BR-101/ES;Norte;Saída de Pista;1;0;0;0;0;0;0;0;;;0;0;1;0;0
01/02/2019;10:42:00;204;Acidente com vítima;296;BR-101/ES;Sul;Colisão Lateral;0;0;1;1;0;0;0;0;;;1;0;1;0;0
01/02/2019;12:11:00;234;Acidente com vítima;293;BR-101/ES;Norte;Queda de Moto;0;0;0;1;0;0;0;0;;;0;0;1;0;0
01/02/2019;14:05:00;284;Acidente com vítima;208;BR-101/ES;Sul;Queda de Moto;0;0;0;1;0;0;0;0;;;0;1;1;0;0
01/02/2019;15:00:00;317;Acidente sem vítima;267;BR-101/ES;Sul;Colisão Traseira;1;0;0;0;0;0;0;0;;;1;0;0;0;0
01/02/2019;16:03:00;353;Acidente com vítima;147;BR-101/ES;Norte;Colisão Transversal;1;0;0;1;0;0;0;0;;;0;1;2;0;0
01/02/2019;18:22:00;409;Acidente sem vítima;50;BR-101/ES;Sul;Choque;0;0;1;0;0;0;0;0;;;1;0;0;0;0
01/02/2019;19:17:00;424;Acidente sem vítima;296;BR-101/ES;Sul;Colisão Traseira;2;0;0;0;0;0;0;0;;;2;0;0;0;0
01/02/2019;21:44:00;466;Acidente com vítima;213;BR-101/ES;Sul;Colisão Lateral;2;0;0;0;0;0;0;0;;;3;1;0;0;0
02/02/2019;00:09:00;5;Acidente sem vítima;27;BR-101/ES;Norte;Atropelamento Animal;1;0;0;0;0;0;0;0;;;1;0;0;0;0
02/02/2019;05:35:00;73;Acidente com morte;99;BR-101/ES;Sul;Colisão Frontal;2;0;1;0;0;0;0;3;;;4;0;1;0;1
02/02/2019;05:53:00;78;Acidente sem vítima;380;BR-101/ES;Norte;Colisão Lateral;1;0;1;0;0;0;0;0;;;5;0;0;0;0
02/02/2019;05:56:00;80;Acidente sem vítima;363;BR-101/ES;Norte;Saída de Pista;1;0;0;0;0;0;0;0;;;1;0;0;0;0
02/02/2019;06:14:00;82;Acidente sem vítima;161;BR-101/ES;Sul;Colisão Lateral;2;0;0;0;0;0;0;0;;;4;0;0;0;0
02/02/2019;06:49:00;88;Acidente sem vítima;268;BR-101/ES;Norte;Colisão Lateral;1;0;0;0;0;0;0;2;;;2;0;0;0;0
02/02/2019;07:30:00;94;Acidente sem vítima;292;BR-101/ES;Norte;Colisão Lateral;1;0;0;0;0;0;0;2;;;2;0;0;0;0
02/02/2019;07:58:00;102;Acidente com vítima;255,8;BR-101/ES;Norte;Queda de Moto;0;0;0;1;0;0;0;0;;;0;0;2;0;0
02/02/2019;08:08:00;106;Acidente sem vítima;168;BR-101/ES;Norte;Colisão Lateral;2;0;0;0;0;0;0;0;;;4;0;0;0;0
02/02/2019;08:55:00;122;Acidente sem vítima;942;BR-101/BA;Sul;Saída de Pista;1;0;0;0;0;0;0;0;;;1;0;0;0;0
02/02/2019;09:21:00;129;Acidente com vítima;262;BR-101/ES;Sul;Colisão Traseira;1;0;0;1;0;0;0;0;;;1;1;0;0;0
02/02/2019;13:11:00;217;Acidente sem vítima;375;BR-101/ES;Sul;Choque com Objeto Fixo;1;0;0;0;0;0;0;0;;;1;0;0;0;0
02/02/2019;15:01:00;264;Acidente sem vítima;955;BR-101/BA;Sul;Capotamento;1;0;0;0;0;0;0;0;;;2;0;0;0;0
02/02/2019;15:02:00;265;Acidente sem vítima;150;BR-101/ES;Norte;Colisão Lateral;2;0;0;0;0;0;0;0;;;4;0;0;0;0
02/02/2019;15:03:00;267;Acidente sem vítima;242;BR-101/ES;Norte;Colisão Lateral;1;0;1;0;0;0;0;0;;;4;0;0;0;0
02/02/2019;18:12:00;315;Acidente com vítima;237;BR-101/ES;Norte;Queda de Moto;0;0;0;1;0;0;0;0;;;0;0;1;0;0
02/02/2019;19:16:00;330;Acidente com morte;287;BR-101/ES;Norte;Colisão Traseira;1;0;0;1;1;0;0;0;;;4;0;0;0;1
02/02/2019;20:23:00;344;Acidente sem vítima;293;BR-101/ES;Sul;Tombamento;0;0;0;0;0;0;0;2;;;2;0;0;0;0
02/02/2019;22:54:00;372;Acidente sem vítima;213;BR-101/ES;Norte;Veículo em Chamas;1;0;0;0;0;0;0;0;;;1;0;0;0;0
03/02/2019;10:25:00;126;Acidente sem vítima;139;BR-101/ES;Norte;Colisão Traseira;2;0;0;0;0;0;0;0;;;9;0;0;0;0
03/02/2019;12:45:00;193;Acidente sem vítima;18,7;BR-101/ES;Norte;Tombamento;0;0;1;0;0;0;0;0;;;1;0;0;0;0
03/02/2019;15:54:00;264;Acidente sem vítima;299;BR-101/ES;Sul;Colisão Lateral;2;0;0;0;0;0;0;0;;;7;0;0;0;0
03/02/2019;16:18:00;268;Acidente com vítima;137;BR-101/ES;Sul;Queda de Moto;1;0;0;1;0;0;0;0;;;2;2;0;0;0
03/02/2019;16:32:00;276;Acidente sem vítima;305;BR-101/ES;Norte;Colisão Frontal;1;0;1;0;0;0;0;0;;;3;0;0;0;0
03/02/2019;16:50:00;285;Acidente sem vítima;29;BR-101/ES;Norte;Colisão Traseira;2;0;0;0;0;0;0;0;;;8;0;0;0;0
03/02/2019;17:53:00;309;Acidente sem vítima;73;BR-101/ES;Norte;Colisão Traseira;2;0;0;0;0;0;0;0;;;2;0;0;0;0
03/02/2019;20:22:00;361;Acidente com vítima;100;BR-101/ES;Sul;Choque;1;0;0;0;0;0;0;0;;;1;1;0;0;0
03/02/2019;20:33:00;365;Acidente sem vítima;123;BR-101/ES;Sul;Choque;1;0;0;0;0;0;0;0;;;3;0;0;0;0
04/02/2019;08:14:00;148;Acidente com vítima;377;BR-101/ES;Sul;Colisão Traseira;1;0;0;1;0;0;0;0;;;1;0;1;0;0
04/02/2019;09:29:00;184;Acidente com vítima;147;BR-101/ES;Sul;Colisão Transversal;1;0;0;1;0;0;0;0;;;1;2;0;0;0
04/02/2019;11:00:00;226;Acidente com vítima;241;BR-101/ES;Sul;Colisão Lateral;1;0;0;1;0;0;0;0;;;4;1;0;0;0
04/02/2019;12:01:00;249;Acidente sem vítima;331;BR-101/ES;Sul;Colisão Lateral;0;0;0;0;1;0;0;3;;;3;0;0;0;0
04/02/2019;14:48:00;320;Acidente com vítima;244;BR-101/ES;Norte;Queda de Moto;0;0;0;1;0;0;0;0;;;0;2;0;0;0
04/02/2019;19:28:00;396;Acidente com vítima;189;BR-101/ES;Norte;Colisão Transversal;0;0;0;1;1;0;0;0;;;2;0;2;0;0
05/02/2019;01:10:00;24;Atropelamento sem morte;358;BR-101/ES;Sul;Atropelamento e Fuga;0;1;0;0;0;0;0;0;;;0;0;1;0;0
05/02/2019;02:23:00;43;Acidente sem vítima;293;BR-101/ES;Norte;Choque com Objeto Fixo;1;0;0;0;0;0;0;0;;;1;0;0;0;0
05/02/2019;07:38:00;138;Acidente com vítima;264;BR-101/ES;Sul;Queda de Moto;0;0;0;1;0;0;0;0;;;0;0;1;0;0
05/02/2019;09:27:00;183;Acidente sem vítima;267,3;BR-101/ES;Sul;Colisão Traseira;2;0;0;0;0;0;0;0;;;2;0;0;0;0
05/02/2019;09:48:00;197;Acidente com vítima;270;BR-101/ES;Norte;Queda de Moto;0;0;0;1;0;0;0;0;;;0;0;1;0;0
05/02/2019;11:33:00;247;Acidente sem vítima;293;BR-101/ES;Sul;Colisão Traseira;1;0;0;0;0;0;0;2;;;2;0;0;0;0
05/02/2019;12:32:00;276;Acidente sem vítima;406;BR-101/ES;Norte;Saída de Pista;1;0;0;0;0;0;0;0;;;2;0;0;0;0
05/02/2019;13:45:00;311;Acidente sem vítima;219;BR-101/ES;Norte;Colisão Lateral;2;0;0;0;0;0;0;0;;;4;0;0;0;0
05/02/2019;14:23:00;320;Acidente sem vítima;359;BR-101/ES;Norte;Choque com Objeto Fixo;1;0;0;0;0;0;0;0;;;1;0;0;0;0
05/02/2019;15:19:00;338;Acidente com vítima;350;BR-101/ES;Sul;Saída de Pista;0;0;0;0;0;0;0;1;;;0;1;0;0;0
05/02/2019;15:51:00;343;Acidente com vítima;361;BR-101/ES;Sul;Capotamento;1;0;0;0;0;0;0;0;;;0;1;0;0;0
05/02/2019;15:57:00;344;Acidente sem vítima;380;BR-101/ES;Sul;Danos Eventuais;0;0;0;0;0;0;0;2;;;1;0;0;0;0
05/02/2019;16:01:00;346;Acidente com vítima;266;BR-101/ES;Norte;Colisão Traseira;2;0;0;0;0;0;0;0;;;4;1;0;0;0
05/02/2019;16:09:00;347;Acidente sem vítima;277;BR-101/ES;Sul;Choque com Objeto Fixo;1;0;0;0;0;0;0;0;;;1;0;0;0;0