data;horario;n_da_ocorrencia;tipo_de_ocorrencia;km;trecho;sentido;tipo_de_acidente;automovel;bicicleta;caminhao;moto;onibus;outros;tracao_animal;transporte_de_cargas_especiais;trator_maquinas;utilitarios;ilesos;levemente_feridos;moderadamente_feridos;gravemente_feridos;mortos
05/02/2019;17:34:00;369;Acidente com morte;448;BR-101/ES;Sul;Colisão Lateral;1;0;1;0;0;0;0;0;;;1;0;0;0;1
05/02/2019;18:22:00;383;Acidente sem vítima;160;BR-101/ES;Sul;Colisão Traseira;1;0;1;0;0;0;0;0;;;2;0;0;0;0
05/02/2019;19:02:00;390;Acidente sem vítima;292;BR-101/ES;Norte;Colisão Lateral;1;0;0;1;0;0;0;0;;;2;0;0;0;0
06/02/2019;07:37:00;65;Acidente com vítima;203;BR-101/ES;Sul;Colisão Traseira;1;0;0;1;0;0;0;0;;;1;0;1;0;0
06/02/2019;13:07:00;205;Acidente com vítima;145;BR-101/ES;Norte;Colisão Transversal;0;0;0;2;0;0;0;0;;;0;2;0;0;0
06/02/2019;17:33:00;319;Acidente com vítima;136;BR-101/ES;Norte;Queda de Moto;0;0;0;1;0;0;0;0;;;0;1;0;0;0
06/02/2019;18:07:00;327;Acidente com vítima;267;BR-101/ES;Norte;Queda de Moto;0;0;0;1;0;0;0;0;;;0;0;1;0;0
06/02/2019;20:38:00;356;Acidente sem vítima;132;BR-101/ES;Norte;Atropelamento de Bovino;1;0;0;0;0;0;0;0;;;1;0;0;0;0
07/02/2019;01:11:00;20;Atropelamento com morte;27;BR-101/ES;Sul;Atropelamento;0;0;1;0;0;0;0;0;;;1;0;0;0;1
07/02/2019;07:10:00;82;Acidente sem vítima;266;BR-101/ES;Sul;Engavetamento;4;0;0;0;0;0;0;0;;;4;0;0;0;0
07/02/2019;07:36:00;86;Acidente sem vítima;270;BR-101/ES;Sul;Colisão Traseira;2;0;0;0;0;0;0;0;;;4;0;0;0;0
07/02/2019;08:11:00;98;Acidente sem vítima;305;BR-101/ES;Sul;Colisão Transversal;1;0;1;0;0;0;0;0;;;4;0;0;0;0
07/02/2019;12:06:00;227;Acidente com vítima;269;BR-101/ES;Sul;Colisão Lateral;0;0;0;1;0;0;0;0;;;0;1;0;0;0
07/02/2019;12:37:00;238;Acidente com vítima;68;BR-101/ES;Sul;Colisão Traseira;0;0;0;2;0;0;0;0;;;1;1;0;0;0
07/02/2019;13:55:00;268;Acidente sem vítima;302;BR-101/ES;Sul;Engavetamento;3;0;0;0;0;0;0;0;;;4;0;0;0;0
07/02/2019;14:16:00;278;Acidente sem vítima;380;BR-101/ES;Sul;Colisão Traseira;1;0;0;1;0;0;0;0;;;2;0;0;0;0
07/02/2019;16:23:00;317;Acidente sem vítima;377;BR-101/ES;Sul;Colisão Transversal;1;0;0;1;0;0;0;0;;;2;0;0;0;0
07/02/2019;18:00:00;353;Acidente sem vítima;388;BR-101/ES;Sul;Veículo em Chamas;1;0;0;0;0;0;0;0;;;1;0;0;0;0
07/02/2019;18:28:00;358;Acidente sem vítima;147;BR-101/ES;Norte;Colisão Traseira;2;0;0;0;0;0;0;0;;;3;0;0;0;0
07/02/2019;18:48:00;362;Atropelamento com morte;256;BR-101/ES;Norte;Atropelamento;0;0;0;0;0;0;0;2;;;1;0;0;0;1
07/02/2019;19:14:00;367;Acidente com vítima;305;BR-101/ES;Norte;Colisão Traseira;1;0;0;0;0;0;0;2;;;1;2;0;0;0
07/02/2019;20:02:00;382;Atropelamento sem morte;143;BR-101/ES;Norte;Atropelamento;0;0;0;1;0;0;0;0;;;0;1;1;0;0
07/02/2019;20:34:00;392;Acidente com vítima;66,3;BR-101/ES;Norte;Colisão com ciclista;0;0;1;0;0;0;0;0;;;1;0;0;1;0
07/02/2019;20:38:00;395;Acidente com vítima;286;BR-101/ES;Norte;Saída de Pista;1;0;0;0;0;0;0;0;;;0;0;1;0;0
07/02/2019;22:04:00;419;Acidente sem vítima;300;BR-101/ES;Norte;Colisão Traseira;0;0;1;0;0;0;0;2;;;2;0;0;0;0
07/02/2019;22:33:00;429;Atropelamento sem morte;254;BR-101/ES;Sul;Atropelamento e Fuga;0;0;0;0;0;0;0;1;;;0;1;0;0;0
08/02/2019;00:07:00;3;Acidente sem vítima;67;BR-101/ES;Norte;Colisão Lateral;1;0;1;0;0;0;0;0;;;2;0;0;0;0
08/02/2019;00:22:00;9;Acidente sem vítima;50;BR-101/ES;Norte;Choque com Objeto Fixo;1;0;0;0;0;0;0;0;;;1;0;0;0;0
08/02/2019;01:54:00;35;Acidente sem vítima;141;BR-101/ES;Sul;Saída de Pista;1;0;0;0;0;0;0;0;;;1;0;0;0;0
08/02/2019;06:14:00;86;Acidente sem vítima;280;BR-101/ES;Norte;Queda de Moto;0;0;0;1;0;0;0;0;;;1;0;0;0;0
08/02/2019;06:17:00;88;Acidente com vítima;145;BR-101/ES;Norte;Atropelamento de Equino;0;0;0;1;0;0;0;0;;;0;1;0;0;0
08/02/2019;06:38:00;90;Acidente com vítima;951;BR-101/BA;Sul;Queda de Moto;0;0;0;1;0;0;0;0;;;0;0;1;0;0
08/02/2019;11:21:00;231;Acidente com vítima;267,7;BR-101/ES;Norte;Queda de Moto;0;0;0;1;0;0;0;0;;;0;1;0;0;0
08/02/2019;14:12:00;307;Acidente sem vítima;294,5;BR-101/ES;Norte;Veículo em Chamas;1;0;0;0;0;0;0;0;;;1;0;0;0;0
08/02/2019;14:32:00;315;Acidente com vítima;135;BR-101/ES;Sul;Colisão Frontal;3;0;0;0;0;0;0;0;;;1;2;0;1;0
08/02/2019;19:53:00;424;Acidente sem vítima;242;BR-101/ES;Sul;Choque com Objeto Fixo;0;0;1;0;0;0;0;0;;;1;0;0;0;0
09/02/2019;01:43:00;27;Acidente sem vítima;36;BR-101/ES;Norte;Saída de Pista;0;0;0;0;0;0;0;3;;;1;0;0;0;0
09/02/2019;03:37:00;44;Acidente sem vítima;352;BR-101/ES;Sul;Saída de Pista;1;0;0;0;0;0;0;0;;;1;0;0;0;0
09/02/2019;09:37:00;138;Acidente sem vítima;299;BR-101/ES;Norte;Colisão Lateral;1;0;1;0;0;0;0;1;;;2;0;0;0;0
09/02/2019;10:30:00;152;Acidente sem vítima;276;BR-101/ES;Norte;Capotamento;1;0;0;0;0;0;0;0;;;1;0;0;0;0
09/02/2019;20:25:00;352;Acidente sem vítima;296;BR-101/ES;Norte;Choque com Objeto Fixo;1;0;0;0;0;0;0;0;;;1;0;0;0;0
09/02/2019;23:40:00;404;Acidente sem vítima;299;BR-101/ES;Sul;Atropelamento de Equino;1;0;0;0;0;0;0;0;;;1;0;0;0;0
09/02/2019;23:47:00;407;Atropelamento sem morte;270;BR-101/ES;Sul;Atropelamento e Fuga;1;0;0;0;0;0;0;0;;;0;0;1;0;0
09/02/2019;23:52:00;411;Acidente sem vítima;205;BR-101/ES;Sul;Choque com Objeto Fixo;1;0;0;0;0;0;0;0;;;2;0;0;0;0
10/02/2019;02:25:00;34;Acidente sem vítima;83;BR-101/ES;Norte;Atropelamento Animal;1;0;0;0;0;0;0;0;;;1;0;0;0;0
10/02/2019;03:09:00;43;Acidente com vítima;205;BR-101/ES;Sul;Colisão Transversal;2;0;0;0;0;0;0;0;;;4;3;0;0;0
10/02/2019;03:44:00;50;Acidente sem vítima;149;BR-101/ES;Sul;Colisão Transversal;2;0;0;0;0;0;0;0;;;3;0;0;0;0
10/02/2019;12:35:00;205;Acidente com vítima;27,7;BR-101/ES;Norte;Queda de Moto;0;0;0;1;0;0;0;0;;;0;0;1;0;0
10/02/2019;20:20:00;355;Acidente sem vítima;305;BR-101/ES;Sul;Colisão Frontal;1;0;0;0;0;0;0;2;;;5;0;0;0;0
10/02/2019;21:19:00;370;Acidente sem vítima;383;BR-101/ES;Norte;Colisão Traseira;2;0;0;0;0;0;0;2;;;7;0;0;0;0
11/02/2019;07:12:00;81;Acidente sem vítima;360;BR-101/ES;Sul;Colisão Lateral;1;0;0;0;0;0;0;2;;;2;0;0;0;0
11/02/2019;07:15:00;83;Acidente sem vítima;254;BR-101/ES;Sul;Colisão Traseira;1;0;0;1;0;0;0;0;;;1;0;0;0;0
11/02/2019;07:17:00;84;Acidente sem vítima;264;BR-101/ES;Sul;Colisão Traseira;2;0;0;0;0;0;0;0;;;2;0;0;0;0
11/02/2019;08:15:00;122;Acidente sem vítima;264;BR-101/ES;Sul;Colisão Traseira;1;0;1;0;0;0;0;0;;;1;0;0;0;0
11/02/2019;08:30:00;126;Acidente com vítima;123;BR-101/ES;Norte;Colisão Traseira;0;0;0;1;0;0;0;2;;;3;1;0;0;0
11/02/2019;10:21:00;171;Acidente sem vítima;262;BR-101/ES;Norte;Colisão Traseira;1;0;0;0;1;0;0;2;;;13;0;0;0;0
11/02/2019;11:42:00;211;Acidente sem vítima;162;BR-101/ES;Sul;Colisão Lateral;2;0;0;0;0;0;0;0;;;1;0;0;0;0
11/02/2019;11:44:00;212;Acidente com vítima;268;BR-101/ES;Sul;Colisão Traseira;0;0;1;1;0;0;0;0;;;3;1;0;0;0
11/02/2019;11:54:00;216;Acidente sem vítima;261;BR-101/ES;Sul;Colisão Lateral;1;0;0;0;0;0;0;2;;;2;0;0;0;0
11/02/2019;12:00:00;217;Acidente sem vítima;59,9;BR-101/ES;Sul;Colisão Traseira;2;0;0;0;0;0;0;0;;;3;0;0;0;0
11/02/2019;12:32:00;233;Acidente sem vítima;269;BR-101/ES;Sul;Colisão Traseira;2;0;0;0;0;0;0;0;;;2;0;0;0;0
11/02/2019;15:52:00;307;Acidente sem vítima;270;BR-101/ES;Sul;Colisão Traseira;2;0;1;0;0;0;0;2;;;8;0;0;0;0
11/02/2019;16:29:00;324;Acidente sem vítima;321;BR-101/ES;Sul;Saída de Pista;0;0;1;0;0;0;0;1;;;1;0;0;0;0
11/02/2019;18:44:00;360;Acidente sem vítima;293;BR-101/ES;Norte;Colisão Traseira;2;0;0;0;0;0;0;0;;;1;0;0;0;0
11/02/2019;20:40:00;377;Acidente sem vítima;270;BR-101/ES;Sul;Colisão Traseira;2;0;0;0;0;0;0;0;;;2;0;0;0;0
12/02/2019;05:57:00;63;Acidente com vítima;265;BR-101/ES;Norte;Colisão Traseira;1;0;0;0;0;0;0;2;;;1;0;1;0;0
12/02/2019;06:55:00;70;Acidente com vítima;266;BR-101/ES;Sul;Colisão com ciclista;0;1;0;1;0;0;0;0;;;0;3;0;0;0
12/02/2019;09:30:00;179;Acidente sem vítima;85;BR-101/ES;Norte;Queda de Moto;0;0;0;1;0;0;0;0;;;1;0;0;0;0
13/02/2019;04:11:00;56;Acidente sem vítima;305;BR-101/ES;Sul;Colisão Traseira;1;0;0;0;0;0;0;1;;;5;0;0;0;0
13/02/2019;04:28:00;59;Acidente sem vítima;136;BR-101/ES;Sul;Saída de Pista;0;0;1;0;0;0;0;0;;;2;0;0;0;0
13/02/2019;07:17:00;83;Acidente sem vítima;295;BR-101/ES;Norte;Colisão Traseira;1;0;1;0;0;0;0;0;;;4;0;0;0;0
13/02/2019;07:53:00;123;Acidente sem vítima;296;BR-101/ES;Norte;Colisão Lateral;1;0;0;0;0;0;0;2;;;2;0;0;0;0
13/02/2019;09:40:00;167;Acidente sem vítima;262;BR-101/ES;Norte;Engavetamento;0;0;2;0;0;0;0;2;;;3;0;0;0;0
13/02/2019;09:51:00;171;Acidente sem vítima;266;BR-101/ES;Sul;Colisão Traseira;2;0;1;0;0;0;0;0;;;4;0;0;0;0
13/02/2019;11:33:00;214;Acidente sem vítima;304;BR-101/ES;Sul;Colisão Traseira;1;0;0;0;0;0;0;2;;;3;0;0;0;0
13/02/2019;13:56:00;281;Acidente sem vítima;270;BR-101/ES;Norte;Colisão Traseira;1;0;1;0;0;0;0;0;;;2;0;0;0;0
13/02/2019;14:42:00;297;Acidente sem vítima;323;BR-101/ES;Sul;Colisão Lateral;1;0;0;0;0;0;0;2;;;5;0;0;0;0
13/02/2019;14:51:00;301;Acidente com vítima;260;BR-101/ES;Norte;Queda de Moto;1;0;0;0;0;0;0;0;;;0;2;0;0;0
13/02/2019;16:13:00;328;Acidente com vítima;436;BR-101/ES;Norte;Colisão Traseira;1;0;1;0;0;0;0;0;;;2;1;1;0;0
13/02/2019;17:11:00;347;Acidente sem vítima;339;BR-101/ES;Sul;Choque;0;0;1;0;0;0;0;2;;;2;0;0;0;0
13/02/2019;17:36:00;353;Acidente sem vítima;269,6;BR-101/ES;Sul;Colisão Traseira;2;0;0;0;0;0;0;0;;;2;0;0;0;0
13/02/2019;18:00:00;361;Acidente sem vítima;423;BR-101/ES;Norte;Colisão Traseira;1;0;1;0;0;0;0;0;;;2;0;0;0;0
13/02/2019;20:17:00;395;Acidente com vítima;147;BR-101/ES;Norte;Colisão Transversal;0;0;0;2;0;0;0;0;;;1;1;0;0;0
13/02/2019;21:42:00;414;Acidente sem vítima;297;BR-101/ES;Norte;Colisão Lateral;2;0;0;0;0;0;0;0;;;2;0;0;0;0
14/02/2019;12:22:00;233;Acidente sem vítima;267;BR-101/ES;Norte;Colisão Traseira;0;0;1;0;0;0;0;1;;;1;0;0;0;0
14/02/2019;16:52:00;329;Acidente com vítima;301;BR-101/ES;Sul;Colisão com ciclista;0;1;0;0;1;0;0;0;;;1;0;0;1;0
14/02/2019;17:42:00;352;Acidente com vítima;136;BR-101/ES;Norte;Queda de Moto;0;0;1;1;0;0;0;0;;;1;1;0;0;0
14/02/2019;21:10:00;396;Acidente com vítima;65;BR-101/ES;Norte;Queda de ciclista;0;1;0;0;0;0;0;0;;;0;1;0;0;0
14/02/2019;22:25:00;411;Acidente sem vítima;69;BR-101/ES;Norte;Choque com Objeto Fixo;1;0;0;0;0;0;0;0;;;1;0;0;0;0
15/02/2019;00:54:00;19;Acidente sem vítima;259;BR-101/ES;Norte;Queda de Moto;0;0;0;1;0;0;0;0;;;1;0;0;0;0
15/02/2019;09:04:00;126;Acidente sem vítima;229;BR-101/ES;Sul;Saída de Pista;0;0;0;0;0;0;0;2;;;1;0;0;0;0
15/02/2019;11:53:00;189;Acidente com vítima;65;BR-101/ES;Sul;Colisão Traseira;1;0;0;1;0;0;0;0;;;2;0;2;0;0
15/02/2019;13:33:00;235;Acidente com vítima;147;BR-101/ES;Sul;Colisão Transversal;1;0;0;1;0;0;0;0;;;1;1;0;0;0
15/02/2019;15:12:00;267;Atropelamento sem morte;299;BR-101/ES;Sul;Atropelamento;0;0;1;0;0;0;0;0;;;1;0;1;0;0
15/02/2019;18:27:00;342;Acidente sem vítima;260;BR-101/ES;Norte;Colisão Lateral;0;0;1;0;0;0;0;2;;;2;0;0;0;0
15/02/2019;19:20:00;347;Acidente sem vítima;321;BR-101/ES;Norte;Choque com Veículo Estacionado;2;0;0;0;0;0;0;0;;;2;0;0;0;0
15/02/2019;19:36:00;355;Acidente com vítima;144;BR-101/ES;Norte;Colisão Traseira;1;0;1;0;0;0;0;0;;;1;4;1;0;0
15/02/2019;19:40:00;357;Acidente sem vítima;270;BR-101/ES;Sul;Engavetamento;3;0;1;0;0;0;0;0;;;6;0;0;0;0
15/02/2019;21:17:00;377;Acidente sem vítima;254,5;BR-101/ES;Sul;Colisão Traseira;2;0;0;0;0;0;0;0;;;6;0;0;0;0
16/02/2019;00:03:00;1;Acidente sem vítima;258;BR-101/ES;Norte;Colisão Traseira;2;0;0;0;0;0;0;0;;;2;0;0;0;0
16/02/2019;03:18:00;62;Acidente sem vítima;366;BR-101/ES;Norte;Veículo em Chamas;0;0;0;0;0;0;0;2;;;1;0;0;0;0
16/02/2019;03:32:00;66;Acidente sem vítima;298;BR-101/ES;Norte;Choque com Objeto Fixo;1;0;0;0;0;0;0;0;;;1;0;0;0;0
16/02/2019;04:19:00;73;Acidente com vítima;415;BR-101/ES;Sul;Queda de ciclista;0;1;0;0;0;0;0;0;;;0;0;0;1;0
16/02/2019;05:06:00;79;Acidente sem vítima;261;BR-101/ES;Norte;Tombamento;0;0;0;0;0;0;0;3;;;1;0;0;0;0
16/02/2019;06:51:00;95;Acidente sem vítima;76,6;BR-101/ES;Norte;Queda de Moto;0;0;0;1;0;0;0;0;;;2;0;0;0;0
16/02/2019;08:06:00;124;Acidente com vítima;237;BR-101/ES;Sul;Queda de ciclista;0;1;0;0;0;0;0;0;;;0;1;0;0;0
16/02/2019;09:09:00;150;Acidente sem vítima;271;BR-101/ES;Sul;Colisão Traseira;0;0;1;0;0;0;0;2;;;2;0;0;0;0
16/02/2019;11:34:00;197;Acidente com morte;342;BR-101/ES;Sul;Colisão Traseira;1;0;1;1;0;0;0;0;;;3;0;0;0;1
16/02/2019;16:09:00;289;Acidente sem vítima;188;BR-101/ES;Norte;Choque com Objeto Fixo;1;0;0;0;0;0;0;0;;;1;0;0;0;0
16/02/2019;18:11:00;327;Acidente sem vítima;90,8;BR-101/ES;Sul;Colisão Transversal;2;0;0;0;0;0;0;0;;;5;0;0;0;0
16/02/2019;18:19:00;330;Acidente com vítima;161;BR-101/ES;Norte;Queda de Moto;0;0;0;1;0;0;0;0;;;0;0;1;0;0
16/02/2019;19:58:00;339;Acidente com vítima;176;BR-101/ES;Sul;Colisão Lateral;0;0;1;1;0;0;0;0;;;1;0;0;1;0
16/02/2019;21:34:00;355;Acidente com vítima;133;BR-101/ES;Sul;Choque;1;0;0;1;0;0;0;0;;;2;1;1;0;0
16/02/2019;21:55:00;365;Acidente com vítima;65;BR-101/ES;Norte;Colisão com ciclista;0;1;0;1;0;0;0;0;;;0;0;2;0;0
16/02/2019;22:05:00;369;Acidente sem vítima;301;BR-101/ES;Norte;Colisão Traseira;1;0;0;0;0;0;0;2;;;2;0;0;0;0
17/02/2019;01:09:00;22;Acidente com morte;395;BR-101/ES;Norte;Saída de Pista;1;0;0;0;0;0;0;0;;;0;0;0;0;1
17/02/2019;07:38:00;76;Acidente com vítima;81;BR-101/ES;Norte;Queda de Moto;0;0;0;1;0;0;0;0;;;1;1;0;0;0
17/02/2019;13:10:00;174;Acidente com vítima;377;BR-101/ES;Norte;Colisão Transversal;1;0;0;1;0;0;0;0;;;1;1;0;0;0
17/02/2019;13:34:00;180;Acidente com vítima;119;BR-101/ES;Norte;Queda de Moto;0;0;0;1;0;0;0;0;;;0;0;1;0;0
17/02/2019;16:18:00;220;Acidente com vítima;283;BR-101/ES;Sul;Choque com Objeto Fixo;1;0;0;0;0;0;0;0;;;0;1;0;0;0
17/02/2019;18:40:00;265;Acidente com vítima;262,1;BR-101/ES;Norte;Colisão Traseira;1;0;0;0;1;0;0;0;;;2;0;1;0;0
17/02/2019;18:46:00;269;Acidente sem vítima;145;BR-101/ES;Norte;Colisão Traseira;2;0;0;1;0;0;0;0;;;3;0;0;0;0
17/02/2019;20:30:00;285;Acidente sem vítima;266;BR-101/ES;Norte;Colisão Transversal;2;0;0;0;0;0;0;0;;;4;0;0;0;0
18/02/2019;01:17:00;17;Acidente sem vítima;450;BR-101/ES;Norte;Choque com Objeto Fixo;0;0;1;0;0;0;0;0;;;1;0;0;0;0
18/02/2019;07:51:00;106;Acidente com vítima;270;BR-101/ES;Sul;Colisão Lateral;1;1;0;1;0;0;0;0;;;2;0;1;0;0
18/02/2019;08:21:00;134;Acidente sem vítima;257;BR-101/ES;Norte;Colisão Traseira;2;0;0;0;0;0;0;0;;;2;0;0;0;0
18/02/2019;10:32:00;193;Acidente com vítima;146;BR-101/ES;Sul;Colisão Traseira;1;0;1;0;0;0;0;0;;;3;1;0;0;0
18/02/2019;17:05:00;369;Acidente com vítima;275;BR-101/ES;Sul;Queda de Moto;0;0;0;1;0;0;0;0;;;1;1;0;0;0
18/02/2019;17:51:00;389;Acidente com vítima;214;BR-101/ES;Sul;Colisão Transversal;1;0;1;0;0;0;0;0;;;2;0;1;0;0
18/02/2019;18:01:00;391;Acidente sem vítima;270;BR-101/ES;Norte;Colisão Lateral;1;0;0;0;0;0;0;2;;;2;0;0;0;0
18/02/2019;19:55:00;414;Acidente sem vítima;394;BR-101/ES;Norte;Tombamento;0;0;0;0;0;0;0;2;;;1;0;0;0;0
18/02/2019;21:41:00;429;Acidente sem vítima;266;BR-101/ES;Norte;Colisão Transversal;1;0;0;1;0;0;0;0;;;1;0;0;0;0
19/02/2019;07:32:00;109;Acidente com vítima;299;BR-101/ES;Norte;Colisão Traseira;0;0;1;1;0;0;0;0;;;1;1;0;0;0
19/02/2019;11:23:00;201;Acidente sem vítima;283;BR-101/ES;Sul;Colisão Lateral;1;0;0;1;0;0;0;0;;;2;0;0;0;0
19/02/2019;17:53:00;363;Acidente com vítima;142;BR-101/ES;Norte;Colisão Lateral;1;0;0;1;0;0;0;0;;;1;1;0;0;0
19/02/2019;21:44:00;406;Acidente sem vítima;442;BR-101/ES;Sul;Choque;0;0;1;0;0;0;0;0;;;1;0;0;0;0
20/02/2019;10:39:00;192;Acidente sem vítima;318;BR-101/ES;Sul;Veículo em Chamas;0;0;0;0;0;0;0;2;;;1;0;0;0;0
20/02/2019;10:43:00;193;Acidente sem vítima;292;BR-101/ES;Sul;Colisão Traseira;2;0;0;0;0;0;0;0;;;2;0;0;0;0
20/02/2019;12:53:00;249;Acidente sem vítima;106;BR-101/ES;Norte;Tombamento;1;0;0;0;0;0;0;0;;;3;0;0;0;0
20/02/2019;13:34:00;268;Acidente sem vítima;293,9;BR-101/ES;Norte;Colisão Lateral;2;0;0;0;0;0;0;0;;;2;0;0;0;0
20/02/2019;14:01:00;284;Acidente com vítima;145;BR-101/ES;Norte;Queda de Moto;0;0;0;1;0;0;0;0;;;0;1;0;0;0
20/02/2019;14:33:00;295;Acidente com vítima;146;BR-101/ES;Sul;Queda de Moto;0;0;0;1;0;0;0;0;;;0;1;0;0;0
20/02/2019;14:42:00;300;Acidente sem vítima;258;BR-101/ES;Norte;Choque com Objeto Fixo;1;0;0;0;0;0;0;0;;;2;0;0;0;0
20/02/2019;15:37:00;318;Acidente com vítima;376;BR-101/ES;Norte;Colisão Lateral;1;0;0;1;0;0;0;0;;;1;0;1;0;0
20/02/2019;15:45:00;322;Acidente com vítima;305;BR-101/ES;Sul;Colisão Transversal;1;0;0;0;1;0;0;0;;;4;1;0;0;0
20/02/2019;16:20:00;336;Acidente com vítima;383;BR-101/ES;Sul;Queda de Moto;0;0;0;1;0;0;0;0;;;0;1;0;0;0
20/02/2019;17:51:00;363;Acidente sem vítima;305;BR-101/ES;Norte;Colisão Traseira;1;0;0;0;0;0;0;0;;;1;0;0;0;0
20/02/2019;18:56:00;382;Acidente sem vítima;336;BR-101/ES;Norte;Colisão Traseira;2;0;0;0;0;0;0;0;;;2;0;0;0;0
20/02/2019;21:36:00;411;Acidente sem vítima;292;BR-101/ES;Norte;Saída de Pista;1;0;0;0;0;0;0;0;;;1;0;0;0;0
20/02/2019;22:03:00;418;Acidente sem vítima;414;BR-101/ES;Norte;Atropelamento Animal;1;0;0;0;0;0;0;0;;;1;0;0;0;0
20/02/2019;22:20:00;423;Acidente sem vítima;229;BR-101/ES;Sul;Colisão Transversal;1;0;1;0;0;0;0;0;;;2;0;0;0;0
21/02/2019;06:22:00;70;Acidente com vítima;85;BR-101/ES;Sul;Saída de Pista;1;0;0;0;0;0;0;0;;;0;1;0;0;0
21/02/2019;07:16:00;79;Acidente sem vítima;147;BR-101/ES;Norte;Colisão Transversal;1;0;0;1;0;0;0;0;;;2;0;0;0;0
21/02/2019;07:24:00;80;Acidente sem vítima;270;BR-101/ES;Sul;Queda de Moto;0;0;0;1;0;0;0;0;;;1;0;0;0;0
21/02/2019;08:31:00;141;Acidente com vítima;267;BR-101/ES;Sul;Colisão Lateral;1;0;0;1;0;0;0;0;;;1;1;0;0;0
21/02/2019;09:47:00;168;Acidente sem vítima;266;BR-101/ES;Norte;Colisão Lateral;1;0;0;0;0;0;0;2;;;2;0;0;0;0
21/02/2019;13:59:00;279;Acidente sem vítima;125;BR-101/ES;Norte;Colisão Traseira;2;0;0;0;0;0;0;0;;;2;0;0;0;0
21/02/2019;15:06:00;305;Acidente com vítima;203;BR-101/ES;Norte;Queda de Moto;0;0;0;1;0;0;0;0;;;0;1;0;0;0
21/02/2019;17:00:00;351;Acidente sem vítima;256;BR-101/ES;Sul;Colisão Traseira;0;0;2;0;0;0;0;0;;;2;0;0;0;0
21/02/2019;17:09:00;355;Acidente sem vítima;279,5;BR-101/ES;Sul;Choque com Objeto Fixo;1;0;0;0;0;0;0;0;;;1;0;0;0;0
21/02/2019;18:04:00;380;Acidente sem vítima;254;BR-101/ES;Sul;Colisão Traseira;2;0;0;0;0;0;0;0;;;3;0;0;0;0
21/02/2019;19:51:00;406;Acidente sem vítima;205;BR-101/ES;Norte;Colisão Traseira;2;0;0;0;0;0;0;0;;;2;0;0;0;0
22/02/2019;04:17:00;55;Acidente com vítima;302;BR-101/ES;Norte;Queda de Moto;0;0;0;1;0;0;0;0;;;0;0;1;0;0
22/02/2019;08:07:00;140;Acidente com vítima;144,8;BR-101/ES;Sul;Colisão Traseira;2;0;0;0;0;0;0;0;;;2;1;0;0;0
22/02/2019;09:15:00;170;Acidente com vítima;295;BR-101/ES;Sul;Colisão Traseira;0;0;0;1;0;0;0;0;;;0;0;1;0;0
22/02/2019;10:53:00;217;Acidente sem vítima;289;BR-101/ES;Sul;Choque com Objeto Fixo;1;0;0;0;0;0;0;0;;;1;0;0;0;0
22/02/2019;12:46:00;261;Acidente sem vítima;270;BR-101/ES;Sul;Colisão Traseira;1;0;1;0;0;0;0;0;;;2;0;0;0;0
22/02/2019;14:37:00;310;Acidente com vítima;137;BR-101/ES;Norte;Colisão Traseira;1;0;0;1;0;0;0;0;;;2;1;0;0;0
22/02/2019;15:50:00;330;Acidente sem vítima;301;BR-101/ES;Norte;Colisão Traseira;0;0;1;0;0;0;0;2;;;3;0;0;0;0
22/02/2019;15:54:00;333;Acidente com vítima;254;BR-101/ES;Norte;Engavetamento;3;0;0;0;0;0;0;0;;;2;2;0;0;0
22/02/2019;16:50:00;349;Acidente sem vítima;268;BR-101/ES;Sul;Colisão com ciclista;0;1;0;0;1;0;0;0;;;2;0;0;0;0
23/02/2019;01:29:00;26;Acidente sem vítima;271;BR-101/ES;Sul;Saída de Pista;1;0;0;0;0;0;0;0;;;1;0;0;0;0
23/02/2019;02:53:00;53;Acidente sem vítima;376;BR-101/ES;Norte;Colisão Lateral;2;0;0;0;0;0;0;0;;;2;0;0;0;0
23/02/2019;07:28:00;110;Acidente com morte;402;BR-101/ES;Sul;Colisão Frontal;1;0;0;0;0;0;0;2;;;1;0;0;0;2
23/02/2019;08:14:00;131;Acidente sem vítima;452;BR-101/ES;Norte;Colisão Traseira;0;0;1;1;0;0;0;1;;;3;0;0;0;0
23/02/2019;08:59:00;150;Acidente com vítima;278;BR-101/ES;Norte;Choque com Objeto Fixo;1;0;0;0;0;0;0;0;;;1;1;0;0;0
23/02/2019;10:00:00;173;Acidente sem vítima;342;BR-101/ES;Norte;Engavetamento;3;0;0;0;0;0;0;0;;;9;0;0;0;0
23/02/2019;11:02:00;198;Acidente sem vítima;226,5;BR-101/ES;Norte;Veículo em Chamas;1;0;0;0;0;0;0;0;;;2;0;0;0;0
23/02/2019;11:55:00;224;Acidente sem vítima;264;BR-101/ES;Norte;Colisão Traseira;1;0;0;0;0;0;0;1;;;2;0;0;0;0
23/02/2019;15:00:00;290;Acidente sem vítima;149;BR-101/ES;Norte;Colisão Transversal;1;0;0;1;0;0;0;0;;;2;0;0;0;0
23/02/2019;15:12:00;297;Acidente com vítima;132;BR-101/ES;Norte;Queda de Moto;0;0;0;1;0;0;0;0;;;0;1;0;0;0