data;horario;n_da_ocorrencia;tipo_de_ocorrencia;km;trecho;sentido;tipo_de_acidente;automovel;bicicleta;caminhao;moto;onibus;outros;tracao_animal;transporte_de_cargas_especiais;trator_maquinas;utilitarios;ilesos;levemente_feridos;moderadamente_feridos;gravemente_feridos;mortos
17/07/2019;17:34:00;373;Atropelamento sem morte;287;BR-101/ES;Sul;Atropelamento;0;0;0;1;0;0;0;0;;;1;1;0;0;0
17/07/2019;19:30:00;411;Acidente sem vítima;270;BR-101/ES;Norte;Colisão Traseira;1;0;0;0;0;0;0;2;;;2;0;0;0;0
18/07/2019;01:22:00;18;Acidente sem vítima;347;BR-101/ES;Sul;Atropelamento de Bovino;0;0;0;0;0;0;0;2;;;1;0;0;0;0
18/07/2019;03:36:00;41;Acidente sem vítima;299;BR-101/ES;Norte;Choque com Objeto Fixo;1;0;0;0;0;0;0;0;;;1;0;0;0;0
18/07/2019;05:32:00;64;Acidente com vítima;282;BR-101/ES;Sul;Saída de Pista;0;0;0;0;0;0;0;2;;;0;1;0;0;0
18/07/2019;06:54:00;83;Acidente com vítima;386,9;BR-101/ES;Norte;Colisão Frontal;3;0;0;0;0;0;0;3;;;4;0;1;0;0
18/07/2019;08:16:00;105;Acidente sem vítima;279;BR-101/ES;Sul;Choque com Objeto Fixo;1;0;0;0;0;0;0;0;;;1;0;0;0;0
18/07/2019;13:01:00;202;Acidente com vítima;411;BR-101/ES;Sul;Colisão Lateral;2;0;1;0;0;0;0;1;;;1;0;6;0;0
18/07/2019;14:55:00;230;Acidente sem vítima;270;BR-101/ES;Norte;Engavetamento;4;0;0;0;0;0;0;0;;;9;0;0;0;0
18/07/2019;17:09:00;257;Acidente sem vítima;341;BR-101/ES;Norte;Colisão Traseira;2;0;0;0;0;0;0;0;;;2;0;0;0;0
18/07/2019;18:11:00;278;Acidente sem vítima;253,2;BR-101/ES;Sul;Colisão Traseira;2;0;0;0;0;0;0;0;;;3;0;0;0;0
18/07/2019;18:14:00;281;Acidente com vítima;293;BR-101/ES;Sul;Colisão Lateral;1;0;0;1;0;0;0;0;;;1;1;0;0;0
18/07/2019;19:12:00;293;Acidente sem vítima;38;BR-101/ES;Sul;Atropelamento Animal;1;0;0;0;0;0;0;0;;;1;0;0;0;0
18/07/2019;19:47:00;301;Acidente sem vítima;270;BR-101/ES;Sul;Queda de Moto;0;0;0;1;0;0;0;0;;;1;0;0;0;0
18/07/2019;19:50:00;302;Acidente com vítima;324;BR-101/ES;Sul;Saída de Pista;1;0;0;0;0;0;0;0;;;1;1;0;0;0
19/07/2019;00:51:00;21;Acidente sem vítima;269;BR-101/ES;Sul;Colisão Traseira;2;0;0;0;0;0;0;1;;;3;0;0;0;0
19/07/2019;01:39:00;34;Acidente sem vítima;266;BR-101/ES;Sul;Colisão Transversal;1;0;1;0;0;0;0;0;;;2;0;0;0;0
19/07/2019;06:19:00;75;Acidente sem vítima;262;BR-101/ES;Sul;Colisão Traseira;2;0;0;0;0;0;0;0;;;2;0;0;0;0
19/07/2019;07:10:00;85;Acidente com vítima;293;BR-101/ES;Sul;Colisão Transversal;1;0;0;1;0;0;0;0;;;0;0;3;0;0
19/07/2019;07:47:00;99;Acidente sem vítima;387;BR-101/ES;Norte;Choque com Objeto Fixo;1;0;0;0;0;0;0;0;;;1;0;0;0;0
19/07/2019;08:30:00;116;Acidente sem vítima;209;BR-101/ES;Sul;Colisão Traseira;2;0;0;0;0;0;0;0;;;7;0;0;0;0
19/07/2019;09:59:00;161;Acidente sem vítima;266;BR-101/ES;Sul;Colisão Lateral;2;0;0;1;0;0;0;0;;;4;0;0;0;0
19/07/2019;10:49:00;187;Acidente com vítima;269,4;BR-101/ES;Sul;Colisão Transversal;3;0;1;0;0;0;0;0;;;2;0;4;0;0
19/07/2019;11:46:00;206;Acidente sem vítima;4;BR-101/ES;Norte;Choque com Objeto Fixo;1;0;0;0;0;0;0;0;;;2;0;0;0;0
19/07/2019;15:54:00;292;Acidente sem vítima;242;BR-101/ES;Norte;Colisão Traseira;2;0;0;0;0;0;0;0;;;2;0;0;0;0
19/07/2019;15:55:00;293;Acidente com vítima;293;BR-101/ES;Sul;Colisão Traseira;1;0;0;0;0;0;0;2;;;1;0;2;0;0
19/07/2019;16:22:00;303;Acidente sem vítima;256;BR-101/ES;Norte;Colisão Traseira;2;0;0;0;0;0;0;0;;;6;0;0;0;0
19/07/2019;17:34:00;329;Acidente com vítima;222;BR-101/ES;Sul;Colisão com ciclista;0;1;0;1;0;0;0;0;;;0;2;0;0;0
19/07/2019;19:03:00;350;Acidente sem vítima;270;BR-101/ES;Norte;Colisão Lateral;1;0;1;0;0;0;0;0;;;2;0;0;0;0
19/07/2019;19:10:00;354;Acidente sem vítima;117;BR-101/ES;Norte;Colisão Traseira;2;0;0;0;0;0;0;0;;;2;0;0;0;0
19/07/2019;19:22:00;362;Acidente sem vítima;262;BR-101/ES;Sul;Engavetamento;4;0;0;0;0;0;0;0;;;4;0;0;0;0
19/07/2019;19:26:00;364;Acidente com vítima;295;BR-101/ES;Norte;Colisão Frontal;1;0;0;1;0;0;0;0;;;2;0;1;0;0
19/07/2019;19:43:00;367;Acidente sem vítima;387;BR-101/ES;Sul;Saída de Pista;1;0;0;0;0;0;0;0;;;1;0;0;0;0
20/07/2019;00:29:00;9;Acidente sem vítima;391;BR-101/ES;Norte;Choque com Objeto Fixo;1;0;0;0;0;0;0;0;;;1;0;0;0;0
20/07/2019;01:43:00;34;Acidente sem vítima;296;BR-101/ES;Norte;Colisão com ciclista;1;1;0;0;0;0;0;0;;;2;0;0;0;0
20/07/2019;05:31:00;71;Acidente sem vítima;293;BR-101/ES;Sul;Saída de Pista;1;0;0;0;0;0;0;0;;;1;0;0;0;0
20/07/2019;06:35:00;79;Acidente sem vítima;260;BR-101/ES;Sul;Saída de Pista;1;0;0;0;0;0;0;0;;;1;0;0;0;0
20/07/2019;06:56:00;83;Acidente com vítima;269;BR-101/ES;Sul;Colisão com ciclista;1;1;0;0;0;0;0;0;;;1;0;1;0;0
20/07/2019;09:59:00;134;Acidente sem vítima;351;BR-101/ES;Sul;Veículo em Chamas;0;0;0;1;0;0;0;0;;;2;0;0;0;0
20/07/2019;12:11:00;192;Acidente sem vítima;139;BR-101/ES;Norte;Colisão Lateral;2;0;0;0;0;0;0;0;;;7;0;0;0;0
20/07/2019;12:31:00;200;Acidente com vítima;257;BR-101/ES;Sul;Colisão Traseira;2;0;0;0;0;0;0;0;;;1;0;1;0;0
20/07/2019;12:39:00;207;Acidente sem vítima;285;BR-101/ES;Norte;Colisão Lateral;1;0;0;1;0;0;0;0;;;3;0;0;0;0
20/07/2019;13:32:00;226;Acidente sem vítima;264;BR-101/ES;Sul;Colisão Traseira;1;0;1;0;0;0;0;0;;;4;0;0;0;0
20/07/2019;14:20:00;236;Acidente sem vítima;269;BR-101/ES;Sul;Colisão Traseira;1;0;1;0;0;0;0;0;;;2;0;0;0;0
20/07/2019;15:01:00;250;Acidente com vítima;327;BR-101/ES;Sul;Saída de Pista;1;0;0;0;0;0;0;0;;;0;1;0;0;0
20/07/2019;16:54:00;281;Acidente sem vítima;119,7;BR-101/ES;Sul;Queda de Moto;0;0;0;1;0;0;0;0;;;1;0;0;0;0
20/07/2019;17:30:00;293;Acidente sem vítima;191;BR-101/ES;Sul;Choque com Objeto Fixo;1;0;0;0;0;0;0;0;;;2;0;0;0;0
20/07/2019;17:50:00;300;Acidente sem vítima;264;BR-101/ES;Sul;Colisão Lateral;2;0;0;0;0;0;0;0;;;1;0;0;0;0
20/07/2019;18:26:00;307;Acidente com vítima;298;BR-101/ES;Norte;Queda de Moto;0;0;0;1;0;0;0;0;;;0;0;1;0;0
20/07/2019;18:33:00;310;Acidente sem vítima;301;BR-101/ES;Sul;Colisão Lateral;0;0;1;0;0;0;0;0;;;1;0;0;0;0
20/07/2019;18:54:00;314;Acidente com vítima;292;BR-101/ES;Sul;Choque com Objeto Fixo;1;0;0;0;0;0;0;0;;;0;2;1;0;0
20/07/2019;19:19:00;320;Acidente sem vítima;270;BR-101/ES;Sul;Colisão Traseira;2;0;0;0;0;0;0;0;;;1;0;0;0;0
20/07/2019;21:23:00;343;Acidente com vítima;306;BR-101/ES;Sul;Choque;0;0;0;1;0;0;0;0;;;0;0;0;1;0
21/07/2019;00:19:00;4;Acidente com vítima;99;BR-101/ES;Norte;Queda de Moto;0;0;0;1;0;0;0;0;;;0;0;1;0;0
21/07/2019;01:02:00;21;Acidente sem vítima;84;BR-101/ES;Sul;Saída de Pista;1;0;0;0;0;0;0;0;;;1;0;0;0;0
21/07/2019;01:22:00;26;Atropelamento sem morte;292,8;BR-101/ES;Norte;Atropelamento;1;0;0;0;0;0;0;0;;;1;0;0;1;0
21/07/2019;01:48:00;36;Acidente sem vítima;4;BR-101/ES;Norte;Atropelamento de Bovino;0;0;1;0;0;0;0;1;;;1;0;0;0;0
21/07/2019;04:13:00;57;Acidente sem vítima;294,2;BR-101/ES;Norte;Saída de Pista;1;0;0;0;0;0;0;0;;;1;0;0;0;0
21/07/2019;07:07:00;82;Acidente com vítima;225;BR-101/ES;Sul;Saída de Pista;1;0;0;0;0;0;0;0;;;0;0;1;0;0
21/07/2019;08:18:00;91;Acidente com vítima;18,9;BR-101/ES;Norte;Colisão Traseira;0;0;0;2;0;0;0;0;;;0;0;2;0;0
21/07/2019;10:18:00;137;Acidente com vítima;388;BR-101/ES;Norte;Tombamento;0;0;0;0;0;0;0;2;;;0;1;0;0;0
21/07/2019;14:21:00;234;Acidente sem vítima;254;BR-101/ES;Sul;Colisão Traseira;1;0;1;0;0;0;0;0;;;2;0;0;0;0
21/07/2019;14:23:00;236;Acidente sem vítima;148;BR-101/ES;Norte;Colisão Traseira;2;0;0;0;0;0;0;0;;;7;0;0;0;0
21/07/2019;15:00:00;249;Acidente sem vítima;143;BR-101/ES;Sul;Colisão Traseira;1;0;0;0;0;0;0;0;;;1;0;0;0;0
21/07/2019;15:24:00;254;Acidente com vítima;297;BR-101/ES;Norte;Colisão Traseira;1;0;0;1;0;0;0;0;;;1;0;1;0;0
21/07/2019;15:42:00;263;Acidente com vítima;296;BR-101/ES;Norte;Choque com Objeto Fixo;1;0;0;0;0;0;0;0;;;0;3;1;0;0
21/07/2019;17:42:00;303;Acidente sem vítima;159;BR-101/ES;Sul;Colisão Transversal;2;0;0;0;0;0;0;0;;;4;0;0;0;0
21/07/2019;18:18:00;310;Acidente com vítima;239,8;BR-101/ES;Sul;Colisão com ciclista;1;1;0;0;0;0;0;0;;;4;0;1;0;0
21/07/2019;18:30:00;315;Acidente sem vítima;176;BR-101/ES;Sul;Colisão Lateral;2;0;0;0;0;0;0;0;;;1;0;0;0;0
21/07/2019;19:33:00;331;Acidente sem vítima;180;BR-101/ES;Sul;Saída de Pista;0;0;0;1;0;0;0;0;;;1;0;0;0;0
21/07/2019;20:43:00;349;Acidente com vítima;943,7;BR-101/BA;Norte;Atropelamento de Bovino;1;0;0;0;0;0;0;0;;;0;4;0;0;0
21/07/2019;21:01:00;359;Acidente com vítima;372;BR-101/ES;Norte;Colisão Traseira;2;0;0;0;0;0;0;0;;;4;1;0;0;0
21/07/2019;21:41:00;370;Acidente sem vítima;143;BR-101/ES;Sul;Atropelamento Animal;1;0;0;0;0;0;0;0;;;1;0;0;0;0
22/07/2019;04:51:00;60;Acidente sem vítima;110;BR-101/ES;Sul;Colisão Traseira;1;0;1;0;0;0;0;0;;;2;0;0;0;0
22/07/2019;06:57:00;77;Acidente sem vítima;259;BR-101/ES;Norte;Colisão Traseira;2;0;0;0;0;0;0;0;;;3;0;0;0;0
22/07/2019;07:57:00;110;Acidente com vítima;296;BR-101/ES;Norte;Queda de Moto;0;0;0;1;0;0;0;0;;;1;0;1;0;0
22/07/2019;09:52:00;146;Acidente sem vítima;270;BR-101/ES;Norte;Colisão Traseira;2;0;0;0;0;0;0;0;;;2;0;0;0;0
22/07/2019;10:21:00;163;Acidente com vítima;265;BR-101/ES;Sul;Queda de Moto;0;0;0;1;0;0;0;0;;;0;1;0;0;0
22/07/2019;10:42:00;182;Acidente sem vítima;446;BR-101/ES;Sul;Colisão Traseira;2;0;0;0;0;0;0;0;;;2;0;0;0;0
22/07/2019;14:58:00;313;Acidente sem vítima;296;BR-101/ES;Norte;Choque com Objeto Fixo;1;0;0;0;0;0;0;0;;;1;0;0;0;0
22/07/2019;18:57:00;374;Acidente com vítima;70;BR-101/ES;Norte;Colisão Frontal;0;2;0;0;0;0;0;0;;;0;0;2;0;0
23/07/2019;05:28:00;59;Acidente sem vítima;298;BR-101/ES;Norte;Capotamento;1;0;0;0;0;0;0;0;;;1;0;0;0;0
23/07/2019;07:01:00;75;Acidente sem vítima;405;BR-101/ES;Sul;Atropelamento de Bovino;1;0;0;0;0;0;0;0;;;1;0;0;0;0
23/07/2019;07:39:00;91;Acidente sem vítima;301;BR-101/ES;Norte;Colisão Lateral;1;0;1;0;0;0;0;0;;;2;0;0;0;0
23/07/2019;08:40:00;126;Acidente sem vítima;254,8;BR-101/ES;Sul;Engavetamento;2;0;1;0;0;0;0;0;;;5;0;0;0;0
23/07/2019;09:04:00;134;Acidente sem vítima;254,8;BR-101/ES;Sul;Engavetamento;2;0;2;0;0;0;0;1;;;6;0;0;0;0
23/07/2019;11:04:00;185;Acidente sem vítima;265;BR-101/ES;Norte;Choque com Objeto Fixo;0;0;0;0;0;0;0;1;;;1;0;0;0;0
23/07/2019;12:38:00;227;Acidente com vítima;1;BR-101/ES;Norte;Veículo em Chamas;0;0;0;0;0;0;0;2;;;0;1;0;0;0
23/07/2019;14:54:00;267;Acidente com vítima;236;BR-101/ES;Norte;Engavetamento;2;0;0;0;0;0;0;3;;;5;0;1;0;0
23/07/2019;17:18:00;312;Acidente sem vítima;321;BR-101/ES;Sul;Saída de Pista;1;0;0;0;0;0;0;0;;;5;0;0;0;0
23/07/2019;17:50:00;320;Acidente sem vítima;269;BR-101/ES;Sul;Engavetamento;3;0;0;0;0;0;0;0;;;5;0;0;0;0
23/07/2019;17:57:00;322;Acidente com vítima;66;BR-101/ES;Norte;Colisão Traseira;1;0;0;1;0;0;0;0;;;3;0;1;0;0
23/07/2019;18:33:00;327;Acidente sem vítima;266;BR-101/ES;Sul;Colisão Traseira;2;0;0;0;0;0;0;0;;;2;0;0;0;0
24/07/2019;10:12:00;174;Acidente com vítima;257;BR-101/ES;Norte;Queda de Moto;0;0;0;1;0;0;0;0;;;0;1;0;0;0
24/07/2019;12:01:00;227;Acidente sem vítima;262;BR-101/ES;Sul;Colisão Transversal;1;0;1;0;0;0;0;0;;;2;0;0;0;0
24/07/2019;16:45:00;332;Acidente com vítima;293;BR-101/ES;Norte;Queda de Moto;0;0;0;1;0;0;0;0;;;1;1;0;0;0
24/07/2019;18:16:00;352;Atropelamento sem morte;395;BR-101/ES;Norte;Atropelamento;1;0;0;0;0;0;0;0;;;1;1;0;0;0
25/07/2019;04:26:00;51;Acidente sem vítima;260;BR-101/ES;Norte;Saída de Pista;1;0;0;0;0;0;0;0;;;1;0;0;0;0
25/07/2019;08:25:00;131;Acidente sem vítima;283;BR-101/ES;Sul;Colisão Traseira;0;0;0;0;0;0;0;4;;;2;0;0;0;0
25/07/2019;09:34:00;156;Acidente com vítima;297;BR-101/ES;Norte;Colisão Traseira;0;0;0;2;0;0;0;0;;;0;1;0;1;0
25/07/2019;12:13:00;210;Acidente com vítima;393;BR-101/ES;Sul;Colisão Lateral;0;0;0;1;0;0;0;2;;;1;0;0;1;0
25/07/2019;12:23:00;212;Acidente sem vítima;125,9;BR-101/ES;Sul;Colisão Traseira;2;0;0;0;0;0;0;0;;;2;0;0;0;0
25/07/2019;12:45:00;221;Acidente sem vítima;298;BR-101/ES;Norte;Danos Eventuais;1;0;0;0;0;0;0;0;;;1;0;0;0;0
25/07/2019;13:34:00;242;Acidente com vítima;263,9;BR-101/ES;Norte;Colisão Traseira;0;0;0;1;0;0;0;0;;;0;0;2;0;0
25/07/2019;15:22:00;263;Acidente com vítima;228;BR-101/ES;Sul;Engavetamento;0;0;1;0;0;0;0;4;;;2;1;0;0;0
25/07/2019;16:25:00;281;Acidente sem vítima;3;BR-101/ES;Sul;Capotamento;1;0;0;0;0;0;0;0;;;1;0;0;0;0
25/07/2019;18:07:00;309;Acidente com morte;233,8;BR-101/ES;Norte;Colisão Frontal;1;0;1;0;0;0;0;0;;;2;0;0;0;1
25/07/2019;19:00:00;320;Acidente com vítima;66;BR-101/ES;Sul;Colisão Lateral;0;0;1;0;1;0;0;0;;;2;2;0;0;0
25/07/2019;20:54:00;335;Atropelamento sem morte;66;BR-101/ES;Sul;Atropelamento;0;0;1;0;0;0;0;0;;;1;0;0;1;0
25/07/2019;21:23:00;342;Acidente com vítima;270;BR-101/ES;Sul;Choque com Objeto Fixo;1;0;0;0;0;0;0;0;;;0;0;1;0;0
25/07/2019;21:40:00;343;Acidente com vítima;300;BR-101/ES;Sul;Colisão Transversal;1;0;0;1;0;0;0;0;;;1;1;0;0;0
25/07/2019;22:22:00;352;Acidente com vítima;265;BR-101/ES;Norte;Queda de Moto;0;0;0;1;0;0;0;0;;;0;0;1;0;0
26/07/2019;06:27:00;81;Acidente sem vítima;455;BR-101/ES;Sul;Capotamento;1;0;0;0;0;0;0;0;;;3;0;0;0;0
26/07/2019;15:45:00;331;Acidente sem vítima;269;BR-101/ES;Norte;Colisão Traseira;2;0;0;0;0;0;0;0;;;2;0;0;0;0
26/07/2019;18:40:00;380;Atropelamento sem morte;308;BR-101/ES;Norte;Atropelamento;0;0;1;0;0;0;0;0;;;1;1;0;0;0
26/07/2019;18:52:00;382;Acidente sem vítima;293;BR-101/ES;Sul;Engavetamento;4;0;0;0;0;0;0;0;;;10;0;0;0;0
26/07/2019;20:06:00;393;Acidente com vítima;256;BR-101/ES;Sul;Colisão com ciclista;0;1;0;1;0;0;0;0;;;0;0;1;0;0
26/07/2019;22:01:00;414;Acidente com vítima;144;BR-101/ES;Norte;Queda de Moto;0;0;0;1;0;0;0;0;;;0;0;0;1;0
26/07/2019;22:08:00;418;Acidente sem vítima;110;BR-101/ES;Norte;Colisão com ciclista;1;1;0;0;0;0;0;0;;;2;0;0;0;0
27/07/2019;00:05:00;2;Acidente com vítima;377;BR-101/ES;Sul;Colisão Lateral;0;0;0;1;1;0;0;0;;;40;1;1;0;0
27/07/2019;03:10:00;43;Acidente sem vítima;258;BR-101/ES;Sul;Colisão Traseira;1;0;1;0;0;0;0;0;;;2;0;0;0;0
27/07/2019;06:49:00;86;Acidente sem vítima;266,8;BR-101/ES;Norte;Colisão Traseira;2;0;0;0;0;0;0;0;;;2;0;0;0;0
27/07/2019;07:13:00;95;Acidente sem vítima;176;BR-101/ES;Sul;Colisão Traseira;2;0;0;0;0;0;0;0;;;3;0;0;0;0
27/07/2019;08:03:00;111;Acidente com vítima;261;BR-101/ES;Sul;Colisão Traseira;2;0;0;0;0;0;0;0;;;0;1;0;0;0
27/07/2019;08:21:00;115;Acidente sem vítima;67;BR-101/ES;Sul;Colisão Traseira;1;0;0;0;0;0;0;3;;;4;0;0;0;0
27/07/2019;08:57:00;121;Acidente sem vítima;294;BR-101/ES;Sul;Colisão Traseira;2;0;0;0;0;0;0;0;;;2;0;0;0;0
27/07/2019;09:23:00;136;Acidente sem vítima;241;BR-101/ES;Norte;Colisão Traseira;2;0;0;0;0;0;0;0;;;2;0;0;0;0
27/07/2019;11:16:00;176;Acidente sem vítima;162;BR-101/ES;Sul;Colisão Lateral;2;0;0;0;0;0;0;0;;;2;0;0;0;0
27/07/2019;11:20:00;178;Acidente com vítima;268,5;BR-101/ES;Norte;Colisão Lateral;1;0;0;1;0;0;0;0;;;1;0;1;0;0
27/07/2019;12:05:00;197;Acidente com vítima;30,7;BR-101/ES;Sul;Engavetamento;2;0;0;1;0;0;0;0;;;3;1;1;0;0
27/07/2019;12:47:00;214;Acidente sem vítima;260;BR-101/ES;Norte;Colisão Traseira;2;0;0;0;0;0;0;0;;;3;0;0;0;0
27/07/2019;13:34:00;227;Acidente sem vítima;261;BR-101/ES;Sul;Choque com Objeto Fixo;1;0;0;0;0;0;0;0;;;2;0;0;0;0
27/07/2019;16:41:00;282;Acidente sem vítima;295;BR-101/ES;Sul;Colisão Traseira;2;0;0;0;0;0;0;0;;;4;0;0;0;0
27/07/2019;16:45:00;285;Acidente com vítima;386;BR-101/ES;Norte;Queda de Moto;0;0;0;1;0;0;0;0;;;0;1;0;0;0
27/07/2019;18:24:00;310;Acidente com vítima;32;BR-101/ES;Sul;Colisão Transversal;1;0;0;1;0;0;0;0;;;1;1;0;0;0
27/07/2019;19:29:00;321;Acidente sem vítima;268;BR-101/ES;Norte;Colisão com ciclista;1;1;0;0;0;0;0;0;;;2;0;0;0;0
27/07/2019;19:39:00;323;Atropelamento sem morte;93;BR-101/ES;Norte;Atropelamento;0;1;0;0;0;0;0;0;;;0;0;2;0;0
27/07/2019;22:09:00;349;Acidente sem vítima;941;BR-101/BA;Sul;Capotamento;1;0;0;0;0;0;0;0;;;1;0;0;0;0
27/07/2019;22:45:00;357;Acidente sem vítima;262;BR-101/ES;Sul;Colisão Transversal;2;0;0;0;0;0;0;0;;;3;0;0;0;0
27/07/2019;23:09:00;364;Acidente sem vítima;152;BR-101/ES;Sul;Colisão Traseira;0;0;2;0;0;0;0;0;;;2;0;0;0;0
27/07/2019;23:32:00;367;Acidente com vítima;940;BR-101/BA;Norte;Colisão Traseira;2;0;0;0;0;0;0;0;;;0;0;1;0;0
28/07/2019;01:15:00;18;Acidente com vítima;135;BR-101/ES;Norte;Queda de Moto;0;0;0;1;0;0;0;0;;;0;0;2;0;0
28/07/2019;05:26:00;61;Acidente com vítima;285;BR-101/ES;Sul;Choque com Objeto Fixo;0;0;0;1;0;0;0;0;;;0;0;1;0;0
28/07/2019;09:52:00;121;Acidente sem vítima;248,8;BR-101/ES;Norte;Queda de Moto;0;0;0;1;0;0;0;0;;;2;0;0;0;0
28/07/2019;14:50:00;227;Acidente sem vítima;233;BR-101/ES;Sul;Colisão Traseira;2;0;0;0;0;0;0;0;;;5;0;0;0;0
28/07/2019;15:17:00;236;Acidente sem vítima;264,9;BR-101/ES;Sul;Colisão Traseira;2;0;0;0;0;0;0;0;;;2;0;0;0;0
28/07/2019;16:24:00;264;Acidente com vítima;268;BR-101/ES;Sul;Colisão Traseira;1;0;0;1;0;0;0;0;;;2;1;0;0;0
28/07/2019;17:46:00;291;Atropelamento sem morte;212;BR-101/ES;Sul;Atropelamento;1;0;0;0;0;0;0;0;;;5;0;1;0;0
28/07/2019;18:03:00;302;Acidente com vítima;138;BR-101/ES;Norte;Colisão Transversal;1;0;0;1;0;0;0;0;;;0;2;1;0;0
28/07/2019;18:17:00;306;Acidente com vítima;146,8;BR-101/ES;Norte;Colisão Traseira;1;0;0;0;0;0;0;0;;;1;3;0;0;0
28/07/2019;19:09:00;319;Acidente com vítima;371;BR-101/ES;Sul;Colisão Lateral;0;0;1;1;0;0;0;0;;;0;2;0;0;0
28/07/2019;19:54:00;328;Acidente com vítima;161;BR-101/ES;Norte;Colisão com ciclista;1;1;0;0;0;0;0;0;;;2;0;1;0;0
29/07/2019;00:28:00;7;Acidente sem vítima;261;BR-101/ES;Sul;Queda de ciclista;0;1;0;0;0;0;0;0;;;1;0;0;0;0
29/07/2019;06:40:00;67;Acidente sem vítima;259;BR-101/ES;Sul;Queda de Moto;0;0;0;1;0;0;0;0;;;1;0;0;0;0
29/07/2019;08:36:00;126;Acidente com vítima;293;BR-101/ES;Norte;Colisão Lateral;2;0;0;0;0;0;0;0;;;2;0;1;0;0
29/07/2019;10:26:00;159;Acidente com vítima;191;BR-101/ES;Sul;Saída de Pista;1;0;0;0;0;0;0;0;;;0;1;0;0;0
29/07/2019;13:11:00;233;Acidente sem vítima;218;BR-101/ES;Norte;Choque com Objeto Fixo;1;0;0;0;0;0;0;0;;;3;0;0;0;0
29/07/2019;14:01:00;246;Acidente sem vítima;360;BR-101/ES;Sul;Capotamento;1;0;0;0;0;0;0;0;;;1;0;0;0;0
29/07/2019;16:05:00;284;Acidente com vítima;458;BR-101/ES;Sul;Colisão Traseira;2;0;0;0;0;0;0;0;;;1;1;1;0;0
29/07/2019;17:58:00;316;Acidente com vítima;264;BR-101/ES;Norte;Colisão Traseira;0;0;1;1;0;0;0;0;;;1;0;1;0;0
29/07/2019;19:05:00;330;Acidente sem vítima;307;BR-101/ES;Norte;Engavetamento;3;0;0;0;0;0;0;0;;;3;0;0;0;0
29/07/2019;19:50:00;339;Acidente com vítima;146;BR-101/ES;Norte;Colisão Lateral;0;0;1;1;0;0;0;0;;;3;1;0;0;0
29/07/2019;20:44:00;350;Acidente sem vítima;149;BR-101/ES;Norte;Colisão Lateral;2;0;0;0;0;0;0;0;;;1;0;0;0;0
30/07/2019;07:19:00;76;Acidente sem vítima;210;BR-101/ES;Sul;Colisão Traseira;2;0;0;0;0;0;0;0;;;7;0;0;0;0
30/07/2019;07:49:00;85;Acidente sem vítima;210;BR-101/ES;Norte;Engavetamento;3;0;0;0;0;0;0;0;;;6;0;0;0;0
30/07/2019;08:05:00;93;Acidente com vítima;267;BR-101/ES;Norte;Colisão Transversal;1;0;0;1;0;0;0;0;;;1;0;1;0;0
30/07/2019;08:41:00;112;Acidente sem vítima;338;BR-101/ES;Sul;Choque com Objeto Fixo;1;0;0;0;0;0;0;0;;;2;0;0;0;0
30/07/2019;11:25:00;182;Atropelamento sem morte;298,9;BR-101/ES;Norte;Atropelamento e Fuga;0;0;0;1;0;0;0;0;;;0;1;0;0;0
30/07/2019;16:26:00;291;Acidente sem vítima;255;BR-101/ES;Sul;Engavetamento;3;0;0;0;0;0;0;0;;;2;0;0;0;0
30/07/2019;17:54:00;319;Acidente sem vítima;274;BR-101/ES;Sul;Colisão Traseira;2;0;0;0;0;0;0;0;;;2;0;0;0;0
30/07/2019;20:59:00;344;Acidente com vítima;357;BR-101/ES;Sul;Colisão Lateral;0;0;1;0;0;0;0;2;;;1;1;0;0;0
31/07/2019;07:41:00;96;Acidente sem vítima;399;BR-101/ES;Norte;Choque com Objeto Fixo;1;0;0;0;0;0;0;0;;;1;0;0;0;0
31/07/2019;09:23:00;134;Acidente sem vítima;270,7;BR-101/ES;Norte;Colisão Traseira;2;0;0;0;0;0;0;0;;;2;0;0;0;0
31/07/2019;17:42:00;326;Atropelamento sem morte;266,4;BR-101/ES;Sul;Atropelamento;1;0;0;0;0;0;0;0;;;1;1;0;0;0
31/07/2019;18:17:00;335;Acidente sem vítima;264;BR-101/ES;Norte;Colisão Traseira;2;0;0;0;0;0;0;0;;;2;0;0;0;0
31/07/2019;19:57:00;361;Atropelamento sem morte;289;BR-101/ES;Norte;Atropelamento;0;0;0;1;0;0;0;0;;;0;0;1;1;0
31/07/2019;22:39:00;401;Acidente com vítima;287;BR-101/ES;Norte;Colisão Lateral;0;0;1;0;0;0;0;0;;;0;0;1;0;0
01/09/2019;00:15:00;2;Acidente com vítima;130;BR-101/ES;Norte;Colisão Traseira;1;0;0;1;0;0;0;0;;;0;2;1;0;0
01/09/2019;02:57:00;47;Acidente sem vítima;306;BR-101/ES;Norte;Choque;1;0;0;0;0;0;0;0;;;1;0;0;0;0
01/09/2019;03:40:00;54;Acidente sem vítima;284;BR-101/ES;Sul;Choque com Objeto Fixo;1;0;0;0;0;0;0;0;;;1;0;0;0;0
01/09/2019;04:10:00;63;Acidente sem vítima;210;BR-101/ES;Sul;Saída de Pista;1;0;0;0;0;0;0;0;;;1;0;0;0;0
01/09/2019;18:29:00;313;Acidente com vítima;159;BR-101/ES;Sul;Colisão Transversal;1;0;0;1;0;0;0;0;;;2;1;0;0;0