data;horario;n_da_ocorrencia;tipo_de_ocorrencia;km;trecho;sentido;tipo_de_acidente;automovel;bicicleta;caminhao;moto;onibus;outros;tracao_animal;transporte_de_cargas_especiais;trator_maquinas;utilitarios;ilesos;levemente_feridos;moderadamente_feridos;gravemente_feridos;mortos
09/04/2019;12:58:00;240;Acidente com vítima;377;BR-101/ES;Norte;Colisão Transversal;1;0;0;1;0;0;0;0;;;1;1;0;0;0
09/04/2019;13:59:00;261;Acidente sem vítima;255;BR-101/ES;Sul;Colisão Traseira;2;0;0;0;0;0;0;0;;;2;0;0;0;0
09/04/2019;15:14:00;283;Acidente com vítima;147;BR-101/ES;Norte;Colisão Traseira;1;0;1;0;0;0;0;0;;;1;1;0;0;0
09/04/2019;15:20:00;288;Acidente sem vítima;266;BR-101/ES;Sul;Colisão Lateral;1;0;0;0;0;0;0;3;;;3;0;0;0;0
09/04/2019;16:00:00;297;Acidente sem vítima;329;BR-101/ES;Sul;Colisão Lateral;0;0;1;0;0;0;0;2;;;4;0;0;0;0
09/04/2019;16:16:00;302;Acidente sem vítima;260;BR-101/ES;Sul;Colisão Traseira;2;0;0;0;0;0;0;0;;;2;0;0;0;0
09/04/2019;16:46:00;311;Acidente sem vítima;264;BR-101/ES;Sul;Veículo em Chamas;0;0;1;0;0;0;0;0;;;1;0;0;0;0
09/04/2019;16:59:00;320;Acidente sem vítima;259,9;BR-101/ES;Sul;Colisão Traseira;2;0;0;0;0;0;0;0;;;2;0;0;0;0
10/04/2019;04:19:00;46;Acidente sem vítima;332,5;BR-101/ES;Sul;Saída de Pista;0;0;1;0;0;0;0;0;;;1;0;0;0;0
10/04/2019;06:36:00;71;Acidente sem vítima;335;BR-101/ES;Norte;Tombamento;0;0;0;0;0;0;0;2;;;1;0;0;0;0
10/04/2019;11:27:00;181;Acidente sem vítima;312;BR-101/ES;Norte;Saída de Pista;1;0;0;0;0;0;0;0;;;1;0;0;0;0
10/04/2019;11:52:00;195;Acidente com vítima;409;BR-101/ES;Sul;Colisão Frontal;0;0;2;0;0;0;0;0;;;0;2;0;0;0
10/04/2019;12:53:00;217;Atropelamento sem morte;269;BR-101/ES;Sul;Atropelamento e Fuga;1;0;0;0;0;0;0;0;;;0;0;1;0;0
10/04/2019;14:20:00;249;Acidente com vítima;259;BR-101/ES;Norte;Atropelamento Animal;1;0;0;1;0;0;0;0;;;1;1;0;0;0
10/04/2019;16:04:00;287;Acidente com morte;260,8;BR-101/ES;Norte;Colisão Traseira;0;0;0;1;1;0;0;2;;;2;0;0;0;1
10/04/2019;16:58:00;300;Acidente sem vítima;401;BR-101/ES;Sul;Saída de Pista;1;0;0;0;0;0;0;0;;;1;0;0;0;0
10/04/2019;17:55:00;316;Acidente sem vítima;259;BR-101/ES;Sul;Saída de Pista;1;0;0;0;0;0;0;0;;;1;0;0;0;0
10/04/2019;19:35:00;337;Acidente com vítima;128;BR-101/ES;Norte;Colisão Transversal;1;0;1;0;0;0;0;0;;;1;0;1;0;0
10/04/2019;19:38:00;338;Acidente com vítima;380;BR-101/ES;Norte;Queda de Moto;0;0;0;1;0;0;0;0;;;0;0;0;1;0
10/04/2019;19:55:00;342;Acidente sem vítima;270;BR-101/ES;Norte;Colisão Traseira;0;0;2;0;0;0;0;0;;;2;0;0;0;0
10/04/2019;19:59:00;343;Acidente sem vítima;66;BR-101/ES;Sul;Colisão Transversal;2;0;0;0;0;0;0;0;;;2;0;0;0;0
10/04/2019;21:09:00;356;Acidente com vítima;261;BR-101/ES;Norte;Queda de Moto;0;0;0;1;0;0;0;0;;;0;0;1;0;0
11/04/2019;08:41:00;139;Acidente com vítima;291;BR-101/ES;Sul;Colisão Traseira;0;0;0;2;0;0;0;0;;;0;0;3;0;0
11/04/2019;08:45:00;140;Acidente com vítima;168;BR-101/ES;Norte;Atropelamento Animal;0;0;0;1;0;0;0;0;;;0;1;0;0;0
11/04/2019;13:16:00;246;Acidente sem vítima;269;BR-101/ES;Sul;Choque com Objeto Fixo;1;0;0;0;0;0;0;0;;;2;0;0;0;0
11/04/2019;16:26:00;316;Acidente com vítima;264;BR-101/ES;Sul;Colisão Lateral;1;0;0;1;0;0;0;0;;;1;0;1;0;0
11/04/2019;17:37:00;340;Acidente sem vítima;285;BR-101/ES;Norte;Colisão Traseira;0;0;2;0;0;0;0;0;;;2;0;0;0;0
11/04/2019;18:49:00;355;Acidente sem vítima;266;BR-101/ES;Norte;Colisão Lateral;1;0;1;0;0;0;0;0;;;3;0;0;0;0
11/04/2019;19:46:00;364;Acidente sem vítima;257;BR-101/ES;Norte;Colisão Lateral;1;0;0;1;0;0;0;0;;;3;0;0;0;0
11/04/2019;19:59:00;366;Acidente sem vítima;273;BR-101/ES;Norte;Colisão Transversal;2;0;0;0;0;0;0;0;;;2;0;0;0;0
11/04/2019;20:13:00;372;Acidente sem vítima;434;BR-101/ES;Sul;Tombamento;0;0;1;0;0;0;0;0;;;2;0;0;0;0
11/04/2019;21:47:00;391;Acidente com vítima;230;BR-101/ES;Norte;Queda de Moto;0;0;0;1;0;0;0;0;;;0;0;1;0;0
12/04/2019;00:02:00;1;Acidente sem vítima;78,5;BR-101/ES;Sul;Queda de Moto;0;0;0;1;0;0;0;0;;;1;0;0;0;0
12/04/2019;08:17:00;133;Acidente sem vítima;5;BR-101/ES;Sul;Colisão Lateral;2;0;0;0;0;0;0;0;;;5;0;0;0;0
12/04/2019;08:44:00;148;Acidente sem vítima;298;BR-101/ES;Norte;Colisão Traseira;0;0;0;0;0;0;0;2;;;1;0;0;0;0
12/04/2019;08:51:00;151;Acidente sem vítima;399;BR-101/ES;Norte;Colisão Traseira;2;0;0;0;0;0;0;0;;;5;0;0;0;0
12/04/2019;09:26:00;167;Acidente sem vítima;270;BR-101/ES;Sul;Colisão Traseira;1;0;0;0;1;0;0;0;;;2;0;0;0;0
12/04/2019;09:50:00;178;Acidente com vítima;270;BR-101/ES;Sul;Queda de Moto;0;0;0;1;0;0;0;0;;;0;0;1;0;0
12/04/2019;09:55:00;179;Acidente sem vítima;300,8;BR-101/ES;Norte;Engavetamento;3;0;0;0;0;0;0;0;;;3;0;0;0;0
12/04/2019;14:27:00;289;Acidente sem vítima;266;BR-101/ES;Sul;Colisão Lateral;1;0;0;1;0;0;0;0;;;2;0;0;0;0
12/04/2019;18:03:00;373;Acidente sem vítima;270;BR-101/ES;Sul;Colisão Traseira;2;0;0;0;0;0;0;0;;;2;0;0;0;0
12/04/2019;18:18:00;378;Acidente com vítima;268;BR-101/ES;Norte;Colisão com ciclista;0;1;0;1;0;0;0;0;;;2;0;1;0;0
12/04/2019;19:18:00;394;Acidente sem vítima;297;BR-101/ES;Sul;Colisão Lateral;1;0;0;0;0;0;0;3;;;2;0;0;0;0
12/04/2019;22:31:00;444;Acidente com vítima;25;BR-101/ES;Norte;Colisão Transversal;2;0;0;0;0;0;0;0;;;1;0;2;1;0
13/04/2019;02:38:00;47;Acidente sem vítima;294;BR-101/ES;Sul;Choque com Objeto Fixo;1;0;0;0;0;0;0;0;;;2;0;0;0;0
13/04/2019;05:47:00;84;Acidente com vítima;290;BR-101/ES;Sul;Queda de Moto;0;0;0;1;0;0;0;0;;;0;0;1;0;0
13/04/2019;09:22:00;158;Acidente sem vítima;85;BR-101/ES;Norte;Colisão Lateral;1;0;1;0;0;0;0;0;;;2;0;0;0;0
13/04/2019;12:12:00;218;Acidente sem vítima;255;BR-101/ES;Sul;Colisão Traseira;2;0;0;0;0;0;0;0;;;2;0;0;0;0
13/04/2019;12:36:00;228;Acidente sem vítima;270;BR-101/ES;Norte;Colisão Lateral;1;0;0;0;0;0;0;2;;;3;0;0;0;0
13/04/2019;14:00:00;266;Acidente com vítima;146;BR-101/ES;Norte;Queda de Moto;0;0;0;1;0;0;0;0;;;0;1;0;0;0
13/04/2019;20:19:00;355;Acidente com vítima;293;BR-101/ES;Norte;Colisão Transversal;2;0;0;0;0;0;0;0;;;2;0;3;0;0
13/04/2019;21:25:00;369;Acidente com vítima;445;BR-101/ES;Sul;Colisão Lateral;1;0;0;1;0;0;0;0;;;2;2;0;0;0
13/04/2019;22:27:00;387;Acidente sem vítima;290;BR-101/ES;Norte;Choque com Objeto Fixo;1;0;0;0;0;0;0;0;;;3;0;0;0;0
13/04/2019;23:23:00;404;Acidente sem vítima;215;BR-101/ES;Sul;Veículo em Chamas;1;0;0;0;0;0;0;0;;;2;0;0;0;0
14/04/2019;15:45:00;218;Acidente com vítima;203;BR-101/ES;Sul;Colisão Transversal;0;0;1;1;0;0;0;1;;;1;0;1;0;0
14/04/2019;15:53:00;220;Acidente sem vítima;436;BR-101/ES;Norte;Saída de Pista;1;0;0;0;0;0;0;0;;;1;0;0;0;0
14/04/2019;17:50:00;246;Acidente sem vítima;153;BR-101/ES;Sul;Engavetamento;3;0;0;0;0;0;0;0;;;12;0;0;0;0
14/04/2019;23:25:00;312;Acidente sem vítima;292;BR-101/ES;Sul;Choque com Objeto Fixo;1;0;0;0;0;0;0;0;;;1;0;0;0;0
15/04/2019;07:08:00;101;Atropelamento sem morte;268,8;BR-101/ES;Sul;Atropelamento;1;0;0;0;0;0;0;0;;;1;0;1;0;0
15/04/2019;07:23:00;126;Acidente com vítima;266;BR-101/ES;Sul;Colisão Lateral;0;0;0;1;0;0;0;0;;;0;0;1;0;0
15/04/2019;07:52:00;139;Acidente com vítima;290;BR-101/ES;Norte;Atropelamento Animal;0;0;0;1;0;0;0;0;;;0;1;0;0;0
15/04/2019;12:35:00;259;Acidente com vítima;211;BR-101/ES;Norte;Colisão Lateral;1;0;0;0;0;0;0;3;;;1;0;2;0;0
15/04/2019;18:22:00;366;Acidente com vítima;287;BR-101/ES;Sul;Atropelamento de Equino;1;0;0;1;0;0;0;0;;;1;1;0;0;0
15/04/2019;19:04:00;373;Acidente sem vítima;420,5;BR-101/ES;Norte;Capotamento;1;0;0;0;0;0;0;0;;;2;0;0;0;0
15/04/2019;20:13:00;388;Acidente sem vítima;458;BR-101/ES;Sul;Choque com Objeto Fixo;0;0;0;0;0;0;0;2;;;1;0;0;0;0
15/04/2019;20:49:00;395;Acidente com vítima;401;BR-101/ES;Norte;Queda de ciclista;0;1;0;0;0;0;0;0;;;0;1;0;0;0
15/04/2019;22:26:00;418;Acidente sem vítima;393;BR-101/ES;Norte;Colisão Traseira;1;0;0;1;0;0;0;0;;;4;0;0;0;0
15/04/2019;22:58:00;431;Acidente sem vítima;160;BR-101/ES;Norte;Saída de Pista;1;0;0;0;0;0;0;0;;;1;0;0;0;0
16/04/2019;08:29:00;160;Acidente sem vítima;264;BR-101/ES;Sul;Colisão Traseira;2;0;0;0;0;0;0;0;;;2;0;0;0;0
16/04/2019;09:28:00;177;Acidente sem vítima;263;BR-101/ES;Sul;Queda de Moto;0;0;0;1;0;0;0;0;;;1;0;0;0;0
16/04/2019;09:57:00;186;Acidente sem vítima;264;BR-101/ES;Sul;Colisão Traseira;2;0;0;0;0;0;0;0;;;2;0;0;0;0
16/04/2019;10:04:00;192;Acidente sem vítima;22;BR-101/ES;Norte;Saída de Pista;1;0;0;0;0;0;0;0;;;2;0;0;0;0
16/04/2019;10:19:00;197;Acidente sem vítima;275;BR-101/ES;Sul;Queda de Moto;0;0;0;1;0;0;0;0;;;1;0;0;0;0
16/04/2019;10:22:00;200;Acidente com vítima;272;BR-101/ES;Norte;Saída de Pista;1;0;0;0;0;0;0;0;;;0;0;1;0;0
16/04/2019;13:03:00;277;Acidente sem vítima;263;BR-101/ES;Sul;Engavetamento;3;0;0;0;0;0;0;0;;;3;0;0;0;0
16/04/2019;16:42:00;348;Acidente com vítima;431;BR-101/ES;Norte;Colisão Traseira;3;0;0;0;0;0;0;0;;;4;0;2;0;0
16/04/2019;22:38:00;442;Acidente com vítima;259;BR-101/ES;Sul;Choque com Objeto Fixo;0;0;1;0;0;0;0;0;;;0;0;1;0;0
16/04/2019;22:46:00;445;Acidente sem vítima;260;BR-101/ES;Norte;Colisão Lateral;2;0;0;0;0;0;0;0;;;11;0;0;0;0
16/04/2019;23:23:00;457;Acidente com vítima;263;BR-101/ES;Norte;Queda de Moto;1;0;0;1;0;0;0;0;;;1;0;0;1;0
17/04/2019;00:39:00;15;Acidente sem vítima;88;BR-101/ES;Sul;Atropelamento de Bovino;0;0;1;0;0;0;0;0;;;1;0;0;0;0
17/04/2019;04:48:00;65;Acidente com vítima;257;BR-101/ES;Norte;Veículo em Chamas;0;0;0;0;0;0;0;3;;;0;0;1;0;0
17/04/2019;06:56:00;88;Acidente com vítima;270;BR-101/ES;Sul;Colisão Transversal;1;0;0;1;0;0;0;0;;;1;0;1;0;0
17/04/2019;08:52:00;154;Acidente sem vítima;265;BR-101/ES;Sul;Colisão Lateral;1;0;1;0;0;0;0;0;;;2;0;0;0;0
17/04/2019;09:37:00;168;Acidente com vítima;222;BR-101/ES;Sul;Colisão Traseira;1;0;0;1;0;0;0;0;;;1;0;3;0;0
17/04/2019;11:45:00;213;Acidente sem vítima;202;BR-101/ES;Norte;Choque com Objeto Fixo;0;0;1;0;0;0;0;0;;;1;0;0;0;0
17/04/2019;13:11:00;255;Acidente sem vítima;270;BR-101/ES;Norte;Engavetamento;3;0;0;0;0;0;0;0;;;3;0;0;0;0
17/04/2019;16:53:00;340;Acidente sem vítima;289,9;BR-101/ES;Norte;Colisão Traseira;1;0;0;0;0;0;0;2;;;3;0;0;0;0
17/04/2019;17:55:00;358;Acidente com vítima;262;BR-101/ES;Sul;Engavetamento;4;0;0;0;0;0;0;0;;;6;1;0;0;0
17/04/2019;18:58:00;367;Acidente com vítima;142;BR-101/ES;Norte;Colisão Traseira;0;0;0;1;0;0;0;0;;;0;1;0;0;0
17/04/2019;21:04:00;392;Acidente sem vítima;281;BR-101/ES;Sul;Veículo em Chamas;0;0;1;0;0;0;0;0;;;2;0;0;0;0
18/04/2019;07:49:00;90;Acidente sem vítima;264;BR-101/ES;Norte;Colisão Transversal;1;0;0;1;0;0;0;0;;;3;0;0;0;0
18/04/2019;08:02:00;94;Acidente com vítima;295;BR-101/ES;Sul;Queda de Moto;0;0;0;1;0;0;0;0;;;0;1;0;0;0
18/04/2019;09:34:00;135;Acidente com vítima;283;BR-101/ES;Sul;Queda de Moto;0;0;0;1;0;0;0;0;;;0;1;0;0;0
18/04/2019;11:40:00;182;Acidente sem vítima;297;BR-101/ES;Sul;Colisão Traseira;1;0;0;0;0;0;0;2;;;3;0;0;0;0
18/04/2019;14:09:00;243;Acidente sem vítima;244;BR-101/ES;Norte;Colisão Traseira;2;0;0;0;0;0;0;0;;;4;0;0;0;0
18/04/2019;14:55:00;259;Acidente sem vítima;210,8;BR-101/ES;Sul;Colisão Traseira;2;0;0;0;0;0;0;0;;;2;0;0;0;0
18/04/2019;15:15:00;263;Acidente com vítima;81;BR-101/ES;Norte;Saída de Pista;1;0;0;0;0;0;0;0;;;1;1;0;0;0
18/04/2019;16:07:00;290;Acidente sem vítima;78,9;BR-101/ES;Sul;Colisão Traseira;1;0;0;0;0;0;0;0;;;2;0;0;0;0
18/04/2019;16:09:00;291;Acidente com vítima;190;BR-101/ES;Norte;Colisão Traseira;2;0;0;0;0;0;0;0;;;2;0;1;0;0
18/04/2019;16:12:00;294;Acidente sem vítima;264;BR-101/ES;Sul;Colisão Lateral;2;0;0;0;0;0;0;0;;;1;0;0;0;0
18/04/2019;17:04:00;314;Acidente com vítima;287;BR-101/ES;Sul;Colisão Traseira;1;0;0;1;0;0;0;0;;;1;0;1;0;0
18/04/2019;18:42:00;346;Acidente com vítima;138;BR-101/ES;Norte;Saída de Pista;0;0;0;1;0;0;0;0;;;0;1;0;0;0
18/04/2019;19:01:00;351;Acidente sem vítima;212;BR-101/ES;Sul;Colisão Traseira;2;0;0;0;0;0;0;0;;;2;0;0;0;0
18/04/2019;21:29:00;394;Acidente com vítima;259;BR-101/ES;Sul;Colisão com ciclista;3;1;0;0;0;0;0;0;;;9;0;1;0;0
18/04/2019;22:06:00;406;Atropelamento sem morte;266;BR-101/ES;Sul;Atropelamento;1;0;0;0;0;0;0;0;;;3;0;0;0;0
18/04/2019;23:07:00;422;Acidente com vítima;230;BR-101/ES;Norte;Colisão Frontal;1;0;0;1;0;0;0;0;;;0;0;0;1;0
19/04/2019;02:14:00;40;Acidente com vítima;265;BR-101/ES;Norte;Colisão Lateral;2;0;0;0;0;0;0;0;;;0;3;3;0;0
19/04/2019;17:12:00;288;Acidente com vítima;261;BR-101/ES;Norte;Colisão Transversal;2;0;0;0;0;0;0;0;;;1;0;1;0;0
19/04/2019;19:06:00;315;Acidente sem vítima;264;BR-101/ES;Sul;Colisão Traseira;2;0;0;0;0;0;0;0;;;2;0;0;0;0
19/04/2019;19:21:00;318;Acidente sem vítima;264;BR-101/ES;Sul;Engavetamento;3;0;0;0;0;0;0;0;;;6;0;0;0;0
19/04/2019;21:23:00;343;Acidente sem vítima;272,5;BR-101/ES;Norte;Colisão Traseira;1;0;0;0;0;0;0;0;;;3;0;0;0;0
19/04/2019;23:04:00;362;Atropelamento com morte;160,8;BR-101/ES;Norte;Atropelamento e Fuga;1;0;0;0;0;0;0;0;;;0;0;0;0;1
20/04/2019;05:14:00;61;Acidente sem vítima;269;BR-101/ES;Norte;Colisão Transversal;1;0;0;1;0;0;0;0;;;2;0;0;0;0
20/04/2019;07:22:00;98;Acidente sem vítima;262;BR-101/ES;Sul;Colisão Traseira;2;0;0;0;0;0;0;0;;;2;0;0;0;0
20/04/2019;11:10:00;161;Acidente com vítima;246;BR-101/ES;Norte;Queda de Moto;0;0;0;1;0;0;0;0;;;0;0;1;0;0
20/04/2019;13:11:00;209;Acidente sem vítima;320;BR-101/ES;Norte;Saída de Pista;1;0;0;0;0;0;0;0;;;1;0;0;0;0
20/04/2019;14:35:00;236;Acidente sem vítima;266;BR-101/ES;Sul;Colisão Traseira;1;0;0;0;0;0;0;0;;;1;0;0;0;0
20/04/2019;15:42:00;252;Acidente com vítima;181;BR-101/ES;Sul;Colisão Lateral;2;0;0;0;0;0;0;0;;;2;0;1;0;0
20/04/2019;17:53:00;296;Acidente com vítima;229;BR-101/ES;Sul;Colisão Transversal;1;0;0;1;0;0;0;0;;;1;1;1;0;0
20/04/2019;18:39:00;305;Acidente sem vítima;226;BR-101/ES;Sul;Colisão Traseira;2;0;0;0;0;0;0;0;;;2;0;0;0;0
20/04/2019;18:43:00;306;Acidente com vítima;269;BR-101/ES;Norte;Colisão Traseira;0;0;0;1;1;0;0;0;;;2;0;1;0;0
20/04/2019;18:51:00;309;Acidente sem vítima;265;BR-101/ES;Sul;Colisão Traseira;2;0;0;0;0;0;0;0;;;2;0;0;0;0
20/04/2019;22:39:00;347;Acidente com vítima;272;BR-101/ES;Norte;Queda de Moto;0;0;0;1;0;0;0;0;;;1;0;1;0;0
21/04/2019;01:08:00;20;Acidente sem vítima;285;BR-101/ES;Norte;Veículo em Chamas;1;0;0;0;0;0;0;0;;;1;0;0;0;0
21/04/2019;05:02:00;64;Acidente sem vítima;361;BR-101/ES;Norte;Saída de Pista;1;0;0;0;0;0;0;0;;;1;0;0;0;0
21/04/2019;12:59:00;201;Acidente sem vítima;262;BR-101/ES;Norte;Colisão Traseira;2;0;0;0;0;0;0;0;;;2;0;0;0;0
21/04/2019;14:11:00;233;Acidente sem vítima;252;BR-101/ES;Sul;Engavetamento;4;0;0;0;0;0;0;2;;;5;0;0;0;0
21/04/2019;14:40:00;245;Acidente sem vítima;85;BR-101/ES;Norte;Colisão Traseira;2;0;0;0;0;0;0;0;;;9;0;0;0;0
21/04/2019;15:25:00;261;Acidente sem vítima;223;BR-101/ES;Sul;Saída de Pista;1;0;0;0;0;0;0;0;;;3;0;0;0;0
21/04/2019;16:06:00;274;Acidente sem vítima;90;BR-101/ES;Sul;Saída de Pista;1;0;0;0;0;0;0;0;;;5;0;0;0;0
21/04/2019;16:21:00;281;Acidente sem vítima;246;BR-101/ES;Sul;Colisão Traseira;1;0;0;0;0;0;0;0;;;1;0;0;0;0
21/04/2019;18:04:00;325;Acidente sem vítima;146;BR-101/ES;Sul;Colisão Traseira;2;0;0;0;0;0;0;0;;;2;0;0;0;0
21/04/2019;18:15:00;331;Atropelamento sem morte;310;BR-101/ES;Sul;Atropelamento;0;0;0;0;0;0;0;2;;;1;0;1;0;0
21/04/2019;19:20:00;348;Acidente com vítima;16;BR-101/ES;Sul;Queda de Moto;0;0;0;2;0;0;0;0;;;0;0;2;0;0
21/04/2019;19:47:00;357;Acidente com vítima;172;BR-101/ES;Sul;Colisão Lateral;1;0;0;1;0;0;0;0;;;2;1;0;0;0
21/04/2019;20:10:00;362;Acidente sem vítima;365;BR-101/ES;Norte;Choque com Objeto Fixo;1;0;0;0;0;0;0;0;;;4;0;0;0;0
21/04/2019;21:23:00;385;Acidente sem vítima;291;BR-101/ES;Norte;Choque com Objeto Fixo;1;0;0;0;0;0;0;0;;;1;0;0;0;0
21/04/2019;22:37:00;408;Acidente sem vítima;372;BR-101/ES;Norte;Saída de Pista;1;0;0;0;0;0;0;0;;;4;0;0;0;0
22/04/2019;02:02:00;38;Acidente sem vítima;30;BR-101/ES;Sul;Choque com Objeto Fixo;0;0;0;0;0;0;0;2;;;1;0;0;0;0
22/04/2019;06:47:00;86;Acidente com vítima;287;BR-101/ES;Norte;Colisão Traseira;0;0;1;0;1;0;0;0;;;3;2;2;0;0
22/04/2019;09:52:00;180;Acidente com vítima;296;BR-101/ES;Sul;Queda de Moto;0;0;0;1;0;0;0;0;;;0;0;1;0;0
22/04/2019;11:10:00;209;Acidente sem vítima;265;BR-101/ES;Norte;Colisão Traseira;1;0;0;0;0;0;0;2;;;2;0;0;0;0
22/04/2019;13:47:00;293;Acidente sem vítima;255;BR-101/ES;Sul;Colisão Traseira;2;0;0;0;0;0;0;0;;;4;0;0;0;0
22/04/2019;16:52:00;356;Acidente sem vítima;259;BR-101/ES;Sul;Choque;1;0;0;0;0;0;0;3;;;2;0;0;0;0
22/04/2019;17:48:00;375;Acidente com vítima;44,2;BR-101/ES;Norte;Queda de Moto;0;0;0;1;0;0;0;0;;;0;1;1;0;0
22/04/2019;18:43:00;384;Acidente com vítima;295;BR-101/ES;Sul;Queda de Moto;0;0;0;1;0;0;0;0;;;1;0;1;0;0
22/04/2019;21:53:00;422;Acidente sem vítima;272;BR-101/ES;Sul;Colisão Lateral;1;0;1;0;0;0;0;0;;;2;0;0;0;0
23/04/2019;05:10:00;65;Acidente com vítima;33;BR-101/ES;Norte;Colisão Frontal;2;0;0;0;0;0;0;0;;;0;1;2;2;0
23/04/2019;08:40:00;145;Acidente sem vítima;271;BR-101/ES;Norte;Colisão Traseira;1;0;0;0;0;0;0;0;;;1;0;0;0;0
23/04/2019;11:41:00;235;Acidente com vítima;145;BR-101/ES;Sul;Colisão Traseira;0;0;0;2;0;0;0;0;;;1;1;0;0;0
23/04/2019;12:37:00;265;Acidente com vítima;287;BR-101/ES;Sul;Colisão Transversal;1;0;0;1;0;0;0;0;;;1;1;0;0;0
23/04/2019;16:45:00;344;Acidente sem vítima;230;BR-101/ES;Norte;Colisão Transversal;1;0;0;1;0;0;0;0;;;2;0;0;0;0
23/04/2019;17:42:00;368;Acidente sem vítima;276;BR-101/ES;Norte;Veículo em Chamas;1;0;0;0;0;0;0;0;;;1;0;0;0;0
23/04/2019;18:14:00;378;Atropelamento sem morte;140;BR-101/ES;Sul;Atropelamento;0;0;1;0;0;0;0;0;;;1;0;0;1;0
24/04/2019;00:48:00;20;Acidente com vítima;126,6;BR-101/ES;Norte;Queda de Moto;0;0;0;1;0;0;0;0;;;0;0;1;0;0
24/04/2019;01:09:00;26;Acidente sem vítima;940,5;BR-101/BA;Sul;Atropelamento de Equino;0;0;0;0;0;0;0;1;;;2;0;0;0;0
24/04/2019;07:45:00;159;Acidente sem vítima;255;BR-101/ES;Norte;Colisão Transversal;1;0;0;1;0;0;0;0;;;2;0;0;0;0
24/04/2019;07:59:00;162;Acidente com vítima;191;BR-101/ES;Sul;Saída de Pista;1;0;0;0;0;0;0;0;;;2;1;0;0;0
24/04/2019;08:25:00;170;Acidente sem vítima;262;BR-101/ES;Sul;Colisão Traseira;2;0;0;0;0;0;0;0;;;2;0;0;0;0
24/04/2019;08:27:00;173;Atropelamento sem morte;270,8;BR-101/ES;Sul;Atropelamento e Fuga;0;0;0;1;0;0;0;0;;;0;0;1;0;0
24/04/2019;09:28:00;198;Acidente com vítima;365;BR-101/ES;Norte;Queda de Moto;0;0;0;1;0;0;0;0;;;0;2;0;0;0
24/04/2019;11:12:00;240;Acidente sem vítima;297;BR-101/ES;Norte;Colisão Traseira;0;0;0;0;0;0;0;7;;;3;0;0;0;0
24/04/2019;13:00:00;277;Acidente sem vítima;294;BR-101/ES;Sul;Colisão Traseira;1;0;1;0;0;0;0;0;;;4;0;0;0;0
24/04/2019;15:00:00;319;Acidente com vítima;262;BR-101/ES;Sul;Colisão Lateral;2;0;0;0;0;0;0;0;;;0;2;1;0;0
24/04/2019;15:38:00;332;Acidente com vítima;393;BR-101/ES;Norte;Engavetamento;3;0;1;0;0;0;0;0;;;5;3;1;1;0
24/04/2019;18:15:00;379;Acidente sem vítima;266;BR-101/ES;Norte;Colisão Traseira;1;0;1;0;0;0;0;0;;;2;0;0;0;0
24/04/2019;19:44:00;399;Acidente sem vítima;242;BR-101/ES;Norte;Veículo em Chamas;1;0;0;0;0;0;0;0;;;2;0;0;0;0
25/04/2019;00:09:00;5;Acidente com vítima;310,8;BR-101/ES;Sul;Saída de Pista;0;0;1;0;0;0;0;1;;;0;0;1;0;0
25/04/2019;06:49:00;81;Acidente com vítima;343;BR-101/ES;Norte;Colisão Traseira;2;0;0;0;0;0;0;0;;;0;3;0;0;0
25/04/2019;06:49:00;82;Acidente com vítima;258;BR-101/ES;Norte;Colisão Traseira;1;0;0;1;0;0;0;0;;;1;0;1;0;0
25/04/2019;07:17:00;92;Acidente com vítima;213;BR-101/ES;Sul;Colisão Traseira;1;0;0;1;0;0;0;0;;;2;0;1;0;0
25/04/2019;08:01:00;128;Acidente com vítima;149;BR-101/ES;Norte;Colisão Transversal;0;0;0;1;1;0;0;0;;;1;0;1;0;0
25/04/2019;08:41:00;156;Acidente sem vítima;135;BR-101/ES;Sul;Colisão Traseira;2;0;0;0;0;0;0;0;;;2;0;0;0;0
25/04/2019;09:46:00;175;Acidente sem vítima;323;BR-101/ES;Sul;Colisão Traseira;0;0;2;0;0;0;0;0;;;4;0;0;0;0
25/04/2019;15:45:00;316;Acidente sem vítima;306;BR-101/ES;Norte;Colisão Frontal;2;0;0;0;0;0;0;1;;;3;0;0;0;0
25/04/2019;16:36:00;333;Acidente sem vítima;344;BR-101/ES;Sul;Engavetamento;3;0;0;0;0;0;0;0;;;5;0;0;0;0
25/04/2019;19:03:00;370;Acidente sem vítima;266;BR-101/ES;Norte;Colisão Lateral;1;0;0;1;0;0;0;0;;;2;0;0;0;0
25/04/2019;19:11:00;372;Acidente com vítima;83;BR-101/ES;Sul;Colisão Traseira;2;0;0;0;0;0;0;0;;;1;1;0;0;0
25/04/2019;19:32:00;375;Acidente com vítima;165;BR-101/ES;Sul;Colisão com ciclista;0;1;0;1;0;0;0;0;;;1;0;0;1;0
25/04/2019;22:54:00;420;Acidente sem vítima;375;BR-101/ES;Sul;Choque com Objeto Fixo;1;0;0;0;0;0;0;0;;;1;0;0;0;0
26/04/2019;00:52:00;15;Acidente com vítima;8;BR-101/ES;Sul;Tombamento;0;0;0;0;0;0;0;2;;;0;1;0;0;0
26/04/2019;05:14:00;58;Acidente sem vítima;56;BR-101/ES;Sul;Choque;0;0;0;0;1;0;0;2;;;2;0;0;0;0