data;horario;n_da_ocorrencia;tipo_de_ocorrencia;km;trecho;sentido;tipo_de_acidente;automovel;bicicleta;caminhao;moto;onibus;outros;tracao_animal;transporte_de_cargas_especiais;trator_maquinas;utilitarios;ilesos;levemente_feridos;moderadamente_feridos;gravemente_feridos;mortos
28/03/2020;05:14:00;60;Acidente sem vítima;266;BR-101/ES;Sul;Colisão Lateral;1;0;0;0;1;0;0;0;;;2;0;0;0;0
28/03/2020;09:17:00;107;Acidente com vítima;70;BR-101/ES;Norte;Colisão Transversal;1;0;0;1;0;0;0;0;;;1;1;0;0;0
28/03/2020;12:15:00;171;Acidente com vítima;66;BR-101/ES;Norte;Colisão Transversal;0;0;0;2;0;0;0;0;;;0;0;2;0;0
28/03/2020;15:24:00;215;Acidente sem vítima;359;BR-101/ES;Sul;Colisão Traseira;2;0;0;0;0;0;0;0;;;7;0;0;0;0
28/03/2020;17:01:00;245;Acidente sem vítima;391;BR-101/ES;Sul;Capotamento;1;0;0;0;0;0;0;0;;;1;0;0;0;0
28/03/2020;19:30:00;267;Acidente sem vítima;203,9;BR-101/ES;Sul;Veículo em Chamas;0;0;1;0;0;0;0;0;;;1;0;0;0;0
28/03/2020;19:55:00;273;Acidente sem vítima;325;BR-101/ES;Sul;Colisão Traseira;1;0;1;0;0;0;0;0;;;3;0;0;0;0
28/03/2020;20:26:00;276;Acidente com vítima;65;BR-101/ES;Sul;Colisão com ciclista;0;1;0;1;0;0;0;0;;;0;0;2;0;0
28/03/2020;22:44:00;287;Acidente sem vítima;188;BR-101/ES;Sul;Saída de Pista;1;0;0;0;0;0;0;0;;;4;0;0;0;0
29/03/2020;18:18:00;202;Acidente com vítima;164;BR-101/ES;Sul;Colisão Transversal;0;0;0;2;0;0;0;0;;;2;1;0;0;0
30/03/2020;03:07:00;42;Atropelamento sem morte;149;BR-101/ES;Sul;Atropelamento;1;0;0;0;0;0;0;0;;;2;0;0;1;0
30/03/2020;05:52:00;59;Acidente com vítima;150;BR-101/ES;Norte;Saída de Pista;1;0;0;0;0;0;0;0;;;2;0;1;0;0
30/03/2020;15:15:00;231;Acidente com vítima;206;BR-101/ES;Norte;Colisão Transversal;0;0;1;1;0;0;0;0;;;1;1;0;0;0
30/03/2020;16:28:00;246;Acidente sem vítima;352;BR-101/ES;Norte;Saída de Pista;0;0;1;0;0;0;0;0;;;1;0;0;0;0
30/03/2020;19:42:00;280;Acidente sem vítima;293;BR-101/ES;Sul;Choque com Veículo Estacionado;2;0;0;0;0;0;0;0;;;2;0;0;0;0
30/03/2020;22:06:00;300;Acidente com vítima;37;BR-101/ES;Norte;Saída de Pista;1;0;0;0;0;0;0;0;;;0;1;0;0;0
30/03/2020;22:21:00;303;Acidente sem vítima;255,21;BR-101/ES;Norte;Saída de Pista;1;0;0;0;0;0;0;0;;;1;0;0;0;0
31/03/2020;06:46:00;68;Acidente sem vítima;394;BR-101/ES;Sul;Colisão Traseira;1;0;0;0;0;0;0;4;;;3;0;0;0;0
31/03/2020;07:25:00;77;Acidente com vítima;270,2;BR-101/ES;Norte;Colisão Lateral;1;0;0;0;0;0;0;1;;;1;1;0;0;0
31/03/2020;08:15:00;88;Acidente com vítima;8,3;BR-101/ES;Sul;Tombamento;0;0;0;0;0;0;0;2;;;0;0;1;0;0
31/03/2020;08:33:00;92;Acidente sem vítima;313;BR-101/ES;Sul;Tombamento;0;0;1;0;0;0;0;0;;;1;0;0;0;0
31/03/2020;09:24:00;109;Acidente sem vítima;85,8;BR-101/ES;Norte;Colisão Traseira;1;0;0;0;0;0;0;2;;;3;0;0;0;0
31/03/2020;10:41:00;135;Acidente sem vítima;459;BR-101/ES;Norte;Colisão Frontal;1;0;0;0;0;0;0;2;;;2;0;0;0;0
31/03/2020;11:26:00;150;Acidente sem vítima;320,5;BR-101/ES;Norte;Colisão Lateral;2;0;1;0;0;0;0;0;;;6;0;0;0;0
31/03/2020;14:45:00;206;Acidente sem vítima;120;BR-101/ES;Sul;Saída de Pista;1;0;1;0;0;0;0;0;;;2;0;0;0;0
31/03/2020;20:36:00;262;Acidente sem vítima;19;BR-101/ES;Sul;Saída de Pista;1;0;0;0;0;0;0;0;;;1;0;0;0;0
01/02/2020;08:28:00;131;Acidente sem vítima;220;BR-101/ES;Norte;Saída de Pista;1;0;0;0;0;1;0;0;;;2;0;0;0;0
01/02/2020;09:04:00;145;Acidente sem vítima;68;BR-101/ES;Norte;Colisão Traseira;2;0;0;0;0;0;0;0;;;8;0;0;0;0
01/02/2020;11:21:00;208;Acidente com vítima;251;BR-101/ES;Sul;Colisão Transversal;1;0;0;1;0;0;0;0;;;1;2;0;0;0
01/02/2020;12:30:00;241;Acidente com vítima;292;BR-101/ES;Sul;Choque;1;0;0;0;0;0;0;0;;;0;0;2;0;0
01/02/2020;19:12:00;372;Acidente sem vítima;382,5;BR-101/ES;Norte;Colisão Lateral;2;0;0;0;0;0;0;0;;;2;0;0;0;0
01/02/2020;21:40:00;403;Acidente com vítima;395;BR-101/ES;Norte;Colisão com ciclista;0;1;0;0;0;0;0;0;;;0;0;1;0;0
01/02/2020;22:16:00;411;Acidente com vítima;189;BR-101/ES;Norte;Colisão Transversal;2;0;0;0;0;0;0;0;;;1;4;0;2;0
01/02/2020;23:59:00;441;Acidente com vítima;230;BR-101/ES;Norte;Colisão Lateral;0;0;0;1;1;0;0;0;;;1;0;2;0;0
02/02/2020;02:13:00;43;Acidente com vítima;308;BR-101/ES;Sul;Queda de Moto;0;0;0;1;0;0;0;0;;;0;0;1;0;0
02/02/2020;03:13:00;55;Acidente com vítima;142;BR-101/ES;Sul;Atropelamento de Equino;1;0;0;0;0;0;0;0;;;2;1;0;0;0
02/02/2020;05:00:00;77;Acidente sem vítima;269;BR-101/ES;Norte;Colisão Transversal;2;0;0;0;0;0;0;0;;;2;0;0;0;0
02/02/2020;06:25:00;92;Acidente sem vítima;443;BR-101/ES;Sul;Saída de Pista;1;0;0;0;0;0;0;0;;;1;0;0;0;0
02/02/2020;08:48:00;115;Acidente sem vítima;56;BR-101/ES;Sul;Capotamento;1;0;0;0;0;0;0;0;;;3;0;0;0;0
02/02/2020;09:12:00;120;Acidente sem vítima;335,5;BR-101/ES;Norte;Colisão Traseira;2;0;0;0;0;0;0;0;;;2;0;0;0;0
02/02/2020;11:04:00;152;Acidente com vítima;302,7;BR-101/ES;Sul;Colisão Lateral;1;0;0;1;0;0;0;0;;;5;0;1;0;0
02/02/2020;16:46:00;270;Acidente sem vítima;116,8;BR-101/ES;Sul;Colisão Traseira;2;0;0;0;0;0;0;0;;;6;0;0;0;0
02/02/2020;17:21:00;283;Acidente com vítima;438;BR-101/ES;Sul;Colisão Transversal;2;0;0;0;0;0;0;0;;;3;0;1;0;0
02/02/2020;19:23:00;311;Acidente sem vítima;268;BR-101/ES;Norte;Colisão Traseira;2;0;0;0;0;0;0;0;;;3;0;0;0;0
02/02/2020;22:20:00;359;Acidente com morte;130;BR-101/ES;Norte;Capotamento;1;0;0;0;0;0;0;0;;;0;0;1;0;1
03/02/2020;04:30:00;55;Acidente sem vítima;171;BR-101/ES;Norte;Colisão Traseira;1;0;1;0;0;0;0;0;;;4;0;0;0;0
03/02/2020;14:24:00;278;Acidente sem vítima;275;BR-101/ES;Sul;Colisão Traseira;2;0;0;0;0;0;0;0;;;2;0;0;0;0
03/02/2020;16:42:00;313;Acidente com vítima;186;BR-101/ES;Norte;Colisão Traseira;1;0;0;1;0;0;0;0;;;1;2;0;0;0
03/02/2020;18:19:00;343;Acidente com vítima;147;BR-101/ES;Norte;Colisão Traseira;4;0;0;0;0;0;0;0;;;6;1;0;0;0
03/02/2020;19:18:00;360;Acidente com vítima;230;BR-101/ES;Sul;Colisão Transversal;0;0;0;2;0;0;0;0;;;1;1;0;0;0
03/02/2020;20:21:00;379;Acidente com vítima;945;BR-101/BA;Sul;Queda de Moto;0;0;0;1;0;0;0;0;;;0;0;0;1;0
03/02/2020;21:08:00;387;Atropelamento com morte;336;BR-101/ES;Norte;Atropelamento e Fuga;1;0;0;0;0;0;0;0;;;1;0;0;0;1
04/02/2020;06:53:00;113;Acidente sem vítima;11,3;BR-101/ES;Sul;Veículo em Chamas;0;0;1;0;0;0;0;3;;;1;0;0;0;0
04/02/2020;08:22:00;154;Acidente sem vítima;269;BR-101/ES;Norte;Colisão Lateral;1;0;0;1;0;0;0;0;;;2;0;0;0;0
04/02/2020;11:00:00;206;Acidente sem vítima;265;BR-101/ES;Sul;Colisão Lateral;2;0;0;0;0;0;0;0;;;2;0;0;0;0
04/02/2020;15:42:00;303;Acidente com vítima;347;BR-101/ES;Norte;Colisão Traseira;1;0;1;1;0;0;0;0;;;2;0;1;0;0
04/02/2020;15:42:00;304;Acidente sem vítima;258;BR-101/ES;Sul;Saída de Pista;1;0;0;0;0;0;0;0;;;1;0;0;0;0
04/02/2020;15:43:00;305;Acidente com vítima;158;BR-101/ES;Sul;Colisão Transversal;1;0;0;1;0;0;0;0;;;1;1;0;0;0
04/02/2020;18:42:00;341;Acidente com vítima;220;BR-101/ES;Norte;Colisão Transversal;1;0;0;1;0;0;0;0;;;2;0;1;1;0
04/02/2020;20:08:00;360;Acidente sem vítima;268;BR-101/ES;Norte;Colisão Traseira;2;0;0;0;0;0;0;0;;;2;0;0;0;0
05/02/2020;00:54:00;14;Acidente com vítima;65,71;BR-101/ES;Norte;Choque com Objeto Fixo;1;0;0;0;0;0;0;0;;;0;0;1;0;0
05/02/2020;06:37:00;91;Acidente sem vítima;332,5;BR-101/ES;Norte;Choque com Objeto Fixo;1;0;0;0;0;0;0;0;;;2;0;0;0;0
05/02/2020;08:20:00;121;Acidente sem vítima;292;BR-101/ES;Norte;Colisão Traseira;0;0;2;0;0;0;0;0;;;5;0;0;0;0
05/02/2020;10:00:00;158;Acidente com vítima;264;BR-101/ES;Norte;Engavetamento;2;0;0;0;0;0;0;1;;;4;1;0;0;0
05/02/2020;16:13:00;320;Acidente sem vítima;138;BR-101/ES;Sul;Colisão Traseira;2;0;0;0;0;0;0;0;;;2;0;0;0;0
05/02/2020;17:17:00;345;Acidente com vítima;142;BR-101/ES;Norte;Colisão com ciclista;0;1;1;0;0;0;0;0;;;1;1;0;0;0
05/02/2020;20:26:00;402;Acidente sem vítima;268,3;BR-101/ES;Sul;Choque com Objeto Fixo;1;0;0;0;0;0;0;0;;;1;0;0;0;0
05/02/2020;20:29:00;403;Acidente sem vítima;279;BR-101/ES;Sul;Choque com Objeto Fixo;0;0;1;0;0;0;0;0;;;1;0;0;0;0
05/02/2020;20:39:00;405;Acidente sem vítima;279;BR-101/ES;Sul;Queda de Moto;1;0;0;1;0;0;0;0;;;2;0;0;0;0
05/02/2020;21:56:00;422;Acidente com vítima;144;BR-101/ES;Norte;Colisão Traseira;1;0;0;1;0;0;0;0;;;4;1;0;0;0
05/02/2020;22:29:00;430;Acidente com vítima;275;BR-101/ES;Norte;Queda de Moto;0;0;0;1;0;0;0;0;;;0;0;2;0;0
06/02/2020;01:52:00;25;Acidente sem vítima;120,5;BR-101/ES;Norte;Tombamento;0;0;1;0;0;0;0;0;;;1;0;0;0;0
06/02/2020;04:05:00;50;Acidente sem vítima;120,6;BR-101/ES;Norte;Tombamento;0;0;1;0;0;0;0;0;;;1;0;0;0;0
06/02/2020;04:50:00;64;Acidente com vítima;168,3;BR-101/ES;Sul;Saída de Pista;0;0;0;0;0;0;0;3;;;0;1;0;0;0
06/02/2020;11:41:00;187;Acidente com vítima;434;BR-101/ES;Sul;Choque;0;0;0;1;0;0;0;0;;;0;0;2;0;0
06/02/2020;17:42:00;305;Acidente com vítima;262;BR-101/ES;Norte;Colisão Traseira;3;0;0;0;0;0;0;0;;;5;0;1;0;0
06/02/2020;18:15:00;313;Acidente sem vítima;377;BR-101/ES;Sul;Choque com Objeto Fixo;0;0;0;0;0;0;0;2;;;1;0;0;0;0
07/02/2020;01:33:00;30;Acidente sem vítima;320;BR-101/ES;Norte;Colisão Traseira;0;0;2;0;0;0;0;1;;;3;0;0;0;0
07/02/2020;02:23:00;43;Acidente com vítima;105,2;BR-101/ES;Sul;Colisão Traseira;1;0;0;0;0;0;0;2;;;1;1;0;0;0
07/02/2020;10:50:00;204;Acidente sem vítima;190;BR-101/ES;Norte;Saída de Pista;2;0;0;0;0;0;0;0;;;1;0;0;0;0
07/02/2020;13:44:00;278;Acidente com vítima;130;BR-101/ES;Sul;Colisão Lateral;0;0;1;0;0;0;0;2;;;2;1;0;0;0
07/02/2020;14:19:00;287;Acidente sem vítima;377;BR-101/ES;Norte;Colisão Traseira;1;0;1;0;0;0;0;0;;;2;0;0;0;0
07/02/2020;16:16:00;329;Acidente sem vítima;268;BR-101/ES;Sul;Engavetamento;3;0;0;0;0;0;0;0;;;3;0;0;0;0
07/02/2020;18:01:00;361;Acidente com vítima;272;BR-101/ES;Norte;Colisão Lateral;1;0;0;1;0;0;0;0;;;3;0;1;0;0
07/02/2020;18:38:00;373;Acidente com vítima;268;BR-101/ES;Sul;Colisão Traseira;1;0;0;1;0;0;0;0;;;1;1;0;0;0
07/02/2020;19:50:00;389;Acidente com vítima;205,5;BR-101/ES;Norte;Saída de Pista;1;0;0;0;0;0;0;0;;;1;1;0;0;0
07/02/2020;20:50:00;403;Acidente com vítima;31,7;BR-101/ES;Sul;Colisão Lateral;0;0;0;2;0;0;0;0;;;0;0;0;2;0
07/02/2020;21:40:00;409;Acidente sem vítima;218;BR-101/ES;Sul;Choque com Objeto Fixo;1;0;0;0;0;0;0;0;;;1;0;0;0;0
08/02/2020;01:03:00;22;Acidente sem vítima;402,5;BR-101/ES;Norte;Choque com Objeto Fixo;1;0;0;0;0;0;0;0;;;1;0;0;0;0
08/02/2020;01:44:00;39;Acidente com vítima;261;BR-101/ES;Sul;Choque;0;0;0;1;0;0;0;0;;;0;1;0;0;0
08/02/2020;08:04:00;127;Acidente sem vítima;217;BR-101/ES;Norte;Saída de Pista;1;0;0;0;0;0;0;0;;;3;0;0;0;0
08/02/2020;08:37:00;139;Acidente sem vítima;266;BR-101/ES;Norte;Colisão Traseira;0;0;0;0;0;0;0;4;;;2;0;0;0;0
08/02/2020;08:39:00;140;Acidente sem vítima;218;BR-101/ES;Norte;Saída de Pista;1;0;0;0;0;0;0;0;;;1;0;0;0;0
08/02/2020;10:45:00;166;Acidente com vítima;142;BR-101/ES;Norte;Queda de Moto;0;0;0;1;0;0;0;0;;;0;1;0;0;0
08/02/2020;14:11:00;253;Acidente com vítima;295;BR-101/ES;Sul;Colisão Transversal;1;0;0;1;0;0;0;0;;;1;0;1;0;0
08/02/2020;21:24:00;329;Acidente com vítima;264;BR-101/ES;Norte;Colisão Frontal;1;0;0;1;0;0;0;0;;;1;0;2;0;0
09/02/2020;07:27:00;91;Acidente sem vítima;432;BR-101/ES;Sul;Choque;1;0;0;0;0;0;0;0;;;3;0;0;0;0
09/02/2020;11:11:00;150;Acidente sem vítima;75,05;BR-101/ES;Sul;Choque;1;0;0;0;0;0;0;0;;;1;0;0;0;0
09/02/2020;12:32:00;202;Acidente com vítima;288,5;BR-101/ES;Sul;Colisão Traseira;2;0;0;0;0;0;0;0;;;5;0;1;0;0
09/02/2020;12:47:00;208;Acidente com vítima;147;BR-101/ES;Sul;Colisão Transversal;1;0;0;1;0;0;0;0;;;1;0;1;0;0
09/02/2020;15:27:00;247;Acidente sem vítima;324;BR-101/ES;Sul;Colisão Traseira;2;0;0;0;0;0;0;0;;;3;0;0;0;0
09/02/2020;18:40:00;312;Acidente sem vítima;355,5;BR-101/ES;Sul;Colisão Transversal;2;0;0;0;0;0;0;0;;;2;0;0;0;0
10/02/2020;06:49:00;110;Acidente sem vítima;147;BR-101/ES;Norte;Colisão Lateral;1;0;0;0;0;0;0;0;;;1;0;0;0;0
10/02/2020;07:27:00;121;Acidente sem vítima;60;BR-101/ES;Norte;Colisão Traseira;1;0;1;0;0;0;0;0;;;2;0;0;0;0
10/02/2020;11:13:00;224;Acidente com vítima;377;BR-101/ES;Sul;Colisão Lateral;1;0;0;1;0;0;0;0;;;1;0;1;0;0
10/02/2020;12:29:00;264;Acidente com vítima;285;BR-101/ES;Sul;Colisão com ciclista;0;1;0;1;0;0;0;0;;;1;0;1;0;0
10/02/2020;12:34:00;265;Acidente sem vítima;213;BR-101/ES;Sul;Colisão Traseira;2;0;0;0;0;0;0;0;;;3;0;0;0;0
10/02/2020;16:00:00;333;Acidente sem vítima;266;BR-101/ES;Sul;Colisão Lateral;2;0;0;0;0;0;0;0;;;5;0;0;0;0
10/02/2020;16:07:00;334;Acidente sem vítima;202,3;BR-101/ES;Norte;Tombamento;0;0;1;0;0;0;0;0;;;1;0;0;0;0
10/02/2020;18:24:00;380;Acidente com vítima;295;BR-101/ES;Norte;Colisão Lateral;1;0;0;1;0;0;0;0;;;2;0;2;0;0
11/02/2020;06:50:00;96;Acidente sem vítima;267;BR-101/ES;Sul;Colisão Traseira;2;0;0;0;0;0;0;0;;;2;0;0;0;0
11/02/2020;07:55:00;126;Acidente com vítima;440,5;BR-101/ES;Norte;Colisão Lateral;0;0;1;0;0;0;0;2;;;1;0;1;0;0
11/02/2020;08:07:00;135;Acidente sem vítima;269;BR-101/ES;Sul;Colisão Lateral;1;0;1;0;0;0;0;0;;;3;0;0;0;0
11/02/2020;17:39:00;342;Acidente com vítima;270;BR-101/ES;Sul;Colisão Lateral;1;0;0;1;0;0;0;0;;;1;0;1;0;0
11/02/2020;19:59:00;368;Acidente sem vítima;143;BR-101/ES;Norte;Saída de Pista;0;0;0;1;0;0;0;0;;;1;0;0;0;0
11/02/2020;20:53:00;378;Acidente com vítima;269;BR-101/ES;Sul;Colisão Lateral;1;0;0;0;0;0;0;0;;;0;1;0;0;0
11/02/2020;21:49:00;389;Acidente sem vítima;297;BR-101/ES;Norte;Saída de Pista;0;0;0;0;0;0;0;2;;;1;0;0;0;0
12/02/2020;04:22:00;70;Acidente sem vítima;433,5;BR-101/ES;Sul;Capotamento;1;0;0;0;0;0;0;0;;;1;0;0;0;0
12/02/2020;05:36:00;82;Acidente sem vítima;948,3;BR-101/BA;Sul;Colisão Traseira;1;0;1;0;0;0;0;0;;;2;0;0;0;0
12/02/2020;09:13:00;166;Acidente sem vítima;249;BR-101/ES;Norte;Saída de Pista;1;0;0;0;0;0;0;0;;;1;0;0;0;0
12/02/2020;11:26:00;259;Acidente com vítima;258,9;BR-101/ES;Sul;Colisão Traseira;1;0;0;1;0;0;0;0;;;1;0;0;1;0
12/02/2020;12:39:00;293;Acidente sem vítima;258;BR-101/ES;Sul;Colisão Traseira;0;0;2;0;0;0;0;1;;;2;0;0;0;0
12/02/2020;17:18:00;383;Acidente com vítima;269;BR-101/ES;Norte;Colisão Traseira;1;0;0;1;0;0;0;0;;;1;0;1;0;0
12/02/2020;18:10:00;401;Acidente sem vítima;1;BR-101/ES;Norte;Saída de Pista;1;0;0;0;0;0;0;0;;;3;0;0;0;0
12/02/2020;19:24:00;414;Acidente com vítima;25;BR-101/ES;Sul;Colisão Lateral;1;0;0;1;0;0;0;0;;;1;0;1;0;0
13/02/2020;02:22:00;49;Acidente sem vítima;3,2;BR-101/ES;Norte;Choque com Objeto Fixo;0;0;1;0;0;0;0;0;;;2;0;0;0;0
13/02/2020;16:09:00;307;Acidente com vítima;266;BR-101/ES;Sul;Colisão com ciclista;1;1;0;0;0;0;0;0;;;1;0;1;0;0
13/02/2020;18:53:00;358;Acidente sem vítima;440;BR-101/ES;Norte;Atropelamento Animal;1;0;0;0;0;0;0;0;;;2;0;0;0;0
13/02/2020;18:56:00;361;Acidente com vítima;198;BR-101/ES;Norte;Queda de Moto;0;0;0;1;0;0;0;2;;;1;0;1;0;0
13/02/2020;20:16:00;373;Acidente sem vítima;266;BR-101/ES;Sul;Colisão Traseira;2;0;0;0;0;0;0;0;;;2;0;0;0;0
13/02/2020;21:20:00;383;Acidente sem vítima;371;BR-101/ES;Sul;Colisão Traseira;1;0;0;0;0;0;0;0;;;1;0;0;0;0
13/02/2020;21:58:00;391;Acidente sem vítima;378;BR-101/ES;Sul;Choque com Objeto Fixo;1;0;0;0;0;0;0;0;;;1;0;0;0;0
14/02/2020;05:14:00;107;Acidente com vítima;269;BR-101/ES;Norte;Colisão Lateral;1;0;0;1;1;0;0;0;;;2;1;0;0;0
14/02/2020;08:52:00;176;Acidente sem vítima;292,5;BR-101/ES;Norte;Choque com Objeto Fixo;1;0;0;0;0;0;0;0;;;1;0;0;0;0
14/02/2020;11:49:00;259;Acidente com vítima;0,8;BR-101/ES;Norte;Colisão com ciclista;0;0;0;0;0;0;0;2;;;0;1;0;0;0
14/02/2020;12:48:00;293;Acidente com vítima;292;BR-101/ES;Norte;Colisão Traseira;1;0;0;0;0;0;0;2;;;1;0;2;0;0
14/02/2020;12:56:00;298;Acidente com vítima;410,95;BR-101/ES;Norte;Saída de Pista;0;0;0;0;0;0;0;2;;;0;0;0;1;0
14/02/2020;15:57:00;334;Acidente sem vítima;91,2;BR-101/ES;Norte;Colisão Lateral;1;0;0;0;0;1;0;0;;;4;0;0;0;0
14/02/2020;17:20:00;366;Acidente sem vítima;332,5;BR-101/ES;Sul;Saída de Pista;1;0;0;0;0;0;0;0;;;2;0;0;0;0
14/02/2020;17:32:00;373;Acidente sem vítima;241;BR-101/ES;Norte;Colisão Lateral;2;0;0;0;0;0;0;0;;;2;0;0;0;0
14/02/2020;19:15:00;411;Atropelamento sem morte;265;BR-101/ES;Sul;Atropelamento;0;0;0;1;0;0;0;0;;;1;0;1;0;0
14/02/2020;22:33:00;465;Acidente com vítima;285;BR-101/ES;Norte;Colisão Frontal;2;0;0;0;0;0;0;0;;;1;4;1;0;0
15/02/2020;05:31:00;87;Acidente com vítima;449,8;BR-101/ES;Norte;Colisão Frontal;2;0;0;0;0;0;0;0;;;6;1;0;0;0
15/02/2020;07:22:00;112;Acidente com vítima;393;BR-101/ES;Norte;Queda de Moto;0;0;0;1;0;0;0;0;;;0;0;1;0;0
15/02/2020;08:46:00;138;Acidente com vítima;176;BR-101/ES;Norte;Colisão Transversal;1;0;0;1;0;0;0;0;;;1;1;1;0;0
15/02/2020;10:21:00;161;Acidente sem vítima;253;BR-101/ES;Norte;Colisão Traseira;1;0;0;0;0;0;0;1;;;2;0;0;0;0
15/02/2020;11:19:00;184;Acidente com vítima;210;BR-101/ES;Sul;Queda de Moto;0;0;0;1;0;0;0;0;;;0;1;0;0;0
15/02/2020;11:59:00;199;Acidente sem vítima;62;BR-101/ES;Norte;Colisão Lateral;2;0;0;0;0;0;0;0;;;2;0;0;0;0
15/02/2020;12:11:00;209;Acidente sem vítima;244;BR-101/ES;Norte;Colisão Traseira;2;0;0;0;0;0;0;0;;;1;0;0;0;0
15/02/2020;19:25:00;342;Acidente com vítima;267;BR-101/ES;Norte;Colisão Lateral;1;0;0;1;0;0;0;0;;;1;0;1;0;0
16/02/2020;04:53:00;61;Acidente sem vítima;443,9;BR-101/ES;Sul;Saída de Pista;1;0;0;0;0;0;0;0;;;1;0;0;0;0
16/02/2020;10:59:00;133;Acidente com vítima;270;BR-101/ES;Norte;Colisão Lateral;1;0;0;1;0;0;0;0;;;3;0;1;0;0
16/02/2020;17:58:00;272;Acidente sem vítima;12;BR-101/ES;Sul;Colisão Transversal;0;0;1;1;0;0;0;0;;;2;0;0;0;0
16/02/2020;22:44:00;338;Acidente sem vítima;261,3;BR-101/ES;Norte;Saída de Pista;1;0;0;0;0;0;0;0;;;2;0;0;0;0
17/02/2020;07:29:00;128;Atropelamento sem morte;269;BR-101/ES;Sul;Atropelamento;0;0;0;1;0;0;0;0;;;2;0;1;0;0
17/02/2020;08:06:00;142;Acidente sem vítima;3;BR-101/ES;Norte;Colisão Lateral;2;0;0;0;0;0;0;0;;;3;0;0;0;0
17/02/2020;09:25:00;174;Acidente sem vítima;226;BR-101/ES;Sul;Colisão Traseira;2;0;0;0;0;0;0;0;;;6;0;0;0;0
17/02/2020;10:15:00;195;Acidente sem vítima;237;BR-101/ES;Norte;Colisão Traseira;1;0;0;0;0;0;0;0;;;1;0;0;0;0
17/02/2020;11:51:00;240;Acidente com vítima;255;BR-101/ES;Sul;Colisão Traseira;0;0;0;1;0;0;0;0;;;0;0;1;0;0
17/02/2020;11:59:00;245;Acidente com vítima;213;BR-101/ES;Norte;Colisão Lateral;1;0;0;1;0;0;0;0;;;2;0;1;0;0
17/02/2020;12:29:00;262;Atropelamento sem morte;269;BR-101/ES;Sul;Atropelamento;0;0;0;0;1;0;0;0;;;1;0;1;0;0
17/02/2020;12:50:00;267;Acidente sem vítima;214;BR-101/ES;Norte;Colisão Transversal;2;0;0;0;0;0;0;0;;;3;0;0;0;0
17/02/2020;12:57:00;273;Acidente sem vítima;214;BR-101/ES;Norte;Colisão Traseira;1;0;0;0;0;0;0;2;;;3;0;0;0;0
17/02/2020;14:53:00;329;Acidente sem vítima;294,6;BR-101/ES;Norte;Colisão Traseira;1;0;0;0;0;0;0;2;;;2;0;0;0;0
17/02/2020;16:48:00;368;Acidente sem vítima;90;BR-101/ES;Sul;Atropelamento Animal;1;0;0;0;0;0;0;0;;;1;0;0;0;0
17/02/2020;17:02:00;381;Acidente com vítima;270;BR-101/ES;Norte;Colisão Lateral;1;0;0;1;0;0;0;0;;;1;0;1;0;0
17/02/2020;17:43:00;396;Acidente sem vítima;15,4;BR-101/ES;Sul;Colisão Transversal;2;0;0;0;0;0;0;0;;;3;0;0;0;0
17/02/2020;19:37:00;422;Acidente sem vítima;171;BR-101/ES;Sul;Colisão Traseira;1;0;1;0;0;0;0;0;;;2;0;0;0;0
17/02/2020;22:04:00;454;Acidente com vítima;297;BR-101/ES;Norte;Queda de ciclista;0;1;0;0;0;0;0;0;;;0;0;1;0;0
18/02/2020;04:57:00;77;Acidente com vítima;298;BR-101/ES;Sul;Colisão com ciclista;0;1;0;1;0;0;0;0;;;1;1;0;0;0
18/02/2020;05:56:00;101;Atropelamento com morte;249,6;BR-101/ES;Norte;Atropelamento e Fuga;0;0;0;0;0;0;0;1;;;0;0;0;0;1
18/02/2020;06:06:00;106;Acidente com vítima;287;BR-101/ES;Sul;Capotamento;1;0;0;0;0;0;0;0;;;0;0;1;0;0
18/02/2020;07:23:00;123;Acidente com vítima;309;BR-101/ES;Norte;Colisão Transversal;2;0;0;0;0;0;0;0;;;1;0;1;1;0
18/02/2020;08:23:00;141;Acidente com vítima;355;BR-101/ES;Norte;Colisão Transversal;0;0;0;1;0;0;0;2;;;1;2;0;0;0
18/02/2020;08:29:00;144;Acidente sem vítima;272;BR-101/ES;Norte;Saída de Pista;1;0;0;0;0;0;0;0;;;1;0;0;0;0
18/02/2020;08:56:00;159;Acidente sem vítima;266;BR-101/ES;Sul;Colisão Traseira;1;0;0;1;0;0;0;0;;;2;0;0;0;0
18/02/2020;09:02:00;161;Atropelamento sem morte;295,6;BR-101/ES;Norte;Atropelamento e Fuga;1;0;0;0;0;0;0;0;;;0;0;1;0;0
18/02/2020;09:13:00;163;Acidente sem vítima;266;BR-101/ES;Sul;Colisão Traseira;2;0;0;0;0;0;0;0;;;2;0;0;0;0
18/02/2020;12:27:00;273;Acidente sem vítima;362;BR-101/ES;Sul;Choque com Objeto Fixo;0;0;1;0;0;0;0;0;;;1;0;0;0;0
18/02/2020;13:56:00;306;Acidente sem vítima;386,5;BR-101/ES;Sul;Colisão Traseira;2;0;0;0;0;0;0;0;;;2;0;0;0;0
18/02/2020;18:04:00;399;Acidente sem vítima;266;BR-101/ES;Norte;Colisão Traseira;1;0;0;1;0;0;0;0;;;4;0;0;0;0