data;horario;n_da_ocorrencia;tipo_de_ocorrencia;km;trecho;sentido;tipo_de_acidente;automovel;bicicleta;caminhao;moto;onibus;outros;tracao_animal;transporte_de_cargas_especiais;trator_maquinas;utilitarios;ilesos;levemente_feridos;moderadamente_feridos;gravemente_feridos;mortos
18/02/2020;19:15:00;412;Acidente com vítima;287;BR-101/ES;Sul;Colisão Traseira;2;0;0;0;0;0;0;0;;;2;1;1;0;0
18/02/2020;19:43:00;421;Acidente com vítima;324;BR-101/ES;Norte;Queda de Moto;0;0;0;1;0;0;0;0;;;0;0;1;0;0
18/02/2020;20:55:00;436;Acidente sem vítima;148;BR-101/ES;Sul;Colisão Transversal;2;0;0;0;0;0;0;0;;;2;0;0;0;0
19/02/2020;02:12:00;41;Acidente com vítima;86;BR-101/ES;Norte;Saída de Pista;1;0;0;0;0;0;0;0;;;0;1;0;0;0
19/02/2020;06:12:00;95;Acidente sem vítima;222;BR-101/ES;Norte;Saída de Pista;1;0;0;0;0;0;0;0;;;1;0;0;0;0
19/02/2020;09:27:00;166;Acidente sem vítima;276;BR-101/ES;Norte;Choque com Objeto Fixo;1;0;0;0;0;0;0;0;;;1;0;0;0;0
19/02/2020;11:12:00;199;Acidente sem vítima;261;BR-101/ES;Sul;Colisão Traseira;1;0;1;0;0;0;0;0;;;3;0;0;0;0
19/02/2020;16:08:00;321;Acidente sem vítima;258;BR-101/ES;Norte;Choque com Objeto Fixo;0;0;0;0;0;0;0;2;;;1;0;0;0;0
19/02/2020;16:41:00;333;Acidente com vítima;251;BR-101/ES;Sul;Colisão Transversal;1;0;0;1;0;0;0;0;;;3;0;1;0;0
19/02/2020;16:43:00;335;Acidente sem vítima;147;BR-101/ES;Sul;Colisão Transversal;2;0;0;0;0;0;0;0;;;4;0;0;0;0
19/02/2020;17:12:00;341;Acidente sem vítima;258;BR-101/ES;Norte;Choque;1;0;0;0;0;0;0;0;;;1;0;0;0;0
19/02/2020;17:21:00;344;Acidente com vítima;292;BR-101/ES;Sul;Colisão Lateral;1;0;0;1;0;0;0;0;;;2;2;0;0;0
19/02/2020;17:23:00;345;Acidente sem vítima;270;BR-101/ES;Norte;Colisão Traseira;2;0;0;0;0;0;0;0;;;3;0;0;0;0
19/02/2020;17:53:00;354;Acidente com vítima;290;BR-101/ES;Sul;Queda de Moto;0;0;0;1;0;0;0;0;;;0;1;1;0;0
19/02/2020;18:00:00;356;Atropelamento com morte;276;BR-101/ES;Norte;Atropelamento;1;0;0;0;0;0;0;0;;;1;0;0;0;1
19/02/2020;18:06:00;360;Acidente com vítima;159;BR-101/ES;Norte;Engavetamento;4;0;0;0;0;0;0;0;;;6;2;0;0;0
19/02/2020;20:34:00;396;Acidente com vítima;401;BR-101/ES;Sul;Colisão Transversal;1;0;0;1;0;0;0;0;;;1;0;1;0;0
19/02/2020;22:04:00;414;Acidente sem vítima;264;BR-101/ES;Norte;Colisão Traseira;1;0;0;1;0;0;0;0;;;3;0;0;0;0
20/02/2020;02:54:00;53;Acidente sem vítima;264;BR-101/ES;Norte;Choque com Objeto Fixo;1;0;0;0;0;0;0;0;;;2;0;0;0;0
20/02/2020;06:50:00;107;Acidente com morte;261,8;BR-101/ES;Sul;Colisão Traseira;1;0;0;2;0;0;0;2;;;3;0;0;0;1
20/02/2020;07:06:00;113;Atropelamento sem morte;254;BR-101/ES;Sul;Atropelamento;1;0;0;0;0;0;0;0;;;1;0;1;0;0
20/02/2020;07:54:00;130;Acidente sem vítima;54,1;BR-101/ES;Sul;Choque com Objeto Fixo;0;0;1;0;0;0;0;1;;;1;0;0;0;0
20/02/2020;07:57:00;133;Acidente sem vítima;280;BR-101/ES;Norte;Colisão Traseira;2;0;0;0;0;0;0;0;;;2;0;0;0;0
20/02/2020;08:48:00;151;Acidente sem vítima;262;BR-101/ES;Sul;Colisão Traseira;2;0;0;0;0;0;0;0;;;1;0;0;0;0
20/02/2020;10:15:00;194;Acidente com vítima;85;BR-101/ES;Norte;Colisão Lateral;0;0;0;2;0;0;0;0;;;0;0;2;0;0
20/02/2020;10:26:00;197;Acidente sem vítima;189;BR-101/ES;Norte;Colisão Transversal;2;0;0;0;0;0;0;0;;;3;0;0;0;0
20/02/2020;10:43:00;201;Acidente sem vítima;290;BR-101/ES;Sul;Veículo em Chamas;1;0;0;0;0;0;0;0;;;1;0;0;0;0
20/02/2020;11:31:00;225;Acidente sem vítima;155;BR-101/ES;Norte;Colisão Traseira;2;0;0;0;0;0;0;0;;;3;0;0;0;0
20/02/2020;12:20:00;248;Acidente com vítima;273;BR-101/ES;Norte;Capotamento;0;0;1;0;0;0;0;0;;;1;1;0;0;0
20/02/2020;15:16:00;302;Acidente sem vítima;210;BR-101/ES;Sul;Colisão Traseira;1;0;0;0;0;0;0;2;;;3;0;0;0;0
20/02/2020;16:10:00;319;Acidente sem vítima;242;BR-101/ES;Sul;Danos Eventuais;0;0;0;0;0;0;0;2;;;1;0;0;0;0
20/02/2020;17:03:00;337;Acidente sem vítima;294;BR-101/ES;Norte;Colisão Traseira;1;0;4;0;0;0;0;2;;;7;0;0;0;0
20/02/2020;19:23:00;361;Acidente sem vítima;299;BR-101/ES;Norte;Colisão Lateral;1;0;0;0;0;0;0;2;;;2;0;0;0;0
20/02/2020;20:02:00;371;Acidente sem vítima;270;BR-101/ES;Sul;Colisão Traseira;2;0;0;0;0;0;0;0;;;2;0;0;0;0
20/02/2020;21:45:00;402;Acidente com vítima;146;BR-101/ES;Norte;Colisão Lateral;1;0;0;1;0;0;0;0;;;1;1;0;0;0
21/02/2020;02:27:00;41;Acidente sem vítima;251;BR-101/ES;Sul;Colisão Traseira;2;0;0;0;0;0;0;0;;;2;0;0;0;0
21/02/2020;07:05:00;121;Acidente sem vítima;294;BR-101/ES;Norte;Saída de Pista;1;0;0;0;0;0;0;0;;;1;0;0;0;0
21/02/2020;10:15:00;203;Acidente com vítima;269;BR-101/ES;Sul;Colisão Lateral;1;0;0;1;0;0;0;0;;;2;0;1;0;0
21/02/2020;10:30:00;210;Acidente com vítima;388,6;BR-101/ES;Sul;Tombamento;0;0;0;0;0;0;0;2;;;0;0;1;0;0
21/02/2020;13:34:00;300;Acidente sem vítima;403;BR-101/ES;Norte;Colisão Traseira;2;0;0;0;0;0;0;0;;;7;0;0;0;0
21/02/2020;13:53:00;305;Acidente sem vítima;153;BR-101/ES;Sul;Capotamento;1;0;0;0;0;1;0;0;;;2;0;0;0;0
21/02/2020;14:03:00;311;Acidente sem vítima;264;BR-101/ES;Sul;Engavetamento;3;0;0;0;0;0;0;0;;;1;0;0;0;0
21/02/2020;15:12:00;332;Acidente sem vítima;76,9;BR-101/ES;Norte;Colisão Traseira;2;0;0;0;0;0;0;0;;;2;0;0;0;0
21/02/2020;16:16:00;363;Acidente com vítima;135;BR-101/ES;Sul;Colisão Traseira;0;0;0;1;0;0;0;0;;;0;1;0;0;0
21/02/2020;16:59:00;386;Acidente com vítima;412;BR-101/ES;Norte;Colisão Transversal;2;0;0;0;0;0;0;0;;;1;2;1;1;0
21/02/2020;17:45:00;408;Acidente com vítima;306;BR-101/ES;Norte;Queda de Moto;0;0;0;1;0;0;0;0;;;0;1;0;0;0
21/02/2020;17:49:00;410;Acidente sem vítima;127;BR-101/ES;Norte;Engavetamento;3;0;0;0;0;0;0;0;;;5;0;0;0;0
21/02/2020;18:56:00;436;Acidente com vítima;297;BR-101/ES;Norte;Colisão Traseira;1;0;0;1;0;0;0;0;;;1;1;0;0;0
21/02/2020;19:13:00;444;Acidente com vítima;145;BR-101/ES;Sul;Colisão Lateral;2;0;0;1;0;0;0;0;;;3;1;0;0;0
21/02/2020;19:54:00;460;Acidente sem vítima;146,8;BR-101/ES;Norte;Engavetamento;5;0;0;1;0;0;0;0;;;7;0;0;0;0
21/02/2020;20:17:00;468;Acidente sem vítima;71;BR-101/ES;Norte;Colisão Traseira;1;0;0;0;0;0;0;0;;;1;0;0;0;0
21/02/2020;20:47:00;481;Acidente sem vítima;179;BR-101/ES;Sul;Choque com Objeto Fixo;1;0;0;0;0;0;0;0;;;3;0;0;0;0
21/02/2020;23:46:00;556;Acidente sem vítima;111;BR-101/ES;Norte;Colisão Traseira;2;0;0;0;0;0;0;0;;;6;0;0;0;0
22/02/2020;00:19:00;4;Acidente com vítima;125;BR-101/ES;Norte;Colisão Frontal;1;0;0;1;0;0;0;0;;;1;0;0;1;0
22/02/2020;05:46:00;105;Acidente com vítima;265;BR-101/ES;Norte;Choque com Objeto Fixo;1;0;0;0;0;0;0;0;;;1;2;0;0;0
22/02/2020;06:30:00;119;Acidente sem vítima;231;BR-101/ES;Norte;Saída de Pista;1;0;0;0;0;0;0;0;;;1;0;0;0;0
22/02/2020;08:03:00;150;Acidente sem vítima;142;BR-101/ES;Norte;Colisão Traseira;2;0;0;0;0;0;0;0;;;6;0;0;0;0
22/02/2020;08:17:00;158;Acidente sem vítima;256;BR-101/ES;Sul;Colisão Traseira;2;0;0;0;0;0;0;0;;;1;0;0;0;0
22/02/2020;08:19:00;159;Acidente com vítima;104,4;BR-101/ES;Norte;Saída de Pista;1;0;0;0;0;0;0;0;;;2;2;0;0;0
22/02/2020;08:53:00;173;Acidente sem vítima;67;BR-101/ES;Norte;Colisão Traseira;2;0;0;0;0;0;0;0;;;2;0;0;0;0
22/02/2020;09:45:00;200;Acidente sem vítima;435;BR-101/ES;Norte;Colisão Traseira;1;0;0;0;0;0;0;0;;;5;0;0;0;0
22/02/2020;09:49:00;201;Acidente com vítima;405;BR-101/ES;Sul;Colisão Frontal;2;0;1;0;0;0;0;0;;;1;2;3;4;0
22/02/2020;10:06:00;209;Acidente com vítima;368;BR-101/ES;Norte;Tombamento;0;0;0;0;0;0;0;2;;;0;0;1;0;0
22/02/2020;10:12:00;212;Acidente sem vítima;255;BR-101/ES;Sul;Colisão Traseira;1;0;0;0;0;0;0;0;;;1;0;0;0;0
22/02/2020;10:12:00;213;Acidente sem vítima;241,5;BR-101/ES;Norte;Colisão Lateral;1;0;1;0;0;0;0;0;;;5;0;0;0;0
22/02/2020;10:33:00;221;Acidente com vítima;95,4;BR-101/ES;Norte;Engavetamento;3;0;0;0;0;0;0;0;;;8;1;1;0;0
22/02/2020;10:50:00;230;Acidente sem vítima;125;BR-101/ES;Norte;Colisão Traseira;2;0;0;0;0;0;0;0;;;2;0;0;0;0
22/02/2020;11:31:00;251;Acidente sem vítima;269;BR-101/ES;Sul;Colisão Traseira;2;0;0;0;0;0;0;0;;;2;0;0;0;0
22/02/2020;12:25:00;274;Acidente com morte;101,2;BR-101/ES;Sul;Colisão Frontal;1;0;0;0;0;0;0;2;;;1;0;0;0;3
22/02/2020;12:52:00;287;Acidente com vítima;366;BR-101/ES;Sul;Engavetamento;3;0;0;0;0;0;0;0;;;2;2;0;0;0
22/02/2020;13:12:00;295;Acidente sem vítima;312,6;BR-101/ES;Sul;Colisão Traseira;2;0;0;0;0;0;0;0;;;2;0;0;0;0
22/02/2020;14:55:00;329;Acidente sem vítima;100,9;BR-101/ES;Norte;Colisão Traseira;0;0;2;0;0;0;0;0;;;2;0;0;0;0
22/02/2020;15:12:00;341;Acidente com vítima;416;BR-101/ES;Sul;Saída de Pista;1;0;0;0;0;0;0;0;;;2;2;0;1;0
22/02/2020;19:10:00;429;Acidente com vítima;71;BR-101/ES;Sul;Colisão Lateral;1;0;0;1;0;0;0;0;;;4;1;0;0;0
22/02/2020;19:26:00;433;Acidente sem vítima;110;BR-101/ES;Norte;Engavetamento;3;0;0;0;0;0;0;0;;;10;0;0;0;0
22/02/2020;20:13:00;443;Acidente com vítima;308;BR-101/ES;Sul;Queda de Moto;0;0;0;1;0;0;0;0;;;0;1;0;0;0
22/02/2020;20:19:00;445;Acidente sem vítima;337,4;BR-101/ES;Sul;Choque com Objeto Fixo;0;0;0;0;0;0;0;2;;;1;0;0;0;0
22/02/2020;21:19:00;456;Acidente sem vítima;939;BR-101/BA;Norte;Colisão Transversal;2;0;0;0;0;0;0;0;;;3;0;0;0;0
22/02/2020;22:15:00;477;Acidente com vítima;179;BR-101/ES;Sul;Colisão Lateral;1;0;1;0;0;0;0;0;;;3;1;0;0;0
22/02/2020;23:33:00;495;Acidente sem vítima;93;BR-101/ES;Norte;Atropelamento Animal;1;0;0;0;0;0;0;0;;;4;0;0;0;0
22/02/2020;23:57:00;498;Acidente com vítima;293;BR-101/ES;Norte;Choque com Objeto Fixo;0;0;0;1;0;0;0;0;;;0;0;1;0;0
23/02/2020;05:14:00;85;Acidente com vítima;293;BR-101/ES;Sul;Queda de Moto;0;0;0;1;0;0;0;0;;;0;0;1;0;0
23/02/2020;05:24:00;88;Acidente com vítima;310;BR-101/ES;Sul;Saída de Pista;1;0;0;0;0;0;0;0;;;0;1;0;0;0
23/02/2020;06:34:00;100;Acidente com vítima;146;BR-101/ES;Sul;Colisão Lateral;2;0;0;0;0;0;0;0;;;3;0;1;0;0
23/02/2020;06:55:00;103;Acidente com vítima;433,5;BR-101/ES;Sul;Capotamento;1;0;0;0;0;0;0;0;;;0;0;1;0;0
23/02/2020;10:59:00;171;Acidente sem vítima;264;BR-101/ES;Sul;Colisão Transversal;2;0;0;0;0;0;0;0;;;2;0;0;0;0
23/02/2020;13:30:00;229;Acidente com vítima;66;BR-101/ES;Sul;Queda de Moto;0;0;0;1;0;0;0;0;;;0;0;1;0;0
23/02/2020;13:33:00;231;Acidente com vítima;450,2;BR-101/ES;Sul;Queda de Moto;0;0;0;1;0;0;0;0;;;0;0;1;0;0
23/02/2020;14:23:00;238;Acidente sem vítima;266,3;BR-101/ES;Norte;Colisão Transversal;1;0;0;0;0;0;0;2;;;3;0;0;0;0
23/02/2020;17:11:00;275;Acidente com vítima;67;BR-101/ES;Sul;Queda de Moto;0;0;0;1;0;0;0;0;;;0;1;1;0;0
24/02/2020;12:32:00;196;Acidente com vítima;284;BR-101/ES;Norte;Queda de Moto;0;0;0;1;0;0;0;0;;;0;1;1;0;0
24/02/2020;12:57:00;205;Acidente com vítima;162;BR-101/ES;Sul;Colisão Traseira;0;0;1;1;0;0;0;0;;;0;1;0;0;0
24/02/2020;20:09:00;312;Acidente com vítima;143;BR-101/ES;Norte;Colisão com ciclista;0;1;0;1;0;0;0;0;;;0;0;2;0;0
24/02/2020;21:29:00;330;Acidente sem vítima;264,9;BR-101/ES;Norte;Saída de Pista;1;0;0;0;0;0;0;0;;;3;0;0;0;0
25/02/2020;00:38:00;18;Acidente com vítima;334,5;BR-101/ES;Norte;Queda de Moto;0;0;0;1;0;0;0;0;;;0;1;0;0;0
25/02/2020;10:36:00;150;Acidente com vítima;269;BR-101/ES;Norte;Colisão Traseira;1;0;0;1;0;0;0;0;;;2;1;0;0;0
25/02/2020;13:22:00;227;Acidente sem vítima;271;BR-101/ES;Norte;Choque com Objeto Fixo;1;0;0;0;0;0;0;0;;;2;0;0;0;0
25/02/2020;16:29:00;270;Acidente com vítima;253,2;BR-101/ES;Norte;Queda de Moto;0;0;0;1;0;0;0;0;;;1;0;1;0;0
25/02/2020;22:39:00;371;Acidente com vítima;140;BR-101/ES;Norte;Colisão Traseira;2;0;0;0;0;0;0;0;;;5;2;0;0;0
26/02/2020;06:54:00;114;Acidente com vítima;263;BR-101/ES;Sul;Queda de Moto;0;0;0;1;0;0;0;0;;;1;1;0;0;0
26/02/2020;07:22:00;126;Acidente com vítima;183;BR-101/ES;Sul;Colisão Frontal;1;0;0;1;0;0;0;0;;;1;0;0;1;0
26/02/2020;11:20:00;209;Acidente sem vítima;122;BR-101/ES;Sul;Colisão Traseira;1;0;0;0;0;0;0;0;;;1;0;0;0;0
26/02/2020;16:46:00;357;Acidente sem vítima;452;BR-101/ES;Norte;Saída de Pista;1;0;0;0;0;0;0;0;;;1;0;0;0;0
26/02/2020;17:41:00;385;Acidente com vítima;395;BR-101/ES;Sul;Colisão Traseira;1;0;0;1;0;0;0;0;;;2;0;1;0;0
27/02/2020;07:11:00;105;Acidente sem vítima;291,9;BR-101/ES;Sul;Colisão Lateral;1;0;1;0;0;0;0;0;;;2;0;0;0;0
27/02/2020;07:31:00;113;Acidente com vítima;144,8;BR-101/ES;Norte;Colisão Lateral;1;0;0;1;0;0;0;0;;;1;1;0;0;0
27/02/2020;12:27:00;247;Acidente sem vítima;265;BR-101/ES;Norte;Colisão Traseira;2;0;0;0;0;0;0;0;;;1;0;0;0;0
27/02/2020;13:22:00;264;Acidente com vítima;164;BR-101/ES;Sul;Queda de Moto;0;0;0;1;0;0;0;0;;;0;1;1;0;0
27/02/2020;14:53:00;289;Acidente sem vítima;360,8;BR-101/ES;Sul;Choque com Objeto Fixo;0;0;0;0;0;0;0;2;;;1;0;0;0;0
27/02/2020;14:53:00;290;Acidente sem vítima;429,8;BR-101/ES;Sul;Colisão Lateral;1;0;1;0;0;0;0;0;;;5;0;0;0;0
27/02/2020;14:57:00;291;Acidente sem vítima;360,8;BR-101/ES;Sul;Choque com Objeto Fixo;0;0;1;0;0;0;0;0;;;2;0;0;0;0
27/02/2020;18:02:00;344;Acidente sem vítima;287;BR-101/ES;Sul;Choque com Objeto Fixo;1;0;0;0;0;0;0;0;;;1;0;0;0;0
27/02/2020;19:13:00;358;Acidente sem vítima;172;BR-101/ES;Sul;Colisão Traseira;0;0;1;0;1;0;0;0;;;4;0;0;0;0
27/02/2020;21:54:00;391;Acidente sem vítima;295;BR-101/ES;Sul;Colisão Traseira;2;0;0;0;0;0;0;0;;;2;0;0;0;0
28/02/2020;01:56:00;30;Acidente com vítima;305,7;BR-101/ES;Sul;Queda de Moto;0;0;0;1;0;0;0;0;;;1;0;1;0;0
28/02/2020;06:26:00;67;Acidente com vítima;192,3;BR-101/ES;Norte;Colisão Traseira;3;0;0;0;0;0;0;0;;;5;0;1;0;0
28/02/2020;06:53:00;71;Acidente com vítima;295;BR-101/ES;Norte;Colisão Traseira;0;0;0;1;0;0;0;2;;;1;0;1;0;0
28/02/2020;07:32:00;101;Acidente sem vítima;194,5;BR-101/ES;Sul;Tombamento;1;0;0;0;0;0;0;0;;;1;0;0;0;0
28/02/2020;11:12:00;180;Acidente sem vítima;217,2;BR-101/ES;Sul;Choque com Objeto Fixo;2;0;0;0;0;0;0;0;;;5;0;0;0;0
28/02/2020;12:29:00;207;Acidente com vítima;284,3;BR-101/ES;Norte;Queda de Moto;0;0;0;1;0;0;0;0;;;0;0;1;0;0
28/02/2020;14:43:00;246;Acidente com vítima;154,7;BR-101/ES;Sul;Colisão Lateral;1;0;0;0;0;0;0;4;;;0;5;2;0;0
28/02/2020;15:31:00;261;Acidente sem vítima;242;BR-101/ES;Norte;Colisão Lateral;2;0;0;0;0;0;0;0;;;1;0;0;0;0
28/02/2020;18:28:00;308;Acidente com vítima;204;BR-101/ES;Norte;Colisão Transversal;1;0;1;0;0;0;0;0;;;4;1;0;0;0
28/02/2020;19:15:00;316;Acidente com vítima;163;BR-101/ES;Norte;Colisão Transversal;1;0;0;1;0;0;0;0;;;1;0;0;1;0
28/02/2020;19:37:00;323;Acidente sem vítima;214;BR-101/ES;Sul;Colisão Transversal;2;0;0;0;0;0;0;0;;;5;0;0;0;0
28/02/2020;19:51:00;325;Acidente com vítima;329;BR-101/ES;Norte;Queda de Moto;0;0;0;1;0;0;0;0;;;0;1;0;0;0
29/02/2020;04:10:00;66;Acidente sem vítima;256,5;BR-101/ES;Norte;Choque com Objeto Fixo;1;0;0;0;0;0;0;0;;;1;0;0;0;0
29/02/2020;11:25:00;195;Acidente com vítima;109,8;BR-101/ES;Norte;Saída de Pista;0;0;1;0;0;0;0;0;;;0;2;1;0;0
29/02/2020;16:22:00;303;Acidente sem vítima;403;BR-101/ES;Sul;Capotamento;1;0;0;0;0;0;0;0;;;4;0;0;0;0
29/02/2020;16:51:00;315;Acidente sem vítima;287;BR-101/ES;Norte;Queda de Moto;0;0;0;1;0;0;0;0;;;2;0;0;0;0
29/02/2020;21:08:00;379;Acidente com vítima;270;BR-101/ES;Norte;Colisão com ciclista;0;1;0;1;0;0;0;0;;;0;0;1;1;0
01/04/2020;00:34:00;9;Acidente com vítima;268;BR-101/ES;Norte;Queda de Moto;0;0;0;1;0;0;0;0;;;0;0;1;0;0
01/04/2020;04:40:00;64;Acidente com vítima;449;BR-101/ES;Sul;Saída de Pista;1;0;0;0;0;0;0;0;;;0;0;1;0;0
01/04/2020;06:44:00;75;Acidente com vítima;261;BR-101/ES;Sul;Colisão Traseira;1;1;0;0;0;0;0;0;;;0;1;0;0;0
01/04/2020;07:11:00;80;Acidente sem vítima;360;BR-101/ES;Sul;Saída de Pista;1;0;0;0;0;0;0;0;;;2;0;0;0;0
01/04/2020;09:01:00;109;Acidente com vítima;234;BR-101/ES;Sul;Queda de Moto;0;0;0;1;0;0;0;0;;;1;0;1;0;0
01/04/2020;09:47:00;129;Acidente com vítima;269;BR-101/ES;Sul;Colisão Traseira;1;0;0;1;0;0;0;0;;;1;0;1;0;0
01/04/2020;13:34:00;219;Acidente com vítima;186;BR-101/ES;Sul;Colisão Lateral;0;0;1;1;0;0;0;0;;;1;1;0;0;0
01/04/2020;18:02:00;280;Acidente sem vítima;258;BR-101/ES;Sul;Colisão Traseira;0;0;1;0;0;0;0;2;;;2;0;0;0;0
01/04/2020;19:47:00;297;Acidente com vítima;201,5;BR-101/ES;Norte;Saída de Pista;0;0;1;0;0;0;0;0;;;0;2;1;0;0
01/04/2020;20:12:00;299;Acidente sem vítima;230;BR-101/ES;Norte;Colisão Traseira;2;0;0;0;0;0;0;0;;;3;0;0;0;0
01/04/2020;20:52:00;306;Acidente com vítima;7;BR-101/ES;Sul;Saída de Pista;1;0;0;0;0;0;0;0;;;0;0;0;1;0
02/04/2020;07:40:00;95;Acidente com vítima;302;BR-101/ES;Norte;Colisão Traseira;1;0;0;1;0;0;0;0;;;1;0;1;0;0
02/04/2020;12:38:00;201;Acidente sem vítima;333;BR-101/ES;Sul;Saída de Pista;0;0;0;0;0;0;0;2;;;1;0;0;0;0
02/04/2020;17:43:00;269;Acidente com vítima;393;BR-101/ES;Norte;Atropelamento Animal;0;0;0;1;0;0;0;0;;;0;1;0;0;0
02/04/2020;19:36:00;291;Acidente sem vítima;287;BR-101/ES;Sul;Atropelamento de Equino;0;0;0;0;0;0;0;2;;;1;0;0;0;0
02/04/2020;20:03:00;295;Atropelamento sem morte;237;BR-101/ES;Norte;Atropelamento e Fuga;1;0;0;0;0;0;0;0;;;0;0;1;0;0
02/04/2020;20:05:00;296;Acidente sem vítima;420;BR-101/ES;Norte;Saída de Pista;0;0;0;0;0;0;0;2;;;1;0;0;0;0
03/04/2020;08:10:00;89;Acidente com vítima;296,5;BR-101/ES;Norte;Colisão Lateral;0;0;0;2;0;0;0;0;;;0;1;0;0;0
03/04/2020;12:07:00;167;Acidente sem vítima;336;BR-101/ES;Norte;Veículo em Chamas;0;0;0;0;0;0;0;2;;;1;0;0;0;0
03/04/2020;15:36:00;228;Acidente com vítima;948;BR-101/BA;Sul;Queda de Moto;0;0;0;1;0;0;0;0;;;0;1;0;0;0
03/04/2020;16:31:00;244;Acidente com vítima;301;BR-101/ES;Sul;Colisão Lateral;1;0;0;1;0;0;0;0;;;1;1;0;0;0
03/04/2020;20:05:00;293;Acidente com vítima;293;BR-101/ES;Sul;Queda de Moto;0;0;0;1;0;0;0;0;;;0;1;0;0;0
03/04/2020;20:55:00;300;Acidente sem vítima;280;BR-101/ES;Norte;Veículo em Chamas;0;0;0;0;0;0;0;2;;;1;0;0;0;0
03/04/2020;22:56:00;324;Acidente com vítima;137;BR-101/ES;Norte;Colisão Lateral;0;0;0;2;0;0;0;0;;;1;1;0;0;0
04/04/2020;01:05:00;34;Acidente com vítima;391;BR-101/ES;Sul;Saída de Pista;1;0;0;0;0;0;0;0;;;1;1;0;0;0
04/04/2020;04:25:00;66;Acidente sem vítima;142;BR-101/ES;Norte;Colisão Frontal;2;0;0;0;0;0;0;0;;;2;0;0;0;0
04/04/2020;07:11:00;88;Acidente sem vítima;67,5;BR-101/ES;Norte;Colisão Transversal;1;0;0;1;0;0;0;0;;;2;0;0;0;0
04/04/2020;08:52:00;111;Acidente sem vítima;450;BR-101/ES;Sul;Saída de Pista;1;0;0;0;0;0;0;0;;;1;0;0;0;0
04/04/2020;17:16:00;243;Acidente sem vítima;266,3;BR-101/ES;Sul;Colisão Traseira;1;0;0;1;0;0;0;0;;;1;0;0;0;0
04/04/2020;18:53:00;270;Acidente com vítima;25,6;BR-101/ES;Norte;Colisão Frontal;1;0;0;1;0;0;0;0;;;1;0;0;1;0
04/04/2020;21:52:00;307;Acidente sem vítima;147;BR-101/ES;Sul;Colisão Transversal;1;0;1;0;0;0;0;0;;;2;0;0;0;0
04/04/2020;22:14:00;311;Atropelamento sem morte;93;BR-101/ES;Norte;Atropelamento e Fuga;1;0;0;0;0;0;0;0;;;0;0;0;1;0
05/04/2020;04:43:00;49;Acidente com vítima;355;BR-101/ES;Norte;Saída de Pista;1;0;0;0;0;0;0;0;;;0;1;0;0;0
05/04/2020;13:26:00;141;Acidente sem vítima;293;BR-101/ES;Sul;Choque com Objeto Fixo;1;0;0;0;0;0;0;0;;;1;0;0;0;0
05/04/2020;16:41:00;179;Acidente com vítima;299;BR-101/ES;Norte;Colisão Traseira;0;0;0;2;0;0;0;0;;;1;1;2;0;0
05/04/2020;21:54:00;229;Acidente sem vítima;257;BR-101/ES;Norte;Queda de Moto;0;0;0;1;0;0;0;0;;;1;0;0;0;0
06/04/2020;07:24:00;82;Acidente sem vítima;293,3;BR-101/ES;Norte;Saída de Pista;0;0;1;0;0;0;0;0;;;1;0;0;0;0
06/04/2020;08:06:00;95;Acidente com vítima;145;BR-101/ES;Norte;Colisão Traseira;0;0;1;1;0;0;0;0;;;1;1;0;0;0
06/04/2020;08:52:00;106;Acidente sem vítima;15,3;BR-101/ES;Norte;Colisão Transversal;0;0;1;0;1;0;0;0;;;3;0;0;0;0
06/04/2020;15:48:00;227;Acidente com vítima;298;BR-101/ES;Norte;Choque;0;0;0;1;0;0;0;0;;;1;0;1;0;0
06/04/2020;17:28:00;251;Acidente com vítima;145;BR-101/ES;Norte;Colisão com ciclista;1;1;0;0;0;0;0;0;;;0;1;0;0;0
06/04/2020;20:24:00;279;Acidente sem vítima;284,3;BR-101/ES;Norte;Saída de Pista;1;0;0;0;0;0;0;0;;;2;0;0;0;0
06/04/2020;21:29:00;286;Acidente sem vítima;269;BR-101/ES;Norte;Colisão Lateral;1;0;1;0;0;0;0;0;;;2;0;0;0;0
06/04/2020;21:58:00;293;Acidente sem vítima;237;BR-101/ES;Norte;Colisão Lateral;2;0;0;0;0;0;0;0;;;4;0;0;0;0
06/04/2020;22:23:00;296;Atropelamento sem morte;214;BR-101/ES;Sul;Atropelamento e Fuga;0;0;0;0;0;0;0;1;;;0;0;1;0;0
06/04/2020;22:27:00;297;Acidente sem vítima;84;BR-101/ES;Norte;Atropelamento Animal;1;0;0;0;0;0;0;0;;;1;0;0;0;0
07/04/2020;03:09:00;39;Acidente sem vítima;363;BR-101/ES;Norte;Atropelamento Animal;1;0;0;0;0;0;0;0;;;1;0;0;0;0
07/04/2020;07:52:00;91;Acidente com vítima;387,2;BR-101/ES;Norte;Tombamento;0;0;1;1;0;0;0;2;;;2;0;1;0;0
07/04/2020;10:20:00;138;Acidente sem vítima;386;BR-101/ES;Sul;Engavetamento;0;0;2;0;0;0;0;2;;;3;0;0;0;0
07/04/2020;13:23:00;206;Acidente com vítima;212;BR-101/ES;Sul;Queda de ciclista;0;1;0;0;0;0;0;0;;;0;0;1;0;0
07/04/2020;13:29:00;208;Acidente com vítima;297;BR-101/ES;Sul;Queda de Moto;0;0;0;1;0;0;0;0;;;0;0;2;0;0