data;horario;n_da_ocorrencia;tipo_de_ocorrencia;km;trecho;sentido;tipo_de_acidente;automovel;bicicleta;caminhao;moto;onibus;outros;tracao_animal;transporte_de_cargas_especiais;trator_maquinas;utilitarios;ilesos;levemente_feridos;moderadamente_feridos;gravemente_feridos;mortos
07/04/2020;17:53:00;275;Acidente com morte;270,59;BR-101/ES;Sul;Queda de Moto;0;0;1;1;0;0;0;0;;;1;0;0;0;1
08/04/2020;13:31:00;233;Acidente com vítima;266,5;BR-101/ES;Norte;Queda de ciclista;0;1;0;0;0;0;0;0;;;0;0;1;0;0
08/04/2020;14:26:00;239;Acidente sem vítima;266,3;BR-101/ES;Norte;Colisão Traseira;1;0;1;0;0;0;0;0;;;2;0;0;0;0
08/04/2020;17:42:00;296;Acidente com vítima;66;BR-101/ES;Norte;Colisão Lateral;1;0;0;1;0;0;0;0;;;1;0;2;0;0
08/04/2020;21:35:00;353;Acidente sem vítima;171;BR-101/ES;Norte;Veículo em Chamas;1;0;0;0;0;0;0;0;;;1;0;0;0;0
09/04/2020;00:05:00;2;Acidente com morte;257,5;BR-101/ES;Sul;Saída de Pista;1;0;0;0;0;0;0;0;;;0;0;0;0;1
09/04/2020;07:14:00;79;Acidente sem vítima;262;BR-101/ES;Sul;Colisão Traseira;2;0;0;0;0;0;0;0;;;2;0;0;0;0
09/04/2020;07:17:00;80;Acidente com vítima;329;BR-101/ES;Norte;Queda de Moto;0;0;0;1;0;0;0;0;;;0;2;0;0;0
09/04/2020;07:51:00;87;Acidente sem vítima;297,4;BR-101/ES;Sul;Colisão Lateral;1;0;0;0;0;1;0;0;;;2;0;0;0;0
09/04/2020;11:13:00;147;Acidente com vítima;188,7;BR-101/ES;Norte;Tombamento;0;0;0;0;0;0;0;2;;;0;0;1;0;0
09/04/2020;18:11:00;273;Acidente com vítima;144;BR-101/ES;Norte;Colisão com ciclista;0;1;0;1;0;0;0;0;;;0;2;0;0;0
09/04/2020;19:03:00;280;Acidente sem vítima;162;BR-101/ES;Sul;Colisão Traseira;1;0;1;0;0;0;0;0;;;3;0;0;0;0
09/04/2020;19:37:00;288;Acidente com vítima;177;BR-101/ES;Norte;Colisão Transversal;1;0;0;1;0;0;0;0;;;1;0;1;0;0
09/04/2020;20:37:00;303;Acidente sem vítima;264;BR-101/ES;Norte;Colisão Transversal;2;0;0;0;0;0;0;0;;;2;0;0;0;0
09/04/2020;21:51:00;316;Acidente sem vítima;94;BR-101/ES;Norte;Colisão Lateral;2;0;0;0;0;0;0;0;;;2;0;0;0;0
10/04/2020;20:46:00;280;Acidente com morte;129,2;BR-101/ES;Sul;Colisão Frontal;2;0;1;0;0;0;0;0;;;4;0;1;0;1
10/04/2020;21:40:00;290;Acidente com vítima;430,5;BR-101/ES;Norte;Saída de Pista;1;0;0;0;0;0;0;0;;;1;0;0;1;0
11/04/2020;10:40:00;103;Acidente com vítima;273,8;BR-101/ES;Norte;Queda de Moto;0;0;0;1;0;0;0;0;;;0;0;1;0;0
11/04/2020;13:11:00;158;Acidente sem vítima;18;BR-101/ES;Sul;Saída de Pista;1;0;0;0;0;0;0;0;;;4;0;0;0;0
11/04/2020;13:55:00;168;Acidente com vítima;167,7;BR-101/ES;Sul;Colisão Lateral;2;0;0;0;0;0;0;0;;;3;0;1;0;0
11/04/2020;14:15:00;172;Acidente sem vítima;263;BR-101/ES;Norte;Queda de Moto;0;0;0;1;0;0;0;0;;;2;0;0;0;0
11/04/2020;18:27:00;227;Acidente sem vítima;198,8;BR-101/ES;Sul;Saída de Pista;1;0;0;0;0;0;0;0;;;2;0;0;0;0
11/04/2020;23:41:00;293;Acidente sem vítima;436;BR-101/ES;Sul;Saída de Pista;1;0;0;0;0;0;0;0;;;1;0;0;0;0
12/04/2020;02:38:00;34;Atropelamento sem morte;149;BR-101/ES;Norte;Atropelamento e Fuga;0;0;1;1;0;0;0;0;;;1;0;2;0;0
12/04/2020;04:55:00;49;Acidente sem vítima;120;BR-101/ES;Sul;Saída de Pista;1;0;0;0;0;0;0;0;;;5;0;0;0;0
12/04/2020;10:30:00;93;Acidente com vítima;290,8;BR-101/ES;Norte;Colisão Traseira;1;0;0;1;0;0;0;0;;;1;0;1;0;0
13/04/2020;11:15:00;169;Acidente sem vítima;65,1;BR-101/ES;Norte;Colisão Traseira;2;0;0;0;0;0;0;0;;;2;0;0;0;0
13/04/2020;11:20:00;172;Acidente sem vítima;269;BR-101/ES;Norte;Colisão Traseira;1;0;0;1;0;0;0;0;;;3;0;0;0;0
13/04/2020;12:44:00;214;Acidente com vítima;301;BR-101/ES;Sul;Colisão Lateral;1;0;0;1;0;0;0;0;;;0;2;0;0;0
13/04/2020;13:56:00;233;Acidente sem vítima;327;BR-101/ES;Norte;Choque com Objeto Fixo;1;0;0;0;0;0;0;0;;;1;0;0;0;0
13/04/2020;14:02:00;234;Acidente com vítima;293;BR-101/ES;Sul;Queda de Moto;0;0;0;1;0;0;0;0;;;0;0;1;0;0
13/04/2020;18:54:00;294;Acidente sem vítima;289;BR-101/ES;Sul;Colisão Traseira;2;0;0;1;0;0;0;0;;;5;0;0;0;0
13/04/2020;20:26:00;306;Acidente com vítima;264;BR-101/ES;Norte;Choque com Objeto Fixo;1;0;0;0;0;0;0;0;;;0;1;0;0;0
14/04/2020;04:54:00;49;Acidente com vítima;445;BR-101/ES;Sul;Colisão Transversal;2;0;0;0;0;0;0;0;;;3;1;0;0;0
14/04/2020;12:38:00;207;Acidente sem vítima;287;BR-101/ES;Sul;Choque com Objeto Fixo;1;0;0;0;0;0;0;0;;;1;0;0;0;0
14/04/2020;17:51:00;279;Acidente com vítima;15;BR-101/ES;Norte;Queda de Moto;0;0;0;1;0;0;0;0;;;0;0;2;0;0
14/04/2020;22:19:00;322;Acidente com vítima;361,3;BR-101/ES;Norte;Tombamento;0;0;1;0;0;0;0;0;;;0;1;0;0;0
14/04/2020;22:26:00;325;Acidente sem vítima;286;BR-101/ES;Sul;Choque com Objeto Fixo;1;0;0;0;0;0;0;0;;;1;0;0;0;0
15/04/2020;09:52:00;130;Acidente sem vítima;273;BR-101/ES;Sul;Colisão Lateral;1;0;1;0;0;0;0;0;;;4;0;0;0;0
15/04/2020;12:25:00;194;Acidente sem vítima;83,1;BR-101/ES;Sul;Saída de Pista;0;0;0;0;0;0;0;4;;;1;0;0;0;0
15/04/2020;12:31:00;195;Acidente com vítima;361,5;BR-101/ES;Sul;Colisão Traseira;0;0;1;1;0;0;0;0;;;2;0;1;0;0
15/04/2020;16:56:00;268;Acidente com vítima;261;BR-101/ES;Norte;Colisão Transversal;2;0;0;1;0;0;0;0;;;2;0;1;0;0
15/04/2020;21:51:00;320;Acidente sem vítima;259;BR-101/ES;Sul;Colisão Traseira;2;0;0;0;0;0;0;0;;;2;0;0;0;0
16/04/2020;00:08:00;3;Acidente sem vítima;293,62;BR-101/ES;Norte;Choque com Objeto Fixo;1;0;0;0;0;0;0;0;;;1;0;0;0;0
16/04/2020;07:06:00;103;Acidente com vítima;144,8;BR-101/ES;Norte;Queda de Moto;0;0;0;1;0;0;0;0;;;0;1;0;0;0
16/04/2020;09:57:00;161;Acidente sem vítima;132,6;BR-101/ES;Sul;Colisão Traseira;1;0;1;0;0;0;0;0;;;2;0;0;0;0
16/04/2020;13:38:00;232;Acidente com vítima;144;BR-101/ES;Sul;Colisão Transversal;1;0;0;0;0;0;0;2;;;1;0;0;1;0
16/04/2020;17:34:00;319;Acidente sem vítima;269;BR-101/ES;Sul;Colisão Lateral;0;0;0;1;1;0;0;0;;;2;0;0;0;0
16/04/2020;17:59:00;332;Acidente com vítima;172,9;BR-101/ES;Norte;Colisão com ciclista;1;1;0;0;0;0;0;0;;;0;0;1;2;0
16/04/2020;18:15:00;336;Acidente com vítima;212;BR-101/ES;Norte;Queda de ciclista;0;1;0;0;0;0;0;0;;;0;0;1;0;0
16/04/2020;21:11:00;373;Acidente sem vítima;265;BR-101/ES;Norte;Colisão Traseira;2;0;0;0;0;0;0;0;;;2;0;0;0;0
17/04/2020;05:55:00;86;Acidente sem vítima;143,8;BR-101/ES;Sul;Colisão Traseira;1;0;0;0;1;0;0;0;;;3;0;0;0;0
17/04/2020;06:16:00;90;Acidente sem vítima;267;BR-101/ES;Sul;Colisão Lateral;2;0;0;0;0;0;0;0;;;2;0;0;0;0
17/04/2020;06:21:00;92;Acidente com vítima;298;BR-101/ES;Norte;Colisão Lateral;0;0;1;1;0;0;0;0;;;1;0;1;0;0
17/04/2020;11:06:00;158;Acidente com vítima;14;BR-101/ES;Sul;Queda de ciclista;0;1;0;0;0;0;0;0;;;0;0;1;0;0
17/04/2020;11:36:00;173;Acidente com vítima;364;BR-101/ES;Norte;Queda de Moto;0;0;0;1;0;0;0;0;;;0;1;0;0;0
17/04/2020;12:02:00;181;Acidente sem vítima;282;BR-101/ES;Norte;Saída de Pista;1;0;0;0;0;0;0;0;;;3;0;0;0;0
17/04/2020;13:16:00;206;Acidente sem vítima;363;BR-101/ES;Norte;Choque com Objeto Fixo;1;0;0;0;0;0;0;0;;;2;0;0;0;0
17/04/2020;16:34:00;254;Acidente com vítima;66,8;BR-101/ES;Sul;Queda de Moto;0;0;0;1;0;0;0;0;;;0;1;0;0;0
17/04/2020;18:25:00;292;Acidente sem vítima;395,4;BR-101/ES;Sul;Colisão Transversal;1;0;1;0;0;0;0;0;;;6;0;0;0;0
17/04/2020;19:19:00;302;Acidente com vítima;260;BR-101/ES;Norte;Colisão Lateral;1;0;0;1;0;0;0;0;;;1;0;1;0;0
17/04/2020;20:11:00;312;Acidente com vítima;255;BR-101/ES;Norte;Colisão Transversal;0;0;0;1;1;0;0;0;;;1;1;0;0;0
18/04/2020;07:17:00;82;Acidente com vítima;263;BR-101/ES;Norte;Queda de Moto;0;0;0;1;0;0;0;0;;;0;0;1;0;0
18/04/2020;08:54:00;105;Acidente sem vítima;283;BR-101/ES;Norte;Colisão Frontal;2;0;0;0;0;0;0;0;;;1;0;0;0;0
18/04/2020;12:05:00;183;Acidente com vítima;26;BR-101/ES;Norte;Colisão Traseira;1;0;0;1;0;0;0;0;;;0;2;0;0;0
18/04/2020;17:33:00;267;Acidente com vítima;951;BR-101/BA;Sul;Saída de Pista;1;0;0;0;0;0;0;0;;;0;0;0;2;0
18/04/2020;19:24:00;293;Acidente sem vítima;136;BR-101/ES;Sul;Colisão Lateral;2;0;0;0;0;0;0;0;;;5;0;0;0;0
18/04/2020;20:26:00;305;Acidente com vítima;117;BR-101/ES;Norte;Colisão Lateral;1;0;0;1;0;0;0;0;;;4;1;0;0;0
19/04/2020;11:31:00;123;Acidente com morte;248;BR-101/ES;Sul;Colisão Frontal;2;0;1;0;0;0;0;0;;;2;1;3;0;1
19/04/2020;13:26:00;158;Acidente sem vítima;256;BR-101/ES;Norte;Colisão Lateral;2;0;0;0;0;0;0;0;;;2;0;0;0;0
19/04/2020;19:06:00;218;Acidente com vítima;146;BR-101/ES;Norte;Colisão Traseira;1;0;0;1;0;0;0;0;;;4;0;1;0;0
19/04/2020;19:58:00;227;Acidente com vítima;265,5;BR-101/ES;Norte;Colisão Traseira;1;0;0;1;0;0;0;0;;;1;1;0;0;0
19/04/2020;22:52:00;257;Acidente sem vítima;129;BR-101/ES;Norte;Saída de Pista;1;0;0;0;0;0;0;0;;;1;0;0;0;0
20/04/2020;08:54:00;101;Acidente sem vítima;325;BR-101/ES;Sul;Veículo em Chamas;0;0;0;0;0;0;0;2;;;1;0;0;0;0
20/04/2020;09:23:00;117;Acidente com vítima;181;BR-101/ES;Sul;Queda de ciclista;0;1;0;0;0;0;0;0;;;0;0;1;0;0
20/04/2020;09:59:00;126;Acidente com vítima;263;BR-101/ES;Sul;Colisão Traseira;1;0;0;1;0;0;0;0;;;1;1;0;0;0
20/04/2020;18:17:00;282;Acidente sem vítima;245;BR-101/ES;Sul;Choque com Objeto Fixo;1;0;0;0;0;0;0;0;;;1;0;0;0;0
20/04/2020;18:39:00;283;Acidente com vítima;146;BR-101/ES;Norte;Queda de Moto;0;0;0;1;0;0;0;0;;;0;2;0;0;0
21/04/2020;17:55:00;209;Acidente sem vítima;254;BR-101/ES;Sul;Colisão Traseira;2;0;0;0;0;0;0;0;;;1;0;0;0;0
21/04/2020;18:09:00;212;Acidente sem vítima;266;BR-101/ES;Sul;Colisão Traseira;2;0;0;0;0;0;0;0;;;2;0;0;0;0
21/04/2020;20:11:00;225;Acidente com vítima;236,3;BR-101/ES;Norte;Saída de Pista;0;0;0;0;0;0;0;1;;;0;0;0;1;0
22/04/2020;04:50:00;41;Acidente com vítima;358;BR-101/ES;Norte;Colisão Traseira;1;0;0;0;0;0;0;1;;;2;1;0;0;0
22/04/2020;07:25:00;75;Acidente sem vítima;261;BR-101/ES;Norte;Colisão Lateral;3;0;0;0;0;0;0;0;;;2;0;0;0;0
22/04/2020;09:45:00;112;Acidente sem vítima;267;BR-101/ES;Norte;Engavetamento;1;0;3;0;0;0;0;0;;;7;0;0;0;0
22/04/2020;10:27:00;125;Acidente sem vítima;267;BR-101/ES;Norte;Engavetamento;3;0;0;0;0;0;0;0;;;3;0;0;0;0
22/04/2020;14:38:00;211;Acidente sem vítima;283;BR-101/ES;Norte;Colisão Lateral;1;0;1;0;0;0;0;0;;;2;0;0;0;0
22/04/2020;16:48:00;241;Acidente com morte;84;BR-101/ES;Norte;Colisão Frontal;0;0;1;0;0;0;0;2;;;0;0;1;1;2
23/04/2020;04:27:00;40;Acidente com vítima;454;BR-101/ES;Sul;Saída de Pista;1;0;0;0;0;0;0;0;;;0;0;1;1;0
23/04/2020;07:58:00;89;Acidente com vítima;271;BR-101/ES;Sul;Colisão Traseira;0;0;1;1;0;0;0;0;;;1;0;1;0;0
23/04/2020;08:44:00;103;Acidente sem vítima;256;BR-101/ES;Sul;Colisão Traseira;1;0;0;1;0;0;0;0;;;3;0;0;0;0
23/04/2020;16:13:00;240;Acidente com vítima;268,2;BR-101/ES;Sul;Choque com Objeto Fixo;1;0;0;0;0;0;0;0;;;0;0;1;0;0
23/04/2020;17:50:00;261;Acidente com vítima;146;BR-101/ES;Sul;Colisão Transversal;1;0;0;1;0;0;0;0;;;2;1;0;0;0
23/04/2020;19:56:00;271;Acidente com vítima;940,5;BR-101/BA;Norte;Colisão Traseira;1;0;0;1;0;0;0;0;;;2;2;0;0;0
24/04/2020;09:16:00;127;Acidente com morte;328,7;BR-101/ES;Norte;Colisão Frontal;0;0;1;1;0;0;0;0;;;1;0;0;0;1
24/04/2020;14:14:00;221;Acidente com vítima;395;BR-101/ES;Sul;Colisão Transversal;2;0;0;0;0;0;0;0;;;2;1;1;0;0
24/04/2020;16:33:00;257;Acidente sem vítima;405;BR-101/ES;Norte;Saída de Pista;0;0;1;0;0;0;0;0;;;1;0;0;0;0
24/04/2020;16:47:00;261;Acidente sem vítima;262,6;BR-101/ES;Sul;Colisão Traseira;0;0;1;0;0;0;0;1;;;2;0;0;0;0
24/04/2020;16:57:00;262;Acidente sem vítima;284;BR-101/ES;Norte;Choque com Objeto Fixo;1;0;0;0;0;0;0;0;;;1;0;0;0;0
24/04/2020;18:45:00;292;Acidente sem vítima;261;BR-101/ES;Sul;Colisão Traseira;2;0;0;0;0;0;0;0;;;2;0;0;0;0
24/04/2020;19:41:00;311;Acidente com vítima;148;BR-101/ES;Norte;Queda de ciclista;0;1;0;0;0;0;0;0;;;0;1;0;0;0
24/04/2020;19:44:00;312;Acidente sem vítima;286;BR-101/ES;Sul;Choque com Objeto Fixo;1;0;0;0;0;0;0;0;;;1;0;0;0;0
25/04/2020;04:54:00;65;Acidente com vítima;294;BR-101/ES;Sul;Saída de Pista;1;0;0;0;0;0;0;0;;;0;0;1;0;0
25/04/2020;07:07:00;80;Acidente com vítima;281;BR-101/ES;Sul;Queda de Moto;0;0;0;1;0;0;0;0;;;0;0;1;0;0
25/04/2020;07:47:00;90;Acidente com vítima;68,3;BR-101/ES;Sul;Colisão Traseira;1;0;0;0;1;1;0;0;;;5;0;1;0;0
25/04/2020;09:02:00;105;Acidente sem vítima;293;BR-101/ES;Sul;Colisão Lateral;0;0;0;0;0;0;0;4;;;2;0;0;0;0
25/04/2020;11:45:00;153;Acidente com vítima;256;BR-101/ES;Norte;Colisão Frontal;1;0;0;1;0;0;0;0;;;1;1;0;0;0
25/04/2020;15:38:00;211;Acidente com vítima;91;BR-101/ES;Sul;Colisão Traseira;1;0;0;1;0;0;0;0;;;1;0;2;0;0
25/04/2020;16:19:00;220;Acidente sem vítima;204,5;BR-101/ES;Sul;Colisão Traseira;2;0;0;0;0;0;0;0;;;4;0;0;0;0
25/04/2020;19:33:00;259;Acidente com morte;372;BR-101/ES;Norte;Colisão Frontal;1;0;1;0;0;0;0;0;;;3;0;0;0;1
25/04/2020;21:04:00;273;Acidente sem vítima;7;BR-101/ES;Sul;Saída de Pista;0;0;0;0;0;0;0;1;;;1;0;0;0;0
25/04/2020;21:25:00;275;Acidente com vítima;208;BR-101/ES;Sul;Saída de Pista;1;0;0;0;0;0;0;0;;;0;0;2;0;0
26/04/2020;06:03:00;57;Acidente sem vítima;217;BR-101/ES;Sul;Saída de Pista;1;0;0;0;0;0;0;0;;;2;0;0;0;0
26/04/2020;14:44:00;155;Acidente com vítima;294,5;BR-101/ES;Sul;Colisão Traseira;2;0;0;0;0;0;0;0;;;3;1;0;0;0
26/04/2020;18:17:00;196;Acidente com vítima;143;BR-101/ES;Norte;Saída de Pista;1;0;0;0;0;0;0;0;;;0;2;0;0;0
26/04/2020;20:56:00;216;Acidente sem vítima;404;BR-101/ES;Norte;Colisão Transversal;1;0;1;0;0;0;0;0;;;2;0;0;0;0
27/04/2020;15:15:00;0;Acidente sem vítima;0;BR-101/ES;;;0;0;0;0;0;1;1;0;;;1;0;0;0;0
27/04/2020;02:07:00;24;Atropelamento com morte;66;BR-101/ES;Sul;Atropelamento;1;0;0;0;0;0;0;0;;;1;0;0;0;1
27/04/2020;06:13:00;77;Acidente com vítima;271;BR-101/ES;Norte;Atropelamento Animal;0;0;0;1;0;0;0;0;;;0;1;0;0;0
27/04/2020;07:44:00;91;Acidente sem vítima;294;BR-101/ES;Sul;Saída de Pista;1;0;0;0;0;0;0;0;;;1;0;0;0;0
27/04/2020;08:23:00;109;Acidente sem vítima;270,5;BR-101/ES;Norte;Colisão Traseira;2;0;0;0;0;0;0;0;;;2;0;0;0;0
27/04/2020;09:10:00;119;Acidente sem vítima;407;BR-101/ES;Norte;Veículo em Chamas;1;0;0;0;0;0;0;0;;;2;0;0;0;0
27/04/2020;14:04:00;214;Acidente com vítima;270,3;BR-101/ES;Norte;Queda de Moto;0;0;0;1;0;0;0;0;;;1;0;1;0;0
27/04/2020;15:39:00;231;Acidente sem vítima;171,7;BR-101/ES;Norte;Colisão Traseira;0;0;1;0;0;0;0;3;;;2;0;0;0;0
27/04/2020;18:17:00;269;Acidente com vítima;297;BR-101/ES;Norte;Queda de Moto;0;0;0;1;0;0;0;0;;;0;1;0;0;0
28/04/2020;06:03:00;94;Acidente com vítima;435,6;BR-101/ES;Norte;Saída de Pista;1;0;0;0;0;0;0;0;;;0;0;2;0;0
28/04/2020;06:10:00;96;Acidente sem vítima;269;BR-101/ES;Sul;Colisão Lateral;1;0;0;0;0;0;0;1;;;4;0;0;0;0
28/04/2020;19:12:00;319;Acidente sem vítima;298;BR-101/ES;Norte;Colisão Traseira;2;0;0;0;0;0;0;0;;;2;0;0;0;0
28/04/2020;23:18:00;376;Acidente sem vítima;269,5;BR-101/ES;Norte;Colisão Transversal;1;0;0;0;0;0;0;2;;;2;0;0;0;0
29/04/2020;06:40:00;83;Acidente com vítima;262;BR-101/ES;Sul;Queda de Moto;1;0;0;0;0;0;0;0;;;0;0;1;0;0
29/04/2020;08:36:00;116;Acidente sem vítima;298;BR-101/ES;Norte;Colisão Lateral;2;0;0;0;0;0;0;0;;;2;0;0;0;0
29/04/2020;09:56:00;144;Acidente sem vítima;268;BR-101/ES;Sul;Colisão Lateral;2;0;0;0;0;1;0;0;;;2;0;0;0;0
29/04/2020;10:56:00;158;Acidente com vítima;1,3;BR-101/ES;Sul;Tombamento;1;0;0;0;0;0;0;2;;;2;0;1;0;0
29/04/2020;17:39:00;303;Acidente sem vítima;265;BR-101/ES;Norte;Colisão Traseira;3;0;0;0;0;0;0;0;;;3;0;0;0;0
29/04/2020;19:08:00;329;Acidente sem vítima;255;BR-101/ES;Sul;Colisão Transversal;1;0;0;0;1;0;0;0;;;3;0;0;0;0
29/04/2020;20:44:00;346;Acidente com vítima;293;BR-101/ES;Sul;Colisão Traseira;0;1;0;0;1;0;0;2;;;3;0;1;0;0
30/04/2020;02:38:00;43;Acidente sem vítima;270;BR-101/ES;Sul;Colisão Traseira;2;0;0;0;0;0;0;0;;;3;0;0;0;0
30/04/2020;07:23:00;89;Acidente sem vítima;293;BR-101/ES;Norte;Colisão Traseira;1;0;0;0;0;0;0;2;;;2;0;0;0;0
30/04/2020;13:38:00;234;Acidente com vítima;29,5;BR-101/ES;Sul;Queda de Moto;0;0;0;1;0;0;0;0;;;0;0;1;0;0
30/04/2020;15:09:00;265;Acidente sem vítima;265;BR-101/ES;Norte;Colisão Traseira;2;0;0;0;0;0;0;0;;;2;0;0;0;0
30/04/2020;22:41:00;362;Acidente sem vítima;202;BR-101/ES;Norte;Atropelamento Animal;1;0;0;0;0;0;0;0;;;1;0;0;0;0
01/05/2020;00:57:00;18;Acidente com vítima;269;BR-101/ES;Norte;Colisão Transversal;0;0;0;1;0;0;0;2;;;1;0;1;0;0
01/05/2020;09:08:00;114;Acidente sem vítima;451;BR-101/ES;Norte;Colisão Lateral;1;0;0;0;0;0;0;2;;;2;0;0;0;0
01/05/2020;10:20:00;135;Acidente com vítima;402;BR-101/ES;Norte;Queda de ciclista;0;1;0;0;0;0;0;0;;;0;1;0;0;0
01/05/2020;10:31:00;141;Acidente com vítima;65,9;BR-101/ES;Sul;Queda de ciclista;0;1;0;0;0;0;0;0;;;0;0;1;0;0
01/05/2020;13:08:00;209;Acidente com vítima;270,83;BR-101/ES;Norte;Choque com Objeto Fixo;0;0;0;1;0;0;0;0;;;0;0;1;0;0
01/05/2020;17:57:00;272;Acidente sem vítima;166;BR-101/ES;Norte;Choque com Objeto Fixo;1;0;0;0;0;0;0;0;;;1;0;0;0;0
02/05/2020;03:53:00;39;Acidente sem vítima;379,7;BR-101/ES;Sul;Choque com Objeto Fixo;1;0;0;0;0;0;0;0;;;1;0;0;0;0
02/05/2020;09:10:00;125;Acidente com vítima;259;BR-101/ES;Sul;Queda de ciclista;0;1;0;0;0;0;0;0;;;0;0;1;0;0
02/05/2020;16:16:00;233;Acidente com vítima;255,8;BR-101/ES;Sul;Colisão com ciclista;1;1;0;0;0;0;0;0;;;2;0;1;0;0
02/05/2020;16:22:00;237;Acidente sem vítima;263,7;BR-101/ES;Sul;Choque com Objeto Fixo;1;0;0;0;0;0;0;0;;;1;0;0;0;0
02/05/2020;21:18:00;287;Acidente com vítima;86;BR-101/ES;Norte;Capotamento;1;0;0;0;0;0;0;0;;;0;1;1;0;0
02/05/2020;23:21:00;311;Acidente com morte;146,4;BR-101/ES;Norte;Colisão Transversal;1;0;1;0;0;0;0;0;;;1;0;0;1;1
02/05/2020;23:46:00;317;Acidente com vítima;147;BR-101/ES;Norte;Colisão Frontal;1;0;1;0;0;0;0;0;;;1;0;0;1;0
03/05/2020;04:04:00;41;Acidente sem vítima;214;BR-101/ES;Norte;Saída de Pista;1;0;0;0;0;0;0;0;;;1;0;0;0;0
03/05/2020;16:18:00;212;Acidente com vítima;255;BR-101/ES;Sul;Colisão Traseira;1;0;0;1;0;0;0;0;;;1;0;1;0;0
03/05/2020;17:46:00;232;Acidente sem vítima;145;BR-101/ES;Sul;Choque com Objeto Fixo;1;0;0;0;0;0;0;0;;;2;0;0;0;0
03/05/2020;20:00:00;257;Acidente com morte;174,6;BR-101/ES;Sul;Colisão Lateral;1;0;0;1;0;0;0;3;;;3;0;1;1;1
03/05/2020;20:23:00;263;Acidente com vítima;180;BR-101/ES;Sul;Colisão Traseira;0;0;1;0;0;0;0;2;;;1;0;1;0;0
03/05/2020;22:57:00;280;Acidente com vítima;149;BR-101/ES;Sul;Colisão Traseira;1;0;0;1;0;0;0;0;;;3;0;2;0;0
04/05/2020;06:50:00;75;Acidente com vítima;270,8;BR-101/ES;Norte;Colisão Lateral;0;0;1;1;0;0;0;0;;;1;1;1;0;0
04/05/2020;09:45:00;120;Acidente sem vítima;287;BR-101/ES;Norte;Choque com Objeto Fixo;1;0;0;0;0;0;0;0;;;1;0;0;0;0
04/05/2020;11:21:00;167;Acidente sem vítima;264;BR-101/ES;Norte;Colisão Traseira;2;0;0;0;0;0;0;0;;;3;0;0;0;0
04/05/2020;17:50:00;290;Acidente sem vítima;137;BR-101/ES;Norte;Colisão Traseira;1;0;0;0;0;0;0;0;;;1;0;0;0;0
04/05/2020;18:38:00;298;Acidente com morte;949,3;BR-101/BA;Norte;Colisão Traseira;1;0;1;0;0;0;0;0;;;2;0;0;0;1
04/05/2020;20:55:00;322;Acidente sem vítima;244;BR-101/ES;Norte;Veículo em Chamas;0;0;0;0;0;0;0;2;;;1;0;0;0;0
05/05/2020;08:27:00;127;Acidente sem vítima;268;BR-101/ES;Norte;Colisão Traseira;0;0;0;0;0;0;0;4;;;2;0;0;0;0
05/05/2020;09:07:00;141;Acidente sem vítima;268;BR-101/ES;Sul;Colisão Traseira;2;0;0;0;0;0;0;0;;;2;0;0;0;0
05/05/2020;10:16:00;164;Acidente sem vítima;268;BR-101/ES;Norte;Queda de Moto;0;0;0;1;0;0;0;0;;;1;0;0;0;0
05/05/2020;11:32:00;195;Acidente sem vítima;87,3;BR-101/ES;Norte;Colisão Traseira;1;0;1;0;0;0;0;1;;;3;0;0;0;0
05/05/2020;12:12:00;215;Acidente sem vítima;237;BR-101/ES;Norte;Colisão Lateral;2;0;0;0;0;0;0;0;;;3;0;0;0;0
05/05/2020;12:41:00;235;Acidente sem vítima;273;BR-101/ES;Sul;Choque;3;0;0;0;0;0;0;0;;;10;0;0;0;0
05/05/2020;16:59:00;317;Acidente com vítima;270,8;BR-101/ES;Norte;Queda de Moto;0;0;0;1;0;0;0;0;;;0;1;0;0;0
05/05/2020;18:06:00;333;Acidente sem vítima;222;BR-101/ES;Sul;Choque com Objeto Fixo;0;0;1;0;0;0;0;0;;;1;0;0;0;0
05/05/2020;21:20:00;356;Acidente sem vítima;42;BR-101/ES;Norte;Atropelamento Animal;2;0;0;0;0;0;0;0;;;3;0;0;0;0
06/05/2020;07:06:00;88;Acidente sem vítima;125;BR-101/ES;Sul;Colisão Traseira;2;0;0;0;0;0;0;0;;;1;0;0;0;0
06/05/2020;18:37:00;288;Atropelamento sem morte;296;BR-101/ES;Sul;Atropelamento;0;0;0;1;0;0;0;0;;;0;0;2;1;0
06/05/2020;19:07:00;292;Acidente com vítima;113,8;BR-101/ES;Sul;Queda de Moto;0;0;0;1;0;0;0;0;;;0;1;0;0;0
06/05/2020;20:05:00;300;Acidente sem vítima;355;BR-101/ES;Sul;Saída de Pista;1;0;0;0;0;0;0;0;;;1;0;0;0;0
06/05/2020;22:11:00;316;Acidente com vítima;267,8;BR-101/ES;Sul;Colisão Transversal;1;0;1;0;0;0;0;0;;;1;0;1;0;0
07/05/2020;06:56:00;87;Acidente com vítima;29,5;BR-101/ES;Norte;Choque com Objeto Fixo;0;0;1;0;0;0;0;0;;;0;0;1;0;0
07/05/2020;07:35:00;100;Acidente com vítima;436,5;BR-101/ES;Sul;Saída de Pista;1;0;0;0;0;0;0;0;;;0;1;1;0;0
07/05/2020;09:44:00;149;Acidente sem vítima;290;BR-101/ES;Sul;Colisão Traseira;2;0;0;0;0;0;0;0;;;6;0;0;0;0