data;horario;n_da_ocorrencia;tipo_de_ocorrencia;km;trecho;sentido;tipo_de_acidente;automovel;bicicleta;caminhao;moto;onibus;outros;tracao_animal;transporte_de_cargas_especiais;trator_maquinas;utilitarios;ilesos;levemente_feridos;moderadamente_feridos;gravemente_feridos;mortos
20/06/2020;21:26:00;301;Acidente sem vítima;28,3;BR-101/ES;Norte;Engavetamento;3;0;0;0;0;0;0;0;;;4;0;0;0;0
20/06/2020;21:58:00;304;Acidente sem vítima;361;BR-101/ES;Sul;Capotamento;1;0;0;0;0;0;0;0;;;1;0;0;0;0
21/06/2020;13:11:00;179;Acidente sem vítima;293,5;BR-101/ES;Sul;Choque com Objeto Fixo;1;0;0;0;0;0;0;0;;;2;0;0;0;0
21/06/2020;13:53:00;193;Acidente sem vítima;292,3;BR-101/ES;Norte;Saída de Pista;1;0;0;0;0;0;0;0;;;1;0;0;0;0
21/06/2020;14:39:00;202;Acidente sem vítima;270,6;BR-101/ES;Norte;Colisão Transversal;1;0;0;1;0;0;0;0;;;4;0;0;0;0
21/06/2020;16:13:00;227;Acidente com vítima;264,4;BR-101/ES;Norte;Colisão Transversal;1;0;0;1;0;0;0;0;;;1;1;0;0;0
22/06/2020;03:39:00;35;Acidente com vítima;443,8;BR-101/ES;Sul;Choque com Objeto Fixo;0;0;1;0;0;0;0;0;;;0;1;0;0;0
22/06/2020;07:08:00;87;Acidente com vítima;266,2;BR-101/ES;Norte;Colisão Transversal;0;0;1;1;0;0;0;0;;;1;2;0;0;0
22/06/2020;14:37:00;215;Acidente com vítima;17,9;BR-101/ES;Norte;Colisão Frontal;1;0;0;0;0;1;0;0;;;1;0;1;0;0
22/06/2020;14:40:00;217;Acidente com vítima;223,9;BR-101/ES;Norte;Queda de Moto;0;0;0;1;0;0;0;0;;;0;0;1;0;0
22/06/2020;16:43:00;242;Acidente sem vítima;334,5;BR-101/ES;Sul;Colisão Transversal;0;0;0;1;0;0;0;1;;;1;0;0;0;0
22/06/2020;17:25:00;252;Acidente sem vítima;450;BR-101/ES;Sul;Atropelamento de Bovino;1;0;0;0;0;0;0;1;;;1;0;0;0;0
22/06/2020;18:08:00;259;Acidente com vítima;310;BR-101/ES;Norte;Colisão Frontal;1;0;0;0;0;0;0;2;;;1;1;0;0;0
23/06/2020;08:57:00;124;Acidente sem vítima;349,9;BR-101/ES;Norte;Saída de Pista;1;0;0;0;0;0;0;0;;;2;0;0;0;0
23/06/2020;09:49:00;142;Acidente sem vítima;149;BR-101/ES;Sul;Colisão Traseira;0;0;0;2;0;0;0;0;;;3;0;0;0;0
23/06/2020;10:43:00;165;Acidente com vítima;148;BR-101/ES;Norte;Colisão Transversal;1;0;0;1;0;0;0;0;;;0;2;1;0;0
23/06/2020;12:56:00;231;Acidente sem vítima;394,1;BR-101/ES;Norte;Tombamento;0;0;0;0;0;0;0;1;;;1;0;0;0;0
23/06/2020;20:26:00;330;Acidente com vítima;133;BR-101/ES;Norte;Colisão Transversal;2;0;0;0;0;0;0;0;;;2;1;0;0;0
24/06/2020;07:06:00;95;Acidente sem vítima;270,2;BR-101/ES;Norte;Colisão Lateral;1;0;0;0;0;0;0;2;;;2;0;0;0;0
24/06/2020;07:28:00;101;Acidente sem vítima;267,2;BR-101/ES;Sul;Colisão Traseira;1;0;0;0;1;0;0;0;;;2;0;0;0;0
24/06/2020;11:25:00;189;Acidente com vítima;290;BR-101/ES;Norte;Colisão Traseira;1;0;0;1;0;0;0;0;;;1;0;2;0;0
24/06/2020;13:41:00;245;Acidente sem vítima;389,3;BR-101/ES;Sul;Colisão Traseira;2;0;0;0;0;0;0;0;;;2;0;0;0;0
24/06/2020;17:20:00;317;Acidente sem vítima;419;BR-101/ES;Sul;Saída de Pista;1;0;0;0;0;0;0;0;;;1;0;0;0;0
24/06/2020;18:06:00;329;Acidente com vítima;270;BR-101/ES;Norte;Colisão Lateral;1;0;0;1;0;0;0;0;;;2;1;0;0;0
24/06/2020;19:34:00;348;Acidente com vítima;143;BR-101/ES;Norte;Queda de Moto;0;0;0;1;0;0;0;0;;;0;0;1;0;0
24/06/2020;20:33:00;357;Acidente com vítima;358;BR-101/ES;Norte;Queda de Moto;0;0;0;1;0;0;0;0;;;0;1;0;0;0
24/06/2020;21:03:00;361;Acidente com vítima;70;BR-101/ES;Sul;Colisão com ciclista;0;2;0;0;0;0;0;0;;;0;1;1;0;0
25/06/2020;01:17:00;20;Acidente com vítima;263;BR-101/ES;Sul;Choque com Objeto Fixo;0;0;0;1;0;0;0;0;;;0;0;0;1;0
25/06/2020;03:42:00;47;Acidente sem vítima;276;BR-101/ES;Norte;Choque com Objeto Fixo;1;0;0;0;0;0;0;0;;;1;0;0;0;0
25/06/2020;07:35:00;97;Acidente sem vítima;267;BR-101/ES;Norte;Colisão Traseira;2;0;0;0;0;0;0;0;;;3;0;0;0;0
25/06/2020;07:55:00;103;Acidente com vítima;268,5;BR-101/ES;Sul;Colisão Lateral;1;0;0;1;0;0;0;0;;;1;0;1;0;0
25/06/2020;10:04:00;141;Acidente sem vítima;85;BR-101/ES;Sul;Colisão Traseira;1;0;0;0;0;0;0;3;;;4;0;0;0;0
25/06/2020;10:45:00;155;Acidente sem vítima;329;BR-101/ES;Norte;Colisão Traseira;1;0;1;0;0;0;0;0;;;3;0;0;0;0
25/06/2020;12:59:00;215;Acidente com vítima;142;BR-101/ES;Norte;Queda de Moto;0;0;0;1;0;0;0;0;;;0;0;1;0;0
25/06/2020;17:50:00;295;Acidente com vítima;147;BR-101/ES;Norte;Colisão Traseira;1;0;0;1;0;0;0;0;;;1;0;1;1;0
25/06/2020;18:10:00;301;Acidente sem vítima;267;BR-101/ES;Norte;Colisão Lateral;1;0;0;1;0;0;0;0;;;2;0;0;0;0
25/06/2020;19:19:00;315;Acidente sem vítima;147;BR-101/ES;Norte;Colisão Lateral;1;0;0;0;0;0;0;0;;;1;0;0;0;0
25/06/2020;19:41:00;319;Acidente com vítima;238,5;BR-101/ES;Norte;Colisão Lateral;0;0;0;1;0;0;0;0;;;0;0;1;0;0
25/06/2020;21:43:00;339;Acidente com vítima;285;BR-101/ES;Sul;Queda de Moto;0;0;0;1;0;0;0;0;;;0;1;0;0;0
26/06/2020;06:45:00;68;Acidente com vítima;143;BR-101/ES;Sul;Queda de Moto;0;0;0;1;0;0;0;0;;;0;2;0;0;0
26/06/2020;07:05:00;71;Acidente com vítima;267;BR-101/ES;Sul;Colisão Lateral;1;0;0;1;0;0;0;0;;;1;1;0;0;0
26/06/2020;11:27:00;153;Acidente com vítima;261,1;BR-101/ES;Norte;Colisão Traseira;2;0;0;0;0;0;0;0;;;3;1;0;0;0
26/06/2020;14:51:00;221;Acidente sem vítima;265,7;BR-101/ES;Sul;Colisão Traseira;1;0;0;0;1;0;0;0;;;2;0;0;0;0
26/06/2020;15:24:00;230;Acidente com vítima;144,8;BR-101/ES;Sul;Colisão Traseira;1;0;1;0;0;0;0;0;;;1;1;0;0;0
26/06/2020;16:37:00;254;Acidente sem vítima;125,9;BR-101/ES;Sul;Colisão Traseira;1;0;1;0;0;0;0;0;;;4;0;0;0;0
26/06/2020;18:00:00;282;Acidente com vítima;253,1;BR-101/ES;Norte;Colisão Transversal;1;0;0;1;0;0;0;0;;;1;1;0;0;0
26/06/2020;18:21:00;285;Acidente com vítima;288,3;BR-101/ES;Sul;Colisão Traseira;2;0;0;1;0;0;0;0;;;5;1;0;0;0
26/06/2020;20:11:00;305;Acidente sem vítima;94,2;BR-101/ES;Norte;Choque;1;0;0;0;0;0;0;0;;;3;0;0;0;0
26/06/2020;21:42:00;323;Acidente sem vítima;264;BR-101/ES;Sul;Atropelamento de Equino;0;0;1;0;0;0;0;0;;;3;0;0;0;0
26/06/2020;21:54:00;325;Acidente com vítima;146;BR-101/ES;Norte;Colisão Transversal;1;0;0;1;0;0;0;0;;;1;1;0;0;0
26/06/2020;22:39:00;337;Acidente com vítima;13,2;BR-101/ES;Sul;Atropelamento de Bovino;1;0;0;0;0;0;0;0;;;2;1;0;0;0
27/06/2020;09:04:00;126;Acidente sem vítima;90,8;BR-101/ES;Sul;Colisão Traseira;1;0;0;0;0;0;0;1;;;2;0;0;0;0
27/06/2020;12:21:00;203;Acidente sem vítima;16,4;BR-101/ES;Norte;Colisão Lateral;1;0;0;0;0;0;0;2;;;2;0;0;0;0
27/06/2020;12:31:00;206;Acidente com vítima;283,8;BR-101/ES;Norte;Colisão Traseira;1;0;1;0;0;0;0;0;;;2;1;0;0;0
27/06/2020;20:23:00;305;Acidente sem vítima;140;BR-101/ES;Norte;Atropelamento Animal;1;0;0;0;0;0;0;0;;;1;0;0;0;0
28/06/2020;12:45:00;194;Acidente sem vítima;270,6;BR-101/ES;Sul;Veículo em Chamas;1;0;0;0;0;0;0;0;;;1;0;0;0;0
28/06/2020;17:35:00;268;Acidente com vítima;123;BR-101/ES;Sul;Queda de Moto;0;0;0;1;0;0;0;0;;;0;1;1;0;0
28/06/2020;18:39:00;280;Acidente sem vítima;123;BR-101/ES;Norte;Engavetamento;3;0;0;0;0;0;0;0;;;8;0;0;0;0
28/06/2020;20:51:00;305;Acidente sem vítima;147,4;BR-101/ES;Sul;Colisão Traseira;2;0;0;0;0;0;0;0;;;2;0;0;0;0
29/06/2020;05:25:00;47;Acidente sem vítima;63;BR-101/ES;Norte;Atropelamento de Equino;1;0;0;0;0;0;0;0;;;1;0;0;0;0
29/06/2020;07:10:00;77;Acidente com vítima;401;BR-101/ES;Norte;Saída de Pista;0;0;1;0;0;0;0;0;;;0;1;0;0;0
29/06/2020;07:38:00;81;Acidente com vítima;294,5;BR-101/ES;Norte;Colisão Traseira;0;0;1;0;0;0;0;2;;;1;0;1;0;0
29/06/2020;08:53:00;101;Acidente sem vítima;294,5;BR-101/ES;Sul;Colisão Traseira;2;0;0;0;0;0;0;0;;;2;0;0;0;0
29/06/2020;09:16:00;111;Acidente sem vítima;15,7;BR-101/ES;Sul;Colisão Transversal;1;0;1;0;0;0;0;1;;;2;0;0;0;0
29/06/2020;15:03:00;203;Acidente sem vítima;264;BR-101/ES;Norte;Colisão Traseira;2;0;0;0;0;0;0;0;;;2;0;0;0;0
29/06/2020;15:57:00;213;Acidente sem vítima;276;BR-101/ES;Norte;Choque com Objeto Fixo;1;0;0;0;0;0;0;0;;;1;0;0;0;0
29/06/2020;16:01:00;215;Acidente sem vítima;390;BR-101/ES;Sul;Colisão Traseira;2;0;0;0;0;0;0;0;;;7;0;0;0;0
29/06/2020;17:11:00;237;Acidente sem vítima;171,8;BR-101/ES;Sul;Colisão Traseira;2;0;0;0;0;0;0;0;;;2;0;0;0;0
29/06/2020;18:40:00;256;Acidente sem vítima;265;BR-101/ES;Sul;Choque com Objeto Fixo;1;0;0;0;0;0;0;0;;;1;0;0;0;0
29/06/2020;18:54:00;259;Acidente com vítima;255;BR-101/ES;Sul;Colisão Traseira;1;0;0;1;0;0;0;0;;;1;1;0;0;0
29/06/2020;21:08:00;284;Acidente sem vítima;222;BR-101/ES;Sul;Choque com Objeto Fixo;0;0;1;0;0;0;0;0;;;1;0;0;0;0
30/06/2020;05:12:00;49;Acidente com vítima;70;BR-101/ES;Sul;Colisão Traseira;2;0;0;0;0;0;0;0;;;1;1;2;0;0
30/06/2020;05:49:00;73;Acidente com vítima;267;BR-101/ES;Sul;Queda de Moto;0;0;0;1;0;0;0;0;;;0;1;1;0;0
30/06/2020;07:17:00;85;Acidente sem vítima;94,2;BR-101/ES;Sul;Colisão Transversal;2;0;0;0;0;0;0;0;;;6;0;0;0;0
30/06/2020;08:17:00;97;Acidente sem vítima;328;BR-101/ES;Sul;Atropelamento Animal;1;0;0;0;0;0;0;0;;;3;0;0;0;0
30/06/2020;08:27:00;100;Acidente com vítima;16,8;BR-101/ES;Norte;Colisão Lateral;1;0;0;1;0;0;0;0;;;1;2;0;0;0
30/06/2020;09:46:00;122;Acidente sem vítima;263,9;BR-101/ES;Norte;Colisão Transversal;3;0;0;0;0;0;0;0;;;3;0;0;0;0
30/06/2020;12:10:00;177;Acidente com vítima;261,3;BR-101/ES;Norte;Queda de Moto;0;0;0;1;0;0;0;0;;;0;0;1;0;0
30/06/2020;16:10:00;250;Acidente com vítima;267,7;BR-101/ES;Sul;Queda de Moto;0;0;0;1;0;0;0;0;;;0;0;1;0;0
30/06/2020;17:28:00;266;Acidente sem vítima;271;BR-101/ES;Norte;Colisão Lateral;1;0;1;0;0;0;0;1;;;2;0;0;0;0
30/06/2020;22:29:00;328;Acidente com vítima;255;BR-101/ES;Norte;Saída de Pista;1;0;0;0;0;0;0;0;;;0;0;1;0;0
01/07/2020;07:00:00;92;Acidente com vítima;269,5;BR-101/ES;Norte;Colisão Lateral;1;0;0;2;0;0;0;0;;;2;1;1;0;0
01/07/2020;10:06:00;167;Acidente sem vítima;265,7;BR-101/ES;Norte;Colisão Traseira;2;0;0;0;0;0;0;0;;;1;0;0;0;0
01/07/2020;12:44:00;248;Acidente com vítima;68,3;BR-101/ES;Sul;Colisão Transversal;1;0;0;1;0;0;0;0;;;1;1;0;0;0
01/07/2020;15:58:00;304;Acidente sem vítima;211,3;BR-101/ES;Sul;Choque com Objeto Fixo;0;0;1;0;0;0;0;0;;;2;0;0;0;0
01/07/2020;17:38:00;333;Acidente com vítima;35,9;BR-101/ES;Sul;Colisão Lateral;0;0;0;0;1;0;0;2;;;1;1;2;1;0
01/07/2020;19:01:00;346;Acidente com vítima;146;BR-101/ES;Norte;Colisão Traseira;1;0;0;1;0;0;0;0;;;1;1;0;0;0
01/07/2020;21:35:00;379;Acidente sem vítima;287;BR-101/ES;Norte;Capotamento;2;0;0;0;0;0;0;0;;;2;0;0;0;0
01/07/2020;22:06:00;386;Atropelamento com morte;159;BR-101/ES;Sul;Atropelamento;1;0;0;0;0;0;0;0;;;0;1;0;0;1
02/07/2020;08:02:00;129;Acidente sem vítima;291,9;BR-101/ES;Norte;Colisão Traseira;1;0;1;0;0;0;0;0;;;5;0;0;0;0
02/07/2020;08:15:00;136;Acidente com vítima;291,9;BR-101/ES;Sul;Colisão Transversal;1;0;0;1;0;0;0;0;;;1;1;0;0;0
02/07/2020;11:30:00;228;Acidente sem vítima;291,9;BR-101/ES;Norte;Colisão Traseira;0;0;1;0;0;0;0;2;;;2;0;0;0;0
02/07/2020;14:18:00;289;Acidente sem vítima;315;BR-101/ES;Norte;Colisão Traseira;1;0;0;0;0;0;0;2;;;2;0;0;0;0
02/07/2020;14:41:00;297;Acidente com vítima;269;BR-101/ES;Norte;Colisão Traseira;1;0;0;1;0;0;0;0;;;1;0;1;0;0
02/07/2020;20:12:00;378;Acidente sem vítima;237,3;BR-101/ES;Sul;Choque com Objeto Fixo;1;0;0;0;0;0;0;0;;;1;0;0;0;0
02/07/2020;22:22:00;409;Acidente com vítima;264;BR-101/ES;Sul;Colisão Transversal;1;0;0;1;0;0;0;0;;;1;0;1;0;0
03/07/2020;03:26:00;55;Acidente com vítima;389;BR-101/ES;Sul;Choque com Objeto Fixo;1;0;0;0;0;0;0;0;;;5;0;1;0;0
03/07/2020;08:31:00;119;Acidente sem vítima;284;BR-101/ES;Norte;Choque com Objeto Fixo;1;0;0;0;0;0;0;0;;;1;0;0;0;0
03/07/2020;08:58:00;129;Acidente com vítima;260,1;BR-101/ES;Sul;Colisão Transversal;2;0;0;0;0;0;0;0;;;0;1;2;0;0
03/07/2020;09:55:00;149;Acidente sem vítima;273,8;BR-101/ES;Sul;Colisão Traseira;1;0;1;0;0;0;0;0;;;2;0;0;0;0
03/07/2020;11:41:00;199;Acidente sem vítima;279;BR-101/ES;Sul;Colisão Lateral;1;0;0;0;0;0;0;2;;;3;0;0;0;0
03/07/2020;11:48:00;202;Acidente sem vítima;147,5;BR-101/ES;Norte;Engavetamento;2;0;1;0;0;0;0;0;;;4;0;0;0;0
03/07/2020;18:01:00;329;Atropelamento com morte;144,5;BR-101/ES;Sul;Atropelamento;0;0;0;1;0;0;0;0;;;0;0;1;0;1
03/07/2020;18:03:00;331;Acidente com vítima;204,8;BR-101/ES;Sul;Colisão Transversal;1;0;0;1;0;0;0;0;;;3;1;0;0;0
03/07/2020;19:20:00;347;Acidente com morte;161,8;BR-101/ES;Norte;Colisão Traseira;0;0;0;1;0;0;0;0;;;0;0;0;0;1
03/07/2020;19:22:00;349;Acidente com vítima;249,3;BR-101/ES;Norte;Colisão Frontal;2;0;0;0;0;0;0;0;;;3;0;2;0;0
03/07/2020;20:21:00;360;Acidente sem vítima;367;BR-101/ES;Norte;Tombamento;0;0;0;0;0;0;0;2;;;1;0;0;0;0
03/07/2020;22:20:00;390;Acidente com vítima;408;BR-101/ES;Sul;Capotamento;0;0;1;0;0;0;0;0;;;0;0;1;0;0
04/07/2020;01:09:00;27;Acidente sem vítima;442;BR-101/ES;Sul;Atropelamento de Bovino;0;0;1;0;0;0;0;0;;;1;0;0;0;0
04/07/2020;01:55:00;39;Acidente sem vítima;442;BR-101/ES;Sul;Colisão Lateral;0;0;1;0;0;0;0;0;;;1;0;0;0;0
04/07/2020;04:16:00;68;Acidente sem vítima;268;BR-101/ES;Norte;Colisão Traseira;1;0;1;0;0;0;0;0;;;2;0;0;0;0
04/07/2020;09:02:00;134;Acidente sem vítima;368,7;BR-101/ES;Norte;Choque com Objeto Fixo;1;0;0;0;0;0;0;0;;;2;0;0;0;0
04/07/2020;11:39:00;200;Acidente sem vítima;183,5;BR-101/ES;Sul;Saída de Pista;1;0;0;0;0;0;0;0;;;1;0;0;0;0
04/07/2020;11:56:00;204;Acidente sem vítima;388,1;BR-101/ES;Sul;Saída de Pista;0;0;1;0;0;0;0;0;;;2;0;0;0;0
04/07/2020;12:54:00;231;Acidente com vítima;220,1;BR-101/ES;Norte;Queda de Moto;0;0;0;1;0;0;0;0;;;0;1;0;0;0
04/07/2020;13:30:00;243;Acidente com vítima;267,8;BR-101/ES;Sul;Queda de Moto;0;0;0;1;0;0;0;0;;;0;2;0;0;0
04/07/2020;13:41:00;247;Acidente com vítima;66,3;BR-101/ES;Norte;Colisão Traseira;1;0;0;1;0;0;0;0;;;5;0;1;0;0
04/07/2020;18:27:00;313;Acidente com vítima;142,9;BR-101/ES;Sul;Colisão com ciclista;0;1;1;0;0;0;0;0;;;1;1;0;0;0
04/07/2020;19:04:00;318;Acidente sem vítima;161,9;BR-101/ES;Norte;Queda de Moto;0;0;0;1;0;0;0;0;;;1;0;0;0;0
04/07/2020;21:02:00;336;Acidente sem vítima;292;BR-101/ES;Sul;Choque com Objeto Fixo;1;0;0;0;0;0;0;0;;;1;0;0;0;0
05/07/2020;05:00:00;79;Acidente sem vítima;277;BR-101/ES;Sul;Saída de Pista;1;0;0;0;0;0;0;0;;;1;0;0;0;0
05/07/2020;08:21:00;110;Acidente sem vítima;236,4;BR-101/ES;Norte;Capotamento;1;0;0;0;0;0;0;0;;;1;0;0;0;0
05/07/2020;18:21:00;288;Acidente com vítima;314;BR-101/ES;Norte;Queda de Moto;0;0;0;1;0;0;0;0;;;0;1;0;0;0
05/07/2020;18:30:00;289;Acidente com morte;32,1;BR-101/ES;Sul;Colisão Frontal;1;0;0;1;0;0;0;0;;;1;0;0;0;1
05/07/2020;18:44:00;293;Acidente com vítima;143;BR-101/ES;Norte;Colisão Traseira;1;0;0;1;0;0;0;0;;;1;0;1;0;0
05/07/2020;19:47:00;301;Acidente sem vítima;229;BR-101/ES;Norte;Colisão Lateral;1;0;1;0;0;0;0;0;;;6;0;0;0;0
06/07/2020;03:26:00;82;Acidente sem vítima;154,7;BR-101/ES;Norte;Atropelamento Animal;1;0;0;0;0;0;0;0;;;2;0;0;0;0
06/07/2020;06:15:00;100;Acidente sem vítima;173,6;BR-101/ES;Sul;Saída de Pista;1;0;0;0;0;0;0;0;;;1;0;0;0;0
06/07/2020;06:16:00;101;Acidente com vítima;296,2;BR-101/ES;Sul;Colisão com ciclista;0;1;0;0;0;0;0;0;;;0;0;1;0;0
06/07/2020;08:19:00;126;Acidente sem vítima;270;BR-101/ES;Sul;Colisão Traseira;2;0;0;0;0;0;0;0;;;2;0;0;0;0
06/07/2020;17:40:00;337;Acidente sem vítima;275,2;BR-101/ES;Sul;Colisão Traseira;2;0;0;0;0;0;0;0;;;2;0;0;0;0
06/07/2020;18:09:00;344;Acidente sem vítima;461;BR-101/ES;Norte;Choque com Objeto Fixo;0;0;0;0;1;0;0;0;;;1;0;0;0;0
06/07/2020;19:38:00;367;Acidente sem vítima;237;BR-101/ES;Sul;Queda de Moto;0;0;0;1;0;0;0;0;;;2;0;0;0;0
07/07/2020;00:55:00;20;Acidente sem vítima;2;BR-101/ES;Sul;Atropelamento Animal;1;0;0;0;0;0;0;0;;;2;0;0;0;0
07/07/2020;15:12:00;281;Acidente com vítima;292,1;BR-101/ES;Sul;Colisão com ciclista;1;1;0;0;0;0;0;0;;;3;0;1;0;0
07/07/2020;17:58:00;329;Acidente com vítima;257;BR-101/ES;Norte;Colisão Transversal;2;0;0;0;0;0;0;0;;;3;1;0;0;0
08/07/2020;02:41:00;38;Acidente sem vítima;78;BR-101/ES;Norte;Atropelamento Animal;1;0;0;0;0;0;0;0;;;1;0;0;0;0
08/07/2020;05:46:00;96;Acidente com vítima;433,9;BR-101/ES;Sul;Queda de Moto;0;0;0;1;0;0;0;0;;;0;1;0;0;0
08/07/2020;07:40:00;121;Acidente com vítima;264;BR-101/ES;Sul;Colisão Transversal;1;0;0;1;0;0;0;0;;;0;0;1;0;0
08/07/2020;11:05:00;208;Acidente sem vítima;262;BR-101/ES;Sul;Colisão Traseira;3;0;0;0;0;0;0;0;;;3;0;0;0;0
08/07/2020;11:41:00;223;Acidente com vítima;149,1;BR-101/ES;Sul;Colisão Lateral;1;0;0;1;0;0;0;0;;;2;0;1;0;0
08/07/2020;12:37:00;253;Acidente sem vítima;270,5;BR-101/ES;Sul;Colisão Lateral;1;0;0;0;1;0;0;0;;;2;0;0;0;0
08/07/2020;12:41:00;256;Acidente sem vítima;241;BR-101/ES;Norte;Veículo em Chamas;0;0;0;0;0;1;0;0;;;1;0;0;0;0
08/07/2020;13:29:00;270;Acidente sem vítima;66,8;BR-101/ES;Norte;Veículo em Chamas;0;0;0;0;0;0;0;3;;;1;0;0;0;0
08/07/2020;17:03:00;348;Acidente com vítima;298;BR-101/ES;Norte;Colisão Traseira;1;0;0;1;0;0;0;0;;;0;2;0;0;0
08/07/2020;19:16:00;374;Acidente com vítima;946;BR-101/BA;Sul;Saída de Pista;0;0;1;0;0;0;0;0;;;0;0;1;0;0
08/07/2020;19:42:00;379;Acidente com vítima;141;BR-101/ES;Norte;Colisão Transversal;0;0;1;0;0;0;0;3;;;1;1;0;0;0
08/07/2020;19:53:00;385;Acidente sem vítima;399;BR-101/ES;Norte;Choque com Veículo Estacionado;1;0;1;0;0;0;0;0;;;2;0;0;0;0
09/07/2020;06:32:00;75;Acidente sem vítima;223,3;BR-101/ES;Norte;Colisão Traseira;0;0;1;0;0;0;0;2;;;2;0;0;0;0
09/07/2020;06:50:00;82;Acidente com vítima;267;BR-101/ES;Sul;Colisão Lateral;1;0;0;1;0;0;0;0;;;3;0;2;0;0
09/07/2020;10:40:00;155;Acidente sem vítima;321,3;BR-101/ES;Sul;Colisão Traseira;0;0;1;0;0;0;0;2;;;3;0;0;0;0
09/07/2020;16:30:00;301;Acidente com vítima;37,7;BR-101/ES;Norte;Colisão Transversal;2;0;0;0;0;0;0;0;;;3;1;0;0;0
09/07/2020;16:32:00;303;Acidente sem vítima;241;BR-101/ES;Norte;Colisão Traseira;1;0;1;0;0;0;0;0;;;6;0;0;0;0
09/07/2020;17:28:00;323;Acidente com vítima;141;BR-101/ES;Sul;Capotamento;1;0;0;0;0;0;0;0;;;0;1;0;0;0
09/07/2020;18:16:00;342;Atropelamento sem morte;270;BR-101/ES;Sul;Atropelamento;0;0;0;1;0;0;0;0;;;1;0;1;0;0
09/07/2020;18:47:00;344;Acidente com vítima;95,3;BR-101/ES;Norte;Colisão Traseira;1;0;0;1;0;1;0;0;;;2;1;0;0;0
09/07/2020;19:58:00;356;Acidente com morte;93,7;BR-101/ES;Sul;Colisão Frontal;0;0;1;1;0;0;0;0;;;1;0;0;0;1
09/07/2020;20:38:00;364;Acidente com vítima;146,5;BR-101/ES;Norte;Colisão Transversal;1;0;0;1;0;0;0;0;;;2;1;1;0;0
10/07/2020;01:53:00;69;Acidente com morte;227,1;BR-101/ES;Sul;Colisão Lateral;0;0;1;0;0;0;0;3;;;1;0;0;0;1
10/07/2020;06:44:00;107;Acidente com vítima;266;BR-101/ES;Sul;Colisão Traseira;0;0;0;1;0;0;0;0;;;0;0;1;0;0
10/07/2020;08:36:00;131;Acidente sem vítima;269,1;BR-101/ES;Norte;Colisão Lateral;1;0;0;0;0;0;0;1;;;2;0;0;0;0
10/07/2020;10:02:00;162;Acidente sem vítima;203;BR-101/ES;Norte;Queda de Moto;0;0;0;1;0;0;0;0;;;1;0;0;0;0
10/07/2020;11:20:00;205;Acidente com vítima;268,8;BR-101/ES;Sul;Colisão Traseira;0;0;0;1;0;0;0;0;;;0;0;1;0;0
10/07/2020;12:16:00;236;Acidente com vítima;264;BR-101/ES;Norte;Colisão Transversal;2;0;0;0;0;0;0;0;;;5;0;1;0;0
10/07/2020;14:23:00;272;Acidente com vítima;371,1;BR-101/ES;Norte;Choque com Objeto Fixo;1;0;0;0;0;0;0;0;;;0;0;1;0;0
10/07/2020;14:46:00;276;Acidente sem vítima;297;BR-101/ES;Sul;Colisão Traseira;1;0;1;0;0;0;0;0;;;2;0;0;0;0
10/07/2020;16:39:00;310;Acidente sem vítima;145;BR-101/ES;Sul;Colisão Traseira;1;0;0;1;0;0;0;0;;;5;0;0;0;0
10/07/2020;18:10:00;340;Acidente com vítima;287;BR-101/ES;Sul;Queda de Moto;0;0;0;1;0;0;0;0;;;0;1;1;0;0
10/07/2020;18:47:00;343;Acidente sem vítima;244;BR-101/ES;Sul;Colisão Lateral;1;0;1;0;0;0;0;0;;;3;0;0;0;0
10/07/2020;20:55:00;371;Acidente sem vítima;13,5;BR-101/ES;Norte;Colisão Frontal;1;0;0;0;0;0;0;4;;;3;0;0;0;0
11/07/2020;00:20:00;3;Acidente sem vítima;220;BR-101/ES;Sul;Atropelamento Animal;1;0;0;0;0;0;0;0;;;1;0;0;0;0
11/07/2020;00:32:00;14;Acidente sem vítima;297;BR-101/ES;Sul;Choque com Objeto Fixo;1;0;0;0;0;0;0;0;;;1;0;0;0;0
11/07/2020;05:16:00;69;Acidente com vítima;261;BR-101/ES;Norte;Queda de Moto;0;0;0;1;0;0;0;0;;;1;0;1;0;0
11/07/2020;06:44:00;88;Acidente com vítima;265;BR-101/ES;Norte;Queda de ciclista;0;1;0;0;0;0;0;0;;;0;0;1;0;0
11/07/2020;08:14:00;108;Acidente sem vítima;387;BR-101/ES;Norte;Queda de Moto;0;0;0;1;0;0;0;0;;;2;0;0;0;0
11/07/2020;08:55:00;120;Acidente sem vítima;387;BR-101/ES;Sul;Queda de Moto;0;0;0;1;0;0;0;0;;;1;0;0;0;0
11/07/2020;08:58:00;121;Acidente sem vítima;234;BR-101/ES;Sul;Colisão Frontal;2;0;0;0;0;0;0;0;;;5;0;0;0;0
11/07/2020;08:59:00;122;Acidente sem vítima;387;BR-101/ES;Sul;Queda de Moto;0;0;0;1;0;0;0;0;;;2;0;0;0;0
11/07/2020;11:36:00;189;Acidente com vítima;270;BR-101/ES;Norte;Engavetamento;2;0;0;1;0;0;0;0;;;2;0;2;0;0
11/07/2020;12:43:00;211;Acidente sem vítima;292;BR-101/ES;Norte;Colisão Traseira;2;0;0;0;0;0;0;0;;;3;0;0;0;0