data;horario;n_da_ocorrencia;tipo_de_ocorrencia;km;trecho;sentido;tipo_de_acidente;automovel;bicicleta;caminhao;moto;onibus;outros;tracao_animal;transporte_de_cargas_especiais;trator_maquinas;utilitarios;ilesos;levemente_feridos;moderadamente_feridos;gravemente_feridos;mortos
29/07/2020;22:11:00;391;Acidente com vítima;139,9;BR-101/ES;Sul;Colisão com ciclista;1;1;0;0;0;0;0;0;;;1;1;0;0;0
30/07/2020;04:32:00;80;Acidente sem vítima;80;BR-101/ES;Sul;Atropelamento Animal;0;0;1;0;0;0;0;0;;;1;0;0;0;0
30/07/2020;07:49:00;110;Acidente com vítima;265,7;BR-101/ES;Sul;Colisão Traseira;1;0;0;1;0;0;0;0;;;1;1;0;0;0
30/07/2020;08:17:00;121;Acidente sem vítima;266;BR-101/ES;Sul;Colisão Traseira;3;0;0;0;0;0;0;0;;;5;0;0;0;0
30/07/2020;08:28:00;128;Acidente sem vítima;293;BR-101/ES;Sul;Colisão Traseira;0;0;1;0;0;0;0;2;;;2;0;0;0;0
30/07/2020;09:41:00;148;Acidente sem vítima;146,5;BR-101/ES;Sul;Colisão Traseira;2;0;0;0;0;0;0;0;;;5;0;0;0;0
30/07/2020;15:20:00;295;Acidente com vítima;270;BR-101/ES;Sul;Queda de Moto;0;0;0;1;0;0;0;0;;;0;1;0;0;0
30/07/2020;15:59:00;307;Acidente com vítima;213;BR-101/ES;Norte;Colisão Transversal;1;0;0;1;0;0;0;0;;;5;0;1;0;0
30/07/2020;17:18:00;335;Acidente sem vítima;150,5;BR-101/ES;Sul;Colisão Traseira;2;0;0;0;0;0;0;0;;;5;0;0;0;0
30/07/2020;18:32:00;355;Acidente sem vítima;297;BR-101/ES;Norte;Colisão Traseira;1;0;0;0;0;0;0;0;;;1;0;0;0;0
30/07/2020;18:40:00;357;Acidente com vítima;148;BR-101/ES;Norte;Colisão Transversal;1;0;0;1;0;0;0;0;;;2;0;1;0;0
30/07/2020;19:13:00;363;Acidente sem vítima;296;BR-101/ES;Sul;Colisão Lateral;1;0;0;0;0;0;0;2;;;2;0;0;0;0
30/07/2020;19:21:00;365;Acidente sem vítima;230;BR-101/ES;Sul;Colisão Traseira;2;0;0;0;0;0;0;0;;;2;0;0;0;0
30/07/2020;21:35:00;397;Acidente com vítima;312,5;BR-101/ES;Norte;Colisão Frontal;1;0;0;0;0;0;0;2;;;1;0;0;1;0
31/07/2020;03:42:00;52;Acidente sem vítima;260;BR-101/ES;Sul;Colisão Transversal;0;0;1;0;0;0;0;3;;;2;0;0;0;0
31/07/2020;05:38:00;100;Acidente sem vítima;197;BR-101/ES;Sul;Saída de Pista;1;0;0;0;0;0;0;0;;;4;0;0;0;0
31/07/2020;06:12:00;106;Acidente com vítima;261;BR-101/ES;Sul;Colisão Traseira;1;0;0;1;0;0;0;0;;;1;1;0;0;0
31/07/2020;06:48:00;116;Acidente sem vítima;208;BR-101/ES;Norte;Choque com Objeto Fixo;1;0;0;0;0;0;0;0;;;1;0;0;0;0
31/07/2020;06:57:00;120;Acidente sem vítima;270;BR-101/ES;Sul;Saída de Pista;1;0;0;0;0;0;0;0;;;1;0;0;0;0
31/07/2020;07:25:00;123;Acidente com vítima;269,5;BR-101/ES;Sul;Queda de Moto;0;0;0;1;0;0;0;0;;;0;0;1;0;0
31/07/2020;08:22:00;129;Acidente sem vítima;217;BR-101/ES;Norte;Saída de Pista;1;0;0;0;0;0;0;0;;;1;0;0;0;0
31/07/2020;10:17:00;171;Acidente sem vítima;220,05;BR-101/ES;Sul;Capotamento;1;0;0;0;0;0;0;0;;;1;0;0;0;0
31/07/2020;10:41:00;182;Acidente sem vítima;354;BR-101/ES;Sul;Choque com Objeto Fixo;1;0;0;0;0;0;0;0;;;1;0;0;0;0
31/07/2020;11:42:00;214;Acidente sem vítima;363;BR-101/ES;Sul;Choque com Objeto Fixo;1;0;0;0;0;0;0;0;;;1;0;0;0;0
31/07/2020;12:38:00;249;Acidente sem vítima;258,5;BR-101/ES;Norte;Saída de Pista;1;0;0;0;0;0;0;0;;;1;0;0;0;0
31/07/2020;14:14:00;285;Acidente sem vítima;241,6;BR-101/ES;Sul;Saída de Pista;1;0;0;0;0;0;0;0;;;1;0;0;0;0
31/07/2020;16:32:00;324;Acidente com vítima;134;BR-101/ES;Norte;Colisão Lateral;1;0;0;1;0;0;0;0;;;1;0;1;0;0
31/07/2020;17:46:00;348;Acidente sem vítima;232;BR-101/ES;Sul;Colisão Traseira;2;0;0;0;0;0;0;0;;;3;0;0;0;0
31/07/2020;21:45:00;398;Acidente sem vítima;149;BR-101/ES;Norte;Colisão Traseira;1;0;0;1;0;0;0;0;;;3;0;0;0;0
31/07/2020;23:18:00;419;Acidente sem vítima;279;BR-101/ES;Sul;Saída de Pista;1;0;0;0;0;0;0;0;;;2;0;0;0;0
31/07/2020;23:23:00;421;Acidente com vítima;147;BR-101/ES;Sul;Colisão Transversal;0;0;0;1;1;0;0;0;;;1;1;1;0;0
01/01/2020;08:52:00;112;Acidente sem vítima;272;BR-101/ES;Norte;Saída de Pista;1;0;0;0;0;0;0;0;;;1;0;0;0;0
01/01/2020;12:52:00;196;Acidente com vítima;101,8;BR-101/ES;Norte;Colisão Lateral;1;0;0;1;0;0;0;0;;;4;1;0;1;0
01/01/2020;17:44:00;282;Acidente sem vítima;431;BR-101/ES;Sul;Saída de Pista;1;0;0;0;0;0;0;0;;;1;0;0;0;0
01/01/2020;19:31:00;306;Acidente sem vítima;262;BR-101/ES;Norte;Choque com Objeto Fixo;1;0;0;0;0;0;0;0;;;1;0;0;0;0
01/01/2020;20:36:00;321;Acidente sem vítima;281;BR-101/ES;Sul;Atropelamento Animal;1;0;0;0;0;0;0;0;;;1;0;0;0;0
02/01/2020;01:08:00;16;Acidente sem vítima;23;BR-101/ES;Norte;Colisão Lateral;1;0;0;0;0;0;0;0;;;4;0;0;0;0
02/01/2020;10:34:00;166;Acidente sem vítima;256;BR-101/ES;Norte;Colisão Traseira;2;0;0;0;0;0;0;0;;;3;0;0;0;0
02/01/2020;11:00:00;175;Acidente sem vítima;114;BR-101/ES;Sul;Colisão Traseira;2;0;0;0;0;0;0;0;;;1;0;0;0;0
02/01/2020;11:05:00;180;Acidente com vítima;298;BR-101/ES;Norte;Colisão com ciclista;1;1;0;0;0;0;0;0;;;1;1;0;0;0
02/01/2020;11:16:00;188;Acidente sem vítima;945;BR-101/BA;Norte;Colisão Lateral;1;0;1;0;0;0;0;1;;;1;0;0;0;0
02/01/2020;11:54:00;213;Acidente sem vítima;445,5;BR-101/ES;Norte;Colisão Traseira;2;0;0;0;0;0;0;0;;;5;0;0;0;0
02/01/2020;18:34:00;349;Acidente sem vítima;334;BR-101/ES;Norte;Engavetamento;3;0;0;0;0;0;0;0;;;7;0;0;0;0
02/01/2020;19:32:00;360;Acidente sem vítima;294;BR-101/ES;Sul;Saída de Pista;1;0;0;0;0;0;0;0;;;1;0;0;0;0
02/01/2020;21:40:00;385;Acidente sem vítima;237;BR-101/ES;Sul;Queda de Moto;0;0;0;1;0;0;0;0;;;1;0;0;0;0
02/01/2020;21:54:00;389;Acidente sem vítima;237;BR-101/ES;Sul;Queda de Moto;0;0;0;1;0;0;0;0;;;2;0;0;0;0
02/01/2020;22:09:00;392;Acidente sem vítima;94;BR-101/ES;Sul;Veículo em Chamas;1;0;0;0;0;0;0;0;;;1;0;0;0;0
02/01/2020;22:47:00;403;Acidente com vítima;248;BR-101/ES;Norte;Queda de Moto;0;0;0;1;0;0;0;0;;;0;1;0;0;0
02/01/2020;22:53:00;405;Acidente com morte;435,5;BR-101/ES;Norte;Saída de Pista;0;0;1;0;0;0;0;0;;;0;0;1;0;1
03/01/2020;00:19:00;2;Acidente com vítima;221;BR-101/ES;Sul;Capotamento;1;0;0;0;0;0;0;0;;;0;1;0;0;0
03/01/2020;04:18:00;67;Acidente sem vítima;303;BR-101/ES;Sul;Saída de Pista;1;0;0;0;0;0;0;0;;;1;0;0;0;0
03/01/2020;05:24:00;79;Acidente com vítima;264;BR-101/ES;Norte;Colisão Transversal;1;0;1;0;0;0;0;0;;;1;2;0;0;0
03/01/2020;08:02:00;106;Acidente com vítima;268;BR-101/ES;Norte;Colisão Lateral;1;0;0;1;0;0;0;0;;;1;0;1;0;0
03/01/2020;10:10:00;158;Acidente sem vítima;140,5;BR-101/ES;Sul;Colisão Traseira;2;0;0;0;0;0;0;0;;;3;0;0;0;0
03/01/2020;12:20:00;226;Acidente sem vítima;203;BR-101/ES;Norte;Colisão Transversal;2;0;0;0;0;0;0;0;;;5;0;0;0;0
03/01/2020;13:41:00;259;Acidente sem vítima;294;BR-101/ES;Norte;Colisão Traseira;1;0;0;0;0;0;0;2;;;2;0;0;0;0
03/01/2020;14:05:00;267;Acidente com vítima;264;BR-101/ES;Norte;Colisão com ciclista;1;1;0;0;0;0;0;0;;;0;0;1;0;0
03/01/2020;14:18:00;272;Acidente com vítima;225;BR-101/ES;Norte;Capotamento;1;0;0;0;0;0;0;0;;;2;2;1;0;0
03/01/2020;14:39:00;282;Acidente sem vítima;274;BR-101/ES;Norte;Tombamento;1;0;0;0;0;0;0;0;;;2;0;0;0;0
03/01/2020;15:28:00;299;Acidente com vítima;201;BR-101/ES;Sul;Queda de Moto;0;0;0;1;0;0;0;0;;;0;0;2;0;0
04/01/2020;09:35:00;147;Acidente sem vítima;262,4;BR-101/ES;Norte;Colisão Traseira;2;0;0;0;0;0;0;0;;;2;0;0;0;0
04/01/2020;11:20:00;193;Acidente com vítima;146;BR-101/ES;Norte;Colisão Traseira;0;0;0;1;1;0;0;0;;;2;0;1;0;0
04/01/2020;15:05:00;271;Acidente com vítima;266;BR-101/ES;Sul;Colisão Lateral;0;0;1;1;0;0;0;0;;;1;0;1;1;0
04/01/2020;15:31:00;277;Acidente sem vítima;21;BR-101/ES;Norte;Choque com Objeto Fixo;1;0;0;0;0;0;0;0;;;2;0;0;0;0
04/01/2020;18:15:00;322;Acidente com vítima;140;BR-101/ES;Sul;Colisão Traseira;1;0;0;1;0;0;0;0;;;1;1;0;0;0
04/01/2020;19:04:00;326;Acidente sem vítima;174;BR-101/ES;Norte;Choque com Objeto Fixo;1;0;0;0;0;0;0;0;;;1;0;0;0;0
04/01/2020;20:00:00;340;Acidente com vítima;361;BR-101/ES;Sul;Tombamento;0;0;1;0;0;0;0;1;;;0;2;0;0;0
04/01/2020;22:18:00;364;Acidente sem vítima;200;BR-101/ES;Sul;Colisão Traseira;2;0;0;0;0;0;0;0;;;5;0;0;0;0
04/01/2020;23:20:00;376;Acidente sem vítima;334;BR-101/ES;Norte;Colisão Traseira;2;0;0;0;0;0;0;0;;;6;0;0;0;0
05/01/2020;11:08:00;167;Acidente sem vítima;72,1;BR-101/ES;Norte;Saída de Pista;1;0;0;0;0;0;0;0;;;1;0;0;0;0
05/01/2020;14:05:00;244;Acidente sem vítima;127,3;BR-101/ES;Sul;Colisão Transversal;2;0;0;0;0;0;0;0;;;6;0;0;0;0
05/01/2020;15:15:00;264;Acidente sem vítima;202;BR-101/ES;Norte;Saída de Pista;1;0;0;0;0;0;0;0;;;5;0;0;0;0
05/01/2020;22:32:00;385;Acidente com vítima;381;BR-101/ES;Norte;Saída de Pista;1;0;0;0;0;0;0;0;;;0;2;2;0;0
06/01/2020;01:13:00;18;Acidente sem vítima;283;BR-101/ES;Norte;Atropelamento Animal;1;0;0;0;0;0;0;0;;;1;0;0;0;0
06/01/2020;04:13:00;67;Acidente sem vítima;416;BR-101/ES;Norte;Atropelamento de Equino;0;0;1;0;0;0;0;0;;;1;0;0;0;0
06/01/2020;05:11:00;78;Acidente sem vítima;320;BR-101/ES;Sul;Saída de Pista;1;0;0;0;0;0;0;0;;;3;0;0;0;0
06/01/2020;06:39:00;106;Acidente com vítima;20;BR-101/ES;Sul;Queda de Moto;0;0;0;1;0;0;0;0;;;0;1;0;0;0
06/01/2020;08:22:00;127;Acidente sem vítima;255;BR-101/ES;Norte;Engavetamento;3;0;0;0;0;0;0;0;;;2;0;0;0;0
06/01/2020;14:46:00;272;Acidente sem vítima;176;BR-101/ES;Sul;Colisão Transversal;2;0;0;0;0;0;0;0;;;2;0;0;0;0
06/01/2020;14:48:00;274;Acidente com vítima;297,5;BR-101/ES;Norte;Colisão Transversal;1;0;0;1;0;0;0;0;;;3;0;1;0;0
06/01/2020;14:53:00;276;Acidente sem vítima;408;BR-101/ES;Norte;Colisão Traseira;0;0;1;0;0;0;0;2;;;2;0;0;0;0
06/01/2020;15:09:00;281;Acidente sem vítima;213;BR-101/ES;Norte;Colisão Traseira;2;0;0;0;0;0;0;0;;;3;0;0;0;0
06/01/2020;16:57:00;306;Acidente com vítima;262;BR-101/ES;Sul;Colisão Traseira;1;0;0;1;0;0;0;0;;;3;0;2;0;0
06/01/2020;18:26:00;323;Acidente sem vítima;261;BR-101/ES;Sul;Colisão Lateral;1;0;0;1;0;0;0;0;;;2;0;0;0;0
06/01/2020;18:49:00;325;Acidente sem vítima;159;BR-101/ES;Sul;Colisão Transversal;2;0;0;0;0;0;0;0;;;3;0;0;0;0
06/01/2020;20:41:00;343;Acidente sem vítima;329;BR-101/ES;Sul;Saída de Pista;1;0;0;0;0;0;0;0;;;5;0;0;0;0
06/01/2020;21:11:00;349;Acidente com vítima;424;BR-101/ES;Sul;Queda de Moto;0;0;0;1;0;0;0;0;;;0;0;0;1;0
07/01/2020;02:00:00;43;Acidente com vítima;142;BR-101/ES;Sul;Colisão Traseira;0;0;2;0;0;1;0;0;;;3;1;0;0;0
07/01/2020;05:58:00;78;Acidente com vítima;148;BR-101/ES;Norte;Atropelamento de Equino;0;0;0;1;0;0;0;0;;;0;1;0;0;0
07/01/2020;06:01:00;79;Acidente sem vítima;148;BR-101/ES;Sul;Atropelamento de Equino;1;0;0;0;0;0;0;0;;;4;0;0;0;0
07/01/2020;08:14:00;103;Acidente sem vítima;145;BR-101/ES;Sul;Colisão Traseira;3;0;0;0;0;0;0;0;;;9;0;0;0;0
07/01/2020;12:44:00;212;Acidente sem vítima;186;BR-101/ES;Sul;Choque;1;0;1;0;0;0;0;0;;;2;0;0;0;0
07/01/2020;20:19:00;341;Acidente sem vítima;269;BR-101/ES;Norte;Colisão Traseira;2;0;0;0;0;0;0;0;;;2;0;0;0;0
07/01/2020;22:40:00;372;Acidente com vítima;282;BR-101/ES;Sul;Queda de Moto;0;0;0;1;0;0;0;0;;;0;1;0;0;0
08/01/2020;10:44:00;181;Acidente sem vítima;266;BR-101/ES;Sul;Colisão Traseira;2;0;0;0;0;0;0;0;;;8;0;0;0;0
08/01/2020;11:29:00;216;Acidente com vítima;266;BR-101/ES;Norte;Colisão Traseira;1;0;0;1;0;0;0;0;;;1;0;1;0;0
08/01/2020;13:47:00;277;Acidente sem vítima;245;BR-101/ES;Sul;Colisão Traseira;2;0;0;0;0;0;0;0;;;4;0;0;0;0
08/01/2020;16:04:00;326;Acidente com vítima;289;BR-101/ES;Sul;Colisão Lateral;0;0;1;1;0;0;0;0;;;4;0;1;0;0
08/01/2020;16:54:00;343;Acidente com vítima;296;BR-101/ES;Norte;Colisão Lateral;1;0;0;1;0;0;0;0;;;1;1;0;0;0
08/01/2020;21:28:00;407;Acidente com vítima;265;BR-101/ES;Norte;Colisão Lateral;1;0;0;1;0;0;0;0;;;1;0;0;1;0
08/01/2020;21:41:00;411;Acidente sem vítima;229;BR-101/ES;Norte;Colisão Lateral;0;0;0;0;1;0;0;0;;;1;0;0;0;0
09/01/2020;07:52:00;128;Acidente com vítima;257;BR-101/ES;Norte;Queda de Moto;0;0;0;1;0;0;0;0;;;0;1;1;0;0
09/01/2020;10:25:00;185;Acidente sem vítima;340;BR-101/ES;Sul;Colisão Traseira;0;0;1;0;0;0;0;3;;;2;0;0;0;0
09/01/2020;12:40:00;251;Acidente sem vítima;254,5;BR-101/ES;Sul;Colisão Traseira;2;0;0;0;0;0;0;0;;;2;0;0;0;0
09/01/2020;14:11:00;279;Acidente com vítima;335,5;BR-101/ES;Norte;Colisão Traseira;1;0;0;1;0;0;0;0;;;0;1;0;0;0
09/01/2020;14:28:00;282;Acidente sem vítima;118;BR-101/ES;Sul;Choque;1;0;0;0;0;0;0;0;;;3;0;0;0;0
09/01/2020;14:36:00;289;Acidente sem vítima;220;BR-101/ES;Sul;Saída de Pista;1;0;0;0;0;0;0;0;;;5;0;0;0;0
09/01/2020;16:18:00;323;Acidente com vítima;146;BR-101/ES;Sul;Colisão Traseira;0;0;1;1;0;0;0;0;;;1;1;0;0;0
09/01/2020;17:23:00;342;Acidente com vítima;267,5;BR-101/ES;Norte;Colisão Traseira;1;0;0;0;1;0;0;0;;;2;0;1;0;0
09/01/2020;17:48:00;355;Acidente sem vítima;267;BR-101/ES;Norte;Engavetamento;3;0;0;0;0;0;0;0;;;3;0;0;0;0
09/01/2020;17:50:00;359;Acidente com vítima;146;BR-101/ES;Norte;Colisão Traseira;1;0;0;1;0;0;0;0;;;1;0;1;0;0
09/01/2020;18:35:00;370;Atropelamento sem morte;270;BR-101/ES;Sul;Atropelamento e Fuga;0;0;0;1;0;0;0;0;;;0;1;0;0;0
09/01/2020;22:27:00;419;Acidente com morte;68;BR-101/ES;Sul;Colisão Frontal;0;0;2;0;0;0;0;0;;;0;0;0;1;1
09/01/2020;22:46:00;424;Acidente com vítima;421;BR-101/ES;Sul;Capotamento;0;0;1;0;0;0;0;0;;;0;0;1;0;0
10/01/2020;02:30:00;38;Acidente sem vítima;399;BR-101/ES;Sul;Colisão Traseira;1;0;1;0;0;0;0;0;;;2;0;0;0;0
10/01/2020;04:35:00;64;Acidente sem vítima;259;BR-101/ES;Sul;Atropelamento de Equino;0;0;1;0;0;0;0;0;;;2;0;0;0;0
10/01/2020;05:34:00;78;Acidente sem vítima;439;BR-101/ES;Sul;Saída de Pista;0;0;0;0;0;0;0;3;;;1;0;0;0;0
10/01/2020;06:02:00;103;Acidente sem vítima;364;BR-101/ES;Sul;Choque com Objeto Fixo;1;0;0;0;0;0;0;0;;;1;0;0;0;0
10/01/2020;07:07:00;114;Acidente com vítima;144,8;BR-101/ES;Norte;Queda de ciclista;0;2;0;0;0;0;0;0;;;0;1;0;0;0
10/01/2020;08:07:00;135;Acidente com vítima;269,9;BR-101/ES;Sul;Engavetamento;5;0;0;0;0;0;0;0;;;11;1;0;0;0
10/01/2020;11:49:00;221;Acidente sem vítima;315;BR-101/ES;Norte;Colisão Transversal;1;0;0;0;0;0;0;2;;;2;0;0;0;0
10/01/2020;14:48:00;291;Acidente com vítima;254;BR-101/ES;Norte;Colisão Lateral;1;0;0;1;0;0;0;0;;;0;0;1;0;0
10/01/2020;17:10:00;340;Acidente com vítima;144;BR-101/ES;Sul;Colisão Traseira;2;0;0;0;0;0;0;0;;;3;1;0;0;0
10/01/2020;18:03:00;355;Acidente com vítima;229;BR-101/ES;Norte;Colisão Transversal;1;0;0;1;0;0;0;0;;;1;1;0;0;0
10/01/2020;19:30:00;373;Acidente sem vítima;354,8;BR-101/ES;Sul;Veículo em Chamas;0;0;1;0;0;0;0;2;;;1;0;0;0;0
11/01/2020;02:24:00;46;Acidente sem vítima;448,5;BR-101/ES;Norte;Atropelamento de Bovino;0;0;1;0;0;0;0;0;;;1;0;0;0;0
11/01/2020;09:54:00;174;Acidente sem vítima;358;BR-101/ES;Sul;Colisão Lateral;0;0;2;0;0;0;0;0;;;2;0;0;0;0
11/01/2020;10:44:00;189;Acidente sem vítima;255;BR-101/ES;Sul;Engavetamento;5;0;0;0;0;0;0;0;;;7;0;0;0;0
11/01/2020;11:50:00;223;Acidente sem vítima;255;BR-101/ES;Sul;Colisão Traseira;1;0;0;1;0;0;0;0;;;2;0;0;0;0
11/01/2020;13:57:00;278;Acidente com vítima;288;BR-101/ES;Norte;Saída de Pista;1;0;0;0;0;0;0;0;;;0;0;1;0;0
11/01/2020;14:08:00;281;Acidente com vítima;268;BR-101/ES;Norte;Colisão Transversal;3;0;0;1;0;0;0;0;;;5;2;0;0;0
11/01/2020;16:20:00;308;Acidente sem vítima;290;BR-101/ES;Sul;Colisão Traseira;1;0;1;0;0;0;0;0;;;2;0;0;0;0
11/01/2020;17:54:00;332;Acidente sem vítima;279;BR-101/ES;Sul;Colisão Traseira;2;0;0;0;0;0;0;0;;;2;0;0;0;0
12/01/2020;01:37:00;34;Acidente sem vítima;291;BR-101/ES;Sul;Choque com Objeto Fixo;1;0;0;0;0;0;0;0;;;4;0;0;0;0
12/01/2020;04:22:00;61;Acidente sem vítima;266;BR-101/ES;Norte;Capotamento;1;0;0;0;0;0;0;0;;;1;0;0;0;0
12/01/2020;09:11:00;129;Acidente sem vítima;267;BR-101/ES;Sul;Engavetamento;2;0;1;0;0;0;0;0;;;4;0;0;0;0
12/01/2020;12:21:00;206;Acidente sem vítima;350;BR-101/ES;Sul;Saída de Pista;1;0;0;0;0;0;0;0;;;1;0;0;0;0
12/01/2020;14:06:00;245;Acidente sem vítima;149;BR-101/ES;Norte;Colisão Transversal;1;0;0;1;0;0;0;0;;;3;0;0;0;0
12/01/2020;14:19:00;252;Acidente com vítima;436;BR-101/ES;Sul;Capotamento;1;0;0;0;0;0;0;0;;;2;1;1;0;0
12/01/2020;14:52:00;262;Acidente com vítima;267;BR-101/ES;Norte;Queda de Moto;0;0;0;1;0;0;0;0;;;1;0;1;0;0
12/01/2020;16:43:00;296;Acidente sem vítima;255;BR-101/ES;Sul;Engavetamento;4;0;0;0;0;0;0;0;;;12;0;0;0;0
12/01/2020;16:54:00;302;Acidente sem vítima;306;BR-101/ES;Norte;Colisão Traseira;1;0;0;0;0;0;0;0;;;1;0;0;0;0
12/01/2020;17:35:00;321;Acidente com vítima;233;BR-101/ES;Sul;Choque com Objeto Fixo;1;0;0;0;0;0;0;0;;;0;0;1;0;0
12/01/2020;19:42:00;355;Acidente sem vítima;441;BR-101/ES;Norte;Colisão Traseira;3;0;0;0;0;0;0;0;;;9;0;0;0;0
12/01/2020;19:56:00;360;Acidente sem vítima;262;BR-101/ES;Sul;Queda de Moto;1;0;0;0;0;0;0;0;;;1;0;0;0;0
12/01/2020;22:16:00;395;Acidente sem vítima;266;BR-101/ES;Norte;Choque com Objeto Fixo;1;0;0;0;0;0;0;0;;;1;0;0;0;0
13/01/2020;04:07:00;57;Atropelamento com morte;299;BR-101/ES;Norte;Atropelamento;0;0;1;0;0;0;0;0;;;1;0;0;0;1
13/01/2020;06:26:00;110;Acidente com vítima;108;BR-101/ES;Sul;Colisão Transversal;0;0;0;2;0;0;0;0;;;0;1;1;1;0
13/01/2020;06:41:00;111;Acidente sem vítima;300;BR-101/ES;Sul;Colisão Frontal;2;0;0;0;0;0;0;0;;;1;0;0;0;0
13/01/2020;08:41:00;144;Acidente sem vítima;420;BR-101/ES;Sul;Colisão Traseira;2;0;0;0;0;0;0;0;;;2;0;0;0;0
13/01/2020;10:33:00;190;Acidente com vítima;289;BR-101/ES;Sul;Colisão Lateral;2;0;1;0;0;0;0;0;;;2;0;1;0;0
13/01/2020;11:52:00;227;Acidente sem vítima;266,3;BR-101/ES;Sul;Colisão Traseira;2;0;0;0;0;0;0;0;;;2;0;0;0;0
13/01/2020;12:15:00;241;Acidente sem vítima;77;BR-101/ES;Sul;Colisão Traseira;2;0;0;0;0;0;0;0;;;6;0;0;0;0
13/01/2020;13:30:00;275;Acidente com vítima;296;BR-101/ES;Sul;Colisão Traseira;1;0;0;1;0;0;0;0;;;1;0;1;0;0
13/01/2020;15:03:00;303;Acidente com vítima;131;BR-101/ES;Norte;Colisão Transversal;2;0;0;0;0;0;0;0;;;5;0;1;0;0
13/01/2020;15:46:00;317;Acidente sem vítima;266;BR-101/ES;Norte;Colisão Lateral;1;0;1;0;0;0;0;0;;;2;0;0;0;0
13/01/2020;16:30:00;327;Acidente sem vítima;435;BR-101/ES;Sul;Saída de Pista;1;0;0;0;0;0;0;0;;;2;0;0;0;0
13/01/2020;16:36:00;329;Acidente sem vítima;293;BR-101/ES;Sul;Colisão Traseira;2;0;0;0;0;0;0;0;;;1;0;0;0;0
13/01/2020;17:08:00;343;Acidente sem vítima;435;BR-101/ES;Sul;Choque com Objeto Fixo;1;0;0;0;0;0;0;0;;;4;0;0;0;0
13/01/2020;21:33:00;399;Acidente sem vítima;264;BR-101/ES;Sul;Colisão Transversal;2;0;1;0;0;0;0;0;;;9;0;0;0;0
13/01/2020;23:01:00;422;Acidente sem vítima;293;BR-101/ES;Norte;Choque;1;0;0;0;0;0;0;0;;;2;0;0;0;0
14/01/2020;05:05:00;73;Acidente com vítima;266,3;BR-101/ES;Sul;Colisão Transversal;0;0;1;0;1;0;0;0;;;0;3;2;0;0
14/01/2020;06:44:00;102;Atropelamento sem morte;268,5;BR-101/ES;Norte;Atropelamento;0;0;0;1;0;0;0;0;;;1;0;1;0;0
14/01/2020;10:29:00;183;Acidente com vítima;313;BR-101/ES;Sul;Queda de Moto;1;0;0;0;0;0;0;0;;;0;0;1;0;0
14/01/2020;12:37:00;249;Acidente com vítima;267;BR-101/ES;Norte;Colisão Traseira;1;0;0;1;0;0;0;0;;;1;1;0;0;0
14/01/2020;14:55:00;298;Acidente com vítima;273;BR-101/ES;Sul;Queda de Moto;0;0;0;1;0;0;0;0;;;0;0;2;0;0
14/01/2020;15:13:00;302;Acidente com vítima;267,5;BR-101/ES;Norte;Colisão Lateral;1;0;0;0;0;0;0;3;;;1;2;0;0;0
14/01/2020;19:03:00;348;Acidente sem vítima;298;BR-101/ES;Norte;Colisão Traseira;0;0;2;0;0;0;0;1;;;2;0;0;0;0
14/01/2020;20:28:00;359;Acidente sem vítima;237;BR-101/ES;Sul;Saída de Pista;1;0;0;0;0;0;0;0;;;2;0;0;0;0
14/01/2020;21:51:00;369;Acidente sem vítima;321;BR-101/ES;Sul;Colisão Traseira;2;0;0;0;0;0;0;0;;;2;0;0;0;0
15/01/2020;13:51:00;246;Acidente sem vítima;423,9;BR-101/ES;Norte;Colisão Lateral;1;0;1;0;0;0;0;0;;;1;0;0;0;0
15/01/2020;16:57:00;295;Acidente sem vítima;160;BR-101/ES;Norte;Engavetamento;3;0;0;0;0;0;0;0;;;6;0;0;0;0
15/01/2020;17:52:00;309;Acidente com vítima;160;BR-101/ES;Sul;Engavetamento;3;0;0;0;0;0;0;0;;;10;0;1;0;0
15/01/2020;18:57:00;324;Acidente sem vítima;189;BR-101/ES;Sul;Choque;1;0;0;0;0;0;0;3;;;2;0;0;0;0
15/01/2020;19:26:00;336;Atropelamento sem morte;58;BR-101/ES;Sul;Atropelamento e Fuga;1;0;0;0;0;0;0;0;;;1;0;1;0;0
15/01/2020;20:00:00;345;Acidente com vítima;281;BR-101/ES;Sul;Queda de Moto;0;0;0;1;0;0;0;0;;;0;0;1;0;0
16/01/2020;17:57:00;368;Acidente sem vítima;254;BR-101/ES;Norte;Colisão Traseira;0;0;1;0;0;0;0;2;;;2;0;0;0;0
16/01/2020;19:38:00;381;Acidente sem vítima;253;BR-101/ES;Sul;Colisão com ciclista;0;1;0;0;0;0;0;0;;;2;0;0;0;0
16/01/2020;20:08:00;388;Acidente sem vítima;293;BR-101/ES;Norte;Saída de Pista;1;0;0;0;0;0;0;0;;;1;0;0;0;0
17/01/2020;05:16:00;94;Acidente sem vítima;440;BR-101/ES;Norte;Saída de Pista;1;0;0;0;0;0;0;0;;;1;0;0;0;0
17/01/2020;07:16:00;121;Acidente com vítima;329;BR-101/ES;Sul;Tombamento;0;0;0;0;0;0;0;2;;;0;0;1;0;0
17/01/2020;09:15:00;156;Acidente com vítima;368;BR-101/ES;Norte;Capotamento;1;0;0;0;0;0;0;0;;;0;0;1;0;0