data;horario;n_da_ocorrencia;tipo_de_ocorrencia;km;trecho;sentido;tipo_de_acidente;automovel;bicicleta;caminhao;moto;onibus;outros;tracao_animal;transporte_de_cargas_especiais;trator_maquinas;utilitarios;ilesos;levemente_feridos;moderadamente_feridos;gravemente_feridos;mortos
15/11/2013;14:52:00;919;Acidente sem Vítima;218;BR-101/ES;Norte;Capotamento;1;0;0;0;0;0;;;;;1;0;0;0;0
15/11/2013;10:08:00;858;Acidente sem Vítima;242;BR-101/ES;Norte;Colisão Traseira;2;0;0;0;0;0;;;;;0;0;0;0;0
15/11/2013;09:00:00;844;Acidente com vítima;244;BR-101/ES;Norte;Colisão;4;0;0;0;0;0;;;;;0;2;0;0;0
15/11/2013;15:06:00;921;Acidente com vítima;249;BR-101/ES;Sul;Capotamento;1;0;0;0;0;0;;;;;0;1;1;0;0
15/11/2013;09:38:00;850;Acidente sem Vítima;254;BR-101/ES;Norte;Engavetamento;3;0;0;0;0;0;;;;;3;0;0;0;0
15/11/2013;22:14:00;987;Acidente com vítima;258;BR-101/ES;Norte;Colisão;1;0;0;1;0;0;;;;;1;1;1;0;0
15/11/2013;07:20:00;830;Atropelamento sem Morte;262;BR-101/ES;Norte;Atropelamento;1;0;0;0;0;0;;;;;0;1;0;0;0
15/11/2013;10:58:00;863;Acidente com vítima;264;BR-101/ES;Norte;Queda de Moto;1;0;0;1;0;0;;;;;0;0;0;1;0
15/11/2013;12:35:00;886;Acidente sem Vítima;268;BR-101/ES;Sul;Queda de Moto;0;0;0;1;0;0;;;;;1;0;0;0;0
15/11/2013;14:41:00;916;Acidente com vítima;339;BR-101/ES;Sul;Saída de Pista;1;0;0;0;0;0;;;;;0;1;0;0;0
15/11/2013;16:43:00;930;Acidente sem Vítima;381,5;BR-101/ES;Norte;Engavetamento;2;0;1;0;0;0;;;;;0;0;0;0;0
15/11/2013;03:40:00;803;Acidente sem Vítima;418;BR-101/ES;Sul;Choque com Objeto Fixo;1;0;0;0;0;0;;;;;1;0;0;0;0
15/11/2013;04:46:00;813;Acidente sem Vítima;424;BR-101/ES;Sul;Choque com Objeto Fixo;0;0;1;0;0;0;;;;;1;0;0;0;0
15/11/2013;08:02:00;837;Acidente sem Vítima;432;BR-101/ES;Sul;Engavetamento;3;0;0;0;0;0;;;;;1;0;0;0;0
15/11/2013;07:14:00;829;Acidente sem Vítima;441;BR-101/ES;Sul;Colisão;0;0;0;0;0;0;;;;;0;0;0;0;0
15/11/2013;06:22:00;822;Acidente sem Vítima;455;BR-101/ES;Norte;Saída de Pista;2;0;0;0;0;0;;;;;2;0;0;0;0
16/11/2013;23:44:00;1220;Acidente sem Vítima;62;BR-101/ES;Norte;Colisão Lateral;0;1;1;0;0;0;;;;;0;0;0;0;0
16/11/2013;08:42:00;1079;Atropelamento sem Morte;140;BR-101/ES;Norte;Atropelamento;0;0;0;0;0;0;;;;;1;0;0;0;0
16/11/2013;14:45:00;1131;Acidente com vítima;144;BR-101/ES;Norte;Colisão;1;0;0;1;0;0;;;;;0;0;1;0;0
16/11/2013;19:55:00;1182;Acidente com vítima;210;BR-101/ES;Sul;Colisão;0;0;0;0;0;0;;;;;0;2;0;0;0
16/11/2013;02:45:00;1033;Acidente sem Vítima;298;BR-101/ES;Sul;Colisão;2;0;0;0;0;0;;;;;2;0;0;0;0
16/11/2013;23:34:00;1218;Acidente sem Vítima;323;BR-101/ES;Sul;Choque;1;0;0;0;0;0;;;;;0;0;0;0;0
17/11/2013;10:48:00;1297;Acidente com vítima;41,5;BR-101/ES;Sul;Choque;1;0;0;0;0;0;;;;;0;2;0;0;0
17/11/2013;17:32:00;1379;Acidente sem Vítima;61;BR-101/ES;Sul;Colisão;2;0;0;0;0;0;;;;;0;0;0;0;0
17/11/2013;17:24:00;1377;Acidente sem Vítima;125;BR-101/ES;Norte;Colisão;0;0;0;0;0;0;;;;;0;0;0;0;0
17/11/2013;17:05:00;1375;Acidente sem Vítima;139;BR-101/ES;Sul;Colisão;2;0;0;0;0;0;;;;;2;0;0;0;0
17/11/2013;16:30:00;1365;Acidente com vítima;203;BR-101/ES;Sul;Colisão;2;0;0;0;0;0;;;;;0;1;0;0;0
17/11/2013;16:48:00;1368;Acidente sem Vítima;213;BR-101/ES;Sul;Colisão;0;0;0;0;0;0;;;;;0;0;0;0;0
17/11/2013;08:48:00;1285;Acidente sem Vítima;229;BR-101/ES;Sul;Engavetamento;4;0;0;0;0;0;;;;;0;0;0;0;0
17/11/2013;15:57:00;1352;Acidente sem Vítima;243;BR-101/ES;Sul;Colisão;0;0;0;0;0;0;;;;;0;0;0;0;0
17/11/2013;06:56:00;1270;Acidente com vítima;247;BR-101/ES;Sul;Capotamento;1;0;0;0;0;0;;;;;0;1;0;0;0
17/11/2013;13:18:00;1324;Acidente com vítima;252;BR-101/ES;Sul;Colisão Frontal;3;0;0;0;0;0;;;;;0;0;1;0;0
17/11/2013;11:39:00;1306;Acidente sem Vítima;253;BR-101/ES;Norte;Colisão;3;0;0;0;0;0;;;;;1;0;0;0;0
17/11/2013;18:36:00;1397;Acidente sem Vítima;256;BR-101/ES;Sul;Colisão;2;0;0;0;0;0;;;;;2;0;0;0;0
17/11/2013;17:27:00;1378;Acidente sem Vítima;268;BR-101/ES;Sul;Colisão;3;0;0;0;0;0;;;;;3;0;0;0;0
17/11/2013;16:04:00;1356;Acidente sem Vítima;325;BR-101/ES;Norte;Colisão Frontal;2;0;0;0;0;0;;;;;2;0;0;0;0
17/11/2013;22:36:00;1447;Acidente sem Vítima;356;BR-101/ES;Norte;Choque;0;0;0;0;0;0;;;;;0;0;0;0;0
17/11/2013;17:46:00;1383;Acidente sem Vítima;358;BR-101/ES;Norte;Saída de Pista;0;1;0;0;0;0;;;;;0;0;0;0;0
17/11/2013;18:43:00;1398;Acidente sem Vítima;370;BR-101/ES;Sul;Colisão Traseira;0;0;0;0;0;0;;;;;0;0;0;0;0
17/11/2013;21:13:00;1429;Acidente sem Vítima;370;BR-101/ES;Norte;Queda de Moto;1;0;0;0;0;0;;;;;1;0;0;0;0
17/11/2013;17:48:00;1384;Acidente sem Vítima;372;BR-101/ES;Sul;Colisão;4;0;0;0;0;0;;;;;0;0;0;0;0
17/11/2013;16:27:00;1363;Acidente sem Vítima;953;BR-101/BA;Norte;Engavetamento;3;0;0;0;0;0;;;;;3;0;0;0;0
18/11/2013;08:17:00;1511;Acidente com vítima;55;BR-101/ES;Sul;Colisão Frontal;2;0;0;0;0;0;;;;;0;1;0;0;0
18/11/2013;11:09:00;1544;Acidente sem Vítima;106;BR-101/ES;Sul;Capotamento;0;0;0;0;0;0;;;;;1;0;0;0;0
18/11/2013;14:30:00;1583;Acidente sem Vítima;109;BR-101/ES;Norte;Choque com Objeto Fixo;1;0;0;0;0;0;;;;;0;0;0;0;0
18/11/2013;07:33:00;1501;Acidente com vítima;144;BR-101/ES;Sul;Colisão Frontal;2;0;0;2;0;0;;;;;0;1;1;0;0
18/11/2013;15:19:00;1591;Acidente com vítima;236;BR-101/ES;Norte;Colisão;2;0;0;0;0;0;;;;;0;1;1;0;0
18/11/2013;17:37:00;1619;Acidente sem Vítima;242;BR-101/ES;Norte;Colisão;1;0;1;0;0;0;;;;;0;0;0;0;0
18/11/2013;17:58:00;1624;Acidente sem Vítima;264;BR-101/ES;Sul;Colisão;1;0;0;0;0;0;;;;;0;0;0;0;0
18/11/2013;18:52:00;1631;Acidente sem Vítima;264;BR-101/ES;Sul;Colisão;2;0;0;0;0;0;;;;;0;0;0;0;0
18/11/2013;09:20:00;1522;Acidente sem Vítima;268;BR-101/ES;Norte;Colisão;1;0;0;0;1;0;;;;;0;0;0;0;0
18/11/2013;00:31:00;1464;Acidente sem Vítima;364;BR-101/ES;Norte;Choque;1;0;0;0;0;0;;;;;1;0;0;0;0
18/11/2013;14:58:00;1587;Acidente com vítima;441;BR-101/ES;Sul;Colisão Frontal;2;0;0;0;0;0;;;;;0;2;1;0;0
19/11/2013;09:04:00;80;Acidente sem Vítima;17;BR-101/ES;Norte;Colisão Traseira;2;0;0;0;0;0;;;;;2;0;0;0;0
19/11/2013;08:05:00;67;Acidente sem Vítima;68,1;BR-101/ES;Norte;Colisão Lateral;1;0;0;2;0;0;;;;;0;0;0;0;0
19/11/2013;15:55:00;157;Acidente sem Vítima;125;BR-101/ES;Sul;Colisão;0;0;0;0;1;0;;;;;0;0;0;0;0
19/11/2013;13:05:00;126;Acidente sem Vítima;140;BR-101/ES;Norte;Capotamento;1;0;0;0;0;0;;;;;1;0;0;0;0
19/11/2013;09:59:00;91;Acidente sem Vítima;144;BR-101/ES;Norte;Colisão Traseira;0;0;0;0;0;0;;;;;0;0;0;0;0
19/11/2013;16:06:00;158;Acidente sem Vítima;250;BR-101/ES;Norte;Veículo em Chamas;0;0;0;0;0;0;;;;;0;0;0;0;0
19/11/2013;11:33:00;111;Acidente sem Vítima;255;BR-101/ES;Norte;Colisão Traseira;0;0;1;1;0;0;;;;;0;0;0;0;0
19/11/2013;10:20:00;94;Acidente sem Vítima;268;BR-101/ES;Norte;Colisão;0;0;0;0;0;1;;;;;0;0;0;0;0
19/11/2013;11:37:00;112;Acidente sem Vítima;268;BR-101/ES;Norte;Colisão Traseira;0;0;1;0;0;0;;;;;0;0;0;0;0
19/11/2013;09:56:00;90;Acidente sem Vítima;302;BR-101/ES;Norte;Colisão;1;1;0;0;0;0;;;;;0;0;0;0;0
19/11/2013;16:46:00;163;Acidente sem Vítima;325;BR-101/ES;Sul;Colisão Traseira;0;0;2;0;0;0;;;;;0;0;0;0;0
19/11/2013;15:48:00;155;Acidente sem Vítima;359;BR-101/ES;Sul;Choque;1;0;0;0;0;0;;;;;0;0;0;0;0
19/11/2013;12:44:00;125;Acidente com vítima;375;BR-101/ES;Sul;Queda de Moto;1;0;0;1;0;0;;;;;0;2;0;0;0
19/11/2013;19:35:00;196;Acidente sem Vítima;398;BR-101/ES;Norte;Colisão;1;0;0;1;0;0;;;;;0;0;0;0;0
19/11/2013;01:49:00;11;Acidente sem Vítima;400;BR-101/ES;Norte;Tombamento;0;0;0;0;0;0;;;;;0;0;0;0;0
19/11/2013;19:12:00;193;Acidente sem Vítima;419;BR-101/ES;Norte;Queda de Moto;0;0;0;1;0;0;;;;;0;0;0;0;0
19/11/2013;05:19:00;45;Acidente com vítima;422;BR-101/ES;Sul;Queda de Moto;0;0;0;1;0;0;;;;;0;2;0;0;0
19/11/2013;21:44:00;218;Acidente sem Vítima;453;BR-101/ES;Sul;Tombamento;0;0;0;0;0;0;;;;;0;0;0;0;0
20/11/2013;13:05:00;116;Acidente sem Vítima;60;BR-101/ES;Norte;Colisão Traseira;1;0;0;1;0;0;;;;;0;0;0;0;0
20/11/2013;07:45:00;57;Acidente com vítima;107;BR-101/ES;Norte;Queda de Moto;0;0;0;1;0;0;;;;;0;0;1;0;0
20/11/2013;21:20:00;189;Acidente sem Vítima;121;BR-101/ES;Norte;Colisão;0;0;0;0;0;0;;;;;0;0;0;0;0
20/11/2013;19:48:00;174;Acidente com vítima;132;BR-101/ES;Sul;Colisão Traseira;2;0;0;0;0;0;;;;;0;2;0;1;0
20/11/2013;12:21:00;106;Acidente sem Vítima;186,5;BR-101/ES;Norte;Colisão;1;0;1;0;0;1;;;;;4;0;0;0;0
20/11/2013;18:11:00;163;Acidente sem Vítima;256,9;BR-101/ES;Sul;Colisão;4;0;0;0;2;0;;;;;0;0;0;0;0
20/11/2013;16:23:00;144;Acidente com vítima;258;BR-101/ES;Sul;Colisão;2;0;0;0;0;0;;;;;0;1;0;0;0
20/11/2013;12:19:00;105;Acidente sem Vítima;265;BR-101/ES;Sul;Colisão;2;0;1;1;0;0;;;;;0;0;0;0;0
20/11/2013;18:12:00;164;Acidente sem Vítima;266,5;BR-101/ES;Sul;Colisão Lateral;2;0;0;0;0;0;;;;;0;0;0;0;0
20/11/2013;17:12:00;154;Atropelamento sem Morte;268;BR-101/ES;Norte;Atropelamento;0;0;0;0;0;0;;;;;0;1;0;0;0
20/11/2013;18:53:00;168;Acidente sem Vítima;312;BR-101/ES;Norte;Colisão;1;0;1;0;0;0;;;;;7;0;0;0;0
20/11/2013;21:26:00;191;Acidente sem Vítima;372;BR-101/ES;Sul;Capotamento;1;0;0;0;0;0;;;;;0;0;0;0;0
20/11/2013;17:28:00;158;Acidente sem Vítima;396;BR-101/ES;Norte;Colisão Traseira;1;0;1;0;0;0;;;;;0;0;0;0;0
20/11/2013;21:15:00;188;Acidente com vítima;436;BR-101/ES;Norte;Colisão Lateral;1;1;2;0;0;0;;;;;0;4;0;1;0
20/11/2013;18:10:00;162;Acidente sem Vítima;455;BR-101/ES;Sul;Colisão;0;0;1;0;1;0;;;;;0;0;0;0;0
21/11/2013;20:17:00;162;Acidente com vítima;75;BR-101/ES;Sul;Capotamento;1;0;0;0;0;0;;;;;0;2;0;0;0
21/11/2013;15:08:00;121;Acidente com vítima;108;BR-101/ES;Sul;Tombamento;0;0;1;0;3;0;;;;;0;1;0;0;0
21/11/2013;03:17:00;17;Acidente sem Vítima;138;BR-101/ES;Sul;Choque com Objeto Fixo;1;0;0;0;0;0;;;;;0;0;0;0;0
21/11/2013;12:37:00;95;Acidente sem Vítima;266;BR-101/ES;Norte;Colisão Traseira;0;0;0;0;0;0;;;;;0;0;0;0;0
22/11/2013;20:54:00;245;Acidente com vítima;137;BR-101/ES;Norte;Queda de Moto;0;0;0;1;0;0;;;;;0;0;1;0;0
22/11/2013;11:54:00;133;Acidente sem Vítima;143;BR-101/ES;Norte;Colisão Traseira;1;1;0;0;0;0;;;;;0;0;0;0;0
22/11/2013;13:23:00;154;Acidente sem Vítima;147;BR-101/ES;Sul;Colisão;1;0;0;0;0;0;;;;;0;0;0;0;0
22/11/2013;17:04:00;197;Acidente com vítima;213;BR-101/ES;Sul;Colisão Frontal;1;0;1;0;0;0;;;;;1;3;0;1;0
22/11/2013;14:34:00;170;Acidente sem Vítima;221,5;BR-101/ES;Norte;Colisão;1;0;1;0;0;1;;;;;2;0;0;0;0
22/11/2013;17:17:00;199;Atropelamento sem Morte;253;BR-101/ES;Norte;Atropelamento;0;0;0;1;0;0;;;;;0;0;1;0;0
22/11/2013;07:48:00;63;Acidente sem Vítima;255;BR-101/ES;Norte;Queda de Moto;0;0;0;0;0;0;;;;;0;0;0;0;0
22/11/2013;20:05:00;235;Acidente com vítima;265;BR-101/ES;Norte;Colisão;0;0;0;1;0;0;;;;;0;0;0;1;0
22/11/2013;20:27:00;242;Acidente com vítima;265;BR-101/ES;Norte;Colisão Frontal;2;0;0;1;0;0;;;;;0;0;0;1;0
22/11/2013;10:32:00;116;Acidente sem Vítima;267;BR-101/ES;Norte;Colisão Traseira;0;0;0;0;2;0;;;;;0;0;0;0;0
22/11/2013;07:06:00;61;Acidente sem Vítima;268;BR-101/ES;Sul;Colisão;2;0;0;0;0;0;;;;;0;0;0;0;0
22/11/2013;06:46:00;59;Acidente sem Vítima;312;BR-101/ES;Sul;Saída de Pista;1;0;0;0;0;0;;;;;0;0;0;0;0
22/11/2013;07:01:00;60;Acidente sem Vítima;312;BR-101/ES;Sul;Saída de Pista;1;0;0;0;0;0;;;;;0;0;0;0;0
22/11/2013;12:21:00;145;Acidente sem Vítima;333;BR-101/ES;Sul;Colisão;0;0;0;0;0;0;;;;;0;0;0;0;0
22/11/2013;08:59:00;91;Acidente sem Vítima;943;BR-101/BA;Sul;Colisão;1;0;0;1;0;0;;;;;0;0;0;0;0
23/11/2013;00:18:00;6;Acidente sem Vítima;50;BR-101/ES;Sul;Choque com Objeto Fixo;1;0;0;0;0;0;;;;;0;0;0;0;0
23/11/2013;07:02:00;76;Acidente com Morte;56,5;BR-101/ES;Norte;Colisão Frontal;1;0;1;0;0;0;;;;;0;0;0;0;1
23/11/2013;06:51:00;74;Acidente sem Vítima;90;BR-101/ES;Sul;Colisão Traseira;0;0;0;0;2;0;;;;;0;0;0;0;0
23/11/2013;02:40:00;35;Acidente sem Vítima;135;BR-101/ES;Sul;Colisão;1;0;0;0;0;0;;;;;1;0;0;0;0
23/11/2013;06:36:00;71;Acidente sem Vítima;211;BR-101/ES;Norte;Colisão;1;0;0;0;0;0;;;;;2;0;0;0;0
23/11/2013;17:08:00;169;Acidente sem Vítima;255;BR-101/ES;Norte;Choque;1;0;0;0;0;0;;;;;0;0;0;0;0
23/11/2013;05:43:00;61;Acidente sem Vítima;264;BR-101/ES;Sul;Colisão;1;0;0;0;0;0;;;;;0;0;0;0;0
23/11/2013;10:55:00;111;Acidente sem Vítima;314;BR-101/ES;Norte;Saída de Pista;1;0;0;0;0;0;;;;;0;0;0;0;0
23/11/2013;21:34:00;211;Acidente com vítima;368;BR-101/ES;Norte;Capotamento;1;0;0;0;0;0;;;;;2;1;1;0;0
23/11/2013;15:31:00;153;Acidente sem Vítima;390;BR-101/ES;Norte;Engavetamento;3;0;1;0;0;0;;;;;4;0;0;0;0
23/11/2013;15:58:00;160;Acidente sem Vítima;455;BR-101/ES;Sul;Choque;0;0;1;0;0;0;;;;;0;0;0;0;0
23/11/2013;15:18:00;150;Acidente sem Vítima;456;BR-101/ES;Sul;Choque;1;0;0;0;0;0;;;;;4;0;0;0;0
23/11/2013;19:45:00;186;Acidente sem Vítima;939;BR-101/BA;Norte;Colisão;1;0;0;0;0;1;;;;;2;0;0;0;0
24/11/2013;04:35:00;40;Acidente sem Vítima;25;BR-101/ES;Sul;Colisão;1;0;0;0;0;0;;;;;0;0;0;0;0
24/11/2013;14:39:00;121;Acidente sem Vítima;67;BR-101/ES;Norte;Colisão;3;0;0;0;0;0;;;;;7;0;0;0;0
24/11/2013;02:35:00;16;Acidente com vítima;122;BR-101/ES;Norte;Queda de Moto;0;0;0;1;0;0;;;;;0;1;0;0;0
24/11/2013;22:19:00;189;Acidente sem Vítima;138;BR-101/ES;Norte;Queda de Moto;0;0;0;1;0;0;;;;;0;0;0;0;0
24/11/2013;15:24:00;127;Acidente com vítima;222;BR-101/ES;Sul;Colisão Frontal;2;0;0;0;0;0;;;;;0;3;0;1;0
24/11/2013;11:06:00;88;Acidente sem Vítima;226,9;BR-101/ES;Norte;Colisão Lateral;1;1;0;0;0;0;;;;;0;0;0;0;0
24/11/2013;23:47:00;200;Acidente sem Vítima;254;BR-101/ES;Norte;Choque;1;0;0;0;0;0;;;;;0;0;0;0;0
24/11/2013;12:48:00;107;Acidente com vítima;335;BR-101/ES;Norte;Colisão;1;0;1;0;1;0;;;;;0;1;2;0;0
24/11/2013;16:47:00;138;Acidente sem Vítima;355,5;BR-101/ES;Norte;Colisão Frontal;1;0;0;0;1;0;;;;;2;0;0;0;0
24/11/2013;15:24:00;126;Acidente sem Vítima;430;BR-101/ES;Norte;Capotamento;0;0;1;0;0;0;;;;;0;0;0;0;0
25/11/2013;09:36:00;67;Acidente sem Vítima;52;BR-101/ES;Norte;Colisão;0;0;0;0;0;0;;;;;0;0;0;0;0
25/11/2013;05:48:00;37;Acidente sem Vítima;115;BR-101/ES;Sul;Queda de Moto;0;0;0;0;0;0;;;;;0;0;0;0;0
25/11/2013;05:33:00;34;Acidente sem Vítima;146;BR-101/ES;Sul;Colisão;0;0;1;0;1;0;;;;;0;0;0;0;0
25/11/2013;07:10:00;45;Acidente sem Vítima;148;BR-101/ES;Sul;Colisão Lateral;1;0;1;0;0;0;;;;;2;0;0;0;0
25/11/2013;07:02:00;42;Acidente sem Vítima;150;BR-101/ES;Norte;Colisão;0;0;0;0;0;0;;;;;0;0;0;0;0
25/11/2013;13:18:00;105;Acidente sem Vítima;187;BR-101/ES;Sul;Colisão Lateral;2;0;0;0;0;0;;;;;2;0;0;0;0
25/11/2013;09:52:00;71;Acidente com Morte;250;BR-101/ES;Norte;Colisão;1;0;0;0;0;0;;;;;0;1;0;0;1
25/11/2013;10:02:00;73;Acidente sem Vítima;262;BR-101/ES;Norte;Colisão;0;0;0;0;0;0;;;;;0;0;0;0;0
25/11/2013;07:21:00;47;Acidente com vítima;264;BR-101/ES;Sul;Colisão Traseira;2;0;0;1;0;0;;;;;0;1;0;0;0
25/11/2013;12:22:00;96;Acidente sem Vítima;266,8;BR-101/ES;Sul;Colisão Traseira;1;0;1;0;0;0;;;;;2;0;0;0;0
25/11/2013;08:00:00;49;Acidente com vítima;268;BR-101/ES;Sul;Colisão;0;0;0;1;0;0;;;;;0;1;0;0;0
25/11/2013;00:34:00;5;Acidente sem Vítima;358;BR-101/ES;Norte;Saída de Pista;1;0;0;0;0;0;;;;;0;0;0;0;0
25/11/2013;23:53:00;199;Acidente sem Vítima;368,2;BR-101/ES;Norte;Tombamento;0;0;1;0;0;0;;;;;3;0;0;0;0
25/11/2013;15:38:00;132;Acidente sem Vítima;390;BR-101/ES;Sul;Colisão;0;0;0;0;0;0;;;;;0;0;0;0;0
25/11/2013;05:17:00;31;Acidente com vítima;445;BR-101/ES;Sul;Tombamento;0;1;0;0;0;0;;;;;1;1;0;0;0
26/11/2013;10:26:00;71;Acidente sem Vítima;130;BR-101/ES;Sul;Colisão Traseira;2;0;0;0;0;0;;;;;2;0;0;0;0
26/11/2013;07:00:00;39;Acidente com vítima;141;BR-101/ES;Norte;Colisão Frontal;1;0;1;0;0;0;;;;;0;2;0;0;0
26/11/2013;14:13:00;108;Acidente sem Vítima;145;BR-101/ES;Sul;Colisão Lateral;1;0;1;0;0;0;;;;;2;0;0;0;0
26/11/2013;20:03:00;166;Acidente sem Vítima;156;BR-101/ES;Sul;Saída de Pista;1;0;0;0;0;0;;;;;1;0;0;0;0
26/11/2013;23:43:00;182;Acidente sem Vítima;170;BR-101/ES;Sul;Colisão Traseira;0;0;0;0;2;0;;;;;0;0;0;0;0
26/11/2013;20:43:00;170;Acidente sem Vítima;195;BR-101/ES;Sul;Saída de Pista;1;0;0;0;0;0;;;;;0;0;0;0;0
26/11/2013;15:01:00;114;Acidente sem Vítima;221;BR-101/ES;Norte;Tombamento;0;0;0;0;1;0;;;;;0;0;0;0;0
26/11/2013;13:02:00;98;Acidente sem Vítima;235;BR-101/ES;Norte;Colisão;1;0;1;0;0;0;;;;;1;0;0;0;0
26/11/2013;11:14:00;82;Acidente com vítima;242;BR-101/ES;Norte;Capotamento;1;0;1;0;0;0;;;;;1;1;0;0;0
26/11/2013;12:53:00;97;Acidente sem Vítima;265;BR-101/ES;Sul;Colisão;1;0;0;0;0;0;;;;;0;0;0;0;0
26/11/2013;07:10:00;40;Acidente sem Vítima;267;BR-101/ES;Sul;Colisão Traseira;2;0;0;0;0;0;;;;;0;0;0;0;0
26/11/2013;19:22:00;156;Acidente sem Vítima;267;BR-101/ES;Norte;Colisão;1;0;1;0;0;0;;;;;0;0;0;0;0
26/11/2013;13:49:00;105;Acidente sem Vítima;299;BR-101/ES;Sul;Colisão;1;0;0;0;0;0;;;;;0;0;0;0;0
26/11/2013;12:25:00;91;Acidente sem Vítima;322;BR-101/ES;Sul;Colisão Lateral;1;0;2;0;0;0;;;;;2;0;0;0;0
26/11/2013;06:28:00;35;Acidente sem Vítima;323,5;BR-101/ES;Norte;Colisão Traseira;0;0;0;0;1;0;;;;;2;0;0;0;0
26/11/2013;09:31:00;65;Acidente sem Vítima;326;BR-101/ES;Norte;Colisão Traseira;0;0;0;0;0;0;;;;;0;0;0;0;0
26/11/2013;22:04:00;177;Acidente sem Vítima;326;BR-101/ES;Sul;Capotamento;1;0;0;0;0;0;;;;;0;0;0;0;0
26/11/2013;15:35:00;121;Acidente sem Vítima;355,2;BR-101/ES;Norte;Capotamento;1;0;0;0;0;0;;;;;1;0;0;0;0
26/11/2013;11:35:00;83;Acidente com Morte;417;BR-101/ES;Sul;Colisão Frontal;1;0;0;0;0;0;;;;;0;0;0;0;4
26/11/2013;17:57:00;140;Acidente com vítima;429;BR-101/ES;Norte;Capotamento;1;0;0;0;0;0;;;;;0;1;0;0;0
26/11/2013;20:24:00;169;Acidente com Morte;448;BR-101/ES;Sul;Tombamento;0;0;1;0;0;0;;;;;0;0;0;0;1
26/11/2013;01:38:00;5;Acidente sem Vítima;458;BR-101/ES;Sul;Capotamento;1;0;0;0;0;0;;;;;0;0;0;0;0
27/11/2013;03:14:00;30;Acidente sem Vítima;32;BR-101/ES;Sul;Colisão Traseira;1;0;0;0;0;0;;;;;0;0;0;0;0
27/11/2013;08:16:00;71;Acidente sem Vítima;145;BR-101/ES;Norte;Engavetamento;3;0;0;0;0;0;;;;;3;0;0;0;0
27/11/2013;14:00:00;116;Acidente sem Vítima;220;BR-101/ES;Norte;Colisão;2;0;1;0;1;0;;;;;0;0;0;0;0
27/11/2013;07:51:00;69;Acidente sem Vítima;225;BR-101/ES;Sul;Queda de Moto;0;0;0;1;0;0;;;;;1;0;0;0;0
27/11/2013;13:52:00;115;Acidente sem Vítima;257;BR-101/ES;Sul;Saída de Pista;1;0;0;0;0;0;;;;;0;0;0;0;0
27/11/2013;14:33:00;120;Acidente sem Vítima;260;BR-101/ES;Sul;Colisão Traseira;2;0;0;0;0;0;;;;;0;0;0;0;0
27/11/2013;15:20:00;126;Acidente sem Vítima;261;BR-101/ES;Norte;Colisão Traseira;2;0;0;0;0;0;;;;;2;0;0;0;0
27/11/2013;12:05:00;102;Acidente com vítima;265;BR-101/ES;Sul;Choque com Objeto Fixo;1;0;0;0;0;0;;;;;0;1;0;0;0
27/11/2013;05:50:00;55;Acidente sem Vítima;316;BR-101/ES;Norte;Tombamento;0;0;1;0;0;0;;;;;1;0;0;0;0
27/11/2013;14:51:00;124;Acidente com vítima;392;BR-101/ES;Norte;Engavetamento;4;0;1;0;2;0;;;;;6;1;0;0;0
27/11/2013;16:36:00;134;Acidente sem Vítima;393;BR-101/ES;Norte;Colisão;1;0;0;0;2;0;;;;;0;0;0;0;0
27/11/2013;07:53:00;70;Acidente com Morte;398;BR-101/ES;Norte;Colisão Frontal;1;0;0;0;2;0;;;;;2;0;0;0;2
27/11/2013;14:45:00;122;Acidente com Morte;436;BR-101/ES;Sul;Colisão Frontal;0;0;1;0;1;0;;;;;3;1;0;1;1
28/11/2013;14:48:00;133;Acidente sem Vítima;25,7;BR-101/ES;Sul;Colisão;2;0;0;0;0;0;;;;;0;0;0;0;0
28/11/2013;11:45:00;106;Acidente com vítima;112;BR-101/ES;Sul;Queda de Moto;0;0;0;1;0;0;;;;;0;1;1;0;0
28/11/2013;20:42:00;180;Atropelamento com Morte;140;BR-101/ES;Sul;Atropelamento;1;0;0;0;0;0;;;;;0;0;0;0;1
28/11/2013;07:16:00;56;Acidente com vítima;257;BR-101/ES;Sul;Capotamento;1;0;0;0;0;0;;;;;3;1;0;0;0
28/11/2013;10:48:00;94;Acidente sem Vítima;263;BR-101/ES;Sul;Colisão Traseira;2;0;0;0;0;0;;;;;0;0;0;0;0
28/11/2013;23:44:00;211;Atropelamento sem Morte;308;BR-101/ES;Norte;Atropelamento;0;0;0;0;0;0;;;;;0;1;0;0;0
28/11/2013;07:02:00;53;Acidente sem Vítima;333;BR-101/ES;Sul;Tombamento;0;0;1;0;0;0;;;;;0;0;0;0;0
28/11/2013;21:12:00;190;Acidente sem Vítima;337;BR-101/ES;Sul;Saída de Pista;0;0;1;0;0;0;;;;;0;0;0;0;0
28/11/2013;14:26:00;128;Acidente sem Vítima;363;BR-101/ES;Sul;Saída de Pista;0;0;1;0;0;0;;;;;0;0;0;0;0
28/11/2013;03:28:00;25;Acidente sem Vítima;436;BR-101/ES;Sul;Colisão Frontal;0;0;1;0;1;0;;;;;0;0;0;0;0
29/11/2013;11:22:00;98;Acidente com vítima;33;BR-101/ES;Sul;Capotamento;1;0;0;0;0;0;;;;;0;3;1;0;0
29/11/2013;16:52:00;175;Acidente sem Vítima;61;BR-101/ES;Sul;Colisão;1;0;0;1;0;0;;;;;0;0;0;0;0
29/11/2013;19:00:00;201;Acidente com Morte;72,8;BR-101/ES;Sul;Colisão Frontal;0;0;1;0;1;0;;;;;0;0;0;1;1
29/11/2013;15:42:00;164;Acidente com vítima;124;BR-101/ES;Norte;Queda de Moto;0;0;0;0;0;0;;;;;0;0;0;1;0
29/11/2013;05:28:00;46;Acidente sem Vítima;136;BR-101/ES;Sul;Atropelamento - Bovino;0;0;0;0;1;0;;;;;0;0;0;0;0
29/11/2013;14:15:00;144;Acidente sem Vítima;136;BR-101/ES;Norte;Colisão;2;0;0;0;0;0;;;;;0;0;0;0;0