data;horario;n_da_ocorrencia;tipo_de_ocorrencia;km;trecho;sentido;tipo_de_acidente;automovel;bicicleta;caminhao;moto;onibus;outros;tracao_animal;transporte_de_cargas_especiais;trator_maquinas;utilitarios;ilesos;levemente_feridos;moderadamente_feridos;gravemente_feridos;mortos
13/12/2013;07:55:00;68;Acidente sem Vítima;259;BR-101/ES;Norte;Colisão Lateral;1;0;1;0;0;0;;;;;2;0;0;0;0
13/12/2013;16:49:00;154;Acidente com vítima;259;BR-101/ES;Norte;Capotamento;1;0;0;0;0;0;;;;;0;0;1;0;0
13/12/2013;20:58:00;208;Acidente sem Vítima;260;BR-101/ES;Sul;Saída de Pista;1;0;0;0;0;0;;;;;1;0;0;0;0
13/12/2013;17:54:00;167;Acidente com vítima;261;BR-101/ES;Sul;Colisão Traseira;0;0;0;1;0;0;;;;;0;1;0;0;0
13/12/2013;00:23:00;4;Acidente sem Vítima;267;BR-101/ES;Sul;Choque com Objeto Fixo;0;0;1;0;0;0;;;;;0;0;0;0;0
13/12/2013;18:32:00;173;Acidente sem Vítima;335;BR-101/ES;Sul;Colisão Traseira;2;0;0;0;0;0;;;;;2;0;0;0;0
13/12/2013;06:49:00;59;Acidente com vítima;425;BR-101/ES;Sul;Tombamento;1;0;0;0;0;0;;;;;0;1;0;0;0
13/12/2013;16:50:00;155;Acidente sem Vítima;448;BR-101/ES;Sul;Tombamento;1;0;0;0;0;0;;;;;1;0;0;0;0
13/12/2013;21:24:00;214;Acidente sem Vítima;956,5;BR-101/BA;Norte;Saída de Pista;1;0;0;0;0;0;;;;;1;0;0;0;0
14/12/2013;06:29:00;55;Acidente com vítima;19;BR-101/ES;Sul;Queda de Moto;0;0;0;1;0;0;;;;;0;1;0;0;0
14/12/2013;03:31:00;30;Acidente sem Vítima;142;BR-101/ES;Sul;Choque;1;0;0;0;0;0;;;;;1;0;0;0;0
14/12/2013;14:21:00;123;Acidente com vítima;165;BR-101/ES;Norte;Capotamento;1;0;0;0;0;0;;;;;1;1;1;0;0
14/12/2013;10:54:00;84;Acidente sem Vítima;211;BR-101/ES;Sul;Engavetamento;3;0;0;0;0;0;;;;;3;0;0;0;0
14/12/2013;05:08:00;44;Acidente sem Vítima;218;BR-101/ES;Sul;Saída de Pista;1;0;0;0;0;0;;;;;2;0;0;0;0
14/12/2013;12:59:00;111;Acidente com vítima;253;BR-101/ES;Sul;Colisão Traseira;0;0;1;1;0;0;;;;;1;0;0;1;0
14/12/2013;13:36:00;116;Acidente sem Vítima;253;BR-101/ES;Sul;Colisão Lateral;1;0;1;0;0;0;;;;;0;0;0;0;0
14/12/2013;21:39:00;185;Acidente com vítima;255;BR-101/ES;Sul;Choque;1;0;0;0;0;0;;;;;1;1;0;0;0
14/12/2013;20:14:00;172;Acidente com vítima;258;BR-101/ES;Sul;Colisão Lateral;2;0;0;0;0;0;;;;;0;1;0;0;0
14/12/2013;21:25:00;182;Acidente sem Vítima;260;BR-101/ES;Sul;Colisão Traseira;1;0;0;0;0;0;;;;;0;0;0;0;0
14/12/2013;07:07:00;57;Acidente sem Vítima;267;BR-101/ES;Norte;Colisão Traseira;1;0;0;1;0;0;;;;;2;0;0;0;0
14/12/2013;18:30:00;155;Acidente com vítima;366;BR-101/ES;Sul;Colisão Frontal;2;0;0;0;0;0;;;;;0;0;0;2;0
14/12/2013;12:06:00;104;Acidente com vítima;370;BR-101/ES;Sul;Colisão Lateral;1;0;0;1;0;0;;;;;1;0;1;0;0
14/12/2013;14:11:00;121;Acidente com vítima;405,5;BR-101/ES;Sul;Tombamento;0;0;2;0;0;0;;;;;0;1;0;0;0
14/12/2013;14:58:00;127;Acidente com vítima;405,5;BR-101/ES;Sul;Queda de Moto;0;0;0;1;0;0;;;;;0;1;0;0;0
15/12/2013;20:58:00;176;Acidente com vítima;17;BR-101/ES;Norte;Queda de ciclista;0;0;0;0;0;1;;;;;0;1;0;0;0
15/12/2013;04:09:00;27;Acidente com vítima;103;BR-101/ES;Norte;Queda de Moto;0;0;0;1;0;0;;;;;0;1;0;0;0
15/12/2013;19:47:00;162;Acidente com vítima;123;BR-101/ES;Norte;Queda de Moto;0;0;0;1;0;0;;;;;0;1;0;0;0
15/12/2013;15:41:00;119;Acidente com vítima;216,2;BR-101/ES;Sul;Queda de Moto;0;0;0;1;0;0;;;;;0;1;0;0;0
15/12/2013;22:40:00;196;Acidente com vítima;242;BR-101/ES;Norte;Colisão Lateral;1;0;1;0;0;0;;;;;1;0;0;2;0
15/12/2013;11:24:00;73;Acidente sem Vítima;255;BR-101/ES;Sul;Colisão Frontal;1;0;0;0;0;0;;;;;0;0;0;0;0
15/12/2013;11:36:00;76;Acidente com vítima;263;BR-101/ES;Sul;Colisão Lateral;2;0;0;0;0;0;;;;;0;2;0;0;0
15/12/2013;17:07:00;136;Acidente sem Vítima;355;BR-101/ES;Norte;Saída de Pista;1;0;1;0;0;0;;;;;2;0;0;0;0
16/12/2013;18:26:00;180;Acidente sem Vítima;69;BR-101/ES;Norte;Engavetamento;3;0;0;0;0;0;;;;;3;0;0;0;0
16/12/2013;15:41:00;157;Acidente com vítima;81;BR-101/ES;Norte;Capotamento;1;0;0;0;0;0;;;;;0;2;0;0;0
16/12/2013;16:59:00;167;Acidente com vítima;124,5;BR-101/ES;Norte;Colisão Traseira;2;0;0;0;0;0;;;;;1;1;0;0;0
16/12/2013;12:20:00;121;Acidente sem Vítima;217;BR-101/ES;Norte;Colisão Traseira;2;0;0;0;0;0;;;;;2;0;0;0;0
16/12/2013;17:12:00;170;Acidente sem Vítima;226;BR-101/ES;Sul;Saída de Pista;0;0;1;0;0;0;;;;;1;0;0;0;0
16/12/2013;06:13:00;56;Acidente sem Vítima;230;BR-101/ES;Sul;Colisão Lateral;1;0;0;0;1;0;;;;;2;0;0;0;0
16/12/2013;17:09:00;169;Acidente com vítima;245;BR-101/ES;Sul;Colisão;2;0;1;0;0;0;;;;;3;1;0;0;0
16/12/2013;20:31:00;203;Acidente sem Vítima;265;BR-101/ES;Norte;Queda de Moto;0;0;0;0;0;1;;;;;1;0;0;0;0
16/12/2013;05:07:00;47;Atropelamento sem Morte;268;BR-101/ES;Norte;Atropelamento;0;0;0;0;0;1;;;;;0;0;0;1;0
16/12/2013;16:04:00;160;Acidente sem Vítima;305;BR-101/ES;Norte;Colisão Lateral;1;0;1;0;0;0;;;;;2;0;0;0;0
16/12/2013;19:44:00;192;Acidente sem Vítima;333;BR-101/ES;Sul;Saída de Pista;1;0;0;0;0;0;;;;;1;0;0;0;0
16/12/2013;15:03:00;152;Acidente sem Vítima;374;BR-101/ES;Sul;Engavetamento;3;0;0;0;0;0;;;;;5;0;0;0;0
16/12/2013;19:49:00;193;Acidente com vítima;414;BR-101/ES;Sul;Queda de Moto;0;0;0;1;0;0;;;;;0;1;1;0;0
16/12/2013;21:43:00;213;Acidente sem Vítima;433;BR-101/ES;Sul;Colisão Lateral;1;0;0;0;0;0;;;;;4;0;0;0;0
16/12/2013;08:58:00;80;Acidente sem Vítima;440;BR-101/ES;Norte;Colisão Lateral;2;0;0;0;0;0;;;;;2;0;0;0;0
17/12/2013;15:48:00;148;Acidente sem Vítima;119;BR-101/ES;Norte;Colisão Lateral;1;0;0;0;0;0;;;;;1;0;0;0;0
17/12/2013;00:49:00;8;Acidente sem Vítima;136;BR-101/ES;Sul;Choque com Objeto Fixo;1;0;0;0;0;0;;;;;3;0;0;0;0
17/12/2013;03:00:00;26;Acidente sem Vítima;144;BR-101/ES;Norte;Saída de Pista;1;0;0;0;0;0;;;;;1;0;0;0;0
17/12/2013;08:59:00;81;Acidente com vítima;150;BR-101/ES;Norte;Queda de Moto;0;0;0;1;0;0;;;;;0;0;1;0;0
17/12/2013;19:11:00;183;Acidente sem Vítima;160;BR-101/ES;Norte;Engavetamento;4;0;0;0;0;0;;;;;4;0;0;0;0
17/12/2013;18:02:00;171;Acidente sem Vítima;191;BR-101/ES;Norte;Colisão Lateral;1;0;1;0;0;0;;;;;2;0;0;0;0
17/12/2013;23:01:00;222;Acidente sem Vítima;202;BR-101/ES;Norte;Colisão Traseira;2;0;0;0;0;0;;;;;3;0;0;0;0
17/12/2013;16:21:00;152;Acidente sem Vítima;234;BR-101/ES;Sul;Saída de Pista;1;0;0;0;0;0;;;;;1;0;0;0;0
17/12/2013;06:21:00;55;Acidente sem Vítima;242;BR-101/ES;Sul;Saída de Pista;1;0;0;0;0;0;;;;;1;0;0;0;0
17/12/2013;09:56:00;95;Acidente sem Vítima;267;BR-101/ES;Sul;Colisão Lateral;1;0;0;1;0;0;;;;;1;0;0;0;0
17/12/2013;17:56:00;169;Acidente sem Vítima;298;BR-101/ES;Norte;Choque com Objeto Fixo;1;0;0;0;0;0;;;;;0;0;0;0;0
17/12/2013;22:30:00;216;Acidente sem Vítima;323;BR-101/ES;Sul;Saída de Pista;0;0;0;0;0;1;;;;;0;0;0;0;0
17/12/2013;21:51:00;211;Acidente sem Vítima;358;BR-101/ES;Norte;Saída de Pista;1;0;0;0;0;0;;;;;1;0;0;0;0
17/12/2013;09:45:00;94;Acidente com vítima;369,5;BR-101/ES;Sul;Capotamento;2;0;0;0;0;0;;;;;0;2;0;0;0
17/12/2013;07:25:00;64;Acidente sem Vítima;374;BR-101/ES;Sul;Engavetamento;1;0;3;0;0;0;;;;;5;0;0;0;0
17/12/2013;17:20:00;162;Acidente sem Vítima;413;BR-101/ES;Sul;Colisão Traseira;1;0;1;0;0;0;;;;;2;0;0;0;0
17/12/2013;22:58:00;221;Acidente sem Vítima;424;BR-101/ES;Norte;Saída de Pista;0;0;1;0;0;0;;;;;1;0;0;0;0
17/12/2013;23:38:00;227;Acidente sem Vítima;943;BR-101/BA;Sul;Saída de Pista;1;0;0;0;0;0;;;;;2;0;0;0;0
18/12/2013;16:33:00;148;Acidente com vítima;32;BR-101/ES;Norte;Colisão;0;0;1;1;0;0;;;;;0;1;0;0;0
18/12/2013;18:00:00;162;Acidente sem Vítima;96,8;BR-101/ES;Sul;Colisão Lateral;0;0;2;0;0;0;;;;;0;0;0;0;0
18/12/2013;08:14:00;64;Acidente sem Vítima;124;BR-101/ES;Norte;Colisão Traseira;1;0;0;0;0;0;;;;;1;0;0;0;0
18/12/2013;19:44:00;183;Acidente sem Vítima;136;BR-101/ES;Sul;Engavetamento;4;0;1;0;0;0;;;;;5;0;0;0;0
18/12/2013;20:59:00;203;Acidente com vítima;145;BR-101/ES;Sul;Colisão;2;0;0;0;0;0;;;;;1;1;0;0;0
18/12/2013;02:02:00;21;Acidente com vítima;155;BR-101/ES;Sul;Capotamento;0;0;0;0;0;1;;;;;4;1;0;0;0
18/12/2013;23:35:00;229;Acidente sem Vítima;188;BR-101/ES;Sul;Saída de Pista;1;0;0;0;0;0;;;;;2;0;0;0;0
18/12/2013;13:48:00;131;Acidente com vítima;201;BR-101/ES;Norte;Colisão;1;0;1;0;0;0;;;;;0;0;1;0;0
18/12/2013;20:24:00;195;Acidente com vítima;212;BR-101/ES;Sul;Saída de Pista;1;0;0;0;0;0;;;;;0;1;0;0;0
18/12/2013;00:27:00;6;Acidente sem Vítima;217,5;BR-101/ES;Sul;Saída de Pista;1;0;0;0;0;0;;;;;2;0;0;0;0
18/12/2013;23:03:00;224;Acidente sem Vítima;263;BR-101/ES;Sul;Queda de Moto;0;0;0;0;0;1;;;;;0;0;0;0;0
18/12/2013;09:02:00;70;Acidente sem Vítima;268;BR-101/ES;Sul;Colisão Traseira;2;0;0;0;0;0;;;;;2;0;0;0;0
18/12/2013;12:30:00;118;Acidente sem Vítima;325;BR-101/ES;Sul;Colisão Traseira;0;0;1;0;1;0;;;;;2;0;0;0;0
18/12/2013;08:28:00;65;Acidente sem Vítima;420;BR-101/ES;Norte;Tombamento;0;0;1;0;0;0;;;;;3;0;0;0;0
18/12/2013;06:32:00;50;Acidente sem Vítima;436;BR-101/ES;Norte;Colisão Lateral;0;0;1;0;0;0;;;;;0;0;0;0;0
19/12/2013;06:11:00;42;Acidente com vítima;141;BR-101/ES;Norte;Saída de Pista;0;0;1;0;0;0;;;;;0;1;0;0;0
19/12/2013;14:17:00;133;Acidente sem Vítima;149;BR-101/ES;Sul;Colisão Traseira;1;0;1;0;0;0;;;;;2;0;0;0;0
19/12/2013;18:51:00;179;Acidente sem Vítima;215;BR-101/ES;Sul;Saída de Pista;1;0;1;0;0;0;;;;;5;0;0;0;0
19/12/2013;07:53:00;55;Acidente sem Vítima;260;BR-101/ES;Sul;Colisão Traseira;2;0;0;0;0;0;;;;;2;0;0;0;0
19/12/2013;10:37:00;87;Acidente sem Vítima;266;BR-101/ES;Norte;Colisão Traseira;2;0;0;0;0;0;;;;;2;0;0;0;0
19/12/2013;07:07:00;51;Acidente sem Vítima;268;BR-101/ES;Norte;Colisão;0;0;0;0;0;1;;;;;0;0;0;0;0
19/12/2013;05:55:00;39;Acidente sem Vítima;332;BR-101/ES;Sul;Colisão Lateral;0;0;1;0;1;0;;;;;2;0;0;0;0
19/12/2013;18:31:00;176;Acidente sem Vítima;356,5;BR-101/ES;Sul;Colisão Lateral;1;0;1;0;0;0;;;;;2;0;0;0;0
19/12/2013;06:11:00;41;Acidente sem Vítima;374,2;BR-101/ES;Sul;Colisão Traseira;0;0;4;0;0;0;;;;;3;0;0;0;0
19/12/2013;15:15:00;138;Acidente sem Vítima;435;BR-101/ES;Norte;Colisão Lateral;1;0;1;0;0;0;;;;;0;0;0;0;0
19/12/2013;17:53:00;171;Acidente sem Vítima;436;BR-101/ES;Norte;Capotamento;0;0;0;0;0;1;;;;;0;0;0;0;0
20/12/2013;20:52:00;203;Acidente sem Vítima;82,9;BR-101/ES;Sul;Choque com Objeto Fixo;1;0;0;0;0;0;;;;;1;0;0;0;0
20/12/2013;03:27:00;26;Acidente com vítima;147;BR-101/ES;Norte;Choque;1;0;0;0;0;0;;;;;0;1;0;0;0
20/12/2013;01:32:00;12;Acidente sem Vítima;199;BR-101/ES;Norte;Colisão Traseira;0;0;0;0;0;1;;;;;1;0;0;0;0
20/12/2013;13:44:00;133;Acidente com vítima;234;BR-101/ES;Sul;Colisão;0;0;2;0;0;0;;;;;3;1;0;0;0
20/12/2013;01:05:00;8;Acidente sem Vítima;259;BR-101/ES;Norte;Saída de Pista;1;0;0;0;0;0;;;;;2;0;0;0;0
20/12/2013;14:28:00;141;Acidente com vítima;370,2;BR-101/ES;Norte;Colisão Lateral;0;0;4;0;0;0;;;;;1;1;0;0;0
20/12/2013;19:20:00;179;Acidente sem Vítima;376;BR-101/ES;Norte;Colisão;1;0;2;0;0;0;;;;;6;0;0;0;0
20/12/2013;18:51:00;174;Acidente sem Vítima;384;BR-101/ES;Norte;Colisão;0;0;0;0;0;1;;;;;0;0;0;0;0
20/12/2013;18:11:00;170;Acidente sem Vítima;391;BR-101/ES;Norte;Colisão;2;0;0;0;0;0;;;;;4;0;0;0;0
20/12/2013;23:10:00;226;Acidente com vítima;416;BR-101/ES;Norte;Colisão;1;0;1;0;0;0;;;;;3;1;0;0;0
20/12/2013;15:36:00;149;Acidente sem Vítima;441;BR-101/ES;Sul;Colisão Lateral;1;0;2;0;0;0;;;;;2;0;0;0;0
20/12/2013;18:15:00;171;Acidente sem Vítima;447;BR-101/ES;Norte;Saída de Pista;0;0;0;0;0;1;;;;;0;0;0;0;0
20/12/2013;20:14:00;193;Acidente sem Vítima;457;BR-101/ES;Norte;Colisão;1;0;2;0;0;0;;;;;5;0;0;0;0
21/12/2013;11:19:00;99;Acidente sem Vítima;68,8;BR-101/ES;Norte;Colisão Traseira;2;0;0;0;0;0;;;;;2;0;0;0;0
21/12/2013;11:30:00;103;Acidente com vítima;84,6;BR-101/ES;Sul;Colisão Lateral;0;0;0;0;0;1;;;;;0;1;0;0;0
21/12/2013;08:20:00;75;Acidente sem Vítima;142;BR-101/ES;Norte;Colisão Traseira;1;0;1;0;0;0;;;;;2;0;0;0;0
21/12/2013;11:06:00;97;Acidente sem Vítima;143,5;BR-101/ES;Sul;Colisão Traseira;2;0;0;0;0;0;;;;;2;0;0;0;0
21/12/2013;02:19:00;19;Acidente sem Vítima;148;BR-101/ES;Sul;Colisão Traseira;1;0;0;0;0;0;;;;;1;0;0;0;0
21/12/2013;17:17:00;163;Acidente com vítima;179;BR-101/ES;Sul;Saída de Pista;1;0;0;0;0;0;;;;;0;1;0;0;0
21/12/2013;19:37:00;185;Acidente sem Vítima;200;BR-101/ES;Sul;Queda de ciclista;0;0;0;0;0;1;;;;;1;0;0;0;0
21/12/2013;07:57:00;71;Acidente sem Vítima;203;BR-101/ES;Norte;Colisão Traseira;2;0;0;0;0;0;;;;;4;0;0;0;0
21/12/2013;15:53:00;147;Acidente sem Vítima;242;BR-101/ES;Norte;Saída de Pista;1;0;0;0;0;0;;;;;2;0;0;0;0
21/12/2013;15:58:00;148;Acidente sem Vítima;242;BR-101/ES;Sul;Saída de Pista;1;0;0;0;0;0;;;;;0;0;0;0;0
21/12/2013;09:24:00;83;Acidente sem Vítima;258;BR-101/ES;Sul;Saída de Pista;1;0;0;0;0;0;;;;;1;0;0;0;0
21/12/2013;16:01:00;150;Acidente com vítima;259;BR-101/ES;Norte;Engavetamento;5;0;0;0;0;0;;;;;10;2;0;0;0
21/12/2013;20:58:00;201;Acidente com vítima;268;BR-101/ES;Norte;Queda de Moto;0;0;0;0;0;1;;;;;0;1;0;0;0
21/12/2013;06:36:00;56;Acidente sem Vítima;321;BR-101/ES;Sul;Saída de Pista;1;0;0;0;0;0;;;;;1;0;0;0;0
21/12/2013;16:12:00;154;Acidente com vítima;323,5;BR-101/ES;Sul;Capotamento;1;0;0;0;0;0;;;;;1;1;0;0;0
21/12/2013;09:31:00;85;Acidente com vítima;354;BR-101/ES;Norte;Colisão Lateral;1;0;2;0;0;0;;;;;1;2;0;0;0
21/12/2013;10:12:00;93;Acidente com vítima;369;BR-101/ES;Sul;Colisão Traseira;1;0;0;1;0;0;;;;;1;1;0;0;0
21/12/2013;01:58:00;16;Acidente sem Vítima;389;BR-101/ES;Norte;Saída de Pista;1;0;0;0;0;0;;;;;0;0;0;0;0
21/12/2013;13:06:00;121;Acidente com vítima;397;BR-101/ES;Sul;Saída de Pista;1;0;0;0;0;0;;;;;1;3;0;0;0
21/12/2013;06:15:00;55;Acidente sem Vítima;402;BR-101/ES;Norte;Colisão Lateral;0;0;2;0;0;0;;;;;2;0;0;0;0
21/12/2013;03:35:00;26;Acidente sem Vítima;405;BR-101/ES;Sul;Colisão Lateral;0;0;0;0;0;1;;;;;0;0;0;0;0
21/12/2013;14:41:00;135;Acidente sem Vítima;424;BR-101/ES;Sul;Colisão;1;0;0;0;1;0;;;;;2;0;0;0;0
21/12/2013;22:18:00;222;Atropelamento sem Morte;450;BR-101/ES;Sul;Atropelamento;1;0;1;0;0;0;;;;;2;0;1;0;0
21/12/2013;09:39:00;88;Acidente com vítima;455;BR-101/ES;Sul;Capotamento;1;0;0;0;0;0;;;;;0;3;0;0;0
22/12/2013;13:18:00;114;Acidente sem Vítima;61;BR-101/ES;Sul;Colisão Traseira;1;0;1;0;0;0;;;;;2;0;0;0;0
22/12/2013;13:22:00;118;Acidente com vítima;67;BR-101/ES;Norte;Colisão Frontal;1;0;0;1;0;0;;;;;1;1;0;0;0
22/12/2013;11:01:00;90;Acidente com vítima;69;BR-101/ES;Norte;Colisão Traseira;1;0;0;1;0;0;;;;;0;1;0;0;0
22/12/2013;20:22:00;209;Acidente com vítima;130;BR-101/ES;Norte;Colisão Frontal;1;0;0;1;0;0;;;;;1;1;0;1;0
22/12/2013;09:41:00;78;Acidente com vítima;144;BR-101/ES;Norte;Colisão Traseira;1;0;0;1;0;0;;;;;0;3;0;0;0
22/12/2013;12:37:00;110;Acidente sem Vítima;167;BR-101/ES;Sul;Colisão Traseira;1;0;1;0;0;0;;;;;2;0;0;0;0
22/12/2013;15:24:00;136;Acidente sem Vítima;201;BR-101/ES;Norte;Colisão Traseira;0;0;1;0;1;0;;;;;2;0;0;0;0
22/12/2013;07:16:00;57;Acidente sem Vítima;203,8;BR-101/ES;Norte;Colisão Traseira;2;0;0;0;0;0;;;;;0;0;0;0;0
22/12/2013;00:27:00;7;Acidente sem Vítima;264;BR-101/ES;Norte;Saída de Pista;2;0;0;0;0;0;;;;;0;0;0;0;0
22/12/2013;01:51:00;14;Acidente sem Vítima;332;BR-101/ES;Sul;Saída de Pista;1;0;0;0;0;0;;;;;2;0;0;0;0
22/12/2013;07:00:00;55;Acidente sem Vítima;353;BR-101/ES;Sul;Colisão Traseira;1;0;1;0;0;0;;;;;2;0;0;0;0
22/12/2013;21:31:00;221;Acidente sem Vítima;369;BR-101/ES;Sul;Capotamento;1;0;0;0;0;0;;;;;1;0;0;0;0
22/12/2013;18:24:00;183;Acidente sem Vítima;439;BR-101/ES;Norte;Tombamento;0;0;1;0;0;0;;;;;1;0;0;0;0
23/12/2013;09:35:00;66;Acidente sem Vítima;12,6;BR-101/ES;Norte;Saída de Pista;1;0;0;0;0;0;;;;;4;0;0;0;0
23/12/2013;14:52:00;116;Acidente sem Vítima;63;BR-101/ES;Norte;Engavetamento;2;0;1;0;0;0;;;;;8;0;0;0;0
23/12/2013;17:11:00;134;Acidente com vítima;154;BR-101/ES;Sul;Colisão Traseira;1;0;0;1;0;0;;;;;1;1;0;0;0
23/12/2013;10:41:00;71;Acidente com vítima;165;BR-101/ES;Sul;Colisão;0;0;0;1;0;0;;;;;0;1;0;0;0
23/12/2013;21:25:00;189;Acidente com vítima;242;BR-101/ES;Norte;Colisão Traseira;1;0;2;0;0;0;;;;;2;1;0;0;0
23/12/2013;13:20:00;101;Acidente com vítima;267;BR-101/ES;Sul;Colisão;2;0;0;0;0;0;;;;;1;1;0;0;0
23/12/2013;21:48:00;197;Acidente sem Vítima;341,5;BR-101/ES;Sul;Capotamento;1;0;0;0;0;0;;;;;0;0;0;0;0
23/12/2013;18:32:00;150;Acidente sem Vítima;350;BR-101/ES;Sul;Saída de Pista;1;0;0;0;0;0;;;;;0;0;0;0;0
23/12/2013;10:18:00;68;Acidente sem Vítima;398,1;BR-101/ES;Sul;Saída de Pista;0;0;1;0;0;0;;;;;1;0;0;0;0
24/12/2013;23:05:00;238;Acidente sem Vítima;153;BR-101/ES;Norte;Choque com Objeto Fixo;1;0;0;0;0;0;;;;;0;0;0;0;0
24/12/2013;00:50:00;17;Acidente com vítima;157;BR-101/ES;Sul;Colisão Lateral;1;0;0;1;0;0;;;;;0;1;0;0;0
24/12/2013;09:21:00;100;Acidente sem Vítima;160;BR-101/ES;Sul;Colisão Traseira;0;0;0;0;0;1;;;;;0;0;0;0;0
24/12/2013;20:39:00;211;Acidente sem Vítima;160;BR-101/ES;Norte;Colisão Lateral;2;0;1;0;0;0;;;;;3;0;0;0;0
24/12/2013;04:52:00;61;Acidente sem Vítima;164;BR-101/ES;Norte;Saída de Pista;0;0;1;0;0;0;;;;;1;0;0;0;0
24/12/2013;04:20:00;55;Acidente com vítima;214,3;BR-101/ES;Norte;Queda de Moto;0;0;0;1;0;0;;;;;0;1;0;0;0
24/12/2013;07:01:00;81;Acidente sem Vítima;244;BR-101/ES;Norte;Capotamento;2;0;0;0;0;0;;;;;2;0;0;0;0
24/12/2013;16:06:00;161;Acidente sem Vítima;256;BR-101/ES;Sul;Colisão Traseira;2;0;0;0;0;0;;;;;2;0;0;0;0
24/12/2013;16:03:00;160;Acidente sem Vítima;294;BR-101/ES;Norte;Engavetamento;3;0;0;0;0;0;;;;;3;0;0;0;0
24/12/2013;21:34:00;223;Acidente sem Vítima;368;BR-101/ES;Sul;Saída de Pista;1;0;0;0;0;0;;;;;0;0;0;0;0
24/12/2013;00:36:00;10;Acidente com vítima;411;BR-101/ES;Norte;Tombamento;0;0;1;0;0;0;;;;;1;1;0;0;0
24/12/2013;15:27:00;151;Acidente com vítima;432;BR-101/ES;Sul;Capotamento;1;0;0;0;0;0;;;;;1;1;0;0;0
25/12/2013;16:27:00;145;Acidente com vítima;60;BR-101/ES;Norte;Capotamento;1;0;0;0;0;0;;;;;0;0;1;0;0
25/12/2013;02:33:00;21;Acidente com vítima;107;BR-101/ES;Sul;Queda de Moto;0;0;0;1;0;0;;;;;0;0;1;0;0
25/12/2013;13:45:00;127;Acidente sem Vítima;128,9;BR-101/ES;Norte;Veículo em Chamas;1;0;0;0;0;0;;;;;1;0;0;0;0
25/12/2013;18:24:00;165;Acidente com vítima;146;BR-101/ES;Sul;Colisão Traseira;2;0;0;0;0;0;;;;;1;1;0;0;0
25/12/2013;17:23:00;152;Acidente com vítima;161;BR-101/ES;Norte;Queda de Moto;0;0;0;1;0;0;;;;;0;0;1;0;0
25/12/2013;22:15:00;200;Acidente com vítima;163;BR-101/ES;Norte;Queda de Moto;0;0;0;1;0;0;;;;;0;2;0;0;0
25/12/2013;18:20:00;163;Acidente com vítima;266;BR-101/ES;Norte;Queda de Moto;0;0;0;1;0;0;;;;;1;1;0;0;0
25/12/2013;18:41:00;167;Acidente sem Vítima;416;BR-101/ES;Sul;Colisão Traseira;2;0;0;0;0;0;;;;;2;0;0;0;0
26/12/2013;18:12:00;154;Acidente sem Vítima;307;BR-101/ES;Norte;Saída de Pista;1;0;0;0;0;0;;;;;2;0;0;0;0
26/12/2013;09:52:00;77;Acidente com vítima;369;BR-101/ES;Sul;Colisão Frontal;2;0;0;0;0;0;;;;;0;3;1;0;0
26/12/2013;14:06:00;119;Acidente com vítima;420;BR-101/ES;Sul;Colisão Lateral;1;0;0;1;0;0;;;;;1;0;0;1;0
26/12/2013;07:41:00;58;Acidente sem Vítima;445;BR-101/ES;Norte;Saída de Pista;0;0;1;0;0;0;;;;;0;0;0;0;0
27/12/2013;03:45:00;27;Acidente sem Vítima;14;BR-101/ES;Norte;Saída de Pista;1;0;0;0;0;0;;;;;1;0;0;0;0
27/12/2013;20:46:00;207;Acidente com vítima;50;BR-101/ES;Sul;Colisão Traseira;1;0;0;1;0;0;;;;;2;2;0;0;0
27/12/2013;15:37:00;143;Acidente sem Vítima;205;BR-101/ES;Norte;Colisão Lateral;1;0;2;0;0;0;;;;;3;0;0;0;0
27/12/2013;00:03:00;2;Atropelamento com Morte;256;BR-101/ES;Sul;Atropelamento;0;0;0;0;0;1;;;;;0;0;0;0;1
27/12/2013;22:49:00;232;Acidente sem Vítima;368;BR-101/ES;Norte;Choque com Objeto Fixo;1;0;0;0;0;0;;;;;3;0;0;0;0
27/12/2013;21:21:00;217;Acidente sem Vítima;375;BR-101/ES;Norte;Saída de Pista;0;0;1;0;0;0;;;;;1;0;0;0;0
27/12/2013;10:19:00;80;Acidente sem Vítima;444;BR-101/ES;Sul;Capotamento;1;0;0;0;0;0;;;;;4;0;0;0;0
28/12/2013;10:50:00;101;Acidente com vítima;108,1;BR-101/ES;Norte;Colisão Lateral;1;0;0;1;0;0;;;;;2;2;0;0;0
28/12/2013;13:13:00;126;Acidente com Morte;117;BR-101/ES;Sul;Colisão Frontal;2;0;0;0;0;0;;;;;0;0;1;1;1
28/12/2013;09:19:00;81;Acidente com vítima;203;BR-101/ES;Norte;Colisão Lateral;1;0;0;1;0;0;;;;;1;1;0;0;0
28/12/2013;20:55:00;228;Acidente com vítima;240;BR-101/ES;Sul;Queda de Moto;0;0;0;0;0;1;;;;;0;1;0;0;0
28/12/2013;13:51:00;134;Acidente com vítima;303;BR-101/ES;Sul;Engavetamento;4;0;1;0;0;0;;;;;5;2;0;0;0
28/12/2013;03:48:00;29;Acidente sem Vítima;320;BR-101/ES;Norte;Saída de Pista;1;0;0;0;0;0;;;;;1;0;0;0;0
28/12/2013;22:53:00;248;Acidente sem Vítima;429;BR-101/ES;Norte;Capotamento;1;0;0;0;0;0;;;;;2;0;0;0;0
28/12/2013;15:47:00;156;Acidente sem Vítima;955;BR-101/BA;Norte;Capotamento;1;0;0;0;0;0;;;;;2;0;0;0;0
29/12/2013;08:21:00;82;Acidente com Morte;140,7;BR-101/ES;Sul;Colisão Traseira;0;0;3;1;0;0;;;;;1;0;0;0;1