data;horario;n_da_ocorrencia;tipo_de_ocorrencia;km;trecho;sentido;tipo_de_acidente;automovel;bicicleta;caminhao;moto;onibus;outros;tracao_animal;transporte_de_cargas_especiais;trator_maquinas;utilitarios;ilesos;levemente_feridos;moderadamente_feridos;gravemente_feridos;mortos
16/01/2014;10:51:00;164;Acidente sem Vítima;80;BR-101/ES;Norte;Saída de Pista;1;0;0;0;0;0;;;;;1;0;0;0;0
16/01/2014;17:57:00;287;Acidente sem Vítima;86;BR-101/ES;Norte;Colisão Traseira;2;0;0;0;0;0;;;;;2;0;0;0;0
16/01/2014;16:43:00;263;Acidente sem Vítima;122;BR-101/ES;Norte;Colisão Traseira;2;0;0;0;0;0;;;;;3;0;0;0;0
16/01/2014;19:01:00;300;Atropelamento sem Morte;138;BR-101/ES;Sul;Atropelamento;0;0;0;1;0;0;;;;;0;0;1;1;0
16/01/2014;19:45:00;318;Acidente com vítima;167;BR-101/ES;Norte;Queda de Moto;0;0;2;1;0;0;;;;;1;1;0;0;0
16/01/2014;07:48:00;116;Acidente sem Vítima;176;BR-101/ES;Sul;Colisão Frontal;2;0;0;0;0;0;;;;;2;0;0;0;0
16/01/2014;06:27:00;105;Acidente sem Vítima;204;BR-101/ES;Norte;Colisão Lateral;1;0;1;0;0;0;;;;;2;0;0;0;0
16/01/2014;23:18:00;368;Acidente com vítima;213;BR-101/ES;Sul;Colisão Lateral;0;0;3;0;0;0;;;;;2;1;0;0;0
16/01/2014;17:30:00;280;Acidente sem Vítima;262;BR-101/ES;Norte;Colisão Lateral;1;0;0;0;1;0;;;;;0;0;0;0;0
16/01/2014;08:06:00;125;Acidente com vítima;264;BR-101/ES;Norte;Colisão Traseira;1;0;0;1;0;0;;;;;1;0;1;0;0
16/01/2014;09:01:00;136;Acidente sem Vítima;264;BR-101/ES;Sul;Engavetamento;4;0;0;0;0;0;;;;;4;0;0;0;0
16/01/2014;14:26:00;237;Acidente sem Vítima;264,5;BR-101/ES;Sul;Colisão Traseira;2;0;0;0;0;0;;;;;0;0;0;0;0
16/01/2014;16:15:00;254;Acidente sem Vítima;267;BR-101/ES;Sul;Engavetamento;3;0;0;0;0;0;;;;;4;0;0;0;0
16/01/2014;17:07:00;272;Acidente sem Vítima;309;BR-101/ES;Sul;Colisão;0;0;0;0;0;1;;;;;0;0;0;0;0
16/01/2014;12:51:00;209;Acidente com vítima;379;BR-101/ES;Norte;Engavetamento;3;0;0;0;0;0;;;;;3;1;0;0;0
16/01/2014;11:23:00;174;Acidente sem Vítima;410;BR-101/ES;Norte;Colisão Lateral;1;0;1;0;0;0;;;;;2;0;0;0;0
17/01/2014;15:27:00;312;Acidente com vítima;14;BR-101/ES;Norte;Tombamento;0;0;2;0;0;0;;;;;0;2;0;1;0
17/01/2014;15:52:00;320;Acidente sem Vítima;141;BR-101/ES;Norte;Colisão Traseira;1;0;1;0;0;0;;;;;3;0;0;0;0
17/01/2014;09:41:00;190;Acidente sem Vítima;206;BR-101/ES;Sul;Colisão Traseira;1;0;1;0;0;0;;;;;4;0;0;0;0
17/01/2014;16:50:00;334;Acidente sem Vítima;213;BR-101/ES;Norte;Engavetamento;3;0;0;0;0;0;;;;;3;0;0;0;0
17/01/2014;13:57:00;283;Acidente sem Vítima;214;BR-101/ES;Norte;Colisão Lateral;2;0;0;0;0;0;;;;;2;0;0;0;0
17/01/2014;20:45:00;393;Acidente sem Vítima;220;BR-101/ES;Sul;Colisão Traseira;2;0;0;0;0;0;;;;;2;0;0;0;0
17/01/2014;16:23:00;327;Acidente com vítima;230;BR-101/ES;Norte;Colisão Frontal;2;0;0;0;0;0;;;;;0;6;0;0;0
17/01/2014;12:37:00;251;Acidente sem Vítima;258;BR-101/ES;Norte;Capotamento;1;0;2;0;0;0;;;;;3;0;0;0;0
17/01/2014;21:48:00;416;Acidente com vítima;258;BR-101/ES;Sul;Queda de Moto;0;0;0;1;0;0;;;;;0;1;0;0;0
17/01/2014;13:19:00;267;Acidente sem Vítima;259,9;BR-101/ES;Sul;Engavetamento;4;0;0;0;0;0;;;;;4;0;0;0;0
17/01/2014;10:30:00;205;Acidente com vítima;260;BR-101/ES;Sul;Colisão Traseira;1;0;0;1;0;0;;;;;1;1;0;0;0
17/01/2014;10:56:00;212;Acidente com vítima;260;BR-101/ES;Norte;Colisão Traseira;2;0;0;0;0;0;;;;;1;2;0;0;0
17/01/2014;11:02:00;215;Acidente sem Vítima;260;BR-101/ES;Sul;Colisão Lateral;1;0;1;0;0;0;;;;;2;0;0;0;0
17/01/2014;14:33:00;299;Atropelamento sem Morte;265;BR-101/ES;Norte;Atropelamento;0;0;0;0;0;1;;;;;0;1;0;0;0
17/01/2014;17:37:00;342;Acidente sem Vítima;268;BR-101/ES;Sul;Colisão Lateral;2;0;0;0;0;0;;;;;2;0;0;0;0
17/01/2014;14:17:00;293;Acidente sem Vítima;295;BR-101/ES;Sul;Colisão Traseira;2;0;0;0;0;0;;;;;0;0;0;0;0
17/01/2014;22:24:00;424;Acidente sem Vítima;296;BR-101/ES;Norte;Colisão Traseira;2;0;0;0;0;0;;;;;2;0;0;0;0
17/01/2014;00:55:00;24;Acidente sem Vítima;328;BR-101/ES;Norte;Queda de Moto;0;0;0;0;0;1;;;;;0;0;0;0;0
17/01/2014;16:22:00;326;Acidente com vítima;368;BR-101/ES;Sul;Colisão Frontal;1;0;0;0;1;0;;;;;2;1;0;0;0
18/01/2014;21:55:00;421;Acidente com vítima;16;BR-101/ES;Norte;Tombamento;0;0;1;0;0;0;;;;;0;2;0;0;0
18/01/2014;12:23:00;269;Acidente com vítima;20,6;BR-101/ES;Norte;Colisão;0;0;1;0;0;0;;;;;0;1;0;0;0
18/01/2014;12:39:00;278;Acidente sem Vítima;21;BR-101/ES;Norte;Colisão;0;0;0;0;0;1;;;;;0;0;0;0;0
18/01/2014;09:31:00;195;Acidente sem Vítima;66;BR-101/ES;Sul;Colisão Traseira;0;0;2;0;0;0;;;;;2;0;0;0;0
18/01/2014;01:53:00;40;Acidente com vítima;118;BR-101/ES;Sul;Saída de Pista;1;0;0;0;0;0;;;;;2;1;0;0;0
18/01/2014;12:24:00;271;Acidente sem Vítima;147;BR-101/ES;Sul;Colisão;1;0;0;0;1;0;;;;;2;0;0;0;0
18/01/2014;18:06:00;363;Acidente sem Vítima;188;BR-101/ES;Sul;Colisão;0;0;2;0;0;0;;;;;2;0;0;0;0
18/01/2014;16:47:00;338;Acidente sem Vítima;229;BR-101/ES;Norte;Colisão Traseira;2;0;0;0;0;0;;;;;2;0;0;0;0
18/01/2014;09:27:00;192;Acidente sem Vítima;229,2;BR-101/ES;Sul;Engavetamento;5;0;0;0;0;0;;;;;5;0;0;0;0
18/01/2014;20:12:00;391;Acidente sem Vítima;237;BR-101/ES;Sul;Saída de Pista;1;0;0;0;0;0;;;;;1;0;0;0;0
18/01/2014;14:48:00;309;Acidente sem Vítima;242;BR-101/ES;Norte;Colisão Traseira;2;0;0;0;0;0;;;;;2;0;0;0;0
18/01/2014;16:57:00;341;Acidente com vítima;243;BR-101/ES;Sul;Colisão Lateral;2;0;0;0;0;0;;;;;2;1;0;0;0
18/01/2014;17:32:00;351;Acidente sem Vítima;256;BR-101/ES;Sul;Choque com Objeto Fixo;1;0;0;0;0;0;;;;;1;0;0;0;0
18/01/2014;07:55:00;137;Acidente sem Vítima;262,5;BR-101/ES;Norte;Colisão Traseira;2;0;0;0;0;0;;;;;2;0;0;0;0
18/01/2014;00:57:00;22;Acidente sem Vítima;263;BR-101/ES;Norte;Choque com Objeto Fixo;1;0;0;0;0;0;;;;;0;0;0;0;0
18/01/2014;14:40:00;307;Acidente sem Vítima;263;BR-101/ES;Norte;Colisão Traseira;2;0;0;0;0;0;;;;;2;0;0;0;0
18/01/2014;01:57:00;41;Acidente sem Vítima;265;BR-101/ES;Norte;Colisão Lateral;1;0;0;0;1;0;;;;;2;0;0;0;0
18/01/2014;10:12:00;209;Acidente sem Vítima;267;BR-101/ES;Sul;Colisão Traseira;1;0;1;0;0;0;;;;;2;0;0;0;0
18/01/2014;15:49:00;322;Acidente sem Vítima;268;BR-101/ES;Norte;Colisão Lateral;2;0;0;0;0;0;;;;;2;0;0;0;0
18/01/2014;08:38:00;161;Acidente sem Vítima;314;BR-101/ES;Sul;Colisão Traseira;2;0;0;0;0;0;;;;;2;0;0;0;0
18/01/2014;12:42:00;279;Acidente sem Vítima;324;BR-101/ES;Sul;Colisão Lateral;2;0;0;0;0;0;;;;;2;0;0;0;0
18/01/2014;13:04:00;286;Acidente com vítima;362,3;BR-101/ES;Norte;Capotamento;1;0;2;0;0;0;;;;;1;1;0;0;0
18/01/2014;18:32:00;366;Acidente sem Vítima;400;BR-101/ES;Sul;Capotamento;1;0;0;0;0;0;;;;;1;0;0;0;0
18/01/2014;11:36:00;244;Acidente com vítima;954;BR-101/BA;Norte;Colisão Traseira;1;0;1;0;0;0;;;;;3;2;0;0;0
19/01/2014;20:06:00;300;Acidente com vítima;66;BR-101/ES;Norte;Queda de Moto;0;0;0;1;0;0;;;;;0;1;0;0;0
19/01/2014;18:34:00;274;Acidente sem Vítima;80;BR-101/ES;Norte;Colisão Traseira;1;0;0;0;0;0;;;;;2;0;0;0;0
19/01/2014;20:28:00;314;Acidente com vítima;122;BR-101/ES;Norte;Colisão Traseira;0;0;0;2;0;0;;;;;0;0;1;1;0
19/01/2014;18:24:00;273;Acidente sem Vítima;150;BR-101/ES;Sul;Colisão Traseira;1;0;1;0;0;0;;;;;2;0;0;0;0
19/01/2014;17:12:00;254;Acidente sem Vítima;218;BR-101/ES;Norte;Engavetamento;3;0;0;0;0;0;;;;;3;0;0;0;0
19/01/2014;14:16:00;221;Acidente sem Vítima;256;BR-101/ES;Sul;Colisão Lateral;0;0;0;1;0;0;;;;;0;0;0;0;0
19/01/2014;17:22:00;256;Acidente sem Vítima;324;BR-101/ES;Norte;Colisão Traseira;3;0;0;0;0;0;;;;;6;0;0;0;0
19/01/2014;14:19:00;223;Acidente com vítima;361;BR-101/ES;Norte;Capotamento;1;0;0;0;0;0;;;;;2;2;0;0;0
19/01/2014;23:55:00;355;Acidente com vítima;400,2;BR-101/ES;Sul;Saída de Pista;1;0;0;0;0;0;;;;;0;1;0;0;0
20/01/2014;12:55:00;216;Acidente com vítima;4,7;BR-101/ES;Sul;Tombamento;0;0;1;0;0;0;;;;;0;1;0;0;0
20/01/2014;09:09:00;119;Acidente sem Vítima;77,9;BR-101/ES;Sul;Colisão Traseira;1;0;0;0;0;0;;;;;1;0;0;0;0
20/01/2014;16:50:00;260;Acidente sem Vítima;124;BR-101/ES;Norte;Colisão Lateral;1;0;3;0;0;0;;;;;2;0;0;0;0
20/01/2014;14:08:00;231;Acidente com vítima;126;BR-101/ES;Sul;Colisão;0;0;1;0;0;0;;;;;1;0;0;1;0
20/01/2014;01:10:00;11;Acidente sem Vítima;140;BR-101/ES;Norte;Colisão Traseira;1;0;1;0;0;0;;;;;1;0;0;0;0
20/01/2014;09:56:00;149;Acidente com vítima;145;BR-101/ES;Norte;Colisão Traseira;0;0;2;0;0;0;;;;;3;0;1;0;0
20/01/2014;22:17:00;349;Acidente com vítima;230;BR-101/ES;Norte;Queda de Moto;0;0;0;1;0;0;;;;;0;0;1;0;0
20/01/2014;00:32:00;5;Acidente sem Vítima;232;BR-101/ES;Sul;Saída de Pista;1;0;0;0;0;0;;;;;0;0;0;0;0
20/01/2014;21:42:00;343;Acidente sem Vítima;267;BR-101/ES;Sul;Colisão Lateral;2;0;0;0;0;0;;;;;4;0;0;0;0
20/01/2014;17:54:00;272;Acidente sem Vítima;268;BR-101/ES;Norte;Colisão Lateral;1;0;1;0;0;0;;;;;2;0;0;0;0
20/01/2014;18:15:00;275;Acidente com vítima;300;BR-101/ES;Norte;Colisão Lateral;0;0;0;2;0;0;;;;;2;1;0;0;0
21/01/2014;17:05:00;264;Acidente com vítima;266;BR-101/ES;Sul;Colisão Lateral;1;0;0;1;0;0;;;;;0;2;0;0;0
21/01/2014;10:16:00;140;Acidente sem Vítima;268;BR-101/ES;Norte;Colisão;2;0;1;0;0;0;;;;;3;0;0;0;0
21/01/2014;05:35:00;54;Acidente sem Vítima;305;BR-101/ES;Sul;Colisão Frontal;2;0;0;0;0;0;;;;;2;0;0;0;0
21/01/2014;22:14:00;345;Acidente sem Vítima;306;BR-101/ES;Norte;Colisão Lateral;1;0;2;0;0;0;;;;;5;0;0;0;0
21/01/2014;15:29:00;235;Acidente com vítima;331,4;BR-101/ES;Norte;Colisão Frontal;2;0;0;0;0;0;;;;;1;3;1;0;0
21/01/2014;12:36:00;192;Acidente com vítima;434;BR-101/ES;Sul;Queda de Moto;0;0;0;1;0;0;;;;;0;2;0;0;0
21/01/2014;08:31:00;99;Acidente sem Vítima;449;BR-101/ES;Norte;Queda de ciclista;0;0;0;0;0;1;;;;;0;0;0;0;0
22/01/2014;10:08:00;201;Acidente sem Vítima;4,7;BR-101/ES;Sul;Tombamento;0;0;0;0;0;1;;;;;0;0;0;0;0
22/01/2014;16:59:00;317;Acidente sem Vítima;4,7;BR-101/ES;Sul;Tombamento;0;0;0;0;0;1;;;;;0;0;0;0;0
22/01/2014;22:27:00;409;Atropelamento sem Morte;38;BR-101/ES;Sul;Atropelamento;1;0;0;0;0;0;;;;;0;1;0;0;0
22/01/2014;18:41:00;340;Acidente sem Vítima;79;BR-101/ES;Norte;Colisão Traseira;2;0;0;0;0;0;;;;;4;0;0;0;0
22/01/2014;14:46:00;274;Acidente com vítima;126;BR-101/ES;Sul;Colisão Lateral;1;0;0;1;0;0;;;;;1;0;1;0;0
22/01/2014;07:48:00;143;Acidente sem Vítima;148;BR-101/ES;Norte;Colisão Lateral;3;0;0;0;0;0;;;;;3;0;0;0;0
22/01/2014;17:36:00;325;Acidente com vítima;260;BR-101/ES;Norte;Queda de Moto;0;0;0;1;0;0;;;;;0;0;1;0;0
22/01/2014;14:47:00;275;Acidente sem Vítima;263;BR-101/ES;Norte;Veículo em Chamas;1;0;0;0;0;0;;;;;1;0;0;0;0
22/01/2014;07:35:00;136;Acidente sem Vítima;265;BR-101/ES;Sul;Veículo em Chamas;0;0;1;0;0;0;;;;;0;0;0;0;0
22/01/2014;05:52:00;114;Acidente sem Vítima;373,5;BR-101/ES;Norte;Colisão Lateral;0;0;2;0;0;0;;;;;2;0;0;0;0
22/01/2014;23:46:00;426;Acidente sem Vítima;377;BR-101/ES;Sul;Choque com Objeto Fixo;1;0;0;0;0;0;;;;;1;0;0;0;0
22/01/2014;13:12:00;260;Acidente com vítima;431;BR-101/ES;Sul;Saída de Pista;1;0;3;0;0;0;;;;;2;2;0;0;0
22/01/2014;12:08:00;236;Acidente sem Vítima;439;BR-101/ES;Sul;Colisão Lateral;1;0;1;0;0;0;;;;;2;0;0;0;0
23/01/2014;17:16:00;286;Acidente sem Vítima;76;BR-101/ES;Norte;Engavetamento;3;0;0;0;0;0;;;;;4;0;0;0;0
23/01/2014;15:28:00;258;Acidente sem Vítima;102;BR-101/ES;Sul;Colisão Transversal;1;0;1;0;0;0;;;;;6;0;0;0;0
23/01/2014;22:40:00;402;Acidente sem Vítima;264;BR-101/ES;Norte;Queda de Moto;0;0;0;1;0;0;;;;;0;0;0;0;0
23/01/2014;19:06:00;323;Acidente sem Vítima;297;BR-101/ES;Norte;Colisão Lateral;1;0;2;0;0;0;;;;;3;0;0;0;0
23/01/2014;19:14:00;325;Acidente com vítima;382;BR-101/ES;Sul;Queda de Moto;0;0;0;1;0;0;;;;;0;2;0;0;0
24/01/2014;10:22:00;172;Acidente com vítima;27;BR-101/ES;Norte;Queda de Moto;0;0;0;1;0;0;;;;;0;1;0;0;0
24/01/2014;14:55:00;256;Acidente sem Vítima;28;BR-101/ES;Sul;Colisão;0;0;0;0;0;1;;;;;0;0;0;0;0
24/01/2014;10:55:00;186;Acidente sem Vítima;62;BR-101/ES;Norte;Engavetamento;3;0;0;0;0;0;;;;;3;0;0;0;0
24/01/2014;04:47:00;98;Acidente com vítima;136;BR-101/ES;Sul;Colisão Traseira;1;0;0;1;0;0;;;;;1;1;0;0;0
24/01/2014;15:54:00;266;Acidente sem Vítima;139;BR-101/ES;Norte;Colisão Traseira;0;0;2;0;0;0;;;;;2;0;0;0;0
24/01/2014;14:10:00;251;Acidente com vítima;205;BR-101/ES;Norte;Colisão Lateral;1;0;1;0;0;0;;;;;1;0;0;1;0
24/01/2014;12:59:00;230;Acidente sem Vítima;210;BR-101/ES;Norte;Colisão Frontal;2;0;0;0;0;0;;;;;2;0;0;0;0
24/01/2014;08:09:00;143;Acidente sem Vítima;230;BR-101/ES;Norte;Colisão Lateral;2;0;0;0;0;0;;;;;2;0;0;0;0
24/01/2014;10:32:00;179;Acidente sem Vítima;237;BR-101/ES;Norte;Tombamento;1;0;0;0;0;0;;;;;1;0;0;0;0
24/01/2014;11:53:00;204;Acidente sem Vítima;245;BR-101/ES;Sul;Colisão Traseira;1;0;1;0;0;0;;;;;2;0;0;0;0
24/01/2014;17:42:00;297;Acidente sem Vítima;252,5;BR-101/ES;Sul;Colisão Traseira;2;0;0;0;0;0;;;;;3;0;0;0;0
24/01/2014;12:32:00;218;Acidente sem Vítima;261;BR-101/ES;Sul;Colisão Traseira;1;0;1;0;0;0;;;;;2;0;0;0;0
24/01/2014;14:37:00;254;Acidente sem Vítima;267;BR-101/ES;Sul;Engavetamento;3;0;0;0;0;0;;;;;3;0;0;0;0
24/01/2014;09:00:00;155;Acidente sem Vítima;316,5;BR-101/ES;Norte;Colisão Lateral;2;0;0;0;0;0;;;;;1;0;0;0;0
24/01/2014;20:10:00;342;Acidente sem Vítima;319;BR-101/ES;Norte;Queda de Moto;0;0;0;1;0;0;;;;;1;0;0;0;0
24/01/2014;22:40:00;395;Acidente sem Vítima;328;BR-101/ES;Norte;Capotamento;1;0;0;0;0;0;;;;;3;0;0;0;0
24/01/2014;13:05:00;235;Acidente sem Vítima;335;BR-101/ES;Sul;Tombamento;0;0;1;0;0;0;;;;;1;0;0;0;0
24/01/2014;10:44:00;183;Acidente sem Vítima;338;BR-101/ES;Norte;Colisão Traseira;2;0;0;0;0;0;;;;;2;0;0;0;0
24/01/2014;21:07:00;369;Acidente com vítima;427;BR-101/ES;Sul;Queda de Moto;0;0;0;0;0;1;;;;;0;1;0;0;0
24/01/2014;19:26:00;319;Acidente com vítima;431;BR-101/ES;Norte;Tombamento;0;0;2;0;0;0;;;;;0;1;0;0;0
24/01/2014;14:17:00;252;Acidente sem Vítima;946,4;BR-101/BA;Norte;Colisão Traseira;3;0;0;0;0;0;;;;;3;0;0;0;0
25/01/2014;00:24:00;9;Acidente com Morte;17,8;BR-101/ES;Sul;Colisão Lateral;1;0;0;1;0;0;;;;;4;0;1;0;1
25/01/2014;12:35:00;258;Acidente sem Vítima;38,3;BR-101/ES;Norte;Engavetamento;3;0;0;0;0;0;;;;;3;0;0;0;0
25/01/2014;13:39:00;273;Acidente sem Vítima;121;BR-101/ES;Sul;Colisão;2;0;0;0;0;0;;;;;2;0;0;0;0
25/01/2014;18:56:00;330;Acidente com vítima;141;BR-101/ES;Sul;Queda de Moto;1;0;0;0;0;0;;;;;0;1;1;0;0
25/01/2014;17:34:00;318;Acidente sem Vítima;256;BR-101/ES;Norte;Saída de Pista;1;0;0;0;0;0;;;;;4;0;0;0;0
25/01/2014;03:58:00;70;Acidente sem Vítima;262;BR-101/ES;Norte;Colisão Lateral;1;0;2;0;0;0;;;;;2;0;0;0;0
25/01/2014;18:13:00;324;Acidente com vítima;341;BR-101/ES;Sul;Queda de Moto;0;0;0;1;0;0;;;;;1;0;0;1;0
25/01/2014;07:30:00;118;Acidente com vítima;369;BR-101/ES;Sul;Queda de Moto;1;0;0;1;0;0;;;;;1;1;0;0;0
25/01/2014;22:51:00;389;Acidente com Morte;369;BR-101/ES;Norte;Colisão Lateral;1;0;2;0;0;0;;;;;1;0;0;0;2
25/01/2014;13:14:00;267;Acidente com vítima;392;BR-101/ES;Norte;Saída de Pista;1;0;0;0;0;0;;;;;0;1;0;0;0
25/01/2014;22:38:00;388;Acidente com vítima;402;BR-101/ES;Norte;Queda de Moto;0;0;0;0;0;1;;;;;0;1;0;0;0
26/01/2014;11:09:00;213;Acidente com vítima;66,3;BR-101/ES;Sul;Colisão Traseira;2;0;0;0;0;0;;;;;2;1;0;0;0
26/01/2014;22:33:00;409;Acidente sem Vítima;69;BR-101/ES;Norte;Atropelamento - Equino;1;0;0;0;0;0;;;;;1;0;0;0;0
26/01/2014;17:48:00;325;Acidente sem Vítima;110;BR-101/ES;Sul;Engavetamento;3;0;0;0;0;0;;;;;2;0;0;0;0
26/01/2014;19:31:00;351;Acidente com vítima;142;BR-101/ES;Norte;Colisão Lateral;1;0;0;1;0;0;;;;;0;1;0;0;0
26/01/2014;02:28:00;47;Acidente sem Vítima;146;BR-101/ES;Sul;Colisão Traseira;1;0;0;1;0;0;;;;;3;0;0;0;0
26/01/2014;12:24:00;240;Acidente com vítima;148;BR-101/ES;Norte;Colisão Traseira;1;0;0;0;0;0;;;;;2;2;0;0;0
26/01/2014;09:34:00;177;Acidente com vítima;163;BR-101/ES;Norte;Saída de Pista;0;0;1;0;0;0;;;;;0;1;0;0;0
26/01/2014;18:41:00;334;Atropelamento sem Morte;202;BR-101/ES;Norte;Atropelamento;0;0;0;1;0;0;;;;;0;1;1;0;0
26/01/2014;17:09:00;316;Acidente sem Vítima;251;BR-101/ES;Norte;Engavetamento;3;0;0;0;0;0;;;;;3;0;0;0;0
26/01/2014;20:33:00;375;Atropelamento sem Morte;251;BR-101/ES;Norte;Atropelamento;1;0;0;0;0;0;;;;;0;1;1;0;0
26/01/2014;10:31:00;199;Acidente sem Vítima;260;BR-101/ES;Norte;Colisão Traseira;2;0;0;0;0;0;;;;;2;0;0;0;0
26/01/2014;11:51:00;226;Acidente sem Vítima;262;BR-101/ES;Norte;Colisão Transversal;2;0;0;0;0;0;;;;;2;0;0;0;0
26/01/2014;22:53:00;411;Acidente sem Vítima;267,8;BR-101/ES;Sul;Colisão Traseira;1;0;1;0;0;0;;;;;2;0;0;0;0
26/01/2014;14:24:00;277;Acidente sem Vítima;268;BR-101/ES;Norte;Colisão Traseira;2;0;0;0;0;0;;;;;2;0;0;0;0
27/01/2014;18:15:00;352;Acidente sem Vítima;82,9;BR-101/ES;Norte;Colisão Lateral;1;0;0;0;1;0;;;;;2;0;0;0;0
27/01/2014;13:40:00;285;Acidente com vítima;94;BR-101/ES;Sul;Colisão Lateral;1;0;0;1;0;0;;;;;0;3;0;0;0
27/01/2014;20:30:00;406;Acidente com vítima;148;BR-101/ES;Norte;Colisão Traseira;1;0;0;1;0;0;;;;;2;0;0;1;0
27/01/2014;07:52:00;116;Acidente com vítima;258;BR-101/ES;Norte;Queda de Moto;0;0;0;1;0;0;;;;;0;1;0;0;0
27/01/2014;16:30:00;318;Acidente sem Vítima;260;BR-101/ES;Sul;Engavetamento;5;0;0;0;0;0;;;;;5;0;0;0;0
27/01/2014;18:50:00;363;Acidente com vítima;262;BR-101/ES;Norte;Colisão Lateral;1;0;0;1;0;0;;;;;1;1;0;0;0
27/01/2014;20:02:00;388;Acidente sem Vítima;262;BR-101/ES;Norte;Queda de Moto;0;0;0;1;0;0;;;;;1;0;0;0;0
27/01/2014;18:33:00;359;Acidente com vítima;267,8;BR-101/ES;Sul;Queda de Moto;1;0;0;0;0;0;;;;;0;1;0;0;0
27/01/2014;00:04:00;3;Atropelamento com Morte;295;BR-101/ES;Sul;Atropelamento;0;0;0;0;0;1;;;;;0;0;0;0;1
27/01/2014;09:19:00;163;Acidente sem Vítima;311;BR-101/ES;Norte;Colisão Lateral;0;0;1;0;0;0;;;;;1;0;0;0;0
27/01/2014;09:23:00;166;Acidente com vítima;311;BR-101/ES;Norte;Saída de Pista;1;0;0;0;0;0;;;;;0;1;0;0;0
27/01/2014;17:23:00;333;Acidente sem Vítima;376,5;BR-101/ES;Sul;Colisão Traseira;1;0;0;1;0;0;;;;;1;0;0;0;0
27/01/2014;07:39:00;110;Acidente sem Vítima;395,5;BR-101/ES;Sul;Colisão Traseira;2;0;0;0;0;0;;;;;2;0;0;0;0
28/01/2014;10:50:00;212;Acidente sem Vítima;37;BR-101/ES;Norte;Colisão Traseira;2;0;0;0;0;0;;;;;4;0;0;0;0
28/01/2014;21:21:00;438;Acidente com vítima;127;BR-101/ES;Norte;Saída de Pista;1;0;0;0;0;0;;;;;0;1;0;0;0
28/01/2014;17:23:00;352;Acidente com vítima;142;BR-101/ES;Sul;Colisão Traseira;0;0;1;1;0;0;;;;;2;1;0;0;0
28/01/2014;06:47:00;74;Acidente com vítima;172;BR-101/ES;Norte;Colisão;0;0;1;1;0;0;;;;;1;1;0;0;0
28/01/2014;11:56:00;254;Acidente sem Vítima;213;BR-101/ES;Norte;Colisão Traseira;0;0;2;0;0;0;;;;;2;0;0;0;0
28/01/2014;11:24:00;240;Acidente sem Vítima;230;BR-101/ES;Sul;Engavetamento;3;0;0;0;0;0;;;;;3;0;0;0;0
28/01/2014;12:34:00;269;Acidente sem Vítima;230;BR-101/ES;Norte;Colisão Traseira;1;0;1;0;0;0;;;;;2;0;0;0;0
28/01/2014;15:17:00;317;Acidente sem Vítima;247;BR-101/ES;Norte;Veículo em Chamas;0;0;2;0;0;0;;;;;0;0;0;0;0
28/01/2014;09:43:00;174;Acidente com vítima;268;BR-101/ES;Sul;Queda de Moto;2;0;0;1;0;0;;;;;2;1;0;0;0
28/01/2014;10:15:00;195;Acidente sem Vítima;268;BR-101/ES;Sul;Colisão Lateral;1;0;1;0;0;0;;;;;0;0;0;0;0
28/01/2014;21:11:00;435;Acidente sem Vítima;269,5;BR-101/ES;Sul;Engavetamento;2;0;1;0;0;0;;;;;7;0;0;0;0
28/01/2014;15:02:00;313;Acidente com vítima;315;BR-101/ES;Sul;Colisão Traseira;2;0;0;0;0;0;;;;;3;2;0;0;0
29/01/2014;19:32:00;401;Acidente com vítima;66;BR-101/ES;Sul;Colisão;0;1;0;1;0;0;;;;;0;1;0;0;0
29/01/2014;13:44:00;298;Acidente sem Vítima;142;BR-101/ES;Sul;Saída de Pista;1;0;0;0;0;0;;;;;0;0;0;0;0
29/01/2014;22:24:00;468;Acidente com vítima;218;BR-101/ES;Norte;Saída de Pista;1;0;0;0;0;0;;;;;0;1;0;0;0
29/01/2014;18:54:00;391;Acidente sem Vítima;255;BR-101/ES;Sul;Colisão Traseira;2;0;0;0;0;0;;;;;2;0;0;0;0
29/01/2014;15:47:00;333;Acidente sem Vítima;259;BR-101/ES;Norte;Colisão;0;0;0;0;0;1;;;;;0;0;0;0;0
29/01/2014;06:06:00;73;Acidente sem Vítima;260;BR-101/ES;Sul;Choque com Objeto Fixo;1;0;0;0;0;0;;;;;1;0;0;0;0
29/01/2014;14:58:00;316;Acidente sem Vítima;260;BR-101/ES;Sul;Colisão Traseira;1;0;0;0;0;0;;;;;1;0;0;0;0
29/01/2014;18:24:00;383;Acidente com Morte;260;BR-101/ES;Norte;Queda de Moto;0;0;1;1;0;0;;;;;0;0;0;0;1
29/01/2014;16:30:00;348;Acidente sem Vítima;263;BR-101/ES;Sul;Veículo em Chamas;1;0;0;0;0;0;;;;;1;0;0;0;0
29/01/2014;14:52:00;314;Acidente sem Vítima;267;BR-101/ES;Norte;Colisão Lateral;2;0;0;0;0;0;;;;;2;0;0;0;0
29/01/2014;18:36:00;386;Atropelamento sem Morte;268;BR-101/ES;Norte;Atropelamento;1;0;0;1;0;0;;;;;3;0;0;1;0
29/01/2014;15:39:00;329;Acidente sem Vítima;269;BR-101/ES;Norte;Colisão Lateral;0;0;2;1;0;0;;;;;1;0;0;0;0
29/01/2014;13:35:00;296;Acidente sem Vítima;270;BR-101/ES;Norte;Colisão Lateral;1;0;1;0;0;0;;;;;2;0;0;0;0