data;horario;n_da_ocorrencia;tipo_de_ocorrencia;km;trecho;sentido;tipo_de_acidente;automovel;bicicleta;caminhao;moto;onibus;outros;tracao_animal;transporte_de_cargas_especiais;trator_maquinas;utilitarios;ilesos;levemente_feridos;moderadamente_feridos;gravemente_feridos;mortos
29/01/2014;17:14:00;364;Acidente sem Vítima;297;BR-101/ES;Sul;Colisão Traseira;2;0;0;0;0;0;;;;;2;0;0;0;0
29/01/2014;23:22:00;474;Acidente com vítima;335;BR-101/ES;Norte;Queda de Moto;0;0;0;1;0;0;;;;;0;0;1;0;0
29/01/2014;12:06:00;237;Acidente sem Vítima;345;BR-101/ES;Sul;Engavetamento;1;0;3;0;0;0;;;;;4;0;0;0;0
30/01/2014;11:00:00;266;Acidente sem Vítima;121;BR-101/ES;Sul;Choque com Objeto Fixo;1;0;0;0;0;0;;;;;1;0;0;0;0
30/01/2014;19:32:00;426;Acidente com vítima;155;BR-101/ES;Sul;Queda de Moto;0;0;0;1;0;0;;;;;0;1;0;0;0
30/01/2014;11:20:00;277;Acidente sem Vítima;263;BR-101/ES;Sul;Colisão Traseira;1;0;1;0;0;0;;;;;2;0;0;0;0
30/01/2014;18:18:00;401;Acidente sem Vítima;263;BR-101/ES;Sul;Colisão;0;1;0;1;0;0;;;;;0;0;0;0;0
30/01/2014;15:02:00;340;Acidente sem Vítima;317;BR-101/ES;Norte;Colisão Frontal;1;0;0;0;0;0;;;;;2;0;0;0;0
30/01/2014;16:10:00;359;Acidente com vítima;344;BR-101/ES;Sul;Colisão Traseira;2;0;0;0;0;0;;;;;1;1;0;0;0
30/01/2014;14:20:00;336;Acidente sem Vítima;350;BR-101/ES;Sul;Engavetamento;0;0;3;0;0;0;;;;;3;0;0;0;0
30/01/2014;10:38:00;257;Acidente com vítima;448;BR-101/ES;Sul;Colisão Lateral;2;0;0;0;0;0;;;;;4;1;0;0;0
31/01/2014;14:24:00;255;Acidente com vítima;19,5;BR-101/ES;Sul;Colisão Lateral;2;0;0;0;0;0;;;;;1;2;0;0;0
31/01/2014;18:10:00;320;Acidente com vítima;36;BR-101/ES;Norte;Capotamento;1;0;0;0;0;0;;;;;2;0;0;1;0
31/01/2014;09:20:00;163;Acidente com vítima;110,3;BR-101/ES;Sul;Colisão Traseira;1;0;1;0;0;0;;;;;2;2;0;0;0
31/01/2014;10:41:00;176;Acidente com vítima;123,5;BR-101/ES;Norte;Colisão Traseira;0;0;2;0;0;0;;;;;0;0;1;0;0
31/01/2014;15:44:00;275;Acidente com vítima;137;BR-101/ES;Norte;Colisão Lateral;1;0;0;0;0;0;;;;;1;0;1;0;0
31/01/2014;18:12:00;321;Acidente com vítima;163;BR-101/ES;Sul;Colisão Lateral;2;0;0;0;0;0;;;;;4;3;1;0;0
31/01/2014;18:01:00;316;Acidente sem Vítima;209;BR-101/ES;Norte;Saída de Pista;1;0;0;0;0;0;;;;;2;0;0;0;0
31/01/2014;13:11:00;234;Acidente sem Vítima;242;BR-101/ES;Sul;Engavetamento;1;0;2;0;0;0;;;;;3;0;0;0;0
31/01/2014;06:36:00;116;Acidente com vítima;255,5;BR-101/ES;Norte;Queda de Moto;1;0;0;1;0;0;;;;;0;0;1;0;0
31/01/2014;10:33:00;175;Acidente sem Vítima;263;BR-101/ES;Norte;Engavetamento;1;0;1;1;0;0;;;;;3;0;0;0;0
31/01/2014;22:23:00;414;Acidente com vítima;264;BR-101/ES;Sul;Colisão Traseira;1;0;1;0;0;0;;;;;3;2;0;0;0
31/01/2014;17:28:00;304;Acidente com vítima;265;BR-101/ES;Sul;Colisão Traseira;1;0;2;0;0;0;;;;;1;2;0;0;0
31/01/2014;08:09:00;144;Acidente com vítima;266;BR-101/ES;Sul;Queda de Moto;0;0;0;1;0;0;;;;;0;0;1;1;0
31/01/2014;09:21:00;164;Acidente sem Vítima;270;BR-101/ES;Norte;Colisão Lateral;1;0;1;0;0;0;;;;;2;0;0;0;0
31/01/2014;22:32:00;417;Acidente sem Vítima;298;BR-101/ES;Sul;Capotamento;0;0;0;0;0;1;;;;;0;0;0;0;0
31/01/2014;01:38:00;42;Acidente sem Vítima;302,5;BR-101/ES;Norte;Veículo em Chamas;0;0;1;0;0;0;;;;;2;0;0;0;0
31/01/2014;09:03:00;159;Acidente com vítima;307;BR-101/ES;Norte;Colisão Traseira;1;0;0;1;0;0;;;;;1;1;0;0;0
31/01/2014;15:02:00;261;Acidente sem Vítima;377;BR-101/ES;Norte;Colisão Traseira;1;0;1;0;0;0;;;;;3;0;0;0;0
31/01/2014;15:40:00;273;Acidente sem Vítima;392;BR-101/ES;Sul;Colisão Traseira;1;0;1;0;0;0;;;;;4;0;0;0;0
31/01/2014;20:33:00;376;Acidente com vítima;395;BR-101/ES;Norte;Colisão Lateral;0;0;0;1;0;0;;;;;0;1;0;0;0
31/01/2014;09:26:00;167;Acidente com vítima;407,5;BR-101/ES;Sul;Tombamento;0;0;2;0;0;0;;;;;0;1;1;0;0
01/02/2014;15:02:00;253;Acidente sem Vítima;68;BR-101/ES;Norte;Queda de ciclista;0;0;0;0;0;1;;;;;0;0;0;0;0
01/02/2014;17:26:00;291;Acidente com vítima;163;BR-101/ES;Norte;Queda de Moto;0;0;0;1;0;0;;;;;1;1;0;0;0
01/02/2014;21:30:00;376;Acidente com vítima;185;BR-101/ES;Norte;Colisão Frontal;1;0;0;0;0;0;;;;;1;1;0;0;0
01/02/2014;17:54:00;296;Acidente com vítima;231;BR-101/ES;Sul;Queda de Moto;1;0;0;0;0;0;;;;;1;1;0;0;0
01/02/2014;10:14:00;166;Acidente com vítima;262;BR-101/ES;Norte;Capotamento;1;0;0;0;0;0;;;;;0;3;0;0;0
01/02/2014;16:26:00;273;Acidente sem Vítima;266;BR-101/ES;Sul;Colisão Traseira;2;0;0;0;0;0;;;;;2;0;0;0;0
01/02/2014;13:45:00;242;Acidente sem Vítima;270;BR-101/ES;Norte;Engavetamento;4;0;0;0;0;0;;;;;4;0;0;0;0
01/02/2014;13:42:00;241;Acidente sem Vítima;341,5;BR-101/ES;Norte;Colisão Traseira;0;0;2;0;0;0;;;;;2;0;0;0;0
01/02/2014;21:42:00;379;Acidente sem Vítima;358;BR-101/ES;Norte;Choque com Objeto Fixo;1;0;0;0;0;0;;;;;1;0;0;0;0
02/02/2014;14:16:00;276;Acidente sem Vítima;32;BR-101/ES;Sul;Queda de Moto;0;0;0;0;0;1;;;;;0;0;0;0;0
02/02/2014;07:28:00;125;Acidente sem Vítima;67,7;BR-101/ES;Sul;Colisão Lateral;1;0;1;0;0;0;;;;;6;0;0;0;0
02/02/2014;17:29:00;317;Acidente sem Vítima;70;BR-101/ES;Norte;Colisão Traseira;2;0;0;0;0;0;;;;;2;0;0;0;0
02/02/2014;15:31:00;288;Acidente com vítima;106;BR-101/ES;Norte;Queda de Moto;0;0;0;1;0;0;;;;;0;1;0;1;0
02/02/2014;17:40:00;322;Acidente com vítima;141;BR-101/ES;Norte;Colisão Lateral;1;0;0;1;0;0;;;;;1;0;1;0;0
02/02/2014;19:17:00;350;Acidente sem Vítima;157;BR-101/ES;Norte;Queda de Moto;0;0;0;0;0;1;;;;;1;0;0;0;0
02/02/2014;13:39:00;265;Acidente sem Vítima;172;BR-101/ES;Norte;Saída de Pista;1;0;0;0;0;0;;;;;1;0;0;0;0
02/02/2014;13:56:00;272;Acidente sem Vítima;208;BR-101/ES;Sul;Saída de Pista;1;0;0;0;0;0;;;;;1;0;0;0;0
02/02/2014;06:29:00;114;Acidente com vítima;235;BR-101/ES;Norte;Queda de Moto;0;0;0;1;0;0;;;;;0;1;0;0;0
02/02/2014;02:22:00;57;Acidente sem Vítima;265;BR-101/ES;Sul;Choque com Objeto Fixo;0;0;4;0;0;0;;;;;1;0;0;0;0
02/02/2014;02:48:00;64;Acidente sem Vítima;299;BR-101/ES;Sul;Capotamento;1;0;0;0;0;0;;;;;1;0;0;0;0
02/02/2014;01:30:00;38;Acidente com vítima;301;BR-101/ES;Norte;Capotamento;1;0;0;0;0;0;;;;;0;1;0;0;0
02/02/2014;22:09:00;416;Acidente com Morte;301;BR-101/ES;Norte;Choque com Objeto Fixo;1;0;0;0;0;0;;;;;0;0;0;0;1
02/02/2014;17:34:00;319;Acidente sem Vítima;308,5;BR-101/ES;Norte;Colisão Traseira;1;0;0;0;0;0;;;;;1;0;0;0;0
02/02/2014;12:11:00;228;Acidente sem Vítima;311;BR-101/ES;Sul;Colisão Lateral;1;0;1;0;0;0;;;;;2;0;0;0;0
02/02/2014;08:54:00;140;Acidente com vítima;435;BR-101/ES;Sul;Capotamento;1;0;0;0;0;0;;;;;1;0;1;0;0
02/02/2014;17:20:00;311;Acidente sem Vítima;461,5;BR-101/ES;Norte;Saída de Pista;1;0;0;0;0;0;;;;;1;0;0;0;0
03/02/2014;16:59:00;270;Acidente sem Vítima;5;BR-101/ES;Norte;Capotamento;1;0;0;0;0;0;;;;;1;0;0;0;0
03/02/2014;15:23:00;234;Acidente sem Vítima;16;BR-101/ES;Sul;Colisão Lateral;1;0;1;0;0;0;;;;;3;0;0;0;0
03/02/2014;12:24:00;232;Acidente sem Vítima;62;BR-101/ES;Sul;Colisão;1;0;0;0;0;0;;;;;3;0;0;0;0
03/02/2014;06:00:00;96;Acidente sem Vítima;124;BR-101/ES;Norte;Colisão Lateral;1;0;0;0;0;0;;;;;3;0;0;0;0
03/02/2014;19:07:00;293;Acidente com Morte;184;BR-101/ES;Sul;Tombamento;0;0;1;0;0;0;;;;;0;0;0;0;1
03/02/2014;21:58:00;344;Atropelamento sem Morte;255,2;BR-101/ES;Norte;Atropelamento;0;0;0;0;0;1;;;;;0;0;1;0;0
03/02/2014;05:17:00;89;Acidente sem Vítima;312,5;BR-101/ES;Norte;Tombamento;1;0;2;0;0;0;;;;;2;0;0;0;0
03/02/2014;08:11:00;134;Acidente com vítima;391;BR-101/ES;Norte;Tombamento;0;0;1;0;0;0;;;;;0;1;0;0;0
03/02/2014;15:24:00;235;Acidente com vítima;431;BR-101/ES;Sul;Tombamento;0;0;1;0;0;0;;;;;0;1;0;0;0
04/02/2014;08:17:00;148;Acidente com vítima;66;BR-101/ES;Norte;Queda de Moto;0;0;0;1;0;0;;;;;0;1;0;0;0
04/02/2014;17:33:00;324;Acidente sem Vítima;107;BR-101/ES;Norte;Saída de Pista;1;0;0;0;0;0;;;;;2;0;0;0;0
04/02/2014;22:20:00;434;Acidente com Morte;129;BR-101/ES;Sul;Colisão Traseira;1;0;2;0;0;0;;;;;1;0;0;0;1
04/02/2014;08:27:00;152;Acidente sem Vítima;202;BR-101/ES;Sul;Colisão Lateral;2;0;0;0;0;0;;;;;2;0;0;0;0
04/02/2014;02:03:00;39;Acidente com Morte;212;BR-101/ES;Sul;Choque com Objeto Fixo;0;0;0;0;0;1;;;;;0;0;0;0;1
04/02/2014;13:34:00;270;Acidente sem Vítima;254;BR-101/ES;Sul;Colisão Traseira;1;0;1;0;0;0;;;;;2;0;0;0;0
04/02/2014;04:20:00;85;Acidente com vítima;259;BR-101/ES;Norte;Saída de Pista;1;0;0;0;0;0;;;;;0;1;1;0;0
04/02/2014;15:04:00;289;Acidente sem Vítima;265;BR-101/ES;Sul;Engavetamento;3;0;0;0;0;0;;;;;3;0;0;0;0
04/02/2014;11:30:00;219;Acidente sem Vítima;270;BR-101/ES;Sul;Colisão Traseira;2;0;0;0;0;0;;;;;2;0;0;0;0
04/02/2014;10:15:00;196;Acidente sem Vítima;311;BR-101/ES;Sul;Colisão Traseira;0;0;1;0;0;0;;;;;1;0;0;0;0
04/02/2014;03:05:00;59;Acidente sem Vítima;314;BR-101/ES;Norte;Saída de Pista;0;0;2;0;0;0;;;;;1;0;0;0;0
04/02/2014;06:53:00;112;Acidente com vítima;414;BR-101/ES;Sul;Queda de Moto;0;0;0;1;0;0;;;;;0;1;0;0;0
05/02/2014;14:14:00;190;Acidente com vítima;18;BR-101/ES;Norte;Queda de Moto;0;0;0;0;0;1;;;;;0;1;0;0;0
05/02/2014;14:22:00;196;Acidente sem Vítima;77,5;BR-101/ES;Sul;Colisão Traseira;2;0;0;0;0;0;;;;;0;0;0;0;0
05/02/2014;21:32:00;342;Acidente com vítima;136;BR-101/ES;Norte;Colisão Frontal;1;0;2;0;0;0;;;;;2;1;0;0;0
05/02/2014;09:01:00;102;Acidente com vítima;143;BR-101/ES;Norte;Colisão Lateral;1;0;1;0;0;0;;;;;1;1;0;0;0
05/02/2014;10:52:00;156;Acidente sem Vítima;244;BR-101/ES;Sul;Capotamento;1;0;0;0;0;0;;;;;1;0;0;0;0
05/02/2014;07:18:00;69;Acidente sem Vítima;267;BR-101/ES;Sul;Colisão Lateral;3;0;0;1;0;0;;;;;0;0;0;0;0
05/02/2014;21:43:00;343;Acidente com vítima;323;BR-101/ES;Norte;Colisão Frontal;0;0;2;0;0;0;;;;;0;2;0;0;0
05/02/2014;06:39:00;61;Acidente com vítima;354,8;BR-101/ES;Sul;Colisão Lateral;1;0;1;0;0;0;;;;;1;1;1;0;0
05/02/2014;10:58:00;158;Acidente sem Vítima;407;BR-101/ES;Norte;Engavetamento;2;0;0;0;0;1;;;;;5;0;0;0;0
05/02/2014;23:47:00;359;Acidente com vítima;407,8;BR-101/ES;Sul;Tombamento;0;0;1;0;0;0;;;;;0;1;0;0;0
05/02/2014;07:04:00;68;Acidente sem Vítima;439;BR-101/ES;Norte;Colisão Traseira;0;0;2;0;0;0;;;;;2;0;0;0;0
06/02/2014;06:03:00;48;Acidente com vítima;23,5;BR-101/ES;Norte;Colisão Traseira;0;0;2;0;0;0;;;;;0;0;1;0;0
06/02/2014;10:45:00;157;Acidente com vítima;24;BR-101/ES;Norte;Queda de Moto;0;0;0;2;0;0;;;;;0;1;2;0;0
06/02/2014;16:42:00;312;Acidente com Morte;43;BR-101/ES;Norte;Colisão Frontal;2;0;4;0;0;0;;;;;3;0;0;0;6
06/02/2014;15:51:00;294;Acidente com vítima;93;BR-101/ES;Sul;Colisão Lateral;0;0;0;2;0;0;;;;;1;2;0;0;0
06/02/2014;07:05:00;55;Acidente sem Vítima;181;BR-101/ES;Norte;Colisão Traseira;1;0;0;0;0;0;;;;;2;0;0;0;0
06/02/2014;11:45:00;197;Acidente com vítima;233;BR-101/ES;Norte;Colisão Frontal;2;0;0;0;0;0;;;;;0;1;2;1;0
06/02/2014;16:45:00;313;Acidente com vítima;263;BR-101/ES;Sul;Queda de Moto;0;0;0;1;0;0;;;;;0;1;0;0;0
06/02/2014;11:35:00;189;Acidente com vítima;265;BR-101/ES;Sul;Queda de Moto;0;0;0;1;0;0;;;;;0;1;0;0;0
06/02/2014;18:08:00;329;Acidente sem Vítima;269;BR-101/ES;Sul;Colisão Traseira;2;0;0;0;0;0;;;;;2;0;0;0;0
06/02/2014;07:11:00;57;Acidente sem Vítima;270;BR-101/ES;Sul;Colisão Lateral;1;0;1;0;0;0;;;;;2;0;0;0;0
06/02/2014;08:00:00;73;Acidente sem Vítima;270;BR-101/ES;Sul;Colisão Traseira;1;0;0;0;0;0;;;;;1;0;0;0;0
06/02/2014;23:12:00;423;Acidente com vítima;416;BR-101/ES;Sul;Queda de Moto;0;0;0;1;0;0;;;;;0;1;0;0;0
07/02/2014;23:22:00;600;Acidente com vítima;42;BR-101/ES;Norte;Capotamento;1;0;0;0;0;0;;;;;2;0;1;0;0
07/02/2014;17:42:00;452;Acidente com vítima;66,8;BR-101/ES;Norte;Colisão Traseira;2;0;0;1;0;0;;;;;2;0;1;0;0
07/02/2014;21:40:00;574;Acidente sem Vítima;73;BR-101/ES;Norte;Colisão Traseira;2;0;0;0;0;0;;;;;6;0;0;0;0
07/02/2014;15:17:00;395;Acidente com vítima;124;BR-101/ES;Sul;Queda de Moto;0;0;0;0;0;1;;;;;0;0;1;0;0
07/02/2014;19:25:00;507;Acidente com vítima;146;BR-101/ES;Sul;Colisão Lateral;1;0;3;0;0;0;;;;;1;1;0;0;0
07/02/2014;15:51:00;411;Acidente sem Vítima;147;BR-101/ES;Norte;Colisão Lateral;2;0;0;0;0;0;;;;;2;0;0;0;0
07/02/2014;10:31:00;274;Acidente sem Vítima;230;BR-101/ES;Norte;Colisão Traseira;1;0;1;0;0;0;;;;;3;0;0;0;0
07/02/2014;17:48:00;455;Acidente sem Vítima;269;BR-101/ES;Sul;Colisão Lateral;1;0;1;0;0;0;;;;;1;0;0;0;0
07/02/2014;21:40:00;575;Acidente sem Vítima;269;BR-101/ES;Norte;Colisão Traseira;2;0;0;0;0;0;;;;;5;0;0;0;0
07/02/2014;09:20:00;219;Acidente sem Vítima;298;BR-101/ES;Norte;Colisão Traseira;2;0;0;0;0;0;;;;;2;0;0;0;0
07/02/2014;23:53:00;612;Atropelamento sem Morte;299;BR-101/ES;Norte;Atropelamento;1;0;0;0;0;0;;;;;0;0;0;1;0
07/02/2014;02:07:00;53;Acidente sem Vítima;334,5;BR-101/ES;Norte;Capotamento;1;0;0;0;0;0;;;;;1;0;0;0;0
07/02/2014;14:37:00;387;Acidente sem Vítima;335;BR-101/ES;Norte;Tombamento;0;0;2;0;0;0;;;;;1;0;0;0;0
07/02/2014;15:26:00;400;Acidente sem Vítima;390;BR-101/ES;Sul;Saída de Pista;1;0;0;0;0;0;;;;;1;0;0;0;0
07/02/2014;21:53:00;581;Acidente sem Vítima;428;BR-101/ES;Norte;Atropelamento - Animal;1;0;0;0;0;0;;;;;0;0;0;0;0
07/02/2014;08:36:00;205;Acidente com vítima;451;BR-101/ES;Sul;Saída de Pista;1;0;0;0;0;0;;;;;3;1;0;0;0
08/02/2014;20:51:00;454;Acidente sem Vítima;1,2;BR-101/ES;Sul;Tombamento;0;0;1;0;0;0;;;;;1;0;0;0;0
08/02/2014;11:06:00;190;Acidente sem Vítima;6,6;BR-101/ES;Sul;Colisão Lateral;2;0;1;0;0;0;;;;;4;0;0;0;0
08/02/2014;19:57:00;435;Acidente com vítima;90;BR-101/ES;Sul;Colisão Traseira;2;0;0;0;0;0;;;;;2;1;0;0;0
08/02/2014;01:19:00;25;Acidente sem Vítima;137;BR-101/ES;Sul;Choque com Veículo Estacionado;1;0;0;0;0;0;;;;;0;0;0;0;0
08/02/2014;14:46:00;275;Acidente com vítima;144;BR-101/ES;Norte;Colisão Lateral;0;0;0;2;0;0;;;;;1;1;0;0;0
08/02/2014;10:19:00;176;Acidente sem Vítima;163;BR-101/ES;Sul;Queda de ciclista;0;0;0;0;0;1;;;;;0;0;0;0;0
08/02/2014;14:08:00;271;Acidente sem Vítima;198,5;BR-101/ES;Norte;Capotamento;0;0;1;0;0;0;;;;;1;0;0;0;0
08/02/2014;08:51:00;147;Acidente sem Vítima;229;BR-101/ES;Sul;Colisão Traseira;2;0;0;0;0;0;;;;;2;0;0;0;0
08/02/2014;09:10:00;158;Acidente sem Vítima;256;BR-101/ES;Norte;Colisão Lateral;2;0;0;0;0;0;;;;;3;0;0;0;0
08/02/2014;12:02:00;216;Acidente com vítima;260;BR-101/ES;Sul;Queda de Moto;1;0;0;1;0;0;;;;;0;1;0;0;0
08/02/2014;08:01:00;131;Acidente sem Vítima;266;BR-101/ES;Sul;Colisão Lateral;1;0;1;0;0;0;;;;;2;0;0;0;0
08/02/2014;00:07:00;4;Acidente com vítima;268;BR-101/ES;Norte;Colisão Lateral;1;0;0;0;0;0;;;;;0;0;1;0;0
08/02/2014;13:05:00;248;Acidente sem Vítima;269;BR-101/ES;Norte;Queda de Moto;0;0;0;1;0;0;;;;;1;0;0;0;0
08/02/2014;01:10:00;24;Acidente sem Vítima;316;BR-101/ES;Norte;Veículo em Chamas;0;0;0;0;0;1;;;;;0;0;0;0;0
08/02/2014;00:04:00;3;Acidente sem Vítima;324,5;BR-101/ES;Norte;Colisão Traseira;1;0;0;0;0;0;;;;;1;0;0;0;0
08/02/2014;16:32:00;312;Acidente com Morte;939,4;BR-101/BA;Norte;Capotamento;1;0;0;0;0;0;;;;;0;0;1;0;1
09/02/2014;00:11:00;4;Acidente sem Vítima;1,2;BR-101/ES;Sul;Tombamento;0;0;1;0;0;0;;;;;0;0;0;0;0
09/02/2014;17:42:00;359;Acidente sem Vítima;46;BR-101/ES;Norte;Colisão Lateral;2;0;0;0;0;0;;;;;2;0;0;0;0
09/02/2014;10:08:00;175;Atropelamento sem Morte;85;BR-101/ES;Norte;Atropelamento;1;0;0;1;0;0;;;;;0;2;0;0;0
09/02/2014;17:33:00;356;Acidente sem Vítima;136;BR-101/ES;Sul;Colisão Traseira;1;0;0;1;0;0;;;;;1;0;0;0;0
09/02/2014;17:55:00;366;Acidente com vítima;137;BR-101/ES;Sul;Colisão Lateral;0;0;0;2;0;0;;;;;0;2;2;0;0
09/02/2014;18:30:00;373;Acidente com vítima;145;BR-101/ES;Norte;Colisão Lateral;1;0;1;0;0;0;;;;;0;0;1;0;0
09/02/2014;20:37:00;429;Acidente com vítima;148;BR-101/ES;Sul;Colisão Lateral;1;0;0;1;0;0;;;;;2;0;1;0;0
09/02/2014;18:46:00;380;Acidente com vítima;198;BR-101/ES;Sul;Queda de Moto;0;0;0;1;0;0;;;;;0;1;1;0;0
09/02/2014;17:50:00;363;Acidente com vítima;229;BR-101/ES;Sul;Colisão Traseira;1;0;0;1;0;0;;;;;1;1;0;0;0
09/02/2014;09:47:00;166;Acidente sem Vítima;230;BR-101/ES;Norte;Colisão Traseira;2;0;0;0;0;0;;;;;2;0;0;0;0
09/02/2014;10:43:00;185;Acidente com vítima;230;BR-101/ES;Sul;Colisão Traseira;1;0;0;1;0;0;;;;;1;1;0;0;0
09/02/2014;08:05:00;143;Acidente com vítima;232;BR-101/ES;Sul;Saída de Pista;1;0;1;0;0;0;;;;;0;1;0;0;0
09/02/2014;05:39:00;117;Acidente com vítima;261;BR-101/ES;Norte;Colisão Transversal;0;0;2;1;0;0;;;;;1;0;0;1;0
09/02/2014;21:29:00;453;Acidente com vítima;262;BR-101/ES;Sul;Engavetamento;3;0;0;0;0;0;;;;;3;3;0;0;0
09/02/2014;12:09:00;224;Acidente com vítima;335,3;BR-101/ES;Sul;Capotamento;1;0;0;0;0;0;;;;;2;1;0;0;0
09/02/2014;06:51:00;127;Atropelamento sem Morte;413;BR-101/ES;Norte;Atropelamento;0;0;0;1;0;0;;;;;0;2;0;0;0
09/02/2014;08:21:00;149;Acidente com vítima;450;BR-101/ES;Sul;Capotamento;1;0;0;0;0;0;;;;;0;4;0;0;0
09/02/2014;03:06:00;72;Acidente com vítima;461;BR-101/ES;Sul;Queda de Moto;0;0;0;1;0;0;;;;;0;1;0;0;0
10/02/2014;07:37:00;176;Acidente sem Vítima;90,9;BR-101/ES;Norte;Colisão Traseira;2;0;0;0;0;0;;;;;7;0;0;0;0
10/02/2014;08:59:00;219;Acidente sem Vítima;132;BR-101/ES;Norte;Colisão Traseira;2;0;0;0;0;0;;;;;2;0;0;0;0
10/02/2014;06:18:00;154;Atropelamento sem Morte;141;BR-101/ES;Sul;Atropelamento;1;0;0;0;0;0;;;;;1;0;0;0;0
10/02/2014;02:00:00;49;Acidente com vítima;151;BR-101/ES;Sul;Colisão Lateral;0;0;3;1;0;0;;;;;1;0;1;0;0
10/02/2014;08:34:00;206;Acidente com vítima;198;BR-101/ES;Sul;Colisão Lateral;1;0;1;0;0;0;;;;;1;0;0;1;0
10/02/2014;09:50:00;254;Acidente sem Vítima;230;BR-101/ES;Norte;Colisão Traseira;2;0;0;0;0;0;;;;;2;0;0;0;0
10/02/2014;11:42:00;326;Acidente sem Vítima;254;BR-101/ES;Sul;Engavetamento;3;0;0;0;0;0;;;;;3;0;0;0;0
10/02/2014;15:33:00;425;Acidente sem Vítima;264;BR-101/ES;Sul;Colisão Lateral;0;0;2;0;0;0;;;;;2;0;0;0;0
10/02/2014;12:20:00;349;Acidente sem Vítima;266;BR-101/ES;Sul;Colisão Transversal;1;0;1;0;0;0;;;;;2;0;0;0;0
10/02/2014;10:47:00;287;Atropelamento sem Morte;270;BR-101/ES;Sul;Atropelamento;0;0;0;0;0;1;;;;;0;1;0;0;0
10/02/2014;13:46:00;397;Acidente sem Vítima;270;BR-101/ES;Sul;Colisão Traseira;2;0;1;0;0;0;;;;;3;0;0;0;0
10/02/2014;14:01:00;405;Acidente sem Vítima;308,9;BR-101/ES;Norte;Colisão Traseira;0;0;2;0;0;0;;;;;2;0;0;0;0
10/02/2014;18:25:00;474;Acidente sem Vítima;354;BR-101/ES;Norte;Veículo em Chamas;0;0;1;0;0;0;;;;;1;0;0;0;0
10/02/2014;11:39:00;323;Acidente com Morte;436;BR-101/ES;Norte;Colisão Lateral;1;0;1;0;0;0;;;;;1;1;0;0;1
11/02/2014;18:56:00;492;Acidente sem Vítima;61;BR-101/ES;Norte;Colisão Lateral;1;0;0;0;1;0;;;;;2;0;0;0;0
11/02/2014;16:34:00;450;Acidente com vítima;126;BR-101/ES;Norte;Colisão Traseira;1;0;0;1;0;0;;;;;1;0;1;0;0
11/02/2014;18:13:00;483;Acidente com vítima;143,7;BR-101/ES;Sul;Colisão Lateral;1;0;0;1;0;0;;;;;2;1;0;0;0
11/02/2014;08:31:00;245;Acidente sem Vítima;149;BR-101/ES;Norte;Colisão Traseira;1;0;1;0;0;0;;;;;2;0;0;0;0
11/02/2014;13:04:00;392;Acidente sem Vítima;234;BR-101/ES;Norte;Choque com Objeto Fixo;1;0;0;0;0;0;;;;;1;0;0;0;0
11/02/2014;07:17:00;197;Acidente sem Vítima;264;BR-101/ES;Sul;Colisão Traseira;2;0;0;0;0;0;;;;;3;0;0;0;0
11/02/2014;15:20:00;433;Acidente sem Vítima;266;BR-101/ES;Sul;Engavetamento;2;0;0;0;0;0;;;;;2;0;0;0;0
11/02/2014;13:47:00;411;Acidente sem Vítima;266,5;BR-101/ES;Sul;Colisão;2;0;2;0;0;0;;;;;2;0;0;0;0
11/02/2014;18:05:00;480;Acidente com Morte;267;BR-101/ES;Norte;Colisão Traseira;0;0;1;1;0;0;;;;;0;0;0;0;1
11/02/2014;21:39:00;526;Acidente com vítima;269;BR-101/ES;Sul;Colisão Lateral;1;0;1;0;0;0;;;;;2;0;1;0;0
11/02/2014;06:51:00;186;Atropelamento sem Morte;308;BR-101/ES;Sul;Atropelamento;0;0;0;0;0;1;;;;;0;1;0;0;0
11/02/2014;07:55:00;222;Acidente sem Vítima;340;BR-101/ES;Norte;Veículo em Chamas;0;0;0;0;0;1;;;;;0;0;0;0;0
11/02/2014;17:54:00;477;Acidente sem Vítima;343,5;BR-101/ES;Sul;Capotamento;1;0;0;0;0;0;;;;;1;0;0;0;0
12/02/2014;11:36:00;295;Acidente sem Vítima;120;BR-101/ES;Sul;Colisão Traseira;0;0;4;0;0;0;;;;;2;0;0;0;0
12/02/2014;11:41:00;299;Acidente sem Vítima;122;BR-101/ES;Sul;Colisão Traseira;1;0;1;0;0;0;;;;;2;0;0;0;0
12/02/2014;19:41:00;529;Acidente sem Vítima;171;BR-101/ES;Sul;Saída de Pista;1;0;0;0;0;0;;;;;1;0;0;0;0
12/02/2014;15:10:00;405;Acidente sem Vítima;210;BR-101/ES;Norte;Colisão Lateral;1;0;0;0;1;0;;;;;2;0;0;0;0
12/02/2014;07:15:00;140;Acidente sem Vítima;213;BR-101/ES;Sul;Saída de Pista;0;0;2;0;0;0;;;;;1;0;0;0;0
12/02/2014;04:04:00;99;Acidente sem Vítima;258;BR-101/ES;Sul;Choque com Objeto Fixo;1;0;0;0;0;0;;;;;1;0;0;0;0
12/02/2014;14:06:00;392;Acidente com vítima;267;BR-101/ES;Norte;Colisão Traseira;0;0;2;0;0;0;;;;;0;0;1;0;0
12/02/2014;20:54:00;569;Acidente sem Vítima;268;BR-101/ES;Sul;Colisão;1;0;0;0;0;0;;;;;1;0;0;0;0
12/02/2014;04:14:00;101;Acidente sem Vítima;331,5;BR-101/ES;Norte;Choque com Objeto Fixo;0;0;1;0;0;0;;;;;1;0;0;0;0