data;horario;n_da_ocorrencia;tipo_de_ocorrencia;km;trecho;sentido;tipo_de_acidente;automovel;bicicleta;caminhao;moto;onibus;outros;tracao_animal;transporte_de_cargas_especiais;trator_maquinas;utilitarios;ilesos;levemente_feridos;moderadamente_feridos;gravemente_feridos;mortos
12/02/2014;18:27:00;495;Acidente sem Vítima;451;BR-101/ES;Sul;Colisão Traseira;0;0;3;0;1;0;;;;;3;0;0;0;0
12/02/2014;00:12:00;4;Acidente sem Vítima;457;BR-101/ES;Norte;Saída de Pista;1;0;0;0;0;0;;;;;1;0;0;0;0
12/02/2014;16:38:00;437;Acidente com vítima;950;BR-101/BA;Sul;Colisão Frontal;2;0;0;0;0;0;;;;;2;1;0;0;0
13/02/2014;06:42:00;82;Acidente sem Vítima;85;BR-101/ES;Norte;Saída de Pista;1;0;0;0;0;0;;;;;1;0;0;0;0
13/02/2014;19:44:00;465;Acidente com vítima;211;BR-101/ES;Sul;Colisão Lateral;2;0;0;0;0;0;;;;;1;1;0;0;0
13/02/2014;14:04:00;350;Acidente sem Vítima;266;BR-101/ES;Sul;Abalroamento - Mesmo Sentido;2;0;0;0;0;0;;;;;2;0;0;0;0
13/02/2014;17:39:00;421;Acidente sem Vítima;266;BR-101/ES;Sul;Abalroamento - Mesmo Sentido;1;0;1;0;0;0;;;;;2;0;0;0;0
13/02/2014;17:16:00;413;Acidente sem Vítima;380;BR-101/ES;Norte;Veículo em Chamas;0;0;2;0;0;0;;;;;1;0;0;0;0
13/02/2014;12:27:00;316;Acidente sem Vítima;389;BR-101/ES;Norte;Colisão Traseira;1;0;1;0;0;0;;;;;2;0;0;0;0
13/02/2014;08:27:00;141;Acidente com vítima;392;BR-101/ES;Sul;Tombamento;0;0;1;0;0;0;;;;;0;1;0;0;0
13/02/2014;13:13:00;329;Acidente sem Vítima;395;BR-101/ES;Norte;Colisão Traseira;0;0;2;0;0;0;;;;;2;0;0;0;0
13/02/2014;06:16:00;77;Acidente com vítima;433;BR-101/ES;Sul;Queda de Moto;0;0;0;1;0;0;;;;;0;1;0;0;0
14/02/2014;15:47:00;410;Acidente com vítima;17;BR-101/ES;Sul;Tombamento;0;0;4;0;0;0;;;;;0;0;1;0;0
14/02/2014;21:25:00;556;Acidente com vítima;142;BR-101/ES;Norte;Saída de Pista;0;0;0;1;0;0;;;;;0;1;1;0;0
14/02/2014;16:34:00;441;Acidente sem Vítima;149;BR-101/ES;Sul;Colisão Lateral;1;0;1;0;0;0;;;;;3;0;0;0;0
14/02/2014;11:48:00;321;Acidente com vítima;176;BR-101/ES;Norte;Colisão Lateral;1;0;0;1;0;0;;;;;1;1;0;0;0
14/02/2014;12:24:00;339;Acidente sem Vítima;195,5;BR-101/ES;Norte;Choque com Objeto Fixo;1;0;1;0;0;0;;;;;2;0;0;0;0
14/02/2014;03:01:00;55;Atropelamento sem Morte;256;BR-101/ES;Sul;Atropelamento;0;0;0;0;0;1;;;;;1;0;0;0;0
14/02/2014;00:24:00;8;Acidente com vítima;264;BR-101/ES;Norte;Choque;1;0;0;0;0;0;;;;;0;1;0;0;0
14/02/2014;16:41:00;443;Acidente sem Vítima;265;BR-101/ES;Norte;Engavetamento;5;0;0;0;0;0;;;;;8;0;0;0;0
14/02/2014;17:40:00;467;Acidente sem Vítima;265;BR-101/ES;Norte;Colisão Traseira;1;0;2;0;0;0;;;;;2;0;0;0;0
14/02/2014;06:42:00;91;Acidente sem Vítima;269;BR-101/ES;Norte;Colisão Traseira;1;0;0;0;0;0;;;;;2;0;0;0;0
14/02/2014;19:00:00;495;Acidente sem Vítima;303;BR-101/ES;Sul;Colisão Traseira;2;0;0;0;0;0;;;;;2;0;0;0;0
14/02/2014;18:56:00;492;Acidente com Morte;355;BR-101/ES;Sul;Colisão Frontal;1;0;3;0;0;0;;;;;2;0;0;0;1
14/02/2014;16:33:00;440;Acidente sem Vítima;414;BR-101/ES;Sul;Colisão Lateral;1;0;2;0;0;0;;;;;2;0;0;0;0
14/02/2014;13:41:00;367;Acidente com vítima;420;BR-101/ES;Sul;Colisão Lateral;1;0;1;0;0;0;;;;;1;3;2;0;0
15/02/2014;09:15:00;312;Atropelamento sem Morte;8;BR-101/ES;Norte;Atropelamento;1;0;0;0;0;0;;;;;1;0;0;1;0
15/02/2014;04:21:00;162;Acidente sem Vítima;67;BR-101/ES;Norte;Colisão Lateral;2;0;0;0;1;0;;;;;2;0;0;0;0
15/02/2014;13:09:00;452;Acidente sem Vítima;69,5;BR-101/ES;Norte;Queda de Moto;1;0;0;1;0;0;;;;;2;0;0;0;0
15/02/2014;20:37:00;654;Acidente com vítima;138;BR-101/ES;Norte;Queda de Moto;0;0;0;1;0;0;;;;;0;0;0;1;0
15/02/2014;10:53:00;369;Acidente sem Vítima;211;BR-101/ES;Norte;Colisão Traseira;0;0;2;0;0;0;;;;;6;0;0;0;0
15/02/2014;19:46:00;624;Acidente com vítima;258;BR-101/ES;Norte;Abalroamento - Mesmo Sentido;3;0;0;0;0;0;;;;;4;1;0;0;0
15/02/2014;08:42:00;289;Acidente sem Vítima;260;BR-101/ES;Norte;Colisão Transversal;2;0;0;0;0;0;;;;;2;0;0;0;0
15/02/2014;20:33:00;651;Acidente sem Vítima;270;BR-101/ES;Sul;Colisão Lateral;2;0;0;1;0;0;;;;;4;0;0;0;0
15/02/2014;11:04:00;381;Acidente sem Vítima;271;BR-101/ES;Sul;Engavetamento;3;0;0;0;0;0;;;;;2;0;0;0;0
15/02/2014;14:33:00;485;Acidente sem Vítima;298;BR-101/ES;Norte;Colisão Lateral;1;0;0;1;0;0;;;;;2;0;0;0;0
15/02/2014;16:47:00;539;Acidente sem Vítima;298;BR-101/ES;Norte;Colisão Lateral;2;0;0;0;0;0;;;;;2;0;0;0;0
15/02/2014;08:23:00;275;Acidente sem Vítima;305;BR-101/ES;Sul;Colisão Lateral;2;0;0;0;0;0;;;;;2;0;0;0;0
15/02/2014;13:08:00;450;Acidente com vítima;305;BR-101/ES;Sul;Tombamento;0;0;1;0;0;0;;;;;1;1;0;0;0
15/02/2014;17:02:00;551;Acidente sem Vítima;317;BR-101/ES;Sul;Saída de Pista;1;0;0;0;0;0;;;;;1;0;0;0;0
15/02/2014;11:50:00;409;Acidente sem Vítima;357;BR-101/ES;Sul;Abalroamento - Mesmo Sentido;1;0;1;0;0;0;;;;;0;0;0;0;0
16/02/2014;15:45:00;354;Acidente sem Vítima;61;BR-101/ES;Norte;Colisão Traseira;1;0;1;0;0;0;;;;;4;0;0;0;0
16/02/2014;02:58:00;81;Acidente com vítima;87;BR-101/ES;Sul;Atropelamento - Bovino;0;0;0;1;0;0;;;;;0;1;0;0;0
16/02/2014;03:16:00;88;Acidente com vítima;269;BR-101/ES;Sul;Queda de Moto;0;0;0;1;0;0;;;;;0;2;0;0;0
16/02/2014;16:55:00;386;Acidente sem Vítima;269;BR-101/ES;Sul;Colisão Traseira;2;0;0;0;0;0;;;;;2;0;0;0;0
16/02/2014;17:56:00;415;Acidente sem Vítima;269;BR-101/ES;Sul;Choque com Objeto Fixo;2;0;0;0;0;0;;;;;2;0;0;0;0
16/02/2014;08:02:00;174;Acidente sem Vítima;298,5;BR-101/ES;Sul;Colisão Traseira;2;0;0;0;0;0;;;;;2;0;0;0;0
16/02/2014;16:57:00;389;Acidente com vítima;308;BR-101/ES;Sul;Colisão Traseira;1;0;0;1;0;0;;;;;1;2;0;0;0
16/02/2014;08:40:00;186;Acidente sem Vítima;320;BR-101/ES;Sul;Atropelamento - Animal;1;0;0;0;0;0;;;;;0;0;0;0;0
16/02/2014;10:44:00;228;Acidente com vítima;321,2;BR-101/ES;Norte;Queda de Moto;0;0;0;1;0;0;;;;;0;2;0;0;0
16/02/2014;06:20:00;153;Acidente sem Vítima;379;BR-101/ES;Norte;Saída de Pista;1;0;0;0;0;0;;;;;1;0;0;0;0
17/02/2014;08:24:00;219;Acidente sem Vítima;144;BR-101/ES;Norte;Choque com Objeto Fixo;0;0;0;0;0;1;;;;;0;0;0;0;0
17/02/2014;18:30:00;368;Acidente com vítima;145;BR-101/ES;Norte;Colisão Lateral;1;0;0;1;0;0;;;;;1;1;0;0;0
17/02/2014;19:44:00;390;Acidente com vítima;146;BR-101/ES;Sul;Colisão Lateral;1;0;0;1;0;0;;;;;2;1;0;0;0
17/02/2014;14:13:00;335;Acidente com vítima;187;BR-101/ES;Sul;Queda de ciclista;0;0;0;0;0;1;;;;;0;1;0;0;0
17/02/2014;11:01:00;286;Acidente sem Vítima;230;BR-101/ES;Norte;Colisão Traseira;1;0;0;0;0;0;;;;;1;0;0;0;0
17/02/2014;19:06:00;379;Acidente sem Vítima;232;BR-101/ES;Norte;Colisão Lateral;3;0;0;0;0;0;;;;;7;0;0;0;0
17/02/2014;22:18:00;470;Acidente sem Vítima;249;BR-101/ES;Norte;Saída de Pista;0;0;2;0;0;0;;;;;1;0;0;0;0
17/02/2014;23:00:00;482;Acidente com vítima;256;BR-101/ES;Norte;Saída de Pista;1;0;0;0;0;0;;;;;0;1;0;0;0
17/02/2014;15:51:00;340;Acidente sem Vítima;257;BR-101/ES;Sul;Colisão Frontal;1;0;2;0;0;0;;;;;3;0;0;0;0
17/02/2014;14:12:00;334;Acidente sem Vítima;258;BR-101/ES;Sul;Saída de Pista;1;0;0;0;0;0;;;;;1;0;0;0;0
17/02/2014;07:15:00;185;Acidente sem Vítima;267;BR-101/ES;Sul;Colisão Traseira;1;0;0;0;1;0;;;;;2;0;0;0;0
17/02/2014;08:34:00;223;Acidente sem Vítima;268;BR-101/ES;Sul;Colisão Traseira;2;0;0;0;0;0;;;;;2;0;0;0;0
17/02/2014;23:56:00;493;Acidente sem Vítima;268;BR-101/ES;Sul;Choque com Objeto Fixo;0;0;2;0;0;0;;;;;1;0;0;0;0
17/02/2014;22:53:00;480;Acidente sem Vítima;270;BR-101/ES;Norte;Colisão Traseira;2;0;0;0;0;0;;;;;5;0;0;0;0
17/02/2014;17:33:00;347;Acidente sem Vítima;329;BR-101/ES;Norte;Tombamento;0;0;1;0;0;0;;;;;2;0;0;0;0
17/02/2014;16:25:00;346;Acidente sem Vítima;338;BR-101/ES;Norte;Colisão Traseira;2;0;0;0;0;0;;;;;2;0;0;0;0
17/02/2014;16:03:00;341;Acidente com vítima;351,3;BR-101/ES;Norte;Capotamento;1;0;0;0;0;0;;;;;0;1;0;0;0
17/02/2014;21:49:00;460;Acidente com vítima;358;BR-101/ES;Norte;Capotamento;1;0;0;0;0;0;;;;;0;1;0;0;0
17/02/2014;18:32:00;369;Acidente sem Vítima;368;BR-101/ES;Sul;Saída de Pista;0;0;1;0;0;0;;;;;1;0;0;0;0
17/02/2014;18:45:00;373;Acidente sem Vítima;375;BR-101/ES;Sul;Engavetamento;0;0;4;0;1;0;;;;;3;0;0;0;0
17/02/2014;17:38:00;348;Acidente com vítima;400;BR-101/ES;Sul;Saída de Pista;0;0;1;0;0;0;;;;;0;1;0;0;0
17/02/2014;23:04:00;483;Acidente sem Vítima;408;BR-101/ES;Sul;Saída de Pista;1;0;0;0;0;0;;;;;2;0;0;0;0
17/02/2014;16:07:00;342;Acidente sem Vítima;420;BR-101/ES;Norte;Saída de Pista;1;0;0;0;0;0;;;;;1;0;0;0;0
17/02/2014;16:17:00;343;Acidente com vítima;431;BR-101/ES;Norte;Colisão Frontal;0;0;2;0;0;0;;;;;0;0;2;0;0
17/02/2014;20:42:00;424;Acidente sem Vítima;439;BR-101/ES;Norte;Saída de Pista;0;0;1;0;0;0;;;;;1;0;0;0;0
17/02/2014;18:55:00;376;Acidente sem Vítima;450;BR-101/ES;Sul;Engavetamento;1;0;6;0;0;0;;;;;4;0;0;0;0
17/02/2014;03:12:00;114;Acidente sem Vítima;945;BR-101/BA;Norte;Atropelamento - Animal;0;0;1;0;0;0;;;;;1;0;0;0;0
18/02/2014;08:22:00;228;Acidente com vítima;66;BR-101/ES;Norte;Choque com Objeto Fixo;1;0;0;0;0;0;;;;;0;1;0;0;0
18/02/2014;18:30:00;458;Acidente com Morte;110;BR-101/ES;Norte;Tombamento;0;0;1;0;0;0;;;;;1;0;0;0;1
18/02/2014;17:13:00;443;Acidente sem Vítima;188;BR-101/ES;Norte;Saída de Pista;0;0;1;0;0;0;;;;;2;0;0;0;0
18/02/2014;20:14:00;495;Acidente sem Vítima;244;BR-101/ES;Sul;Colisão Lateral;2;0;0;0;0;0;;;;;3;0;0;0;0
18/02/2014;10:23:00;302;Acidente com vítima;249;BR-101/ES;Sul;Colisão Traseira;1;0;0;0;0;1;;;;;1;1;0;0;0
18/02/2014;16:46:00;437;Acidente com vítima;256;BR-101/ES;Norte;Capotamento;1;0;0;0;0;0;;;;;1;1;0;0;0
18/02/2014;08:45:00;243;Acidente sem Vítima;264;BR-101/ES;Norte;Queda de Moto;0;0;0;0;0;1;;;;;0;0;0;0;0
18/02/2014;19:49:00;486;Acidente com vítima;298;BR-101/ES;Norte;Queda de Moto;0;0;0;1;0;0;;;;;1;1;0;0;0
18/02/2014;10:10:00;297;Acidente com vítima;359;BR-101/ES;Sul;Colisão Frontal;0;0;3;0;0;0;;;;;2;1;0;0;0
18/02/2014;08:09:00;219;Acidente sem Vítima;359,5;BR-101/ES;Sul;Tombamento;0;0;1;0;0;0;;;;;1;0;0;0;0
18/02/2014;14:29:00;409;Acidente sem Vítima;375;BR-101/ES;Sul;Capotamento;1;0;0;0;0;0;;;;;1;0;0;0;0
18/02/2014;15:03:00;414;Acidente sem Vítima;438;BR-101/ES;Sul;Saída de Pista;1;0;0;0;0;0;;;;;1;0;0;0;0
18/02/2014;09:30:00;271;Acidente com Morte;440;BR-101/ES;Norte;Colisão Frontal;1;0;1;0;0;0;;;;;0;0;1;0;2
18/02/2014;07:00:00;179;Acidente com vítima;442;BR-101/ES;Sul;Queda de Moto;0;0;0;1;0;0;;;;;0;1;0;0;0
19/02/2014;16:28:00;449;Acidente sem Vítima;60;BR-101/ES;Sul;Saída de Pista;1;0;0;0;0;0;;;;;1;0;0;0;0
19/02/2014;16:32:00;450;Acidente sem Vítima;67;BR-101/ES;Norte;Saída de Pista;0;0;1;0;0;0;;;;;1;0;0;0;0
19/02/2014;18:41:00;482;Acidente sem Vítima;73;BR-101/ES;Norte;Atropelamento - Equino;1;0;2;0;0;0;;;;;2;0;0;0;0
19/02/2014;14:44:00;412;Acidente com vítima;141;BR-101/ES;Norte;Colisão Lateral;1;0;0;1;0;0;;;;;1;0;1;0;0
19/02/2014;14:54:00;414;Atropelamento sem Morte;167;BR-101/ES;Norte;Atropelamento;0;0;1;0;0;0;;;;;1;0;0;1;0
19/02/2014;05:57:00;147;Acidente com vítima;262;BR-101/ES;Sul;Engavetamento;0;0;0;0;3;0;;;;;0;28;2;0;0
19/02/2014;15:11:00;419;Acidente sem Vítima;266;BR-101/ES;Sul;Colisão Lateral;1;0;1;0;0;0;;;;;2;0;0;0;0
19/02/2014;19:29:00;509;Acidente sem Vítima;267;BR-101/ES;Norte;Colisão Lateral;2;0;0;0;0;0;;;;;2;0;0;0;0
19/02/2014;08:11:00;182;Acidente com vítima;312;BR-101/ES;Sul;Saída de Pista;0;0;1;0;0;0;;;;;0;1;0;0;0
19/02/2014;06:28:00;155;Acidente com vítima;337;BR-101/ES;Sul;Colisão Lateral;1;0;0;0;1;0;;;;;0;3;0;0;0
19/02/2014;22:23:00;559;Acidente sem Vítima;372;BR-101/ES;Sul;Saída de Pista;1;0;0;0;0;0;;;;;3;0;0;0;0
19/02/2014;09:05:00;225;Acidente sem Vítima;398;BR-101/ES;Norte;Saída de Pista;1;0;0;0;0;0;;;;;1;0;0;0;0
19/02/2014;11:19:00;311;Acidente com vítima;402;BR-101/ES;Norte;Capotamento;1;0;0;0;0;0;;;;;0;1;0;0;0
20/02/2014;13:45:00;407;Acidente com vítima;143;BR-101/ES;Sul;Colisão;0;0;1;0;1;0;;;;;1;1;0;0;0
20/02/2014;14:47:00;428;Acidente sem Vítima;143,5;BR-101/ES;Sul;Colisão;2;0;0;0;0;0;;;;;2;0;0;0;0
20/02/2014;11:07:00;342;Acidente com vítima;149;BR-101/ES;Norte;Colisão Traseira;2;0;0;0;0;0;;;;;1;2;0;0;0
20/02/2014;08:22:00;239;Acidente com vítima;150,5;BR-101/ES;Sul;Colisão Traseira;2;0;0;0;0;0;;;;;2;2;0;0;0
20/02/2014;07:59:00;222;Acidente sem Vítima;176;BR-101/ES;Sul;Colisão Traseira;2;0;0;0;0;0;;;;;2;0;0;0;0
20/02/2014;11:53:00;378;Acidente sem Vítima;242;BR-101/ES;Sul;Capotamento;1;0;0;0;0;0;;;;;1;0;0;0;0
20/02/2014;20:45:00;565;Acidente sem Vítima;253;BR-101/ES;Sul;Saída de Pista;1;0;0;0;0;0;;;;;3;0;0;0;0
20/02/2014;11:45:00;370;Acidente sem Vítima;262;BR-101/ES;Sul;Colisão Lateral;1;0;1;0;0;0;;;;;2;0;0;0;0
20/02/2014;11:50:00;373;Acidente com vítima;262;BR-101/ES;Sul;Queda de Moto;0;0;0;1;0;0;;;;;0;0;1;0;0
20/02/2014;16:27:00;461;Acidente sem Vítima;269;BR-101/ES;Norte;Colisão Traseira;1;0;0;0;0;0;;;;;1;0;0;0;0
20/02/2014;08:24:00;242;Acidente sem Vítima;270;BR-101/ES;Sul;Colisão;1;0;1;0;0;0;;;;;2;0;0;0;0
20/02/2014;23:29:00;608;Acidente com vítima;298;BR-101/ES;Norte;Colisão Lateral;2;0;0;0;0;0;;;;;3;2;0;0;0
20/02/2014;11:49:00;371;Acidente sem Vítima;299;BR-101/ES;Sul;Colisão Traseira;0;0;1;0;0;0;;;;;1;0;0;0;0
20/02/2014;07:54:00;216;Acidente sem Vítima;303,4;BR-101/ES;Sul;Colisão Traseira;2;0;0;0;1;0;;;;;3;0;0;0;0
20/02/2014;16:39:00;465;Acidente com vítima;355;BR-101/ES;Sul;Colisão Frontal;0;0;3;0;0;0;;;;;4;1;0;0;0
20/02/2014;08:30:00;248;Acidente sem Vítima;402;BR-101/ES;Norte;Tombamento;0;0;2;0;0;0;;;;;1;0;0;0;0
21/02/2014;16:28:00;343;Acidente sem Vítima;61;BR-101/ES;Norte;Colisão Lateral;1;0;0;1;0;0;;;;;4;0;0;0;0
21/02/2014;09:04:00;161;Acidente com vítima;84,3;BR-101/ES;Norte;Colisão Traseira;1;0;0;1;0;0;;;;;1;1;0;0;0
21/02/2014;11:52:00;262;Acidente sem Vítima;140;BR-101/ES;Sul;Colisão Frontal;1;0;0;1;0;0;;;;;1;0;0;0;0
21/02/2014;13:52:00;295;Acidente sem Vítima;142;BR-101/ES;Norte;Colisão Lateral;1;0;1;0;0;0;;;;;5;0;0;0;0
21/02/2014;14:54:00;310;Acidente com vítima;149;BR-101/ES;Sul;Colisão Traseira;0;0;0;1;0;0;;;;;0;1;0;0;0
21/02/2014;19:00:00;404;Acidente sem Vítima;166;BR-101/ES;Sul;Colisão Traseira;2;0;0;0;0;0;;;;;2;0;0;0;0
21/02/2014;13:07:00;278;Acidente sem Vítima;219;BR-101/ES;Sul;Saída de Pista;0;0;1;0;0;0;;;;;1;0;0;0;0
21/02/2014;20:52:00;453;Acidente sem Vítima;219;BR-101/ES;Norte;Queda de Moto;0;0;0;1;0;0;;;;;1;0;0;0;0
21/02/2014;20:19:00;439;Acidente com vítima;226;BR-101/ES;Sul;Colisão Transversal;0;0;3;0;0;0;;;;;1;1;0;0;0
21/02/2014;17:57:00;372;Acidente sem Vítima;257;BR-101/ES;Sul;Capotamento;1;0;0;0;0;0;;;;;2;0;0;0;0
21/02/2014;06:49:00;90;Acidente sem Vítima;262;BR-101/ES;Sul;Colisão Traseira;1;0;1;0;0;0;;;;;4;0;0;0;0
21/02/2014;11:38:00;258;Acidente sem Vítima;269;BR-101/ES;Sul;Colisão Traseira;1;0;0;0;0;0;;;;;3;0;0;0;0
21/02/2014;22:21:00;471;Acidente sem Vítima;270;BR-101/ES;Sul;Colisão;2;0;0;0;0;0;;;;;2;0;0;0;0
21/02/2014;11:03:00;235;Acidente com vítima;271;BR-101/ES;Sul;Choque com Objeto Fixo;0;0;1;0;0;0;;;;;1;1;0;0;0
21/02/2014;11:56:00;263;Acidente sem Vítima;354;BR-101/ES;Sul;Colisão Lateral;2;0;0;0;0;0;;;;;2;0;0;0;0
21/02/2014;21:05:00;457;Acidente sem Vítima;354;BR-101/ES;Sul;Saída de Pista;1;0;0;0;0;0;;;;;1;0;0;0;0
21/02/2014;14:32:00;306;Acidente sem Vítima;379;BR-101/ES;Norte;Engavetamento;1;0;3;0;0;0;;;;;3;0;0;0;0
21/02/2014;11:40:00;259;Acidente com vítima;448;BR-101/ES;Sul;Tombamento;0;0;1;0;0;0;;;;;0;1;0;0;0
22/02/2014;07:19:00;93;Acidente com vítima;80;BR-101/ES;Norte;Colisão Traseira;0;0;3;0;0;0;;;;;2;1;0;0;0
22/02/2014;13:50:00;299;Acidente sem Vítima;112;BR-101/ES;Norte;Saída de Pista;1;0;0;0;0;0;;;;;0;0;0;0;0
22/02/2014;20:05:00;421;Acidente com vítima;140;BR-101/ES;Norte;Capotamento;1;0;0;0;0;0;;;;;0;0;1;0;0
22/02/2014;18:45:00;401;Acidente com vítima;141;BR-101/ES;Norte;Colisão;0;0;0;2;0;0;;;;;1;2;0;0;0
22/02/2014;19:01:00;406;Acidente com Morte;171;BR-101/ES;Sul;Colisão Frontal;0;0;1;1;0;0;;;;;1;1;0;0;1
22/02/2014;11:00:00;194;Acidente com vítima;188;BR-101/ES;Sul;Queda de Moto;0;0;0;1;0;0;;;;;0;1;0;0;0
22/02/2014;22:16:00;470;Acidente sem Vítima;204;BR-101/ES;Norte;Queda de Moto;0;0;0;0;0;1;;;;;0;0;0;0;0
22/02/2014;14:14:00;305;Acidente com vítima;237;BR-101/ES;Norte;Saída de Pista;1;0;0;0;0;0;;;;;0;2;0;0;0
22/02/2014;21:56:00;464;Acidente com vítima;237;BR-101/ES;Sul;Capotamento;1;0;0;0;0;0;;;;;3;1;0;0;0
22/02/2014;10:46:00;186;Acidente com vítima;264;BR-101/ES;Norte;Colisão Traseira;2;0;0;0;0;0;;;;;3;0;1;0;0
22/02/2014;22:11:00;468;Atropelamento sem Morte;268;BR-101/ES;Sul;Atropelamento;1;0;0;0;0;0;;;;;1;1;0;0;0
22/02/2014;09:39:00;158;Atropelamento sem Morte;334;BR-101/ES;Sul;Atropelamento;0;0;1;0;0;0;;;;;1;0;0;1;0
22/02/2014;05:22:00;68;Acidente sem Vítima;335;BR-101/ES;Sul;Colisão Traseira;1;0;0;0;1;0;;;;;2;0;0;0;0
22/02/2014;15:51:00;335;Acidente com vítima;354,5;BR-101/ES;Sul;Colisão;1;0;0;0;0;0;;;;;1;1;0;0;0
22/02/2014;11:55:00;240;Acidente com Morte;406;BR-101/ES;Sul;Colisão Frontal;2;0;0;0;0;0;;;;;0;0;0;2;1
23/02/2014;21:01:00;603;Acidente sem Vítima;1,3;BR-101/ES;Sul;Atropelamento - Animal;1;0;0;0;0;0;;;;;0;0;0;0;0
23/02/2014;19:53:00;567;Acidente com vítima;7;BR-101/ES;Sul;Queda de Moto;0;0;0;1;0;0;;;;;0;2;0;0;0
23/02/2014;18:37:00;541;Acidente com vítima;12;BR-101/ES;Sul;Colisão Lateral;2;0;0;0;0;0;;;;;2;1;0;0;0
23/02/2014;07:07:00;205;Acidente sem Vítima;17;BR-101/ES;Sul;Saída de Pista;1;0;0;0;0;0;;;;;4;0;0;0;0
23/02/2014;21:35:00;615;Acidente com Morte;37;BR-101/ES;Sul;Colisão Frontal;0;0;3;1;0;0;;;;;0;0;1;0;1
23/02/2014;15:06:00;449;Acidente com vítima;66;BR-101/ES;Sul;Colisão Lateral;2;0;0;0;0;0;;;;;2;5;0;0;0
23/02/2014;17:52:00;521;Acidente sem Vítima;92;BR-101/ES;Sul;Colisão Traseira;2;0;0;0;0;0;;;;;6;0;0;0;0
23/02/2014;17:57:00;522;Acidente com vítima;136;BR-101/ES;Sul;Colisão Lateral;1;0;0;0;1;0;;;;;2;1;0;0;0
23/02/2014;22:07:00;623;Acidente sem Vítima;144;BR-101/ES;Sul;Queda de Moto;0;0;0;1;0;0;;;;;1;0;0;0;0
23/02/2014;20:03:00;575;Acidente sem Vítima;167;BR-101/ES;Norte;Colisão Traseira;2;0;0;0;0;0;;;;;10;0;0;0;0
23/02/2014;10:52:00;342;Acidente sem Vítima;170;BR-101/ES;Norte;Saída de Pista;1;0;0;0;0;0;;;;;2;0;0;0;0
23/02/2014;18:07:00;530;Acidente sem Vítima;254;BR-101/ES;Norte;Queda de ciclista;0;0;0;0;0;1;;;;;1;0;0;0;0
23/02/2014;04:16:00;144;Acidente com vítima;257;BR-101/ES;Norte;Capotamento;1;0;0;0;0;0;;;;;0;2;0;0;0
23/02/2014;22:01:00;620;Acidente sem Vítima;260;BR-101/ES;Sul;Colisão Lateral;0;0;1;0;0;0;;;;;0;0;0;0;0
23/02/2014;00:13:00;11;Acidente com vítima;261;BR-101/ES;Sul;Queda de Moto;0;0;0;1;0;0;;;;;0;0;1;0;0
23/02/2014;12:32:00;401;Acidente sem Vítima;264;BR-101/ES;Sul;Colisão Transversal;1;0;1;0;0;0;;;;;2;0;0;0;0
23/02/2014;02:11:00;82;Acidente com vítima;267;BR-101/ES;Sul;Queda de Moto;1;0;0;0;0;0;;;;;0;1;0;0;0
23/02/2014;15:51:00;462;Acidente sem Vítima;393;BR-101/ES;Norte;Colisão Lateral;1;0;2;0;0;0;;;;;2;0;0;0;0
23/02/2014;10:53:00;343;Acidente sem Vítima;414;BR-101/ES;Norte;Engavetamento;3;0;0;0;0;0;;;;;3;0;0;0;0
24/02/2014;11:45:00;276;Acidente com vítima;66;BR-101/ES;Norte;Engavetamento;2;0;0;1;0;0;;;;;2;1;0;0;0
24/02/2014;16:12:00;369;Acidente sem Vítima;68;BR-101/ES;Norte;Colisão Traseira;2;0;0;0;0;0;;;;;2;0;0;0;0
24/02/2014;06:34:00;164;Acidente com vítima;122,9;BR-101/ES;Sul;Engavetamento;5;0;0;0;0;0;;;;;5;5;0;0;0
24/02/2014;02:57:00;109;Acidente com vítima;123;BR-101/ES;Sul;Colisão Frontal;0;0;2;0;0;0;;;;;0;2;0;0;0
24/02/2014;07:55:00;185;Acidente sem Vítima;126;BR-101/ES;Sul;Colisão Lateral;1;0;1;0;0;0;;;;;2;0;0;0;0
24/02/2014;14:14:00;326;Acidente sem Vítima;133;BR-101/ES;Norte;Capotamento;1;0;0;0;0;0;;;;;1;0;0;0;0
24/02/2014;16:14:00;370;Acidente com vítima;143;BR-101/ES;Norte;Colisão;1;0;0;0;0;0;;;;;1;1;0;0;0
24/02/2014;06:03:00;158;Acidente sem Vítima;199;BR-101/ES;Sul;Engavetamento;2;0;0;0;0;0;;;;;6;0;0;0;0
24/02/2014;14:30:00;329;Acidente com vítima;221,2;BR-101/ES;Sul;Saída de Pista;1;0;0;0;0;0;;;;;0;1;0;0;0
24/02/2014;10:34:00;231;Acidente sem Vítima;264;BR-101/ES;Norte;Colisão Lateral;1;0;1;0;0;0;;;;;2;0;0;0;0
24/02/2014;17:15:00;399;Acidente sem Vítima;268;BR-101/ES;Norte;Colisão;0;0;2;0;0;0;;;;;2;0;0;0;0
24/02/2014;11:49:00;278;Acidente sem Vítima;316;BR-101/ES;Sul;Colisão;1;0;1;0;0;0;;;;;2;0;0;0;0
24/02/2014;22:14:00;537;Acidente sem Vítima;355;BR-101/ES;Sul;Atropelamento - Animal;0;0;1;0;0;0;;;;;1;0;0;0;0
25/02/2014;06:15:00;180;Acidente sem Vítima;32;BR-101/ES;Norte;Colisão Traseira;1;0;0;0;0;0;;;;;3;0;0;0;0
25/02/2014;09:32:00;247;Acidente com vítima;40;BR-101/ES;Sul;Colisão Traseira;0;0;2;0;0;0;;;;;2;2;0;0;0