data;horario;n_da_ocorrencia;tipo_de_ocorrencia;km;trecho;sentido;tipo_de_acidente;automovel;bicicleta;caminhao;moto;onibus;outros;tracao_animal;transporte_de_cargas_especiais;trator_maquinas;utilitarios;ilesos;levemente_feridos;moderadamente_feridos;gravemente_feridos;mortos
04/04/2014;13:23:00;360;Acidente sem Vítima;270;BR-101/ES;Sul;Colisão Lateral;1;0;0;0;1;0;;;;;0;0;0;0;0
04/04/2014;16:47:00;414;Atropelamento sem Morte;270;BR-101/ES;Norte;Atropelamento;0;0;0;0;0;1;;;;;0;0;1;0;0
04/04/2014;19:31:00;481;Acidente sem Vítima;270;BR-101/ES;Sul;Colisão Traseira;1;0;2;0;0;0;;;;;2;0;0;0;0
04/04/2014;07:02:00;121;Acidente com Morte;301;BR-101/ES;Norte;Colisão Lateral;0;0;0;1;0;0;;;;;0;0;0;0;1
04/04/2014;19:18:00;478;Acidente com vítima;316;BR-101/ES;Norte;Colisão Frontal;1;0;1;0;0;0;;;;;3;1;0;0;0
04/04/2014;11:43:00;318;Acidente sem Vítima;316,4;BR-101/ES;Sul;Saída de Pista;0;0;1;0;0;0;;;;;1;0;0;0;0
04/04/2014;09:54:00;249;Acidente com vítima;400;BR-101/ES;Sul;Colisão Transversal;0;0;1;0;0;0;;;;;0;1;0;0;0
04/04/2014;11:46:00;319;Acidente sem Vítima;400;BR-101/ES;Sul;Saída de Pista;0;0;1;0;0;0;;;;;0;0;0;0;0
04/04/2014;10:25:00;281;Acidente com vítima;408;BR-101/ES;Norte;Tombamento;0;0;1;0;0;0;;;;;1;1;0;1;0
04/04/2014;14:58:00;382;Acidente com vítima;435;BR-101/ES;Norte;Saída de Pista;1;0;0;0;0;0;;;;;0;4;0;0;0
05/04/2014;16:57:00;316;Acidente sem Vítima;42;BR-101/ES;Norte;Saída de Pista;1;0;0;0;0;0;;;;;1;0;0;0;0
05/04/2014;13:41:00;265;Acidente sem Vítima;93;BR-101/ES;Sul;Colisão Traseira;0;0;2;0;0;0;;;;;2;0;0;0;0
05/04/2014;17:27:00;323;Acidente com vítima;135;BR-101/ES;Sul;Saída de Pista;1;0;0;0;0;0;;;;;1;0;1;0;0
05/04/2014;19:20:00;357;Acidente com vítima;143;BR-101/ES;Norte;Queda de Moto;0;0;0;1;0;0;;;;;0;2;0;0;0
05/04/2014;12:52:00;252;Acidente com vítima;189;BR-101/ES;Sul;Capotamento;1;0;0;0;0;0;;;;;0;0;1;0;0
05/04/2014;15:58:00;289;Acidente sem Vítima;189;BR-101/ES;Norte;Colisão Traseira;2;0;0;0;0;0;;;;;5;0;0;0;0
05/04/2014;11:01:00;197;Acidente sem Vítima;230;BR-101/ES;Norte;Colisão Traseira;1;0;1;0;0;0;;;;;2;0;0;0;0
05/04/2014;21:19:00;421;Acidente com vítima;256;BR-101/ES;Norte;Queda de Moto;1;0;0;1;0;0;;;;;1;1;0;0;0
05/04/2014;08:08:00;141;Acidente sem Vítima;261;BR-101/ES;Sul;Queda de Moto;1;0;0;1;0;0;;;;;2;0;0;0;0
05/04/2014;08:38:00;155;Acidente sem Vítima;261;BR-101/ES;Sul;Engavetamento;2;0;1;0;0;0;;;;;3;0;0;0;0
05/04/2014;08:10:00;142;Acidente sem Vítima;263;BR-101/ES;Norte;Capotamento;1;0;0;0;0;0;;;;;1;0;0;0;0
05/04/2014;09:55:00;182;Acidente com vítima;263;BR-101/ES;Norte;Queda de Moto;0;0;0;1;0;0;;;;;0;1;0;0;0
05/04/2014;08:49:00;157;Acidente sem Vítima;266;BR-101/ES;Sul;Colisão Traseira;1;0;1;0;0;0;;;;;2;0;0;0;0
05/04/2014;14:07:00;270;Acidente sem Vítima;268;BR-101/ES;Sul;Colisão Traseira;1;0;1;0;0;0;;;;;3;0;0;0;0
05/04/2014;14:59:00;275;Acidente sem Vítima;269;BR-101/ES;Sul;Colisão Traseira;2;0;0;0;0;0;;;;;2;0;0;0;0
05/04/2014;06:47:00;123;Acidente sem Vítima;333;BR-101/ES;Norte;Colisão Traseira;2;0;0;0;0;0;;;;;2;0;0;0;0
05/04/2014;21:25:00;422;Acidente com vítima;366;BR-101/ES;Norte;Queda de Moto;0;0;0;1;0;0;;;;;0;1;1;0;0
05/04/2014;07:35:00;133;Acidente com vítima;384,2;BR-101/ES;Norte;Colisão Lateral;2;0;0;0;0;0;;;;;3;5;0;0;0
05/04/2014;16:24:00;300;Acidente sem Vítima;400;BR-101/ES;Norte;Colisão Traseira;2;0;0;0;0;0;;;;;3;0;0;0;0
05/04/2014;06:27:00;119;Acidente sem Vítima;406;BR-101/ES;Sul;Saída de Pista;1;0;0;0;0;0;;;;;1;0;0;0;0
05/04/2014;06:18:00;117;Acidente com Morte;423;BR-101/ES;Norte;Colisão Frontal;1;0;1;0;0;0;;;;;1;0;0;0;3
06/04/2014;16:52:00;312;Atropelamento sem Morte;31,9;BR-101/ES;Norte;Atropelamento;0;0;0;0;0;1;;;;;0;0;0;2;0
06/04/2014;18:29:00;347;Acidente com vítima;92;BR-101/ES;Norte;Colisão Lateral;1;0;0;1;0;0;;;;;0;1;0;0;0
06/04/2014;09:59:00;182;Atropelamento sem Morte;140;BR-101/ES;Norte;Atropelamento;0;0;0;0;0;1;;;;;0;0;3;0;0
06/04/2014;19:11:00;360;Atropelamento sem Morte;150;BR-101/ES;Sul;Atropelamento;0;0;0;0;0;1;;;;;1;0;0;0;0
06/04/2014;21:35:00;421;Acidente com vítima;175;BR-101/ES;Norte;Colisão Traseira;2;0;0;0;0;0;;;;;2;3;0;0;0
06/04/2014;10:46:00;195;Acidente sem Vítima;180;BR-101/ES;Norte;Saída de Pista;1;0;0;0;0;0;;;;;1;0;0;0;0
06/04/2014;18:20:00;345;Acidente sem Vítima;264;BR-101/ES;Sul;Colisão Traseira;2;0;0;0;0;0;;;;;2;0;0;0;0
06/04/2014;20:55:00;409;Acidente sem Vítima;266;BR-101/ES;Norte;Colisão Traseira;2;0;0;0;0;0;;;;;0;0;0;0;0
06/04/2014;11:20:00;216;Acidente sem Vítima;267;BR-101/ES;Norte;Colisão Transversal;2;0;0;0;0;0;;;;;2;0;0;0;0
06/04/2014;15:52:00;293;Acidente sem Vítima;269;BR-101/ES;Norte;Colisão Lateral;1;0;2;0;0;0;;;;;2;0;0;0;0
06/04/2014;11:40:00;229;Acidente sem Vítima;305;BR-101/ES;Sul;Colisão Lateral;0;0;1;1;0;0;;;;;2;0;0;0;0
06/04/2014;14:20:00;277;Acidente com vítima;327,5;BR-101/ES;Sul;Tombamento;0;0;1;0;0;0;;;;;1;1;0;0;0
06/04/2014;02:05:00;42;Acidente sem Vítima;339;BR-101/ES;Sul;Choque com Objeto Fixo;1;0;0;0;0;0;;;;;5;0;0;0;0
06/04/2014;12:31:00;246;Acidente sem Vítima;393;BR-101/ES;Sul;Tombamento;0;0;3;0;0;0;;;;;1;0;0;0;0
07/04/2014;18:56:00;434;Atropelamento sem Morte;61;BR-101/ES;Norte;Atropelamento;0;0;0;1;0;0;;;;;1;0;1;0;0
07/04/2014;17:56:00;416;Atropelamento sem Morte;139;BR-101/ES;Norte;Atropelamento;0;0;0;1;0;0;;;;;0;1;1;1;0
07/04/2014;06:36:00;108;Acidente sem Vítima;158;BR-101/ES;Sul;Colisão Traseira;2;0;0;0;0;0;;;;;2;0;0;0;0
07/04/2014;17:51:00;414;Acidente com vítima;239;BR-101/ES;Sul;Colisão Traseira;0;0;2;1;0;0;;;;;1;0;1;0;0
07/04/2014;11:34:00;287;Acidente sem Vítima;255;BR-101/ES;Norte;Colisão Traseira;2;0;0;0;0;0;;;;;3;0;0;0;0
07/04/2014;14:44:00;364;Acidente com vítima;261;BR-101/ES;Sul;Colisão Frontal;2;0;1;0;0;0;;;;;2;0;0;1;0
07/04/2014;13:10:00;330;Acidente sem Vítima;270;BR-101/ES;Sul;Colisão Traseira;2;0;0;0;0;0;;;;;2;0;0;0;0
08/04/2014;23:07:00;485;Acidente sem Vítima;45;BR-101/ES;Sul;Choque;1;0;0;0;0;0;;;;;0;0;0;0;0
08/04/2014;19:17:00;440;Acidente sem Vítima;70;BR-101/ES;Norte;Colisão Lateral;2;0;0;0;0;0;;;;;2;0;0;0;0
08/04/2014;07:14:00;118;Acidente com vítima;73;BR-101/ES;Norte;Colisão Lateral;0;1;0;1;0;0;;;;;0;2;0;0;0
08/04/2014;13:57:00;341;Acidente sem Vítima;127;BR-101/ES;Norte;Colisão Traseira;2;0;0;0;0;0;;;;;2;0;0;0;0
08/04/2014;18:25:00;413;Acidente com vítima;164;BR-101/ES;Sul;Queda de Moto;0;0;0;1;0;0;;;;;0;0;1;0;0
08/04/2014;17:55:00;407;Acidente sem Vítima;240;BR-101/ES;Norte;Queda de Moto;1;0;0;1;0;0;;;;;2;0;0;0;0
08/04/2014;07:16:00;120;Acidente com vítima;241;BR-101/ES;Norte;Saída de Pista;1;0;0;0;0;0;;;;;0;1;1;0;0
08/04/2014;14:48:00;352;Acidente com vítima;329,9;BR-101/ES;Sul;Colisão Lateral;0;0;1;0;0;0;;;;;1;1;0;0;0
08/04/2014;21:26:00;473;Acidente sem Vítima;448;BR-101/ES;Sul;Colisão Traseira;0;0;5;0;0;0;;;;;3;0;0;0;0
09/04/2014;16:01:00;374;Acidente sem Vítima;67;BR-101/ES;Sul;Colisão Lateral;2;0;0;0;0;0;;;;;3;0;0;0;0
09/04/2014;23:13:00;521;Acidente sem Vítima;92;BR-101/ES;Norte;Colisão Traseira;2;0;0;0;0;0;;;;;4;0;0;0;0
09/04/2014;20:41:00;470;Acidente sem Vítima;205,8;BR-101/ES;Sul;Abalroamento - Sentido Oposto;1;0;3;0;0;0;;;;;4;0;0;0;0
09/04/2014;14:03:00;342;Acidente sem Vítima;213;BR-101/ES;Norte;Colisão Traseira;2;0;0;0;0;0;;;;;2;0;0;0;0
09/04/2014;08:50:00;178;Acidente sem Vítima;239;BR-101/ES;Norte;Saída de Pista;1;0;0;0;0;0;;;;;0;0;0;0;0
09/04/2014;13:50:00;339;Acidente sem Vítima;270;BR-101/ES;Norte;Colisão Transversal;2;0;0;0;0;0;;;;;2;0;0;0;0
09/04/2014;15:45:00;372;Acidente sem Vítima;270;BR-101/ES;Norte;Engavetamento;2;0;2;0;0;0;;;;;3;0;0;0;0
09/04/2014;12:07:00;293;Acidente com vítima;385;BR-101/ES;Norte;Saída de Pista;0;0;1;0;0;0;;;;;0;1;0;0;0
10/04/2014;17:47:00;390;Acidente sem Vítima;130;BR-101/ES;Norte;Capotamento;1;0;0;0;0;0;;;;;1;0;0;0;0
10/04/2014;16:25:00;363;Acidente com vítima;147;BR-101/ES;Norte;Engavetamento;3;0;0;0;0;0;;;;;3;1;0;0;0
10/04/2014;00:41:00;14;Acidente com vítima;157;BR-101/ES;Sul;Capotamento;1;0;0;0;0;0;;;;;1;1;1;0;0
10/04/2014;14:56:00;337;Acidente sem Vítima;167;BR-101/ES;Norte;Colisão Lateral;2;0;0;0;0;0;;;;;2;0;0;0;0
10/04/2014;21:54:00;503;Acidente sem Vítima;233;BR-101/ES;Sul;Saída de Pista;1;0;0;0;0;0;;;;;1;0;0;0;0
10/04/2014;07:04:00;90;Acidente com vítima;260;BR-101/ES;Norte;Queda de Moto;0;0;0;1;0;0;;;;;0;1;0;0;0
10/04/2014;00:30:00;11;Acidente com vítima;266;BR-101/ES;Norte;Queda de Moto;0;0;0;1;0;0;;;;;0;1;0;0;0
10/04/2014;17:55:00;391;Atropelamento sem Morte;269;BR-101/ES;Sul;Atropelamento;0;0;0;1;0;0;;;;;1;1;0;0;0
10/04/2014;07:36:00;104;Acidente sem Vítima;269,5;BR-101/ES;Norte;Colisão Traseira;2;0;0;0;0;0;;;;;3;0;0;0;0
11/04/2014;07:08:00;98;Acidente com vítima;32;BR-101/ES;Norte;Queda de Moto;0;0;0;1;0;0;;;;;0;1;0;0;0
11/04/2014;15:29:00;328;Acidente com vítima;160;BR-101/ES;Sul;Engavetamento;1;0;4;0;0;0;;;;;4;1;0;0;0
11/04/2014;23:33:00;535;Acidente sem Vítima;171;BR-101/ES;Norte;Choque;0;0;2;0;0;0;;;;;1;0;0;0;0
11/04/2014;21:06:00;476;Acidente sem Vítima;194;BR-101/ES;Norte;Atropelamento - Animal;1;0;0;0;0;0;;;;;0;0;0;0;0
11/04/2014;20:50:00;468;Acidente com vítima;222;BR-101/ES;Sul;Saída de Pista;1;0;0;0;0;0;;;;;0;0;1;0;0
11/04/2014;13:32:00;277;Acidente com vítima;249;BR-101/ES;Norte;Colisão Transversal;4;0;0;0;0;0;;;;;2;2;0;0;0
11/04/2014;08:01:00;116;Acidente com vítima;266;BR-101/ES;Sul;Colisão Traseira;1;0;0;1;0;0;;;;;1;1;0;0;0
11/04/2014;15:09:00;316;Acidente sem Vítima;268;BR-101/ES;Norte;Colisão Lateral;1;0;1;0;0;0;;;;;2;0;0;0;0
11/04/2014;17:21:00;372;Acidente com vítima;308;BR-101/ES;Sul;Colisão Lateral;1;0;0;1;0;0;;;;;2;0;0;1;0
12/04/2014;00:01:00;5;Acidente sem Vítima;13;BR-101/ES;Norte;Saída de Pista;1;0;0;0;0;0;;;;;1;0;0;0;0
12/04/2014;15:43:00;382;Acidente sem Vítima;73,1;BR-101/ES;Sul;Atropelamento - Animal;1;0;0;0;0;0;;;;;0;0;0;0;0
12/04/2014;11:49:00;287;Acidente sem Vítima;120;BR-101/ES;Norte;Colisão Frontal;2;0;0;0;0;0;;;;;4;0;0;0;0
12/04/2014;09:02:00;208;Acidente com vítima;132;BR-101/ES;Norte;Colisão Frontal;1;0;1;0;0;0;;;;;1;2;0;0;0
12/04/2014;00:04:00;9;Acidente com vítima;150;BR-101/ES;Sul;Choque com Objeto Fixo;0;0;0;1;0;0;;;;;0;0;0;1;0
12/04/2014;03:40:00;103;Acidente com vítima;167;BR-101/ES;Sul;Colisão Lateral;1;0;0;0;0;0;;;;;0;0;1;0;0
12/04/2014;19:40:00;488;Acidente com Morte;176;BR-101/ES;Sul;Colisão Frontal;0;0;4;1;0;0;;;;;1;0;0;0;1
12/04/2014;09:12:00;209;Acidente sem Vítima;230;BR-101/ES;Norte;Colisão Lateral;2;0;0;0;0;0;;;;;2;0;0;0;0
12/04/2014;16:11:00;394;Acidente sem Vítima;236;BR-101/ES;Norte;Colisão Lateral;2;0;0;0;0;0;;;;;3;0;0;0;0
12/04/2014;16:40:00;401;Acidente com vítima;243;BR-101/ES;Sul;Abalroamento - Mesmo Sentido;1;0;0;1;0;0;;;;;4;1;0;0;0
12/04/2014;18:06:00;447;Acidente sem Vítima;264;BR-101/ES;Sul;Colisão Traseira;3;0;0;0;0;0;;;;;3;0;0;0;0
12/04/2014;19:45:00;490;Acidente com vítima;329;BR-101/ES;Sul;Queda de Moto;0;0;0;1;0;0;;;;;0;1;0;0;0
12/04/2014;22:05:00;551;Acidente com vítima;357,5;BR-101/ES;Sul;Queda de Moto;0;0;0;1;0;0;;;;;0;1;0;0;0
12/04/2014;06:44:00;143;Acidente com vítima;368;BR-101/ES;Sul;Abalroamento - Sentido Oposto;0;0;1;0;1;0;;;;;1;1;0;0;0
12/04/2014;13:07:00;333;Acidente com vítima;401;BR-101/ES;Sul;Queda de Moto;0;0;0;1;0;0;;;;;0;1;0;0;0
12/04/2014;13:38:00;341;Acidente sem Vítima;946,2;BR-101/BA;Norte;Choque com Objeto Fixo;0;0;1;0;0;0;;;;;1;0;0;0;0
13/04/2014;21:39:00;510;Acidente com vítima;141;BR-101/ES;Sul;Colisão Lateral;1;0;0;1;0;0;;;;;1;0;1;0;0
13/04/2014;18:41:00;431;Acidente com vítima;147;BR-101/ES;Norte;Choque com Objeto Fixo;1;0;0;0;0;0;;;;;0;1;0;0;0
13/04/2014;18:24:00;417;Acidente com vítima;164;BR-101/ES;Sul;Saída de Pista;1;0;0;0;0;0;;;;;2;0;1;0;0
13/04/2014;18:40:00;429;Acidente com vítima;259;BR-101/ES;Norte;Queda de Moto;0;0;0;1;0;0;;;;;0;1;0;0;0
13/04/2014;08:14:00;154;Acidente sem Vítima;262;BR-101/ES;Norte;Colisão Lateral;1;0;1;0;0;0;;;;;2;0;0;0;0
13/04/2014;18:59:00;436;Acidente com vítima;270;BR-101/ES;Sul;Colisão Lateral;1;0;0;1;0;0;;;;;4;1;0;0;0
13/04/2014;12:21:00;279;Acidente com vítima;319,8;BR-101/ES;Sul;Colisão Lateral;2;0;0;0;0;0;;;;;0;1;4;4;0
14/04/2014;10:11:00;177;Acidente sem Vítima;143;BR-101/ES;Sul;Colisão Traseira;1;0;0;0;1;0;;;;;2;0;0;0;0
14/04/2014;18:51:00;389;Acidente com vítima;143,9;BR-101/ES;Sul;Queda de Moto;0;0;0;1;0;0;;;;;1;1;0;0;0
14/04/2014;17:37:00;360;Acidente sem Vítima;150;BR-101/ES;Norte;Engavetamento;3;0;0;0;0;0;;;;;3;0;0;0;0
14/04/2014;09:05:00;151;Acidente com vítima;240;BR-101/ES;Norte;Saída de Pista;1;0;0;0;0;0;;;;;0;1;0;0;0
14/04/2014;21:53:00;465;Acidente sem Vítima;264,5;BR-101/ES;Norte;Colisão;1;0;0;0;0;0;;;;;0;0;0;0;0
14/04/2014;10:47:00;203;Acidente sem Vítima;265;BR-101/ES;Sul;Colisão Transversal;1;0;0;0;1;0;;;;;2;0;0;0;0
14/04/2014;17:58:00;365;Acidente com vítima;266;BR-101/ES;Norte;Colisão Lateral;0;0;0;2;0;0;;;;;1;0;1;0;0
14/04/2014;18:19:00;376;Acidente com Morte;442;BR-101/ES;Sul;Colisão;0;0;0;1;0;0;;;;;0;0;0;0;1
15/04/2014;08:54:00;199;Acidente sem Vítima;61;BR-101/ES;Norte;Colisão Traseira;1;0;1;0;0;0;;;;;2;0;0;0;0
15/04/2014;18:37:00;437;Acidente com vítima;139;BR-101/ES;Norte;Queda de Moto;0;0;0;0;0;1;;;;;0;1;1;0;0
15/04/2014;23:17:00;534;Acidente sem Vítima;141;BR-101/ES;Sul;Colisão Traseira;2;0;0;0;0;0;;;;;2;0;0;0;0
15/04/2014;08:46:00;191;Acidente sem Vítima;148;BR-101/ES;Sul;Colisão Lateral;1;0;1;0;0;0;;;;;2;0;0;0;0
15/04/2014;10:18:00;251;Acidente sem Vítima;149;BR-101/ES;Norte;Colisão Traseira;1;0;2;0;0;0;;;;;3;0;0;0;0
15/04/2014;14:28:00;355;Acidente sem Vítima;254,5;BR-101/ES;Sul;Saída de Pista;0;0;1;0;0;0;;;;;1;0;0;0;0
15/04/2014;19:09:00;459;Acidente sem Vítima;265;BR-101/ES;Sul;Colisão Traseira;1;0;0;0;1;0;;;;;2;0;0;0;0
15/04/2014;19:40:00;471;Acidente sem Vítima;267;BR-101/ES;Sul;Colisão Lateral;1;0;1;0;0;0;;;;;2;0;0;0;0
15/04/2014;15:33:00;370;Acidente sem Vítima;270;BR-101/ES;Norte;Colisão Lateral;2;0;0;0;0;0;;;;;2;0;0;0;0
15/04/2014;07:22:00;130;Acidente com vítima;298;BR-101/ES;Norte;Queda de Moto;0;0;0;1;0;0;;;;;0;1;1;0;0
15/04/2014;12:59:00;319;Acidente sem Vítima;317;BR-101/ES;Norte;Saída de Pista;0;0;1;0;0;0;;;;;1;0;0;0;0
15/04/2014;19:40:00;472;Acidente sem Vítima;350;BR-101/ES;Norte;Saída de Pista;1;0;0;0;0;0;;;;;2;0;0;0;0
15/04/2014;08:46:00;192;Acidente sem Vítima;374;BR-101/ES;Sul;Engavetamento;1;0;3;0;0;0;;;;;0;0;0;0;0
15/04/2014;07:29:00;135;Acidente sem Vítima;448;BR-101/ES;Sul;Colisão Traseira;2;0;0;0;0;0;;;;;2;0;0;0;0
15/04/2014;07:45:00;145;Acidente sem Vítima;450;BR-101/ES;Sul;Colisão Lateral;0;0;2;0;0;0;;;;;2;0;0;0;0
15/04/2014;08:23:00;180;Acidente com vítima;458;BR-101/ES;Norte;Colisão Lateral;0;0;2;0;0;0;;;;;1;1;0;0;0
16/04/2014;18:40:00;455;Acidente sem Vítima;64;BR-101/ES;Sul;Colisão Traseira;3;0;0;0;0;0;;;;;3;0;0;0;0
16/04/2014;14:43:00;390;Acidente sem Vítima;171,2;BR-101/ES;Sul;Choque com Objeto Fixo;0;0;2;0;0;0;;;;;0;0;0;0;0
16/04/2014;08:03:00;183;Acidente sem Vítima;202;BR-101/ES;Norte;Colisão Traseira;1;0;1;0;0;0;;;;;2;0;0;0;0
16/04/2014;18:45:00;460;Acidente sem Vítima;213;BR-101/ES;Sul;Colisão Traseira;0;0;0;0;0;1;;;;;2;0;0;0;0
16/04/2014;16:59:00;422;Acidente sem Vítima;265;BR-101/ES;Norte;Colisão Traseira;2;0;0;0;0;0;;;;;2;0;0;0;0
16/04/2014;16:30:00;415;Acidente com vítima;267;BR-101/ES;Norte;Choque com Objeto Fixo;1;0;0;0;0;0;;;;;0;0;0;1;0
16/04/2014;04:57:00;108;Acidente sem Vítima;268;BR-101/ES;Norte;Colisão Lateral;1;0;1;0;0;0;;;;;5;0;0;0;0
16/04/2014;13:50:00;374;Acidente sem Vítima;269;BR-101/ES;Norte;Colisão Lateral;2;0;0;0;0;0;;;;;2;0;0;0;0
16/04/2014;05:28:00;122;Atropelamento sem Morte;270;BR-101/ES;Sul;Atropelamento;1;0;0;1;0;0;;;;;1;2;0;0;0
16/04/2014;06:01:00;134;Acidente sem Vítima;270;BR-101/ES;Norte;Colisão Lateral;1;0;2;0;0;0;;;;;2;0;0;0;0
16/04/2014;07:01:00;152;Acidente com vítima;299;BR-101/ES;Norte;Engavetamento;2;0;1;0;0;0;;;;;3;1;0;0;0
16/04/2014;05:50:00;130;Acidente sem Vítima;301,8;BR-101/ES;Sul;Abalroamento - Mesmo Sentido;0;0;0;0;2;0;;;;;0;0;0;0;0
16/04/2014;23:06:00;521;Acidente sem Vítima;368;BR-101/ES;Sul;Colisão Lateral;1;0;0;0;1;0;;;;;3;0;0;0;0
16/04/2014;19:09:00;468;Acidente sem Vítima;378;BR-101/ES;Sul;Colisão Lateral;1;0;1;0;0;0;;;;;4;0;0;0;0
17/04/2014;17:19:00;393;Acidente com vítima;69;BR-101/ES;Norte;Engavetamento;5;0;1;0;0;0;;;;;12;3;0;0;0
17/04/2014;07:24:00;165;Acidente sem Vítima;89,1;BR-101/ES;Norte;Colisão Traseira;2;0;0;0;0;0;;;;;10;0;0;0;0
17/04/2014;13:23:00;316;Acidente sem Vítima;141;BR-101/ES;Sul;Colisão Traseira;1;0;1;0;0;0;;;;;3;0;0;0;0
17/04/2014;20:08:00;439;Atropelamento com Morte;142;BR-101/ES;Norte;Atropelamento;0;0;2;0;0;0;;;;;1;0;0;0;1
17/04/2014;15:54:00;364;Acidente com vítima;144;BR-101/ES;Sul;Colisão Lateral;2;0;0;0;0;0;;;;;4;2;0;0;0
17/04/2014;15:36:00;357;Acidente sem Vítima;166;BR-101/ES;Sul;Colisão Traseira;2;0;0;0;0;0;;;;;4;0;0;0;0
17/04/2014;09:16:00;237;Acidente com vítima;193;BR-101/ES;Norte;Capotamento;1;0;0;0;0;0;;;;;0;1;1;0;0
17/04/2014;08:00:00;188;Acidente sem Vítima;233;BR-101/ES;Norte;Colisão Frontal;2;0;1;0;0;0;;;;;3;0;0;0;0
17/04/2014;17:38:00;399;Acidente com Morte;249;BR-101/ES;Norte;Colisão Frontal;1;0;2;0;0;0;;;;;2;0;2;0;3
17/04/2014;14:33:00;339;Acidente com vítima;257;BR-101/ES;Norte;Engavetamento;3;0;0;0;0;0;;;;;3;1;0;0;0
17/04/2014;06:08:00;141;Acidente com vítima;259;BR-101/ES;Norte;Capotamento;1;0;0;0;0;0;;;;;0;2;0;0;0
17/04/2014;14:29:00;338;Acidente sem Vítima;264;BR-101/ES;Norte;Colisão Traseira;2;0;0;0;0;0;;;;;2;0;0;0;0
17/04/2014;09:22:00;244;Acidente sem Vítima;264,8;BR-101/ES;Norte;Colisão Traseira;1;0;1;0;0;0;;;;;2;0;0;0;0
17/04/2014;16:34:00;378;Acidente sem Vítima;268;BR-101/ES;Norte;Colisão Traseira;2;0;0;0;0;0;;;;;3;0;0;0;0
17/04/2014;12:22:00;304;Acidente sem Vítima;271;BR-101/ES;Sul;Colisão Traseira;1;0;1;0;0;0;;;;;2;0;0;0;0
17/04/2014;06:44:00;147;Acidente sem Vítima;297;BR-101/ES;Sul;Colisão Traseira;2;0;0;0;0;0;;;;;2;0;0;0;0
17/04/2014;08:10:00;193;Acidente sem Vítima;297;BR-101/ES;Sul;Colisão Traseira;0;0;0;2;0;0;;;;;1;0;0;0;0
17/04/2014;07:31:00;168;Acidente sem Vítima;297,1;BR-101/ES;Sul;Colisão Traseira;1;0;1;0;0;0;;;;;2;0;0;0;0
17/04/2014;05:38:00;133;Acidente sem Vítima;300,5;BR-101/ES;Sul;Colisão Lateral;1;0;1;0;0;0;;;;;3;0;0;0;0
17/04/2014;02:57:00;82;Acidente sem Vítima;342;BR-101/ES;Norte;Abalroamento - Sentido Oposto;1;0;0;0;0;0;;;;;3;0;0;0;0
17/04/2014;13:09:00;313;Acidente com vítima;369,2;BR-101/ES;Norte;Saída de Pista;2;0;0;0;0;0;;;;;4;2;0;0;0
17/04/2014;00:30:00;22;Acidente sem Vítima;383;BR-101/ES;Norte;Atropelamento - Bovino;0;0;1;0;0;0;;;;;0;0;0;0;0
17/04/2014;21:19:00;466;Acidente sem Vítima;394;BR-101/ES;Sul;Colisão Lateral;2;0;0;0;0;0;;;;;4;0;0;0;0
17/04/2014;11:01:00;266;Acidente sem Vítima;400;BR-101/ES;Norte;Saída de Pista;0;0;1;0;0;0;;;;;2;0;0;0;0
17/04/2014;16:32:00;377;Acidente sem Vítima;404;BR-101/ES;Norte;Colisão Traseira;2;0;0;0;0;0;;;;;9;0;0;0;0
18/04/2014;08:13:00;143;Atropelamento sem Morte;15;BR-101/ES;Norte;Atropelamento;1;0;0;0;0;0;;;;;1;0;1;0;0
18/04/2014;04:34:00;69;Acidente com vítima;49;BR-101/ES;Norte;Capotamento;1;0;0;0;0;0;;;;;0;1;0;0;0
18/04/2014;14:34:00;330;Acidente com vítima;68;BR-101/ES;Norte;Queda de Moto;0;0;0;1;0;0;;;;;0;0;1;0;0
18/04/2014;02:01:00;23;Acidente sem Vítima;98;BR-101/ES;Norte;Atropelamento - Animal;0;0;1;0;0;0;;;;;0;0;0;0;0
18/04/2014;13:48:00;315;Acidente com vítima;130;BR-101/ES;Sul;Colisão Traseira;1;0;3;0;0;0;;;;;2;0;1;0;0
18/04/2014;18:07:00;416;Acidente com vítima;142;BR-101/ES;Sul;Colisão Lateral;0;0;0;2;0;0;;;;;0;2;0;1;0
18/04/2014;08:14:00;145;Acidente sem Vítima;147;BR-101/ES;Norte;Colisão Traseira;3;0;0;0;0;0;;;;;4;0;0;0;0
18/04/2014;20:50:00;488;Acidente com vítima;176;BR-101/ES;Norte;Colisão Frontal;1;0;1;0;0;0;;;;;1;0;1;0;0
18/04/2014;20:48:00;487;Acidente com vítima;258;BR-101/ES;Sul;Colisão Traseira;1;0;0;1;0;0;;;;;1;0;1;0;0
18/04/2014;09:53:00;201;Acidente sem Vítima;266;BR-101/ES;Sul;Colisão Traseira;2;0;0;0;0;0;;;;;2;0;0;0;0
18/04/2014;04:31:00;68;Atropelamento sem Morte;376;BR-101/ES;Sul;Atropelamento;1;0;0;0;0;0;;;;;4;0;1;0;0
18/04/2014;08:33:00;152;Acidente sem Vítima;389;BR-101/ES;Sul;Colisão Traseira;2;0;0;0;0;0;;;;;6;0;0;0;0
18/04/2014;07:49:00;131;Acidente sem Vítima;414;BR-101/ES;Norte;Colisão Traseira;1;0;0;0;0;1;;;;;8;0;0;0;0