data;horario;n_da_ocorrencia;tipo_de_ocorrencia;km;trecho;sentido;tipo_de_acidente;automovel;bicicleta;caminhao;moto;onibus;outros;tracao_animal;transporte_de_cargas_especiais;trator_maquinas;utilitarios;ilesos;levemente_feridos;moderadamente_feridos;gravemente_feridos;mortos
02/05/2014;21:18:00;422;Acidente sem Vítima;119;BR-101/ES;Norte;Saída de Pista;1;0;1;0;0;0;;;;;2;0;0;0;0
02/05/2014;16:58:00;355;Acidente sem Vítima;120;BR-101/ES;Norte;Colisão Lateral;2;0;0;0;0;0;;;;;3;0;0;0;0
02/05/2014;12:24:00;268;Acidente sem Vítima;233;BR-101/ES;Norte;Colisão Lateral;1;0;1;0;0;0;;;;;3;0;0;0;0
02/05/2014;16:35:00;348;Acidente sem Vítima;244;BR-101/ES;Sul;Colisão Traseira;0;0;3;0;0;0;;;;;2;0;0;0;0
02/05/2014;15:39:00;334;Acidente sem Vítima;262;BR-101/ES;Norte;Colisão Traseira;1;0;0;0;0;0;;;;;1;0;0;0;0
02/05/2014;04:24:00;73;Acidente sem Vítima;264;BR-101/ES;Norte;Colisão Traseira;1;0;1;0;0;0;;;;;1;0;0;0;0
02/05/2014;14:45:00;323;Acidente sem Vítima;265,9;BR-101/ES;Sul;Colisão Traseira;1;0;1;0;0;0;;;;;2;0;0;0;0
02/05/2014;11:18:00;237;Acidente sem Vítima;268;BR-101/ES;Sul;Colisão Traseira;2;0;0;0;0;0;;;;;2;0;0;0;0
02/05/2014;12:27:00;270;Acidente sem Vítima;269;BR-101/ES;Norte;Abalroamento - Mesmo Sentido;1;0;1;0;0;0;;;;;2;0;0;0;0
02/05/2014;06:53:00;103;Acidente com vítima;336;BR-101/ES;Sul;Queda de ciclista;0;0;0;0;0;1;;;;;0;1;0;0;0
02/05/2014;20:07:00;403;Acidente com vítima;408;BR-101/ES;Norte;Tombamento;0;0;2;0;0;0;;;;;0;1;0;0;0
02/05/2014;19:27:00;391;Acidente com Morte;448;BR-101/ES;Sul;Queda de Moto;0;0;0;1;0;0;;;;;0;0;0;0;1
03/05/2014;18:08:00;369;Acidente sem Vítima;91;BR-101/ES;Sul;Colisão Traseira;2;0;0;0;0;0;;;;;2;0;0;0;0
03/05/2014;10:42:00;209;Acidente com vítima;127;BR-101/ES;Sul;Queda de ciclista;0;1;0;0;0;0;;;;;0;0;1;0;0
03/05/2014;18:04:00;367;Acidente com vítima;138;BR-101/ES;Norte;Colisão;0;0;0;1;0;0;;;;;0;1;0;0;0
03/05/2014;12:11:00;248;Acidente com vítima;144;BR-101/ES;Norte;Queda de Moto;0;0;0;1;0;0;;;;;0;2;0;0;0
03/05/2014;12:40:00;258;Acidente com vítima;147;BR-101/ES;Norte;Colisão Traseira;0;0;0;0;0;1;;;;;0;1;0;0;0
03/05/2014;09:40:00;179;Acidente sem Vítima;164;BR-101/ES;Norte;Abalroamento - Mesmo Sentido;1;0;0;1;0;0;;;;;2;0;0;0;0
03/05/2014;22:53:00;468;Acidente com vítima;182;BR-101/ES;Norte;Queda de Moto;0;0;0;1;0;0;;;;;0;0;1;0;0
03/05/2014;12:34:00;257;Acidente sem Vítima;231;BR-101/ES;Norte;Engavetamento;3;0;0;0;0;0;;;;;4;0;0;0;0
03/05/2014;10:18:00;199;Acidente sem Vítima;232;BR-101/ES;Norte;Colisão Traseira;2;0;0;0;0;0;;;;;8;0;0;0;0
03/05/2014;04:35:00;80;Acidente sem Vítima;235;BR-101/ES;Norte;Veículo em Chamas;0;0;2;0;0;0;;;;;0;0;0;0;0
03/05/2014;07:44:00;127;Acidente sem Vítima;241;BR-101/ES;Sul;Engavetamento;3;0;0;0;0;0;;;;;10;0;0;0;0
03/05/2014;09:04:00;167;Acidente sem Vítima;242;BR-101/ES;Sul;Colisão Lateral;1;0;1;0;0;0;;;;;2;0;0;0;0
03/05/2014;15:27:00;300;Acidente com vítima;260;BR-101/ES;Norte;Colisão Lateral;0;0;1;1;0;0;;;;;2;0;1;0;0
03/05/2014;01:26:00;41;Acidente sem Vítima;268;BR-101/ES;Sul;Abalroamento - Mesmo Sentido;1;0;1;0;0;0;;;;;1;0;0;0;0
03/05/2014;05:02:00;83;Acidente sem Vítima;270;BR-101/ES;Norte;Colisão Traseira;1;0;0;1;0;0;;;;;2;0;0;0;0
03/05/2014;04:35:00;79;Acidente com vítima;362,5;BR-101/ES;Sul;Colisão Transversal;1;0;2;0;0;0;;;;;1;2;1;0;0
03/05/2014;05:44:00;89;Acidente sem Vítima;384;BR-101/ES;Norte;Saída de Pista;1;0;0;0;0;0;;;;;2;0;0;0;0
03/05/2014;21:55:00;457;Acidente com vítima;946;BR-101/BA;Sul;Queda de Moto;0;0;0;1;0;0;;;;;0;1;0;0;0
04/05/2014;08:10:00;96;Acidente sem Vítima;66,1;BR-101/ES;Sul;Colisão Traseira;0;0;0;1;1;0;;;;;2;0;0;0;0
04/05/2014;23:41:00;413;Acidente com vítima;67;BR-101/ES;Norte;Colisão Lateral;2;0;0;0;0;0;;;;;2;1;1;0;0
04/05/2014;19:11:00;333;Acidente com vítima;129;BR-101/ES;Sul;Colisão Frontal;1;0;0;1;0;0;;;;;1;0;0;2;0
04/05/2014;11:58:00;195;Acidente com vítima;146;BR-101/ES;Norte;Colisão;1;0;0;0;0;0;;;;;2;1;0;0;0
04/05/2014;22:58:00;409;Acidente com vítima;215;BR-101/ES;Norte;Queda de Moto;0;0;0;1;0;0;;;;;0;1;0;0;0
04/05/2014;16:51:00;294;Acidente sem Vítima;241;BR-101/ES;Sul;Abalroamento - Mesmo Sentido;1;0;2;0;0;0;;;;;2;0;0;0;0
04/05/2014;19:55:00;349;Acidente sem Vítima;257;BR-101/ES;Sul;Saída de Pista;1;0;0;1;0;0;;;;;3;0;0;0;0
04/05/2014;03:51:00;44;Acidente com Morte;266;BR-101/ES;Sul;Colisão Lateral;1;0;1;0;0;0;;;;;1;0;0;1;3
04/05/2014;20:56:00;379;Acidente sem Vítima;397;BR-101/ES;Norte;Colisão Traseira;1;0;0;0;0;0;;;;;0;0;0;0;0
04/05/2014;18:51:00;328;Acidente com vítima;413;BR-101/ES;Norte;Colisão Lateral;2;0;0;0;0;0;;;;;1;5;0;0;0
05/05/2014;14:51:00;262;Acidente com vítima;17;BR-101/ES;Norte;Tombamento;0;0;2;0;0;0;;;;;0;0;1;0;0
05/05/2014;10:17:00;154;Acidente sem Vítima;29;BR-101/ES;Norte;Queda de ciclista;0;0;0;0;0;1;;;;;0;0;0;0;0
05/05/2014;16:01:00;281;Acidente com vítima;87;BR-101/ES;Sul;Saída de Pista;1;0;0;0;0;0;;;;;0;0;0;1;0
05/05/2014;07:07:00;63;Atropelamento sem Morte;143;BR-101/ES;Norte;Atropelamento;1;0;0;0;0;0;;;;;1;0;0;0;0
05/05/2014;16:29:00;288;Acidente sem Vítima;145;BR-101/ES;Norte;Colisão Traseira;2;0;0;0;0;0;;;;;3;0;0;0;0
05/05/2014;17:51:00;312;Acidente sem Vítima;262;BR-101/ES;Norte;Colisão Traseira;2;0;0;0;0;0;;;;;2;0;0;0;0
05/05/2014;07:20:00;67;Acidente com vítima;264;BR-101/ES;Norte;Colisão Traseira;1;0;0;1;0;0;;;;;1;1;0;0;0
05/05/2014;19:15:00;340;Acidente com vítima;264;BR-101/ES;Sul;Abalroamento - Mesmo Sentido;1;0;0;1;0;0;;;;;1;1;0;0;0
05/05/2014;16:50:00;293;Acidente sem Vítima;265;BR-101/ES;Norte;Colisão Traseira;2;0;0;0;0;0;;;;;5;0;0;0;0
05/05/2014;09:26:00;132;Acidente sem Vítima;267;BR-101/ES;Norte;Colisão Traseira;1;0;0;0;0;1;;;;;2;0;0;0;0
05/05/2014;11:11:00;174;Acidente com vítima;268;BR-101/ES;Sul;Saída de Pista;2;0;0;0;0;0;;;;;3;1;0;0;0
05/05/2014;07:36:00;79;Acidente com vítima;270;BR-101/ES;Sul;Colisão Traseira;1;0;0;1;0;0;;;;;1;2;0;0;0
05/05/2014;08:04:00;86;Acidente sem Vítima;270;BR-101/ES;Sul;Colisão Traseira;1;0;0;0;1;0;;;;;2;0;0;0;0
05/05/2014;13:03:00;226;Acidente sem Vítima;305;BR-101/ES;Sul;Colisão Lateral;1;0;0;1;0;0;;;;;2;0;0;0;0
05/05/2014;19:52:00;361;Acidente sem Vítima;442,5;BR-101/ES;Sul;Colisão Frontal;0;0;2;1;0;0;;;;;2;0;0;0;0
06/05/2014;05:32:00;81;Acidente com vítima;122;BR-101/ES;Norte;Capotamento;1;0;0;0;0;0;;;;;3;2;0;0;0
06/05/2014;17:46:00;353;Acidente com vítima;126;BR-101/ES;Sul;Abalroamento - Sentido Oposto;1;0;0;1;0;0;;;;;1;2;0;0;0
06/05/2014;06:09:00;86;Acidente com vítima;180;BR-101/ES;Norte;Colisão Frontal;0;0;2;1;0;0;;;;;1;0;0;1;0
06/05/2014;18:06:00;356;Acidente com vítima;262;BR-101/ES;Norte;Engavetamento;2;0;0;0;0;0;;;;;3;1;0;0;0
06/05/2014;11:19:00;209;Acidente sem Vítima;264;BR-101/ES;Norte;Colisão Lateral;1;0;2;0;0;0;;;;;2;0;0;0;0
06/05/2014;18:17:00;357;Acidente sem Vítima;268;BR-101/ES;Sul;Engavetamento;2;0;1;0;0;0;;;;;3;0;0;0;0
06/05/2014;10:48:00;193;Acidente sem Vítima;269;BR-101/ES;Norte;Colisão Traseira;1;0;1;0;0;0;;;;;2;0;0;0;0
06/05/2014;22:37:00;449;Acidente sem Vítima;269;BR-101/ES;Sul;Engavetamento;0;0;6;0;0;0;;;;;3;0;0;0;0
06/05/2014;15:03:00;288;Acidente com vítima;326;BR-101/ES;Sul;Tombamento;0;0;2;0;0;0;;;;;0;2;0;0;0
06/05/2014;18:34:00;360;Acidente com vítima;393;BR-101/ES;Sul;Queda de Moto;0;0;0;1;0;0;;;;;0;0;1;0;0
07/05/2014;12:40:00;233;Acidente com vítima;38;BR-101/ES;Norte;Colisão Lateral;0;0;2;0;0;0;;;;;0;0;2;0;0
07/05/2014;17:04:00;319;Acidente sem Vítima;66;BR-101/ES;Sul;Engavetamento;3;0;0;0;0;0;;;;;3;0;0;0;0
07/05/2014;05:18:00;85;Acidente sem Vítima;69;BR-101/ES;Sul;Queda de Moto;0;0;0;1;0;0;;;;;0;0;0;0;0
07/05/2014;04:12:00;73;Acidente com vítima;103;BR-101/ES;Norte;Colisão Traseira;1;0;0;0;1;0;;;;;11;1;0;0;0
07/05/2014;02:36:00;47;Acidente sem Vítima;150;BR-101/ES;Sul;Veículo em Chamas;1;0;0;0;0;0;;;;;2;0;0;0;0
07/05/2014;23:36:00;457;Acidente com vítima;207;BR-101/ES;Sul;Capotamento;1;0;0;0;0;0;;;;;0;0;1;0;0
07/05/2014;12:18:00;223;Acidente sem Vítima;240;BR-101/ES;Norte;Colisão Traseira;2;0;0;0;0;0;;;;;4;0;0;0;0
07/05/2014;16:26:00;302;Acidente com vítima;260;BR-101/ES;Norte;Colisão Traseira;0;0;0;1;0;1;;;;;1;1;0;0;0
07/05/2014;09:46:00;144;Acidente sem Vítima;265;BR-101/ES;Sul;Engavetamento;3;0;0;0;0;0;;;;;5;0;0;0;0
07/05/2014;11:27:00;194;Acidente sem Vítima;266;BR-101/ES;Norte;Colisão Lateral;1;0;1;0;0;0;;;;;2;0;0;0;0
07/05/2014;19:01:00;370;Acidente sem Vítima;266;BR-101/ES;Sul;Colisão Traseira;2;0;0;0;0;0;;;;;3;0;0;0;0
07/05/2014;05:40:00;87;Acidente sem Vítima;267;BR-101/ES;Sul;Engavetamento;3;0;0;1;0;0;;;;;4;0;0;0;0
07/05/2014;12:41:00;234;Acidente com vítima;269,5;BR-101/ES;Norte;Colisão Traseira;2;0;0;0;0;0;;;;;2;1;0;0;0
07/05/2014;07:50:00;104;Acidente com vítima;270;BR-101/ES;Norte;Colisão Transversal;2;0;1;1;0;0;;;;;3;1;0;0;0
07/05/2014;15:28:00;280;Acidente sem Vítima;360;BR-101/ES;Norte;Colisão Traseira;0;0;2;0;0;0;;;;;4;0;0;0;0
07/05/2014;07:46:00;101;Acidente com vítima;374;BR-101/ES;Sul;Colisão Frontal;0;0;1;0;1;0;;;;;1;1;0;1;0
08/05/2014;05:00:00;76;Acidente com vítima;90;BR-101/ES;Sul;Colisão Traseira;0;0;2;0;0;0;;;;;2;1;0;0;0
08/05/2014;05:06:00;77;Acidente sem Vítima;132;BR-101/ES;Norte;Capotamento;1;0;0;0;0;0;;;;;1;0;0;0;0
08/05/2014;12:15:00;213;Acidente com vítima;142;BR-101/ES;Norte;Colisão Traseira;2;0;0;0;0;0;;;;;2;1;0;0;0
08/05/2014;18:54:00;363;Acidente sem Vítima;147;BR-101/ES;Sul;Colisão Traseira;2;0;0;0;0;0;;;;;2;0;0;0;0
08/05/2014;16:29:00;307;Acidente sem Vítima;150;BR-101/ES;Sul;Colisão Traseira;1;0;1;0;0;0;;;;;4;0;0;0;0
08/05/2014;15:00:00;265;Acidente sem Vítima;197;BR-101/ES;Norte;Saída de Pista;1;0;0;0;0;0;;;;;1;0;0;0;0
08/05/2014;07:18:00;93;Acidente sem Vítima;259;BR-101/ES;Norte;Abalroamento - Mesmo Sentido;2;0;0;0;0;0;;;;;5;0;0;0;0
08/05/2014;07:41:00;96;Acidente sem Vítima;264;BR-101/ES;Norte;Colisão Traseira;2;0;0;0;0;0;;;;;2;0;0;0;0
08/05/2014;18:51:00;362;Acidente sem Vítima;265;BR-101/ES;Sul;Colisão Traseira;2;0;0;0;0;0;;;;;2;0;0;0;0
08/05/2014;16:48:00;316;Acidente sem Vítima;268;BR-101/ES;Sul;Colisão Traseira;1;0;1;0;0;0;;;;;2;0;0;0;0
08/05/2014;08:17:00;104;Acidente sem Vítima;269;BR-101/ES;Sul;Abalroamento - Mesmo Sentido;1;0;1;0;0;0;;;;;2;0;0;0;0
08/05/2014;19:07:00;371;Atropelamento sem Morte;269;BR-101/ES;Norte;Atropelamento;1;0;0;0;0;0;;;;;0;1;0;0;0
08/05/2014;07:34:00;95;Atropelamento sem Morte;269,5;BR-101/ES;Sul;Atropelamento;0;0;0;1;0;0;;;;;1;1;0;0;0
08/05/2014;09:06:00;120;Acidente sem Vítima;269,8;BR-101/ES;Sul;Engavetamento;3;0;0;0;0;0;;;;;3;0;0;0;0
08/05/2014;11:14:00;185;Acidente sem Vítima;297;BR-101/ES;Sul;Colisão Traseira;1;0;1;0;0;0;;;;;2;0;0;0;0
08/05/2014;22:04:00;437;Acidente com vítima;303;BR-101/ES;Norte;Choque com Objeto Fixo;0;0;2;0;0;0;;;;;0;1;0;0;0
08/05/2014;07:31:00;94;Acidente com vítima;309;BR-101/ES;Sul;Colisão Lateral;1;0;0;1;0;0;;;;;1;1;0;0;0
08/05/2014;05:30:00;81;Acidente sem Vítima;334;BR-101/ES;Sul;Choque com Objeto Fixo;1;0;0;0;0;0;;;;;2;0;0;0;0
08/05/2014;22:03:00;436;Acidente sem Vítima;343;BR-101/ES;Norte;Atropelamento - Bovino;0;0;2;0;0;0;;;;;1;0;0;0;0
08/05/2014;08:18:00;105;Acidente sem Vítima;360;BR-101/ES;Norte;Colisão Lateral;0;0;2;0;0;0;;;;;2;0;0;0;0
08/05/2014;10:08:00;151;Acidente com vítima;939;BR-101/BA;Norte;Colisão Lateral;2;0;1;0;0;0;;;;;2;1;0;0;0
08/05/2014;00:40:00;13;Acidente sem Vítima;944;BR-101/BA;Sul;Abalroamento - Sentido Oposto;2;0;0;0;0;0;;;;;2;0;0;0;0
09/05/2014;21:55:00;397;Acidente sem Vítima;74,8;BR-101/ES;Sul;Colisão Lateral;0;0;4;0;0;0;;;;;2;0;0;0;0
09/05/2014;16:38:00;304;Acidente sem Vítima;127;BR-101/ES;Norte;Colisão Traseira;2;0;0;0;0;0;;;;;4;0;0;0;0
09/05/2014;12:15:00;232;Acidente sem Vítima;206;BR-101/ES;Sul;Colisão Lateral;1;0;0;0;0;0;;;;;1;0;0;0;0
09/05/2014;18:17:00;322;Acidente com vítima;224;BR-101/ES;Norte;Colisão Traseira;1;0;1;0;0;0;;;;;2;2;0;0;0
09/05/2014;22:52:00;405;Acidente com vítima;260;BR-101/ES;Sul;Colisão Traseira;2;0;1;0;0;0;;;;;1;0;0;1;0
09/05/2014;15:06:00;286;Acidente sem Vítima;262;BR-101/ES;Norte;Engavetamento;2;0;2;0;0;0;;;;;4;0;0;0;0
09/05/2014;15:32:00;292;Acidente sem Vítima;262;BR-101/ES;Sul;Abalroamento - Mesmo Sentido;0;0;2;0;0;0;;;;;2;0;0;0;0
09/05/2014;08:35:00;124;Acidente sem Vítima;264;BR-101/ES;Sul;Colisão Traseira;1;0;0;1;0;0;;;;;2;0;0;0;0
09/05/2014;13:06:00;248;Acidente sem Vítima;266;BR-101/ES;Norte;Colisão Traseira;2;0;0;0;0;0;;;;;5;0;0;0;0
09/05/2014;09:15:00;142;Acidente com vítima;267;BR-101/ES;Sul;Colisão Lateral;0;0;0;2;0;0;;;;;1;1;0;0;0
09/05/2014;18:18:00;323;Acidente sem Vítima;267;BR-101/ES;Norte;Colisão Traseira;1;0;1;0;0;0;;;;;2;0;0;0;0
09/05/2014;20:28:00;370;Atropelamento sem Morte;267;BR-101/ES;Sul;Atropelamento;1;0;0;0;0;0;;;;;1;0;0;1;0
09/05/2014;15:27:00;289;Acidente sem Vítima;268;BR-101/ES;Sul;Engavetamento;2;0;1;0;0;0;;;;;3;0;0;0;0
09/05/2014;19:09:00;337;Acidente sem Vítima;268;BR-101/ES;Norte;Abalroamento - Mesmo Sentido;2;0;0;0;0;0;;;;;2;0;0;0;0
09/05/2014;17:54:00;317;Acidente com vítima;321;BR-101/ES;Norte;Colisão Lateral;1;0;0;1;0;0;;;;;1;1;0;0;0
09/05/2014;19:23:00;343;Acidente com vítima;333,5;BR-101/ES;Norte;Saída de Pista;3;0;1;0;0;0;;;;;0;1;0;2;0
09/05/2014;22:02:00;401;Acidente sem Vítima;335,5;BR-101/ES;Norte;Saída de Pista;0;0;0;0;0;1;;;;;0;0;0;0;0
09/05/2014;21:47:00;394;Acidente sem Vítima;338,3;BR-101/ES;Sul;Engavetamento;1;0;3;0;0;0;;;;;5;0;0;0;0
09/05/2014;19:20:00;342;Acidente sem Vítima;362;BR-101/ES;Sul;Colisão Traseira;1;0;0;0;0;0;;;;;0;0;0;0;0
09/05/2014;18:11:00;320;Acidente com vítima;366;BR-101/ES;Norte;Capotamento;1;0;0;0;0;0;;;;;1;4;2;0;0
09/05/2014;20:48:00;377;Acidente com Morte;454;BR-101/ES;Sul;Colisão Frontal;2;0;0;0;0;0;;;;;0;1;0;0;1
10/05/2014;05:34:00;92;Acidente sem Vítima;137;BR-101/ES;Norte;Saída de Pista;1;0;0;0;0;0;;;;;4;0;0;0;0
10/05/2014;18:40:00;364;Atropelamento sem Morte;143;BR-101/ES;Norte;Atropelamento;0;0;0;0;1;0;;;;;1;1;0;0;0
10/05/2014;21:49:00;439;Acidente com vítima;145;BR-101/ES;Norte;Colisão Traseira;2;0;0;0;0;0;;;;;1;1;2;0;0
10/05/2014;18:42:00;365;Acidente com vítima;189,3;BR-101/ES;Sul;Queda de Moto;0;0;0;1;0;0;;;;;0;1;0;0;0
10/05/2014;10:00:00;171;Acidente com vítima;237;BR-101/ES;Norte;Colisão Frontal;1;0;0;1;0;0;;;;;1;1;1;0;0
10/05/2014;20:23:00;411;Atropelamento sem Morte;245;BR-101/ES;Norte;Atropelamento;0;0;0;0;0;1;;;;;0;0;0;1;0
10/05/2014;17:57:00;356;Acidente com vítima;248;BR-101/ES;Norte;Colisão Lateral;2;0;0;0;0;0;;;;;1;2;0;0;0
10/05/2014;03:33:00;64;Acidente com vítima;257;BR-101/ES;Sul;Atropelamento - Equino;0;0;0;1;0;0;;;;;0;0;1;0;0
10/05/2014;11:51:00;231;Acidente sem Vítima;260;BR-101/ES;Norte;Engavetamento;3;0;0;1;0;0;;;;;5;0;0;0;0
10/05/2014;12:50:00;265;Acidente com vítima;264;BR-101/ES;Norte;Colisão Traseira;2;0;0;0;0;0;;;;;0;2;1;1;0
10/05/2014;21:17:00;429;Acidente com vítima;268;BR-101/ES;Norte;Colisão Lateral;1;0;1;0;0;0;;;;;2;1;0;0;0
10/05/2014;22:58:00;449;Acidente com vítima;361,5;BR-101/ES;Norte;Capotamento;1;0;0;0;0;0;;;;;3;1;1;0;0
10/05/2014;20:27:00;412;Acidente sem Vítima;391;BR-101/ES;Norte;Saída de Pista;1;0;0;0;0;0;;;;;1;0;0;0;0
10/05/2014;09:23:00;159;Acidente com vítima;399;BR-101/ES;Norte;Colisão Traseira;2;0;0;0;0;0;;;;;1;1;0;0;0
11/05/2014;14:47:00;275;Acidente sem Vítima;13,8;BR-101/ES;Norte;Abalroamento - Mesmo Sentido;2;0;0;0;0;0;;;;;8;0;0;0;0
11/05/2014;14:57:00;277;Acidente sem Vítima;25;BR-101/ES;Norte;Engavetamento;1;0;0;0;0;0;;;;;1;0;0;0;0
11/05/2014;22:05:00;449;Acidente com vítima;125;BR-101/ES;Sul;Queda de Moto;0;0;0;1;0;0;;;;;0;0;2;0;0
11/05/2014;02:31:00;33;Acidente com vítima;132;BR-101/ES;Sul;Queda de Moto;0;0;0;1;0;0;;;;;0;0;1;0;0
11/05/2014;03:10:00;48;Acidente com vítima;134;BR-101/ES;Sul;Saída de Pista;1;0;0;0;0;0;;;;;0;1;0;0;0
11/05/2014;16:08:00;298;Acidente com vítima;141;BR-101/ES;Norte;Queda de Moto;1;0;0;0;0;0;;;;;0;2;0;0;0
11/05/2014;13:23:00;250;Acidente sem Vítima;196;BR-101/ES;Norte;Queda de Moto;1;0;0;0;0;0;;;;;0;0;0;0;0
11/05/2014;17:10:00;328;Acidente sem Vítima;247;BR-101/ES;Sul;Colisão Traseira;2;0;0;0;0;0;;;;;5;0;0;0;0
11/05/2014;20:26:00;405;Acidente sem Vítima;264;BR-101/ES;Norte;Colisão Traseira;2;0;0;0;0;0;;;;;2;0;0;0;0
11/05/2014;12:56:00;246;Acidente sem Vítima;266;BR-101/ES;Norte;Colisão Traseira;1;0;0;0;0;0;;;;;4;0;0;0;0
11/05/2014;09:18:00;147;Acidente sem Vítima;297;BR-101/ES;Norte;Colisão Traseira;2;0;0;0;0;0;;;;;2;0;0;0;0
11/05/2014;09:40:00;155;Acidente sem Vítima;359;BR-101/ES;Sul;Saída de Pista;0;0;2;0;0;0;;;;;1;0;0;0;0
11/05/2014;00:20:00;3;Acidente sem Vítima;362;BR-101/ES;Norte;Saída de Pista;1;0;0;0;0;0;;;;;2;0;0;0;0
11/05/2014;04:23:00;58;Acidente sem Vítima;389;BR-101/ES;Sul;Saída de Pista;1;0;0;0;0;0;;;;;1;0;0;0;0
11/05/2014;21:44:00;435;Acidente sem Vítima;425;BR-101/ES;Sul;Choque;1;0;0;0;0;0;;;;;1;0;0;0;0
12/05/2014;19:50:00;428;Acidente com vítima;3;BR-101/ES;Norte;Colisão Lateral;3;0;0;0;0;0;;;;;2;4;0;0;0
12/05/2014;15:57:00;324;Acidente com vítima;16;BR-101/ES;Norte;Colisão Lateral;0;0;1;1;0;0;;;;;1;1;0;0;0
12/05/2014;00:06:00;3;Acidente com vítima;53;BR-101/ES;Norte;Queda de Moto;0;0;0;1;0;0;;;;;0;1;0;0;0
12/05/2014;23:21:00;497;Acidente sem Vítima;127;BR-101/ES;Norte;Colisão Lateral;0;0;1;0;1;0;;;;;2;0;0;0;0
12/05/2014;09:48:00;172;Acidente com vítima;144;BR-101/ES;Norte;Queda de Moto;0;0;0;0;0;1;;;;;0;1;0;0;0
12/05/2014;16:55:00;349;Acidente com vítima;144,5;BR-101/ES;Norte;Colisão Traseira;1;0;0;1;0;0;;;;;1;1;0;0;0
12/05/2014;08:36:00;136;Acidente sem Vítima;166;BR-101/ES;Norte;Colisão Lateral;1;0;1;0;0;0;;;;;8;0;0;0;0
12/05/2014;17:59:00;379;Acidente com vítima;206;BR-101/ES;Sul;Colisão Frontal;1;0;0;2;0;0;;;;;3;1;0;0;0
12/05/2014;14:57:00;302;Acidente sem Vítima;209,3;BR-101/ES;Norte;Colisão Traseira;1;0;1;0;0;0;;;;;2;0;0;0;0
12/05/2014;21:25:00;476;Acidente sem Vítima;240;BR-101/ES;Norte;Queda de Moto;0;0;0;1;0;0;;;;;1;0;0;0;0
12/05/2014;18:29:00;391;Acidente sem Vítima;242;BR-101/ES;Norte;Colisão Lateral;1;0;0;0;0;0;;;;;3;0;0;0;0
12/05/2014;08:28:00;132;Acidente sem Vítima;265;BR-101/ES;Norte;Colisão Traseira;2;0;0;0;0;0;;;;;2;0;0;0;0
12/05/2014;08:49:00;141;Acidente com vítima;265;BR-101/ES;Sul;Queda de Moto;1;0;0;0;0;0;;;;;0;0;1;0;0
12/05/2014;18:10:00;384;Atropelamento sem Morte;266;BR-101/ES;Sul;Atropelamento;0;0;0;0;0;1;;;;;0;1;0;0;0
12/05/2014;18:35:00;392;Acidente sem Vítima;268;BR-101/ES;Sul;Colisão Lateral;1;0;2;0;0;0;;;;;2;0;0;0;0
12/05/2014;08:22:00;123;Acidente sem Vítima;299;BR-101/ES;Sul;Engavetamento;2;0;2;0;0;0;;;;;3;0;0;0;0
12/05/2014;22:23:00;489;Acidente sem Vítima;321;BR-101/ES;Sul;Choque com Objeto Fixo;0;0;2;0;0;0;;;;;0;0;0;0;0
12/05/2014;09:47:00;171;Acidente sem Vítima;940;BR-101/BA;Sul;Atropelamento - Animal;1;0;0;0;0;0;;;;;1;0;0;0;0
13/05/2014;11:42:00;225;Acidente com Morte;16;BR-101/ES;Norte;Colisão Transversal;1;0;0;1;0;0;;;;;1;0;0;0;1
13/05/2014;12:45:00;262;Acidente sem Vítima;124;BR-101/ES;Norte;Queda de Moto;0;0;0;1;0;0;;;;;1;0;0;0;0
13/05/2014;17:54:00;401;Acidente com vítima;227,3;BR-101/ES;Norte;Capotamento;1;0;0;0;0;0;;;;;0;2;0;0;0
13/05/2014;11:34:00;223;Acidente com vítima;259;BR-101/ES;Norte;Colisão Traseira;2;0;0;1;0;0;;;;;2;0;1;0;0
13/05/2014;19:13:00;426;Acidente com vítima;260;BR-101/ES;Norte;Colisão Traseira;1;0;0;2;0;0;;;;;0;2;0;0;0
13/05/2014;06:52:00;95;Acidente sem Vítima;261;BR-101/ES;Sul;Colisão Lateral;1;0;0;1;0;0;;;;;2;0;0;0;0
13/05/2014;20:31:00;463;Acidente sem Vítima;261;BR-101/ES;Norte;Atropelamento - Animal;1;0;0;0;0;0;;;;;1;0;0;0;0
13/05/2014;17:26:00;383;Acidente sem Vítima;264;BR-101/ES;Norte;Colisão Traseira;1;0;0;0;0;0;;;;;2;0;0;0;0
13/05/2014;13:39:00;291;Acidente com vítima;266;BR-101/ES;Sul;Colisão Traseira;0;0;1;0;1;0;;;;;1;3;1;0;0
13/05/2014;22:59:00;510;Acidente sem Vítima;266;BR-101/ES;Sul;Colisão Traseira;1;0;3;0;0;0;;;;;2;0;0;0;0
13/05/2014;08:09:00;130;Acidente sem Vítima;267;BR-101/ES;Norte;Colisão Traseira;1;0;0;1;0;0;;;;;2;0;0;0;0
13/05/2014;15:15:00;317;Acidente sem Vítima;268;BR-101/ES;Norte;Colisão Lateral;1;0;1;0;0;0;;;;;3;0;0;0;0
13/05/2014;15:52:00;330;Acidente sem Vítima;268;BR-101/ES;Norte;Colisão Lateral;1;0;2;0;0;0;;;;;2;0;0;0;0
13/05/2014;16:05:00;338;Acidente sem Vítima;268;BR-101/ES;Norte;Colisão Lateral;1;0;2;0;0;0;;;;;2;0;0;0;0
13/05/2014;23:21:00;519;Acidente com Morte;450;BR-101/ES;Norte;Saída de Pista;0;0;0;1;0;0;;;;;0;0;0;0;1