data;horario;n_da_ocorrencia;tipo_de_ocorrencia;km;trecho;sentido;tipo_de_acidente;automovel;bicicleta;caminhao;moto;onibus;outros;tracao_animal;transporte_de_cargas_especiais;trator_maquinas;utilitarios;ilesos;levemente_feridos;moderadamente_feridos;gravemente_feridos;mortos
07/06/2014;04:28:00;82;Acidente com Morte;133;BR-101/ES;Sul;Colisão Frontal;1;0;2;0;0;1;;;;;0;0;1;0;2
07/06/2014;09:35:00;193;Acidente sem Vítima;134;BR-101/ES;Sul;Engavetamento;3;0;0;0;0;3;;;;;8;0;0;0;0
07/06/2014;01:05:00;26;Acidente com vítima;135;BR-101/ES;Norte;Colisão Lateral;2;0;3;0;0;2;;;;;1;1;1;0;0
07/06/2014;06:13:00;105;Acidente sem Vítima;138;BR-101/ES;Sul;Queda de Moto;0;0;0;1;0;0;;;;;1;0;0;0;0
07/06/2014;11:56:00;263;Acidente sem Vítima;145;BR-101/ES;Sul;Colisão Traseira;0;0;1;0;1;0;;;;;2;0;0;0;0
07/06/2014;12:25:00;282;Acidente com vítima;146;BR-101/ES;Norte;Colisão Traseira;1;0;0;1;0;1;;;;;1;1;0;0;0
07/06/2014;13:29:00;317;Acidente sem Vítima;146;BR-101/ES;Norte;Colisão Traseira;0;0;0;1;1;0;;;;;2;0;0;0;0
07/06/2014;18:36:00;412;Acidente com vítima;146;BR-101/ES;Sul;Colisão Traseira;1;0;0;0;1;1;;;;;2;1;0;0;0
07/06/2014;11:21:00;246;Acidente sem Vítima;175;BR-101/ES;Sul;Colisão Lateral;1;0;0;0;0;1;;;;;4;0;0;0;0
07/06/2014;10:40:00;228;Acidente sem Vítima;229,5;BR-101/ES;Norte;Colisão Traseira;1;0;1;0;0;1;;;;;1;0;0;0;0
07/06/2014;13:50:00;321;Acidente com Morte;238;BR-101/ES;Norte;Colisão Lateral;0;0;1;1;0;0;;;;;1;0;0;0;2
07/06/2014;16:22:00;366;Acidente sem Vítima;258;BR-101/ES;Sul;Choque com Objeto Fixo;1;0;0;0;0;1;;;;;1;0;0;0;0
07/06/2014;21:44:00;487;Acidente sem Vítima;291;BR-101/ES;Norte;Capotamento;1;0;0;0;0;1;;;;;1;0;0;0;0
07/06/2014;20:27:00;463;Acidente com vítima;297;BR-101/ES;Sul;Colisão Traseira;0;0;0;1;0;0;;;;;0;1;0;0;0
07/06/2014;04:24:00;81;Acidente sem Vítima;372,3;BR-101/ES;Norte;Choque com Veículo Estacionado;1;0;1;0;0;1;;;;;2;0;0;0;0
07/06/2014;16:37:00;370;Acidente sem Vítima;385;BR-101/ES;Sul;Choque com Objeto Fixo;1;0;0;0;0;1;;;;;1;0;0;0;0
07/06/2014;17:32:00;390;Acidente sem Vítima;457;BR-101/ES;Norte;Saída de Pista;1;0;0;0;0;1;;;;;3;0;0;0;0
08/06/2014;13:51:00;273;Acidente com vítima;46;BR-101/ES;Sul;Colisão Transversal;1;0;0;1;0;1;;;;;5;1;0;0;0
08/06/2014;16:58:00;331;Acidente com vítima;65;BR-101/ES;Norte;Colisão;0;1;0;1;0;0;;;;;0;1;0;0;0
08/06/2014;16:44:00;325;Acidente sem Vítima;67;BR-101/ES;Sul;Colisão Traseira;1;0;0;0;0;1;;;;;5;0;0;0;0
08/06/2014;03:34:00;63;Acidente com vítima;125;BR-101/ES;Sul;Colisão Traseira;2;0;0;0;0;2;;;;;3;1;0;0;0
08/06/2014;10:11:00;186;Acidente sem Vítima;133;BR-101/ES;Sul;Queda de ciclista;0;0;0;0;0;1;;;;;1;0;0;0;0
08/06/2014;03:24:00;60;Acidente com vítima;137;BR-101/ES;Norte;Queda de Moto;0;0;0;1;0;0;;;;;0;2;0;0;0
08/06/2014;04:05:00;70;Acidente com vítima;140;BR-101/ES;Norte;Colisão Lateral;1;0;0;1;0;1;;;;;1;0;1;0;0
08/06/2014;13:42:00;272;Acidente com vítima;144;BR-101/ES;Norte;Colisão Traseira;2;0;0;0;0;2;;;;;4;1;0;0;0
08/06/2014;20:58:00;435;Acidente com vítima;163;BR-101/ES;Sul;Queda de Moto;0;0;0;0;0;1;;;;;0;1;0;0;0
08/06/2014;16:21:00;312;Acidente sem Vítima;213;BR-101/ES;Norte;Colisão Traseira;1;0;0;1;0;1;;;;;6;0;0;0;0
08/06/2014;16:45:00;326;Acidente sem Vítima;249;BR-101/ES;Sul;Engavetamento;3;0;0;0;0;3;;;;;11;0;0;0;0
08/06/2014;18:56:00;371;Acidente sem Vítima;253;BR-101/ES;Sul;Colisão Traseira;2;0;0;0;0;2;;;;;4;0;0;0;0
08/06/2014;07:07:00;102;Acidente com vítima;255;BR-101/ES;Norte;Queda de Moto;0;0;0;1;0;0;;;;;0;1;0;0;0
08/06/2014;00:20:00;8;Acidente sem Vítima;261;BR-101/ES;Sul;Colisão Traseira;2;0;0;0;0;2;;;;;3;0;0;0;0
08/06/2014;22:20:00;459;Acidente sem Vítima;261;BR-101/ES;Sul;Colisão Traseira;1;0;1;0;0;1;;;;;3;0;0;0;0
08/06/2014;12:19:00;250;Acidente com vítima;269;BR-101/ES;Sul;Queda de Moto;0;0;0;1;0;0;;;;;0;2;0;0;0
08/06/2014;00:05:00;1;Acidente sem Vítima;283;BR-101/ES;Sul;Colisão Traseira;1;0;0;0;0;1;;;;;1;0;0;0;0
08/06/2014;23:20:00;471;Acidente sem Vítima;287;BR-101/ES;Norte;Capotamento;1;0;0;0;0;1;;;;;1;0;0;0;0
08/06/2014;18:37:00;363;Acidente sem Vítima;288;BR-101/ES;Sul;Colisão Lateral;1;0;0;0;0;1;;;;;1;0;0;0;0
08/06/2014;06:03:00;91;Acidente com vítima;448;BR-101/ES;Sul;Queda de Moto;0;0;0;1;0;0;;;;;0;0;2;0;0
09/06/2014;02:36:00;43;Acidente sem Vítima;8;BR-101/ES;Norte;Capotamento;1;0;0;0;0;1;;;;;2;0;0;0;0
09/06/2014;13:48:00;269;Acidente com Morte;63;BR-101/ES;Sul;Colisão Lateral;0;0;0;1;0;0;;;;;0;0;0;1;1
09/06/2014;20:23:00;390;Acidente com vítima;140;BR-101/ES;Norte;Colisão Lateral;1;0;0;1;0;1;;;;;1;1;0;0;0
09/06/2014;11:20:00;215;Acidente com vítima;147;BR-101/ES;Norte;Colisão Traseira;1;0;0;1;0;1;;;;;0;2;0;0;0
09/06/2014;07:02:00;96;Atropelamento sem Morte;230;BR-101/ES;Norte;Atropelamento;0;0;0;0;0;1;;;;;0;1;0;0;0
09/06/2014;06:33:00;93;Acidente sem Vítima;252,2;BR-101/ES;Norte;Colisão Traseira;2;0;0;0;0;2;;;;;3;0;0;0;0
09/06/2014;14:32:00;286;Acidente sem Vítima;262,5;BR-101/ES;Norte;Queda de Moto;0;0;0;1;0;0;;;;;1;0;0;0;0
09/06/2014;18:24:00;355;Acidente sem Vítima;268;BR-101/ES;Sul;Engavetamento;0;0;6;0;0;0;;;;;3;0;0;0;0
09/06/2014;11:34:00;223;Acidente sem Vítima;269;BR-101/ES;Sul;Engavetamento;3;0;0;0;0;3;;;;;3;0;0;0;0
09/06/2014;13:51:00;272;Acidente sem Vítima;269,5;BR-101/ES;Sul;Colisão Traseira;2;0;0;0;0;2;;;;;6;0;0;0;0
09/06/2014;16:04:00;311;Acidente sem Vítima;325;BR-101/ES;Norte;Colisão Traseira;0;0;2;0;0;0;;;;;2;0;0;0;0
09/06/2014;14:19:00;281;Acidente sem Vítima;360;BR-101/ES;Norte;Saída de Pista;1;0;0;0;0;1;;;;;1;0;0;0;0
09/06/2014;20:22:00;389;Acidente com vítima;393,9;BR-101/ES;Norte;Saída de Pista;0;0;0;1;0;0;;;;;0;1;0;0;0
09/06/2014;18:44:00;364;Acidente com Morte;458;BR-101/ES;Norte;Saída de Pista;1;0;2;0;0;1;;;;;1;0;0;0;2
10/06/2014;22:02:00;458;Acidente com vítima;163;BR-101/ES;Norte;Saída de Pista;0;0;2;0;0;0;;;;;0;1;0;0;0
10/06/2014;06:20:00;106;Acidente sem Vítima;175;BR-101/ES;Norte;Saída de Pista;0;0;3;0;0;0;;;;;1;0;0;0;0
10/06/2014;19:48:00;419;Acidente sem Vítima;261;BR-101/ES;Norte;Colisão Traseira;2;0;0;0;0;2;;;;;4;0;0;0;0
10/06/2014;08:28:00;157;Acidente sem Vítima;298;BR-101/ES;Norte;Colisão Lateral;2;0;1;0;0;2;;;;;2;0;0;0;0
10/06/2014;14:56:00;339;Acidente com vítima;302;BR-101/ES;Sul;Capotamento;0;0;0;0;0;1;;;;;1;1;0;0;0
10/06/2014;08:01:00;140;Acidente com vítima;306,5;BR-101/ES;Norte;Colisão Traseira;1;0;0;1;0;1;;;;;1;1;0;0;0
10/06/2014;03:30:00;54;Acidente sem Vítima;369;BR-101/ES;Sul;Abalroamento - Sentido Oposto;0;0;1;0;0;0;;;;;2;0;0;0;0
10/06/2014;14:36:00;337;Acidente sem Vítima;423;BR-101/ES;Norte;Saída de Pista;0;0;1;0;0;0;;;;;1;0;0;0;0
10/06/2014;16:17:00;355;Acidente com Morte;440;BR-101/ES;Norte;Colisão Frontal;2;0;1;0;0;2;;;;;3;0;0;0;3
11/06/2014;16:54:00;309;Acidente com Morte;29,9;BR-101/ES;Norte;Colisão Traseira;2;0;4;0;1;2;;;;;5;9;0;27;11
11/06/2014;18:31:00;338;Acidente sem Vítima;64;BR-101/ES;Norte;Colisão Lateral;1;0;1;0;0;1;;;;;3;0;0;0;0
11/06/2014;17:56:00;322;Acidente sem Vítima;65;BR-101/ES;Norte;Engavetamento;3;0;0;0;0;3;;;;;3;0;0;0;0
11/06/2014;07:43:00;101;Acidente com vítima;67;BR-101/ES;Sul;Colisão Lateral;1;0;0;1;0;1;;;;;1;2;0;0;0
11/06/2014;13:07:00;239;Atropelamento sem Morte;143;BR-101/ES;Norte;Atropelamento;0;0;0;0;1;0;;;;;2;1;0;0;0
11/06/2014;08:14:00;114;Acidente com vítima;146;BR-101/ES;Norte;Colisão Traseira;1;0;0;1;0;1;;;;;1;1;0;0;0
11/06/2014;22:55:00;424;Acidente sem Vítima;146;BR-101/ES;Norte;Colisão Lateral;1;0;0;1;0;1;;;;;2;0;0;0;0
11/06/2014;06:51:00;82;Acidente com vítima;147;BR-101/ES;Sul;Colisão Lateral;2;0;0;1;0;2;;;;;2;1;0;0;0
11/06/2014;13:22:00;244;Acidente sem Vítima;171;BR-101/ES;Norte;Choque com Objeto Fixo;0;0;2;0;0;0;;;;;1;0;0;0;0
11/06/2014;12:32:00;229;Acidente com vítima;234;BR-101/ES;Norte;Capotamento;1;0;0;0;0;1;;;;;0;1;0;0;0
11/06/2014;16:01:00;298;Acidente com vítima;244;BR-101/ES;Norte;Queda de Moto;0;0;0;1;0;0;;;;;0;1;0;0;0
11/06/2014;09:41:00;155;Acidente sem Vítima;246;BR-101/ES;Norte;Saída de Pista;1;0;0;0;0;1;;;;;2;0;0;0;0
11/06/2014;08:52:00;131;Acidente sem Vítima;265;BR-101/ES;Sul;Saída de Pista;1;0;0;0;0;1;;;;;2;0;0;0;0
11/06/2014;06:53:00;83;Acidente sem Vítima;268;BR-101/ES;Sul;Colisão Lateral;1;0;1;0;0;1;;;;;2;0;0;0;0
11/06/2014;08:21:00;116;Acidente sem Vítima;270;BR-101/ES;Sul;Colisão Traseira;2;0;0;0;0;2;;;;;4;0;0;0;0
11/06/2014;18:55:00;343;Acidente com vítima;271;BR-101/ES;Sul;Queda de Moto;0;0;0;1;0;0;;;;;0;0;1;0;0
11/06/2014;07:26:00;96;Acidente com vítima;277;BR-101/ES;Sul;Saída de Pista;1;0;0;0;0;1;;;;;0;1;0;0;0
11/06/2014;09:48:00;157;Acidente com vítima;277;BR-101/ES;Sul;Colisão Traseira;0;0;2;0;0;0;;;;;1;0;2;0;0
11/06/2014;23:30:00;436;Acidente sem Vítima;310;BR-101/ES;Norte;Colisão;0;1;2;0;0;0;;;;;1;0;0;0;0
11/06/2014;04:52:00;66;Acidente sem Vítima;359;BR-101/ES;Sul;Saída de Pista;0;0;1;0;0;0;;;;;1;0;0;0;0
11/06/2014;12:38:00;231;Acidente com vítima;359;BR-101/ES;Sul;Saída de Pista;1;0;0;0;0;0;;;;;1;3;0;0;0
11/06/2014;05:25:00;71;Acidente sem Vítima;374;BR-101/ES;Norte;Colisão Lateral;0;0;2;0;0;0;;;;;1;0;0;0;0
11/06/2014;10:03:00;162;Acidente sem Vítima;375;BR-101/ES;Norte;Saída de Pista;0;0;1;0;0;0;;;;;1;0;0;0;0
11/06/2014;10:53:00;174;Acidente sem Vítima;389;BR-101/ES;Sul;Saída de Pista;1;0;0;0;0;1;;;;;1;0;0;0;0
11/06/2014;11:07:00;180;Acidente sem Vítima;400;BR-101/ES;Sul;Saída de Pista;0;0;1;0;0;0;;;;;2;0;0;0;0
11/06/2014;15:24:00;286;Acidente sem Vítima;455;BR-101/ES;Norte;Saída de Pista;1;0;0;0;0;1;;;;;1;0;0;0;0
11/06/2014;11:56:00;214;Acidente sem Vítima;458;BR-101/ES;Norte;Saída de Pista;1;0;0;0;0;1;;;;;1;0;0;0;0
12/06/2014;06:11:00;95;Acidente sem Vítima;10;BR-101/ES;Sul;Colisão Lateral;1;0;0;0;0;1;;;;;3;0;0;0;0
12/06/2014;07:28:00;113;Acidente com vítima;21;BR-101/ES;Norte;Saída de Pista;1;0;0;0;0;1;;;;;0;1;1;0;0
12/06/2014;12:07:00;219;Acidente sem Vítima;84;BR-101/ES;Norte;Choque com Objeto Fixo;1;0;0;0;0;1;;;;;3;0;0;0;0
12/06/2014;19:08:00;370;Acidente sem Vítima;233;BR-101/ES;Norte;Saída de Pista;1;0;0;0;0;1;;;;;2;0;0;0;0
12/06/2014;06:56:00;104;Acidente sem Vítima;245;BR-101/ES;Sul;Capotamento;1;0;0;0;0;1;;;;;1;0;0;0;0
12/06/2014;19:32:00;377;Acidente com vítima;262;BR-101/ES;Sul;Colisão Lateral;1;0;0;1;0;1;;;;;1;0;2;0;0
12/06/2014;21:40:00;438;Acidente com vítima;264;BR-101/ES;Norte;Colisão Traseira;2;0;0;0;0;2;;;;;2;1;0;0;0
12/06/2014;06:21:00;97;Acidente sem Vítima;266;BR-101/ES;Norte;Engavetamento;1;0;2;0;0;1;;;;;4;0;0;0;0
12/06/2014;07:16:00;109;Acidente com vítima;268;BR-101/ES;Sul;Colisão Lateral;2;0;0;1;0;2;;;;;2;1;0;0;0
12/06/2014;10:52:00;184;Acidente com vítima;269;BR-101/ES;Sul;Colisão Traseira;0;0;1;1;0;0;;;;;1;1;0;0;0
12/06/2014;07:41:00;114;Acidente com vítima;286;BR-101/ES;Sul;Queda de Moto;0;0;0;1;0;0;;;;;0;2;0;0;0
12/06/2014;15:37:00;310;Acidente sem Vítima;291;BR-101/ES;Norte;Colisão Transversal;0;0;0;1;0;0;;;;;1;0;0;0;0
12/06/2014;06:28:00;100;Acidente sem Vítima;300;BR-101/ES;Norte;Saída de Pista;1;0;1;0;0;1;;;;;1;0;0;0;0
12/06/2014;22:43:00;458;Acidente sem Vítima;321;BR-101/ES;Norte;Colisão Traseira;1;0;0;0;1;1;;;;;4;0;0;0;0
12/06/2014;04:41:00;75;Acidente sem Vítima;385;BR-101/ES;Sul;Tombamento;0;0;1;0;0;0;;;;;1;0;0;0;0
13/06/2014;00:32:00;6;Acidente com vítima;112;BR-101/ES;Norte;Saída de Pista;1;0;0;0;0;1;;;;;0;1;0;0;0
13/06/2014;06:29:00;84;Acidente sem Vítima;157;BR-101/ES;Norte;Saída de Pista;1;0;0;0;0;1;;;;;1;0;0;0;0
13/06/2014;14:37:00;274;Acidente sem Vítima;206;BR-101/ES;Norte;Colisão Traseira;2;0;0;0;0;2;;;;;4;0;0;0;0
13/06/2014;09:04:00;147;Acidente sem Vítima;208;BR-101/ES;Sul;Colisão Traseira;2;0;0;0;0;2;;;;;2;0;0;0;0
13/06/2014;09:21:00;157;Acidente sem Vítima;208;BR-101/ES;Norte;Choque;3;0;0;0;0;2;;;;;16;0;0;0;0
13/06/2014;15:13:00;289;Acidente com vítima;209;BR-101/ES;Norte;Colisão Lateral;1;0;2;0;0;1;;;;;2;1;0;0;0
13/06/2014;11:46:00;215;Acidente com vítima;213;BR-101/ES;Sul;Saída de Pista;2;0;1;0;0;2;;;;;2;1;0;0;0
13/06/2014;18:44:00;338;Acidente sem Vítima;228;BR-101/ES;Sul;Colisão Traseira;1;0;0;0;0;1;;;;;3;0;0;0;0
13/06/2014;18:08:00;329;Atropelamento sem Morte;240;BR-101/ES;Norte;Atropelamento;0;0;0;0;0;1;;;;;0;1;0;0;0
13/06/2014;21:54:00;424;Atropelamento sem Morte;255;BR-101/ES;Norte;Atropelamento;0;0;0;1;0;0;;;;;0;1;0;1;0
13/06/2014;16:30:00;307;Acidente com vítima;261;BR-101/ES;Sul;Colisão Traseira;1;0;0;1;0;1;;;;;1;1;0;0;0
13/06/2014;18:15:00;330;Acidente sem Vítima;264;BR-101/ES;Sul;Engavetamento;3;0;2;0;0;3;;;;;4;0;0;0;0
13/06/2014;09:13:00;151;Acidente sem Vítima;265;BR-101/ES;Sul;Colisão Traseira;1;0;1;0;0;1;;;;;2;0;0;0;0
13/06/2014;20:24:00;369;Atropelamento sem Morte;266;BR-101/ES;Sul;Atropelamento;1;0;0;0;0;1;;;;;1;0;1;0;0
13/06/2014;09:33:00;163;Atropelamento sem Morte;267;BR-101/ES;Sul;Atropelamento;0;0;0;1;0;0;;;;;1;0;2;0;0
13/06/2014;18:37:00;336;Acidente sem Vítima;270;BR-101/ES;Norte;Colisão Lateral;1;0;0;1;0;1;;;;;2;0;0;0;0
13/06/2014;14:52:00;282;Acidente sem Vítima;290;BR-101/ES;Sul;Colisão Traseira;2;0;0;0;0;2;;;;;3;0;0;0;0
13/06/2014;19:41:00;355;Acidente sem Vítima;291;BR-101/ES;Sul;Colisão Traseira;1;0;1;0;0;1;;;;;3;0;0;0;0
13/06/2014;16:53:00;316;Acidente com vítima;293;BR-101/ES;Sul;Colisão Traseira;2;0;0;0;0;2;;;;;5;1;0;0;0
13/06/2014;12:00:00;222;Acidente sem Vítima;295;BR-101/ES;Norte;Tombamento;0;0;1;0;0;0;;;;;1;0;0;0;0
13/06/2014;07:59:00;117;Acidente sem Vítima;297;BR-101/ES;Norte;Colisão Traseira;2;0;0;0;0;2;;;;;1;0;0;0;0
13/06/2014;08:23:00;129;Acidente sem Vítima;297;BR-101/ES;Sul;Colisão Lateral;1;0;1;0;0;1;;;;;2;0;0;0;0
13/06/2014;20:58:00;396;Acidente sem Vítima;301;BR-101/ES;Sul;Colisão Traseira;1;0;2;0;0;1;;;;;2;0;0;0;0
13/06/2014;15:31:00;297;Acidente sem Vítima;375;BR-101/ES;Norte;Colisão Lateral;0;0;3;0;0;0;;;;;3;0;0;0;0
13/06/2014;12:58:00;249;Acidente com vítima;389;BR-101/ES;Sul;Choque com Objeto Fixo;1;0;0;0;0;1;;;;;3;2;0;0;0
13/06/2014;09:28:00;160;Acidente sem Vítima;398;BR-101/ES;Sul;Colisão Traseira;0;0;2;0;0;0;;;;;2;0;0;0;0
13/06/2014;12:07:00;228;Acidente sem Vítima;398;BR-101/ES;Norte;Colisão;0;0;0;0;0;1;;;;;0;0;0;0;0
13/06/2014;12:10:00;230;Acidente sem Vítima;398;BR-101/ES;Norte;Colisão Traseira;0;0;0;0;0;1;;;;;0;0;0;0;0
13/06/2014;07:17:00;92;Acidente com vítima;430;BR-101/ES;Sul;Saída de Pista;1;0;0;0;0;1;;;;;3;2;0;0;0
13/06/2014;05:36:00;75;Acidente sem Vítima;438;BR-101/ES;Norte;Colisão Lateral;1;0;0;0;0;1;;;;;4;0;0;0;0
13/06/2014;16:23:00;305;Acidente com Morte;440,5;BR-101/ES;Sul;Colisão Frontal;1;0;1;0;0;1;;;;;0;1;0;0;2
13/06/2014;14:29:00;272;Acidente sem Vítima;447;BR-101/ES;Sul;Saída de Pista;1;0;0;0;0;1;;;;;1;0;0;0;0
14/06/2014;13:35:00;281;Acidente sem Vítima;65;BR-101/ES;Norte;Colisão Traseira;2;0;0;0;0;2;;;;;2;0;0;0;0
14/06/2014;00:30:00;4;Acidente com vítima;66;BR-101/ES;Norte;Colisão Lateral;1;0;1;0;0;1;;;;;2;2;0;0;0
14/06/2014;14:52:00;310;Acidente sem Vítima;78;BR-101/ES;Norte;Colisão Traseira;1;0;3;0;0;1;;;;;5;0;0;0;0
14/06/2014;18:48:00;379;Acidente sem Vítima;109;BR-101/ES;Sul;Queda de Moto;0;0;0;1;0;0;;;;;2;0;0;0;0
14/06/2014;12:03:00;230;Acidente com vítima;125;BR-101/ES;Norte;Colisão;0;1;0;1;0;0;;;;;0;1;0;0;0
14/06/2014;13:12:00;275;Acidente sem Vítima;137;BR-101/ES;Norte;Colisão Traseira;0;0;1;1;0;0;;;;;2;0;0;0;0
14/06/2014;17:30:00;354;Acidente sem Vítima;149;BR-101/ES;Sul;Colisão Lateral;0;0;0;1;0;0;;;;;1;0;0;0;0
14/06/2014;07:28:00;101;Acidente sem Vítima;228;BR-101/ES;Sul;Colisão Lateral;2;0;0;0;0;2;;;;;3;0;0;0;0
14/06/2014;19:58:00;400;Atropelamento sem Morte;266;BR-101/ES;Norte;Atropelamento;1;0;0;0;0;1;;;;;1;0;1;0;0
14/06/2014;21:13:00;429;Acidente com vítima;270;BR-101/ES;Sul;Queda de ciclista;0;0;0;0;0;1;;;;;0;1;0;0;0
14/06/2014;14:24:00;305;Acidente com vítima;282;BR-101/ES;Norte;Choque;2;0;0;0;0;2;;;;;2;1;0;0;0
14/06/2014;10:54:00;199;Acidente sem Vítima;291;BR-101/ES;Sul;Colisão Lateral;1;0;1;0;0;1;;;;;3;0;0;0;0
14/06/2014;08:19:00;125;Acidente com vítima;350,5;BR-101/ES;Norte;Colisão Traseira;1;0;1;0;0;1;;;;;1;2;0;0;0
14/06/2014;18:46:00;377;Atropelamento sem Morte;395;BR-101/ES;Norte;Atropelamento;1;0;0;0;0;1;;;;;1;0;0;1;0
15/06/2014;03:45:00;62;Acidente sem Vítima;5,5;BR-101/ES;Norte;Atropelamento - Animal;1;0;0;0;0;1;;;;;0;0;0;0;0
15/06/2014;04:59:00;85;Acidente com vítima;156;BR-101/ES;Sul;Capotamento;1;0;0;0;0;1;;;;;0;1;0;0;0
15/06/2014;16:26:00;346;Acidente sem Vítima;174;BR-101/ES;Norte;Colisão Transversal;2;0;0;0;0;1;;;;;3;0;0;0;0
15/06/2014;15:38:00;329;Acidente sem Vítima;206;BR-101/ES;Sul;Colisão Lateral;1;0;0;0;0;1;;;;;1;0;0;0;0
15/06/2014;18:20:00;393;Acidente sem Vítima;251;BR-101/ES;Sul;Colisão Traseira;1;0;0;0;0;1;;;;;1;0;0;0;0
15/06/2014;18:41:00;397;Acidente sem Vítima;251;BR-101/ES;Sul;Colisão Traseira;2;0;0;0;0;2;;;;;2;0;0;0;0
15/06/2014;15:34:00;327;Acidente com vítima;260;BR-101/ES;Norte;Capotamento;1;0;0;0;0;1;;;;;0;1;1;0;0
15/06/2014;20:11:00;436;Acidente sem Vítima;286;BR-101/ES;Sul;Capotamento;1;0;0;0;0;1;;;;;2;0;0;0;0
15/06/2014;15:13:00;321;Acidente com vítima;324;BR-101/ES;Sul;Queda de Moto;0;0;0;1;0;0;;;;;0;2;0;0;0
15/06/2014;13:22:00;277;Acidente sem Vítima;398;BR-101/ES;Sul;Choque com Objeto Fixo;0;0;1;0;0;0;;;;;0;0;0;0;0
15/06/2014;21:50:00;482;Acidente com vítima;421,5;BR-101/ES;Sul;Colisão Lateral;1;0;1;0;0;1;;;;;2;1;0;0;0
16/06/2014;17:11:00;326;Atropelamento sem Morte;66;BR-101/ES;Norte;Atropelamento;0;0;0;0;1;0;;;;;1;0;1;0;0
16/06/2014;15:19:00;291;Acidente sem Vítima;264;BR-101/ES;Sul;Engavetamento;3;0;0;0;0;3;;;;;3;0;0;0;0
16/06/2014;06:34:00;100;Atropelamento sem Morte;269;BR-101/ES;Sul;Atropelamento;1;0;0;0;0;1;;;;;0;1;1;0;0
16/06/2014;09:25:00;156;Acidente sem Vítima;297;BR-101/ES;Sul;Colisão Traseira;2;0;0;0;0;2;;;;;2;0;0;0;0
16/06/2014;07:18:00;111;Acidente sem Vítima;298;BR-101/ES;Norte;Colisão Traseira;2;0;0;0;0;2;;;;;3;0;0;0;0
16/06/2014;11:15:00;194;Acidente sem Vítima;456,5;BR-101/ES;Sul;Colisão Lateral;2;0;0;0;0;1;;;;;2;0;0;0;0
17/06/2014;14:13:00;281;Acidente sem Vítima;22;BR-101/ES;Sul;Veículo em Chamas;0;0;0;0;0;1;;;;;0;0;0;0;0
17/06/2014;13:57:00;277;Acidente sem Vítima;41;BR-101/ES;Norte;Saída de Pista;1;0;0;0;0;1;;;;;1;0;0;0;0
17/06/2014;18:27:00;357;Acidente sem Vítima;210;BR-101/ES;Norte;Colisão Lateral;0;0;1;0;0;0;;;;;3;0;0;0;0
17/06/2014;11:55:00;236;Atropelamento sem Morte;224;BR-101/ES;Norte;Atropelamento;1;0;3;0;0;1;;;;;4;0;1;0;0
17/06/2014;16:24:00;317;Acidente sem Vítima;264;BR-101/ES;Sul;Colisão Lateral;0;0;2;0;1;0;;;;;3;0;0;0;0
17/06/2014;11:34:00;221;Acidente sem Vítima;264,5;BR-101/ES;Sul;Engavetamento;3;0;0;0;0;3;;;;;3;0;0;0;0
17/06/2014;14:24:00;285;Acidente sem Vítima;270,5;BR-101/ES;Sul;Colisão Traseira;2;0;0;0;0;2;;;;;2;0;0;0;0
17/06/2014;14:21:00;284;Acidente com vítima;270,8;BR-101/ES;Sul;Colisão Traseira;0;0;0;2;0;0;;;;;1;1;0;0;0
17/06/2014;15:23:00;295;Acidente sem Vítima;280;BR-101/ES;Sul;Colisão Traseira;2;0;0;0;0;2;;;;;2;0;0;0;0
17/06/2014;12:58:00;258;Acidente com vítima;288;BR-101/ES;Norte;Colisão Lateral;2;0;0;1;0;2;;;;;2;0;1;0;0
17/06/2014;07:52:00;121;Acidente sem Vítima;289,5;BR-101/ES;Norte;Colisão Traseira;2;0;0;0;0;2;;;;;2;0;0;0;0
18/06/2014;13:34:00;354;Atropelamento sem Morte;0,1;BR-101/ES;Norte;Atropelamento;1;0;0;0;0;1;;;;;0;1;0;0;0
18/06/2014;06:55:00;125;Acidente sem Vítima;143;BR-101/ES;Norte;Saída de Pista;1;0;0;1;0;1;;;;;2;0;0;0;0
18/06/2014;15:03:00;390;Acidente sem Vítima;148;BR-101/ES;Norte;Colisão Lateral;1;0;0;0;1;1;;;;;2;0;0;0;0
18/06/2014;23:59:00;576;Acidente com vítima;149;BR-101/ES;Sul;Colisão Lateral;1;0;1;0;0;1;;;;;1;2;0;0;0
18/06/2014;16:04:00;406;Acidente com vítima;152;BR-101/ES;Norte;Queda de Moto;0;0;0;1;0;0;;;;;0;1;0;0;0
18/06/2014;13:07:00;341;Acidente sem Vítima;264;BR-101/ES;Norte;Colisão Traseira;2;0;0;0;0;2;;;;;2;0;0;0;0
18/06/2014;16:40:00;416;Acidente com vítima;266;BR-101/ES;Sul;Queda de Moto;0;0;0;1;0;0;;;;;0;1;0;0;0
18/06/2014;15:42:00;398;Acidente sem Vítima;268;BR-101/ES;Norte;Colisão Lateral;2;0;0;0;0;2;;;;;2;0;0;0;0
18/06/2014;13:30:00;350;Acidente sem Vítima;270;BR-101/ES;Norte;Colisão Traseira;1;0;0;0;1;1;;;;;4;0;0;0;0
18/06/2014;18:26:00;447;Acidente sem Vítima;270;BR-101/ES;Sul;Colisão Lateral;1;0;1;0;0;1;;;;;2;0;0;0;0
18/06/2014;17:27:00;430;Acidente com vítima;298;BR-101/ES;Norte;Queda de Moto;0;0;0;1;0;0;;;;;0;0;1;0;0