data;horario;n_da_ocorrencia;tipo_de_ocorrencia;km;trecho;sentido;tipo_de_acidente;automovel;bicicleta;caminhao;moto;onibus;outros;tracao_animal;transporte_de_cargas_especiais;trator_maquinas;utilitarios;ilesos;levemente_feridos;moderadamente_feridos;gravemente_feridos;mortos
01/08/2014;08:55:00;134;Acidente sem Vítima;269;BR-101/ES;Sul;Colisão Traseira;1;0;0;1;0;0;;;;;2;0;0;0;0
01/08/2014;11:02:00;199;Acidente sem Vítima;270;BR-101/ES;Sul;Engavetamento;2;0;1;0;0;0;;;;;3;0;0;0;0
01/08/2014;19:38:00;426;Acidente sem Vítima;270;BR-101/ES;Norte;Abalroamento - Mesmo Sentido;1;0;2;0;0;0;;;;;2;0;0;0;0
01/08/2014;07:41:00;107;Acidente sem Vítima;271;BR-101/ES;Norte;Colisão Traseira;0;0;2;0;0;0;;;;;2;0;0;0;0
01/08/2014;07:04:00;92;Acidente com vítima;297;BR-101/ES;Sul;Engavetamento;3;0;0;1;0;0;;;;;3;1;0;0;0
01/08/2014;10:19:00;176;Acidente com vítima;321;BR-101/ES;Sul;Colisão Traseira;2;0;0;0;0;0;;;;;2;0;3;0;0
01/08/2014;21:38:00;478;Acidente com vítima;391;BR-101/ES;Norte;Colisão Lateral;0;0;1;1;0;0;;;;;1;0;1;0;0
01/08/2014;23:08:00;500;Acidente sem Vítima;451;BR-101/ES;Norte;Colisão Traseira;2;0;0;0;0;0;;;;;6;0;0;0;0
02/08/2014;10:45:00;197;Acidente sem Vítima;31;BR-101/ES;Norte;Capotamento;1;0;0;0;0;0;;;;;2;0;0;0;0
02/08/2014;06:38:00;105;Acidente sem Vítima;110;BR-101/ES;Norte;Colisão Traseira;1;0;1;0;0;0;;;;;3;0;0;0;0
02/08/2014;14:01:00;285;Atropelamento sem Morte;129;BR-101/ES;Sul;Atropelamento;1;0;0;0;0;0;;;;;1;1;0;0;0
02/08/2014;19:01:00;390;Acidente sem Vítima;132;BR-101/ES;Norte;Colisão Traseira;1;0;0;0;0;0;;;;;2;0;0;0;0
02/08/2014;22:03:00;473;Acidente com vítima;138;BR-101/ES;Sul;Queda de Moto;0;0;0;1;0;0;;;;;0;1;0;0;0
02/08/2014;01:08:00;16;Acidente sem Vítima;177;BR-101/ES;Norte;Colisão Frontal;2;0;0;0;0;0;;;;;1;0;0;0;0
02/08/2014;01:12:00;17;Acidente sem Vítima;180;BR-101/ES;Sul;Tombamento;1;0;1;0;0;0;;;;;3;0;0;0;0
02/08/2014;15:39:00;313;Acidente sem Vítima;231;BR-101/ES;Norte;Colisão Lateral;2;0;0;0;0;0;;;;;2;0;0;0;0
02/08/2014;22:56:00;484;Acidente com vítima;244;BR-101/ES;Norte;Colisão Traseira;2;0;0;0;0;0;;;;;1;1;0;0;0
02/08/2014;18:37:00;383;Atropelamento sem Morte;251;BR-101/ES;Norte;Atropelamento;0;0;0;0;0;1;;;;;0;1;0;0;0
02/08/2014;17:41:00;364;Acidente com vítima;290;BR-101/ES;Sul;Colisão Lateral;1;0;0;1;0;0;;;;;1;1;0;0;0
02/08/2014;04:20:00;74;Acidente sem Vítima;291;BR-101/ES;Norte;Colisão Traseira;1;0;0;0;0;0;;;;;1;0;0;0;0
02/08/2014;15:44:00;316;Acidente sem Vítima;335;BR-101/ES;Norte;Tombamento;0;0;3;0;0;0;;;;;1;0;0;0;0
02/08/2014;02:20:00;42;Acidente sem Vítima;398;BR-101/ES;Sul;Colisão Traseira;0;0;4;0;0;0;;;;;2;0;0;0;0
03/08/2014;17:46:00;313;Acidente sem Vítima;63;BR-101/ES;Norte;Colisão Frontal;3;0;0;0;0;0;;;;;6;0;0;0;0
03/08/2014;05:04:00;60;Acidente com Morte;87,5;BR-101/ES;Sul;Colisão Frontal;3;0;1;0;0;0;;;;;4;0;0;0;2
03/08/2014;10:05:00;135;Acidente sem Vítima;125;BR-101/ES;Sul;Engavetamento;4;0;0;0;0;0;;;;;4;0;0;0;0
03/08/2014;19:06:00;338;Acidente com vítima;126;BR-101/ES;Sul;Colisão Transversal;1;0;0;1;0;0;;;;;4;0;1;0;0
03/08/2014;19:55:00;352;Acidente com vítima;141;BR-101/ES;Sul;Queda de Moto;0;0;0;1;0;0;;;;;0;1;0;0;0
03/08/2014;16:23:00;272;Acidente sem Vítima;146;BR-101/ES;Norte;Colisão Traseira;2;0;0;0;0;0;;;;;2;0;0;0;0
03/08/2014;18:08:00;322;Acidente sem Vítima;160;BR-101/ES;Norte;Colisão Traseira;1;0;0;1;0;0;;;;;5;0;0;0;0
03/08/2014;18:15:00;325;Acidente com vítima;160,8;BR-101/ES;Norte;Colisão Traseira;1;0;0;1;0;0;;;;;0;1;0;0;0
03/08/2014;18:46:00;333;Acidente com vítima;245;BR-101/ES;Sul;Colisão Traseira;2;0;0;0;0;0;;;;;7;0;1;0;0
03/08/2014;10:19:00;136;Acidente sem Vítima;255;BR-101/ES;Sul;Engavetamento;3;0;0;0;0;0;;;;;3;0;0;0;0
03/08/2014;14:15:00;221;Acidente sem Vítima;266;BR-101/ES;Norte;Choque com Objeto Fixo;1;0;0;0;0;0;;;;;1;0;0;0;0
03/08/2014;02:38:00;26;Acidente sem Vítima;270;BR-101/ES;Sul;Colisão Lateral;2;0;0;0;0;0;;;;;2;0;0;0;0
03/08/2014;15:19:00;241;Acidente sem Vítima;272;BR-101/ES;Norte;Choque com Objeto Fixo;1;0;0;0;0;0;;;;;1;0;0;0;0
03/08/2014;09:28:00;122;Acidente com vítima;273;BR-101/ES;Sul;Saída de Pista;1;0;0;0;0;0;;;;;0;2;0;0;0
03/08/2014;18:59:00;337;Acidente com vítima;297;BR-101/ES;Sul;Colisão Traseira;1;0;0;1;0;0;;;;;1;1;0;0;0
03/08/2014;17:20:00;300;Acidente com vítima;453;BR-101/ES;Sul;Colisão Transversal;2;0;0;0;0;0;;;;;3;0;1;0;0
03/08/2014;17:42:00;310;Acidente sem Vítima;453;BR-101/ES;Norte;Colisão Traseira;2;0;0;0;0;0;;;;;3;0;0;0;0
04/08/2014;02:51:00;42;Acidente com vítima;15;BR-101/ES;Norte;Queda de Moto;1;0;0;0;0;0;;;;;0;0;1;0;0
04/08/2014;16:38:00;321;Acidente com vítima;32;BR-101/ES;Norte;Queda de Moto;0;0;0;1;0;0;;;;;0;1;0;0;0
04/08/2014;10:27:00;172;Acidente com vítima;59;BR-101/ES;Sul;Colisão Traseira;1;0;0;1;0;0;;;;;1;1;0;0;0
04/08/2014;08:28:00;130;Acidente sem Vítima;110;BR-101/ES;Sul;Colisão Traseira;1;0;1;0;0;0;;;;;2;0;0;0;0
04/08/2014;18:17:00;361;Acidente sem Vítima;140;BR-101/ES;Sul;Colisão Traseira;1;0;2;0;0;0;;;;;5;0;0;0;0
04/08/2014;07:33:00;109;Acidente com vítima;144;BR-101/ES;Sul;Colisão Traseira;1;0;1;0;0;0;;;;;3;1;0;0;0
04/08/2014;19:26:00;389;Acidente sem Vítima;148,3;BR-101/ES;Sul;Colisão Lateral;1;0;1;0;0;0;;;;;2;0;0;0;0
04/08/2014;13:59:00;265;Acidente sem Vítima;194;BR-101/ES;Norte;Saída de Pista;0;0;2;0;0;0;;;;;1;0;0;0;0
04/08/2014;05:54:00;84;Acidente com vítima;219;BR-101/ES;Norte;Queda de Moto;1;0;0;0;0;0;;;;;1;1;0;0;0
04/08/2014;07:31:00;108;Acidente com vítima;261;BR-101/ES;Sul;Queda de Moto;2;0;0;0;0;0;;;;;2;1;0;0;0
04/08/2014;14:19:00;270;Acidente com vítima;262;BR-101/ES;Sul;Colisão Transversal;1;0;1;0;0;0;;;;;1;2;0;0;0
04/08/2014;01:47:00;31;Acidente com Morte;290;BR-101/ES;Sul;Atropelamento e Fuga;1;0;0;0;0;0;;;;;1;0;0;0;1
04/08/2014;14:47:00;276;Acidente com vítima;291,5;BR-101/ES;Norte;Colisão Lateral;0;0;0;1;0;0;;;;;1;1;0;0;0
05/08/2014;12:24:00;292;Acidente sem Vítima;18,5;BR-101/ES;Sul;Colisão Traseira;2;0;0;0;0;0;;;;;2;0;0;0;0
05/08/2014;18:28:00;391;Acidente com vítima;143;BR-101/ES;Norte;Colisão Traseira;1;0;0;1;0;0;;;;;1;1;0;0;0
05/08/2014;20:54:00;452;Acidente sem Vítima;147;BR-101/ES;Norte;Colisão Traseira;0;0;3;0;0;0;;;;;2;0;0;0;0
05/08/2014;23:11:00;483;Acidente com vítima;154;BR-101/ES;Sul;Colisão Frontal;1;0;1;0;0;0;;;;;1;0;1;1;0
05/08/2014;08:03:00;122;Acidente sem Vítima;266;BR-101/ES;Sul;Colisão Traseira;2;0;0;0;0;0;;;;;2;0;0;0;0
05/08/2014;13:05:00;304;Acidente com vítima;266;BR-101/ES;Norte;Colisão;0;1;1;0;0;0;;;;;1;1;0;0;0
05/08/2014;15:24:00;341;Acidente sem Vítima;266;BR-101/ES;Sul;Abalroamento - Mesmo Sentido;1;0;1;0;0;0;;;;;2;0;0;0;0
05/08/2014;17:41:00;372;Atropelamento sem Morte;270;BR-101/ES;Sul;Atropelamento;1;0;0;1;0;0;;;;;2;1;0;0;0
05/08/2014;09:12:00;177;Acidente com vítima;300;BR-101/ES;Sul;Abalroamento - Mesmo Sentido;1;0;2;0;0;0;;;;;2;1;0;0;0
05/08/2014;04:16:00;75;Acidente sem Vítima;301;BR-101/ES;Sul;Colisão Lateral;0;0;4;0;0;0;;;;;2;0;0;0;0
05/08/2014;04:41:00;79;Acidente sem Vítima;369;BR-101/ES;Norte;Colisão Frontal;0;0;3;0;0;0;;;;;2;0;0;0;0
05/08/2014;10:31:00;225;Acidente com vítima;370;BR-101/ES;Sul;Saída de Pista;2;0;0;0;0;0;;;;;3;0;1;0;0
05/08/2014;03:45:00;66;Acidente sem Vítima;373;BR-101/ES;Norte;Saída de Pista;1;0;0;0;0;0;;;;;1;0;0;0;0
05/08/2014;21:18:00;462;Acidente com vítima;375;BR-101/ES;Sul;Colisão Lateral;1;0;1;0;0;0;;;;;1;0;0;1;0
06/08/2014;08:29:00;142;Acidente com vítima;29;BR-101/ES;Sul;Colisão Frontal;1;0;1;0;0;0;;;;;2;6;0;0;0
06/08/2014;12:39:00;261;Acidente sem Vítima;39;BR-101/ES;Norte;Saída de Pista;0;0;2;0;0;0;;;;;1;0;0;0;0
06/08/2014;17:22:00;354;Acidente com vítima;85;BR-101/ES;Norte;Queda de Moto;0;0;0;1;0;0;;;;;1;1;0;0;0
06/08/2014;18:02:00;362;Acidente com vítima;143;BR-101/ES;Norte;Colisão;1;1;0;0;0;0;;;;;1;1;0;0;0
06/08/2014;17:37:00;358;Acidente com vítima;145;BR-101/ES;Norte;Engavetamento;2;0;0;1;0;0;;;;;3;1;0;0;0
06/08/2014;22:12:00;454;Acidente sem Vítima;206;BR-101/ES;Sul;Colisão Frontal;1;0;0;0;0;0;;;;;2;0;0;0;0
06/08/2014;10:56:00;202;Atropelamento sem Morte;265;BR-101/ES;Norte;Atropelamento;0;0;0;1;0;0;;;;;0;0;1;0;0
06/08/2014;07:26:00;121;Acidente com vítima;267;BR-101/ES;Norte;Queda de Moto;0;0;0;1;0;0;;;;;0;2;0;0;0
06/08/2014;07:36:00;126;Acidente com vítima;287;BR-101/ES;Sul;Choque com Objeto Fixo;0;0;0;1;0;0;;;;;0;0;1;0;0
07/08/2014;19:23:00;388;Acidente com vítima;130;BR-101/ES;Norte;Engavetamento;2;0;4;0;0;0;;;;;4;1;0;0;0
07/08/2014;18:33:00;370;Acidente com vítima;208;BR-101/ES;Sul;Colisão Frontal;0;0;2;1;0;0;;;;;1;0;0;1;0
07/08/2014;06:47:00;81;Acidente sem Vítima;255;BR-101/ES;Norte;Colisão Transversal;2;0;0;0;0;0;;;;;2;0;0;0;0
07/08/2014;14:24:00;279;Acidente sem Vítima;258;BR-101/ES;Sul;Colisão Lateral;1;0;2;0;0;0;;;;;2;0;0;0;0
07/08/2014;09:25:00;136;Acidente sem Vítima;265;BR-101/ES;Norte;Colisão Traseira;2;0;0;0;0;0;;;;;2;0;0;0;0
07/08/2014;21:18:00;434;Acidente com vítima;265;BR-101/ES;Norte;Colisão Traseira;1;0;1;0;0;0;;;;;1;1;0;0;0
07/08/2014;12:46:00;244;Acidente sem Vítima;266;BR-101/ES;Sul;Colisão Traseira;2;0;0;0;0;0;;;;;2;0;0;0;0
07/08/2014;10:35:00;178;Acidente sem Vítima;276;BR-101/ES;Norte;Colisão Lateral;1;0;2;0;0;0;;;;;3;0;0;0;0
07/08/2014;18:07:00;363;Acidente com vítima;288;BR-101/ES;Sul;Queda de Moto;0;0;0;1;0;0;;;;;0;1;0;0;0
07/08/2014;23:27:00;471;Acidente com vítima;386;BR-101/ES;Sul;Saída de Pista;1;0;0;0;0;0;;;;;0;1;0;0;0
07/08/2014;22:22:00;457;Acidente sem Vítima;400;BR-101/ES;Sul;Veículo em Chamas;0;0;2;0;0;0;;;;;1;0;0;0;0
08/08/2014;19:23:00;386;Acidente com vítima;154;BR-101/ES;Norte;Colisão Frontal;1;0;0;1;0;0;;;;;0;1;1;0;0
08/08/2014;21:34:00;439;Acidente com vítima;177;BR-101/ES;Sul;Colisão;1;0;0;0;0;0;;;;;2;0;1;0;0
08/08/2014;17:18:00;339;Acidente sem Vítima;204;BR-101/ES;Sul;Colisão Traseira;2;0;0;0;0;0;;;;;4;0;0;0;0
08/08/2014;17:43:00;351;Acidente com vítima;269;BR-101/ES;Norte;Queda de Moto;0;0;0;1;0;0;;;;;0;1;0;0;0
08/08/2014;19:20:00;383;Acidente sem Vítima;269;BR-101/ES;Sul;Colisão Traseira;0;0;1;1;0;0;;;;;2;0;0;0;0
08/08/2014;07:03:00;81;Acidente com vítima;270;BR-101/ES;Sul;Colisão Traseira;1;0;0;1;0;0;;;;;1;1;0;0;0
08/08/2014;11:00:00;177;Acidente com vítima;270;BR-101/ES;Sul;Queda de Moto;0;0;0;1;0;0;;;;;0;1;0;0;0
08/08/2014;20:29:00;407;Acidente sem Vítima;270;BR-101/ES;Norte;Colisão Lateral;1;0;0;1;0;0;;;;;2;0;0;0;0
08/08/2014;15:35:00;286;Acidente com vítima;298;BR-101/ES;Sul;Colisão Lateral;1;0;0;1;0;0;;;;;1;1;0;0;0
08/08/2014;07:36:00;93;Acidente sem Vítima;314,5;BR-101/ES;Norte;Engavetamento;0;0;4;0;0;0;;;;;3;0;0;0;0
08/08/2014;20:41:00;411;Acidente sem Vítima;325;BR-101/ES;Sul;Engavetamento;3;0;0;0;0;0;;;;;8;0;0;0;0
08/08/2014;12:22:00;219;Acidente com vítima;373;BR-101/ES;Norte;Queda de Moto;0;0;0;1;0;0;;;;;0;1;0;0;0
08/08/2014;17:58:00;357;Acidente sem Vítima;374;BR-101/ES;Sul;Colisão Traseira;0;0;3;0;0;0;;;;;2;0;0;0;0
08/08/2014;04:24:00;53;Acidente sem Vítima;415;BR-101/ES;Norte;Saída de Pista;1;0;0;0;0;0;;;;;2;0;0;0;0
09/08/2014;18:03:00;420;Acidente com vítima;52;BR-101/ES;Sul;Atropelamento - Equino;2;0;0;0;0;0;;;;;0;4;0;1;0
09/08/2014;21:59:00;518;Acidente com vítima;115,9;BR-101/ES;Sul;Capotamento;1;0;0;0;0;0;;;;;0;1;0;0;0
09/08/2014;00:12:00;3;Acidente sem Vítima;135,5;BR-101/ES;Norte;Colisão Lateral;3;0;1;0;0;0;;;;;8;0;0;0;0
09/08/2014;21:03:00;498;Acidente com vítima;138;BR-101/ES;Sul;Queda de Moto;0;0;0;1;0;0;;;;;0;1;0;0;0
09/08/2014;16:47:00;389;Acidente sem Vítima;177,6;BR-101/ES;Norte;Saída de Pista;1;0;0;0;0;0;;;;;1;0;0;0;0
09/08/2014;14:27:00;336;Acidente com vítima;193,2;BR-101/ES;Sul;Saída de Pista;1;0;0;0;0;0;;;;;2;2;0;0;0
09/08/2014;02:26:00;37;Acidente sem Vítima;258,5;BR-101/ES;Norte;Veículo em Chamas;1;0;0;0;0;0;;;;;1;0;0;0;0
09/08/2014;13:16:00;308;Acidente sem Vítima;261;BR-101/ES;Sul;Saída de Pista;1;0;0;0;0;0;;;;;1;0;0;0;0
09/08/2014;23:58:00;538;Acidente com vítima;264,5;BR-101/ES;Norte;Queda de Moto;0;0;0;1;0;0;;;;;0;0;1;0;0
09/08/2014;19:42:00;460;Acidente sem Vítima;266;BR-101/ES;Norte;Engavetamento;2;0;0;0;0;0;;;;;4;0;0;0;0
09/08/2014;11:18:00;235;Acidente com vítima;270;BR-101/ES;Norte;Queda de Moto;0;0;0;1;0;0;;;;;1;1;0;0;0
09/08/2014;09:16:00;173;Acidente sem Vítima;276;BR-101/ES;Norte;Queda de Moto;0;0;0;1;0;0;;;;;2;0;0;0;0
09/08/2014;08:57:00;162;Acidente sem Vítima;301;BR-101/ES;Norte;Colisão Traseira;2;0;0;0;0;0;;;;;3;0;0;0;0
09/08/2014;18:17:00;427;Acidente com vítima;368,5;BR-101/ES;Sul;Queda de Moto;0;0;0;1;0;0;;;;;0;1;0;0;0
10/08/2014;18:55:00;376;Acidente com vítima;74;BR-101/ES;Norte;Colisão Lateral;1;0;0;1;0;0;;;;;1;0;0;1;0
10/08/2014;02:41:00;40;Acidente sem Vítima;86;BR-101/ES;Sul;Veículo em Chamas;0;0;4;0;0;0;;;;;1;0;0;0;0
10/08/2014;17:29:00;347;Acidente com vítima;124;BR-101/ES;Sul;Choque com Veículo Estacionado;1;0;0;1;0;0;;;;;1;1;0;0;0
10/08/2014;14:12:00;283;Acidente sem Vítima;138;BR-101/ES;Norte;Colisão Frontal;2;0;0;0;0;0;;;;;2;0;0;0;0
10/08/2014;09:34:00;154;Acidente com vítima;236;BR-101/ES;Norte;Saída de Pista;1;0;0;0;0;0;;;;;0;1;0;0;0
10/08/2014;14:38:00;296;Acidente sem Vítima;253;BR-101/ES;Norte;Saída de Pista;1;0;0;0;0;0;;;;;1;0;0;0;0
10/08/2014;04:51:00;72;Acidente com vítima;269;BR-101/ES;Sul;Choque com Objeto Fixo;1;0;0;0;0;0;;;;;1;1;0;0;0
10/08/2014;19:12:00;385;Acidente com vítima;270;BR-101/ES;Norte;Queda de Moto;0;0;0;1;0;0;;;;;0;1;0;0;0
10/08/2014;18:51:00;375;Acidente sem Vítima;358;BR-101/ES;Sul;Colisão Lateral;1;0;1;0;0;0;;;;;2;0;0;0;0
10/08/2014;18:14:00;359;Acidente sem Vítima;365;BR-101/ES;Norte;Atropelamento - Bovino;1;0;0;0;0;0;;;;;1;0;0;0;0
11/08/2014;15:05:00;284;Acidente sem Vítima;119;BR-101/ES;Norte;Veículo em Chamas;0;0;4;0;0;0;;;;;1;0;0;0;0
11/08/2014;09:46:00;151;Acidente sem Vítima;172;BR-101/ES;Norte;Colisão Traseira;1;0;0;1;0;0;;;;;3;0;0;0;0
11/08/2014;10:39:00;163;Acidente sem Vítima;241;BR-101/ES;Norte;Colisão Traseira;2;0;0;0;0;0;;;;;2;0;0;0;0
11/08/2014;14:16:00;273;Atropelamento sem Morte;247;BR-101/ES;Norte;Atropelamento;3;0;0;0;0;0;;;;;3;1;0;0;0
11/08/2014;10:55:00;175;Acidente sem Vítima;255;BR-101/ES;Sul;Colisão Traseira;1;0;1;0;0;0;;;;;2;0;0;0;0
11/08/2014;19:02:00;366;Acidente com vítima;260;BR-101/ES;Norte;Queda de Moto;0;0;0;1;0;0;;;;;0;1;0;0;0
11/08/2014;20:12:00;391;Acidente sem Vítima;265;BR-101/ES;Norte;Colisão Traseira;0;0;0;1;1;0;;;;;4;0;0;0;0
11/08/2014;16:32:00;315;Acidente com vítima;269,5;BR-101/ES;Sul;Colisão Lateral;1;0;3;0;0;0;;;;;1;1;0;0;0
11/08/2014;18:57:00;365;Acidente sem Vítima;269,5;BR-101/ES;Norte;Colisão Transversal;1;0;1;0;0;0;;;;;2;0;0;0;0
11/08/2014;22:52:00;437;Acidente sem Vítima;270;BR-101/ES;Norte;Abalroamento - Mesmo Sentido;1;0;2;0;0;0;;;;;3;0;0;0;0
11/08/2014;11:38:00;209;Acidente com vítima;291;BR-101/ES;Sul;Colisão Lateral;1;0;0;1;0;0;;;;;1;1;0;0;0
11/08/2014;16:34:00;319;Acidente com vítima;440;BR-101/ES;Norte;Colisão Transversal;0;0;1;1;0;0;;;;;1;0;0;1;0
12/08/2014;17:42:00;320;Acidente com vítima;18;BR-101/ES;Norte;Queda de Moto;0;0;0;1;0;0;;;;;0;1;0;0;0
12/08/2014;11:47:00;208;Acidente com vítima;140;BR-101/ES;Norte;Queda de Moto;0;0;0;1;0;0;;;;;0;1;0;0;0
12/08/2014;11:43:00;207;Acidente com vítima;247;BR-101/ES;Sul;Saída de Pista;1;0;0;0;0;0;;;;;1;2;2;0;0
12/08/2014;06:27:00;83;Acidente com vítima;267;BR-101/ES;Sul;Colisão Traseira;2;0;0;0;0;0;;;;;1;1;0;0;0
12/08/2014;09:56:00;154;Acidente com vítima;293;BR-101/ES;Norte;Queda de Moto;0;0;0;1;0;0;;;;;0;1;0;0;0
12/08/2014;09:41:00;147;Acidente sem Vítima;361;BR-101/ES;Sul;Tombamento;0;0;2;0;0;0;;;;;1;0;0;0;0
12/08/2014;21:06:00;395;Acidente sem Vítima;361;BR-101/ES;Norte;Colisão Lateral;0;0;2;0;0;0;;;;;2;0;0;0;0
12/08/2014;04:44:00;63;Acidente sem Vítima;392,7;BR-101/ES;Norte;Saída de Pista;0;0;1;0;0;0;;;;;1;0;0;0;0
12/08/2014;06:24:00;82;Acidente sem Vítima;427;BR-101/ES;Sul;Saída de Pista;1;0;0;0;0;0;;;;;1;0;0;0;0
12/08/2014;06:54:00;84;Acidente sem Vítima;427;BR-101/ES;Sul;Colisão Traseira;0;0;4;0;0;0;;;;;2;0;0;0;0
13/08/2014;18:24:00;386;Acidente com vítima;138;BR-101/ES;Sul;Queda de Moto;0;0;0;1;0;0;;;;;0;1;0;0;0
13/08/2014;07:18:00;108;Acidente com vítima;145,5;BR-101/ES;Sul;Colisão Traseira;0;0;1;1;0;0;;;;;1;0;1;0;0
13/08/2014;07:15:00;106;Acidente sem Vítima;146;BR-101/ES;Norte;Colisão Transversal;2;0;0;0;0;0;;;;;3;0;0;0;0
13/08/2014;17:41:00;376;Acidente com vítima;146;BR-101/ES;Sul;Queda de Moto;0;0;0;1;0;0;;;;;0;1;0;0;0
13/08/2014;05:47:00;90;Acidente com vítima;150;BR-101/ES;Sul;Queda de Moto;0;0;0;1;0;0;;;;;0;1;0;0;0
13/08/2014;20:26:00;438;Acidente sem Vítima;205;BR-101/ES;Norte;Colisão Lateral;2;0;0;0;0;0;;;;;4;0;0;0;0
13/08/2014;12:48:00;287;Acidente sem Vítima;256;BR-101/ES;Norte;Engavetamento;3;0;0;0;0;0;;;;;3;0;0;0;0
13/08/2014;06:35:00;100;Acidente com vítima;266;BR-101/ES;Sul;Choque com Objeto Fixo;1;0;0;0;0;0;;;;;0;1;0;0;0
13/08/2014;22:39:00;480;Acidente sem Vítima;266;BR-101/ES;Sul;Choque com Objeto Fixo;1;0;0;0;0;0;;;;;1;0;0;0;0
13/08/2014;06:45:00;101;Acidente sem Vítima;270;BR-101/ES;Sul;Colisão Lateral;1;0;1;0;0;0;;;;;2;0;0;0;0
13/08/2014;12:04:00;262;Acidente sem Vítima;290;BR-101/ES;Sul;Engavetamento;1;0;2;0;1;0;;;;;3;0;0;0;0
13/08/2014;13:09:00;294;Acidente com vítima;291;BR-101/ES;Norte;Queda de Moto;0;0;0;1;0;0;;;;;1;1;0;0;0
13/08/2014;14:53:00;331;Acidente sem Vítima;292;BR-101/ES;Norte;Choque com Objeto Fixo;0;0;2;0;0;0;;;;;2;0;0;0;0
13/08/2014;04:43:00;75;Acidente sem Vítima;334;BR-101/ES;Norte;Colisão Lateral;1;0;2;0;0;0;;;;;3;0;0;0;0
13/08/2014;16:05:00;352;Acidente sem Vítima;342,5;BR-101/ES;Sul;Saída de Pista;1;0;0;0;0;0;;;;;1;0;0;0;0
13/08/2014;19:23:00;406;Acidente sem Vítima;377;BR-101/ES;Norte;Colisão Lateral;0;0;4;0;0;0;;;;;3;0;0;0;0
13/08/2014;11:26:00;235;Acidente sem Vítima;436;BR-101/ES;Norte;Saída de Pista;1;0;0;0;0;0;;;;;1;0;0;0;0
14/08/2014;09:51:00;174;Acidente com vítima;36,3;BR-101/ES;Norte;Tombamento;1;0;0;0;0;0;;;;;0;1;0;0;0
14/08/2014;05:47:00;88;Acidente sem Vítima;67;BR-101/ES;Norte;Colisão Traseira;1;0;1;0;0;0;;;;;2;0;0;0;0
14/08/2014;18:00:00;350;Acidente sem Vítima;128;BR-101/ES;Norte;Choque com Objeto Fixo;0;0;1;0;0;0;;;;;1;0;0;0;0
14/08/2014;00:15:00;4;Acidente sem Vítima;142;BR-101/ES;Norte;Choque com Objeto Fixo;1;0;0;0;0;0;;;;;1;0;0;0;0
14/08/2014;14:01:00;280;Acidente com vítima;145;BR-101/ES;Norte;Colisão Traseira;0;0;0;1;1;0;;;;;1;1;0;0;0
14/08/2014;18:48:00;361;Atropelamento sem Morte;262,5;BR-101/ES;Sul;Atropelamento;0;0;0;0;1;0;;;;;2;0;0;1;0
14/08/2014;19:27:00;374;Acidente sem Vítima;264;BR-101/ES;Norte;Colisão Transversal;2;0;0;0;0;0;;;;;5;0;0;0;0
14/08/2014;12:46:00;250;Acidente sem Vítima;265;BR-101/ES;Sul;Colisão Traseira;2;0;0;0;0;0;;;;;2;0;0;0;0
14/08/2014;09:57:00;176;Acidente sem Vítima;266;BR-101/ES;Norte;Colisão Lateral;0;0;2;0;0;0;;;;;2;0;0;0;0
14/08/2014;12:51:00;256;Acidente sem Vítima;267,5;BR-101/ES;Norte;Engavetamento;3;0;0;0;0;0;;;;;3;0;0;0;0
14/08/2014;11:43:00;221;Acidente sem Vítima;270;BR-101/ES;Norte;Colisão Traseira;1;0;1;0;0;0;;;;;2;0;0;0;0
14/08/2014;05:12:00;77;Acidente sem Vítima;286;BR-101/ES;Norte;Choque com Objeto Fixo;1;0;0;0;0;0;;;;;1;0;0;0;0
14/08/2014;15:20:00;301;Acidente com vítima;288;BR-101/ES;Norte;Colisão Transversal;1;0;0;1;0;0;;;;;1;0;0;1;0
14/08/2014;10:48:00;194;Acidente com vítima;299;BR-101/ES;Norte;Colisão Traseira;1;0;0;1;0;0;;;;;1;1;0;0;0
14/08/2014;19:30:00;376;Acidente com vítima;349;BR-101/ES;Sul;Queda de Moto;0;0;0;1;0;0;;;;;0;0;1;0;0
14/08/2014;11:02:00;196;Acidente sem Vítima;400;BR-101/ES;Norte;Saída de Pista;0;0;1;0;0;0;;;;;2;0;0;0;0
14/08/2014;01:20:00;20;Acidente sem Vítima;441;BR-101/ES;Sul;Choque com Objeto Fixo;0;0;1;0;0;0;;;;;1;0;0;0;0
14/08/2014;20:53:00;413;Acidente sem Vítima;947;BR-101/BA;Norte;Choque com Objeto Fixo;1;0;0;0;0;0;;;;;2;0;0;0;0
15/08/2014;18:13:00;321;Acidente com vítima;142;BR-101/ES;Norte;Colisão Transversal;1;0;0;1;0;0;;;;;0;4;0;0;0
15/08/2014;17:48:00;316;Acidente sem Vítima;146;BR-101/ES;Sul;Engavetamento;2;0;4;0;0;0;;;;;6;0;0;0;0
15/08/2014;11:18:00;167;Acidente sem Vítima;147;BR-101/ES;Sul;Colisão Traseira;2;0;0;0;0;0;;;;;2;0;0;0;0
15/08/2014;23:49:00;429;Acidente sem Vítima;182;BR-101/ES;Norte;Choque;1;0;2;0;0;0;;;;;2;0;0;0;0
15/08/2014;17:59:00;318;Acidente sem Vítima;261;BR-101/ES;Sul;Colisão Traseira;2;0;0;0;0;0;;;;;4;0;0;0;0