data;horario;n_da_ocorrencia;tipo_de_ocorrencia;km;trecho;sentido;tipo_de_acidente;automovel;bicicleta;caminhao;moto;onibus;outros;tracao_animal;transporte_de_cargas_especiais;trator_maquinas;utilitarios;ilesos;levemente_feridos;moderadamente_feridos;gravemente_feridos;mortos
24/08/2014;11:43:00;197;Acidente sem Vítima;270;BR-101/ES;Norte;Colisão Lateral;1;0;2;0;0;0;;;;;2;0;0;0;0
25/08/2014;00:40:00;6;Acidente com vítima;136;BR-101/ES;Sul;Saída de Pista;1;0;0;0;0;0;;;;;0;1;0;0;0
25/08/2014;15:32:00;320;Acidente com vítima;167;BR-101/ES;Sul;Colisão Frontal;3;0;0;0;0;0;;;;;6;0;2;0;0
25/08/2014;07:37:00;107;Acidente com vítima;258;BR-101/ES;Sul;Colisão Lateral;2;0;0;0;0;0;;;;;1;1;0;0;0
25/08/2014;05:58:00;85;Acidente com vítima;260;BR-101/ES;Sul;Colisão Lateral;1;0;0;1;0;0;;;;;1;0;1;0;0
25/08/2014;06:44:00;92;Acidente com vítima;262;BR-101/ES;Sul;Colisão Traseira;2;0;0;1;0;0;;;;;2;0;1;0;0
25/08/2014;12:54:00;263;Acidente sem Vítima;264;BR-101/ES;Norte;Colisão Lateral;1;0;1;0;0;0;;;;;2;0;0;0;0
25/08/2014;22:54:00;477;Acidente sem Vítima;264;BR-101/ES;Norte;Veículo em Chamas;0;0;2;0;0;0;;;;;1;0;0;0;0
25/08/2014;08:52:00;144;Acidente sem Vítima;290,5;BR-101/ES;Sul;Engavetamento;2;0;2;0;0;0;;;;;4;0;0;0;0
25/08/2014;17:56:00;385;Acidente com vítima;291;BR-101/ES;Norte;Colisão Lateral;1;0;0;1;0;0;;;;;2;1;0;0;0
25/08/2014;12:30:00;252;Acidente com vítima;300;BR-101/ES;Norte;Queda de Moto;0;0;0;1;0;0;;;;;0;0;1;0;0
25/08/2014;15:24:00;316;Acidente sem Vítima;305;BR-101/ES;Sul;Colisão Transversal;1;0;3;0;0;0;;;;;4;0;0;0;0
25/08/2014;20:25:00;436;Acidente sem Vítima;448;BR-101/ES;Norte;Veículo em Chamas;1;0;0;0;0;0;;;;;1;0;0;0;0
26/08/2014;10:01:00;194;Acidente sem Vítima;38,5;BR-101/ES;Norte;Colisão Transversal;1;0;1;0;0;0;;;;;3;0;0;0;0
26/08/2014;16:47:00;362;Acidente sem Vítima;145;BR-101/ES;Norte;Colisão Lateral;1;0;2;0;0;0;;;;;2;0;0;0;0
26/08/2014;12:05:00;248;Acidente sem Vítima;176;BR-101/ES;Norte;Colisão Traseira;2;0;0;0;0;0;;;;;4;0;0;0;0
26/08/2014;22:34:00;481;Acidente com vítima;243;BR-101/ES;Sul;Choque com Objeto Fixo;3;0;2;0;0;0;;;;;6;1;0;0;0
26/08/2014;11:08:00;219;Acidente sem Vítima;255;BR-101/ES;Sul;Engavetamento;2;0;1;0;0;0;;;;;3;0;0;0;0
26/08/2014;18:19:00;394;Acidente sem Vítima;256;BR-101/ES;Norte;Choque;2;0;0;0;0;0;;;;;2;0;0;0;0
26/08/2014;12:27:00;260;Acidente sem Vítima;261;BR-101/ES;Norte;Colisão Traseira;3;0;0;0;0;0;;;;;6;0;0;0;0
26/08/2014;14:43:00;309;Acidente com vítima;263;BR-101/ES;Norte;Colisão Lateral;0;0;1;1;0;0;;;;;1;1;0;0;0
26/08/2014;17:11:00;372;Acidente com vítima;266;BR-101/ES;Sul;Colisão Transversal;1;0;0;1;0;0;;;;;1;1;0;0;0
26/08/2014;09:40:00;176;Acidente sem Vítima;270;BR-101/ES;Norte;Colisão Lateral;1;0;1;0;0;0;;;;;2;0;0;0;0
26/08/2014;08:53:00;150;Acidente sem Vítima;301;BR-101/ES;Sul;Colisão Traseira;2;0;0;0;0;0;;;;;2;0;0;0;0
26/08/2014;10:03:00;196;Acidente sem Vítima;368;BR-101/ES;Sul;Saída de Pista;0;0;1;0;0;0;;;;;1;0;0;0;0
26/08/2014;16:24:00;350;Acidente sem Vítima;386;BR-101/ES;Norte;Saída de Pista;0;0;0;1;0;0;;;;;1;0;0;0;0
26/08/2014;18:37:00;399;Acidente sem Vítima;452;BR-101/ES;Sul;Colisão Traseira;1;0;1;0;0;0;;;;;2;0;0;0;0
26/08/2014;20:25:00;439;Acidente sem Vítima;461;BR-101/ES;Sul;Choque com Veículo Estacionado;0;0;2;0;0;0;;;;;2;0;0;0;0
27/08/2014;09:24:00;165;Acidente sem Vítima;82;BR-101/ES;Norte;Colisão Lateral;1;0;1;0;0;0;;;;;3;0;0;0;0
27/08/2014;19:18:00;409;Acidente sem Vítima;131;BR-101/ES;Norte;Colisão Traseira;0;0;2;0;0;0;;;;;2;0;0;0;0
27/08/2014;06:51:00;101;Acidente sem Vítima;257;BR-101/ES;Sul;Colisão Traseira;1;0;2;0;0;0;;;;;2;0;0;0;0
27/08/2014;16:33:00;339;Acidente sem Vítima;268;BR-101/ES;Sul;Colisão Traseira;2;0;0;0;0;0;;;;;3;0;0;0;0
27/08/2014;07:07:00;104;Acidente sem Vítima;269;BR-101/ES;Norte;Engavetamento;3;0;1;0;0;0;;;;;4;0;0;0;0
27/08/2014;08:27:00;134;Acidente com vítima;269;BR-101/ES;Sul;Atropelamento e Fuga;0;0;1;0;0;0;;;;;0;1;0;0;0
27/08/2014;06:47:00;100;Acidente com vítima;270;BR-101/ES;Sul;Queda de Moto;0;0;0;1;0;0;;;;;0;1;0;0;0
27/08/2014;18:01:00;373;Acidente sem Vítima;297;BR-101/ES;Sul;Choque;1;0;0;0;0;0;;;;;1;0;0;0;0
27/08/2014;10:10:00;181;Acidente com vítima;310;BR-101/ES;Norte;Colisão Lateral;1;0;0;1;0;0;;;;;1;1;1;0;0
27/08/2014;09:11:00;157;Acidente com vítima;426;BR-101/ES;Sul;Saída de Pista;1;0;0;0;0;0;;;;;0;3;0;0;0
27/08/2014;09:38:00;170;Acidente sem Vítima;426;BR-101/ES;Norte;Veículo em Chamas;1;0;0;0;0;0;;;;;1;0;0;0;0
28/08/2014;18:09:00;315;Acidente com vítima;91;BR-101/ES;Sul;Colisão Transversal;1;0;0;1;0;0;;;;;1;0;1;0;0
28/08/2014;15:28:00;253;Acidente sem Vítima;124;BR-101/ES;Norte;Colisão Traseira;1;0;0;0;1;0;;;;;3;0;0;0;0
28/08/2014;14:21:00;243;Acidente com vítima;216;BR-101/ES;Norte;Saída de Pista;1;0;0;0;0;0;;;;;1;0;2;0;0
28/08/2014;18:08:00;314;Acidente sem Vítima;245;BR-101/ES;Sul;Saída de Pista;0;0;1;0;0;0;;;;;3;0;0;0;0
28/08/2014;09:01:00;130;Acidente sem Vítima;257,5;BR-101/ES;Sul;Colisão Transversal;1;0;2;0;0;0;;;;;2;0;0;0;0
28/08/2014;17:03:00;296;Acidente sem Vítima;261;BR-101/ES;Norte;Colisão Traseira;2;0;0;0;0;0;;;;;2;0;0;0;0
28/08/2014;19:39:00;341;Acidente sem Vítima;265,5;BR-101/ES;Sul;Colisão Traseira;2;0;0;0;0;0;;;;;2;0;0;0;0
28/08/2014;23:49:00;424;Acidente sem Vítima;266;BR-101/ES;Norte;Colisão Traseira;2;0;0;0;0;0;;;;;2;0;0;0;0
28/08/2014;12:55:00;222;Acidente sem Vítima;273,5;BR-101/ES;Sul;Colisão Lateral;0;0;2;0;1;0;;;;;3;0;0;0;0
28/08/2014;07:57:00;105;Acidente com vítima;280;BR-101/ES;Sul;Queda de Moto;1;0;0;0;0;0;;;;;0;1;0;0;0
28/08/2014;18:15:00;317;Acidente sem Vítima;288;BR-101/ES;Norte;Colisão Traseira;1;0;0;1;0;0;;;;;2;0;0;0;0
28/08/2014;07:36:00;100;Acidente com vítima;290;BR-101/ES;Sul;Colisão Transversal;1;0;0;1;0;0;;;;;1;1;0;0;0
28/08/2014;18:55:00;327;Acidente sem Vítima;329;BR-101/ES;Norte;Saída de Pista;1;0;0;0;0;0;;;;;1;0;0;0;0
28/08/2014;06:12:00;86;Acidente com vítima;408;BR-101/ES;Sul;Colisão Lateral;1;0;2;0;0;0;;;;;1;1;0;0;0
29/08/2014;06:08:00;67;Acidente sem Vítima;5;BR-101/ES;Norte;Colisão Lateral;1;0;2;0;0;0;;;;;2;0;0;0;0
29/08/2014;04:22:00;49;Acidente com vítima;72;BR-101/ES;Sul;Saída de Pista;1;0;0;0;0;0;;;;;0;1;0;0;0
29/08/2014;13:21:00;252;Acidente sem Vítima;85,8;BR-101/ES;Sul;Choque;0;0;1;0;0;0;;;;;1;0;0;0;0
29/08/2014;09:52:00;149;Acidente sem Vítima;90;BR-101/ES;Sul;Colisão Transversal;2;0;0;0;0;0;;;;;5;0;0;0;0
29/08/2014;15:19:00;283;Acidente sem Vítima;110;BR-101/ES;Norte;Colisão Lateral;1;0;1;0;0;0;;;;;4;0;0;0;0
29/08/2014;17:07:00;313;Acidente sem Vítima;142;BR-101/ES;Sul;Engavetamento;3;0;0;0;0;0;;;;;4;0;0;0;0
29/08/2014;07:35:00;79;Acidente com vítima;160;BR-101/ES;Norte;Colisão Transversal;1;0;0;1;0;0;;;;;1;1;0;0;0
29/08/2014;16:04:00;294;Acidente com vítima;204,5;BR-101/ES;Norte;Colisão Transversal;1;0;0;1;0;0;;;;;2;0;1;0;0
29/08/2014;14:08:00;270;Acidente com vítima;229;BR-101/ES;Norte;Colisão Transversal;1;0;0;1;0;0;;;;;1;1;0;0;0
29/08/2014;11:41:00;204;Acidente sem Vítima;241,8;BR-101/ES;Norte;Saída de Pista;1;0;0;0;0;0;;;;;2;0;0;0;0
29/08/2014;20:42:00;382;Acidente sem Vítima;266,5;BR-101/ES;Sul;Colisão Traseira;2;0;0;0;0;0;;;;;2;0;0;0;0
29/08/2014;14:56:00;281;Acidente sem Vítima;267;BR-101/ES;Sul;Colisão;0;0;0;0;0;1;;;;;1;0;0;0;0
29/08/2014;17:43:00;323;Acidente sem Vítima;268;BR-101/ES;Sul;Colisão Traseira;0;0;2;1;0;0;;;;;2;0;0;0;0
29/08/2014;07:57:00;84;Acidente sem Vítima;271;BR-101/ES;Sul;Colisão Lateral;1;0;2;0;0;0;;;;;3;0;0;0;0
29/08/2014;13:57:00;267;Acidente sem Vítima;386;BR-101/ES;Norte;Tombamento;0;0;2;0;0;0;;;;;1;0;0;0;0
29/08/2014;05:03:00;57;Acidente sem Vítima;457;BR-101/ES;Sul;Colisão Lateral;2;0;0;0;0;0;;;;;3;0;0;0;0
30/08/2014;19:13:00;352;Acidente sem Vítima;43;BR-101/ES;Sul;Veículo em Chamas;1;0;0;0;0;0;;;;;1;0;0;0;0
30/08/2014;20:52:00;395;Acidente sem Vítima;67;BR-101/ES;Sul;Abalroamento - Mesmo Sentido;1;0;0;0;1;0;;;;;2;0;0;0;0
30/08/2014;16:30:00;313;Acidente com vítima;115;BR-101/ES;Sul;Queda de Moto;0;0;0;1;0;0;;;;;0;0;1;0;0
30/08/2014;14:46:00;283;Acidente com vítima;130;BR-101/ES;Sul;Colisão Lateral;0;0;1;1;0;0;;;;;1;0;2;0;0
30/08/2014;05:55:00;82;Acidente com vítima;260;BR-101/ES;Norte;Saída de Pista;1;0;0;0;0;0;;;;;0;2;1;0;0
30/08/2014;21:35:00;402;Acidente sem Vítima;262;BR-101/ES;Sul;Colisão Traseira;2;0;0;0;0;0;;;;;2;0;0;0;0
30/08/2014;22:39:00;413;Acidente sem Vítima;262;BR-101/ES;Norte;Colisão Traseira;2;0;0;0;0;0;;;;;2;0;0;0;0
30/08/2014;06:10:00;86;Acidente com vítima;264;BR-101/ES;Norte;Choque com Objeto Fixo;1;0;0;0;0;0;;;;;0;1;0;0;0
30/08/2014;13:31:00;262;Acidente sem Vítima;266;BR-101/ES;Sul;Colisão Traseira;2;0;0;0;0;0;;;;;2;0;0;0;0
30/08/2014;22:46:00;415;Acidente com vítima;270;BR-101/ES;Norte;Colisão Traseira;1;0;0;1;0;0;;;;;1;0;0;1;0
30/08/2014;18:46:00;346;Acidente com vítima;318,3;BR-101/ES;Norte;Queda de Moto;0;0;0;1;0;0;;;;;1;1;0;0;0
30/08/2014;06:49:00;90;Acidente com Morte;339;BR-101/ES;Norte;Colisão Lateral;0;0;3;1;0;0;;;;;1;0;0;0;1
30/08/2014;19:50:00;373;Acidente sem Vítima;438;BR-101/ES;Norte;Saída de Pista;1;0;0;0;0;0;;;;;1;0;0;0;0
31/08/2014;14:54:00;241;Acidente com vítima;65,5;BR-101/ES;Norte;Colisão Traseira;1;0;0;1;0;0;;;;;1;1;0;0;0
31/08/2014;03:13:00;35;Acidente com Morte;174;BR-101/ES;Sul;Colisão Frontal;2;0;3;0;0;0;;;;;1;0;0;0;1
31/08/2014;20:41:00;369;Acidente sem Vítima;179;BR-101/ES;Norte;Saída de Pista;1;0;0;0;0;0;;;;;1;0;0;0;0
31/08/2014;15:03:00;243;Acidente com vítima;256;BR-101/ES;Sul;Colisão Traseira;1;0;0;1;0;0;;;;;2;1;0;0;0
31/08/2014;15:48:00;254;Acidente sem Vítima;256,2;BR-101/ES;Sul;Engavetamento;3;0;0;0;0;0;;;;;3;0;0;0;0
31/08/2014;01:12:00;10;Acidente sem Vítima;258;BR-101/ES;Sul;Colisão Traseira;2;0;0;0;0;0;;;;;2;0;0;0;0
31/08/2014;20:40:00;368;Acidente com vítima;276;BR-101/ES;Sul;Saída de Pista;1;0;0;0;0;0;;;;;0;1;0;0;0
31/08/2014;16:24:00;271;Acidente sem Vítima;290;BR-101/ES;Sul;Saída de Pista;2;0;0;0;0;0;;;;;2;0;0;0;0
31/08/2014;05:21:00;57;Acidente com Morte;347;BR-101/ES;Sul;Colisão Frontal;1;0;1;0;0;0;;;;;1;0;0;1;2
01/09/2014;13:01:00;263;Acidente com vítima;146;BR-101/ES;Sul;Colisão Traseira;2;0;0;0;0;0;;;;;2;0;1;0;0
01/09/2014;13:43:00;276;Acidente sem Vítima;150;BR-101/ES;Norte;Choque com Objeto Fixo;0;0;2;0;0;0;;;;;1;0;0;0;0
01/09/2014;19:22:00;402;Acidente sem Vítima;239;BR-101/ES;Sul;Colisão Transversal;1;0;0;0;1;0;;;;;5;0;0;0;0
01/09/2014;07:03:00;96;Acidente sem Vítima;257;BR-101/ES;Sul;Colisão Traseira;1;0;1;0;0;0;;;;;2;0;0;0;0
01/09/2014;20:07:00;422;Acidente sem Vítima;257;BR-101/ES;Sul;Colisão Traseira;2;0;0;0;0;0;;;;;2;0;0;0;0
01/09/2014;12:47:00;258;Acidente sem Vítima;268;BR-101/ES;Sul;Colisão Traseira;1;0;0;0;1;0;;;;;2;0;0;0;0
01/09/2014;10:23:00;182;Acidente sem Vítima;269;BR-101/ES;Sul;Colisão Traseira;1;0;0;0;1;0;;;;;2;0;0;0;0
01/09/2014;10:23:00;183;Acidente sem Vítima;269;BR-101/ES;Norte;Colisão Traseira;2;0;0;0;0;0;;;;;2;0;0;0;0
01/09/2014;12:04:00;241;Acidente sem Vítima;269;BR-101/ES;Sul;Engavetamento;3;0;0;0;0;0;;;;;3;0;0;0;0
01/09/2014;09:00:00;151;Acidente sem Vítima;270;BR-101/ES;Sul;Colisão Lateral;1;0;1;0;0;0;;;;;2;0;0;0;0
01/09/2014;12:12:00;243;Acidente com vítima;316;BR-101/ES;Norte;Saída de Pista;0;0;2;0;0;0;;;;;0;0;1;0;0
01/09/2014;20:20:00;430;Acidente com vítima;367;BR-101/ES;Norte;Colisão Frontal;3;0;2;0;0;0;;;;;4;1;3;0;0
01/09/2014;15:55:00;322;Acidente com vítima;375;BR-101/ES;Norte;Queda de Moto;0;0;0;1;0;0;;;;;1;1;0;0;0
02/09/2014;16:19:00;343;Acidente sem Vítima;30;BR-101/ES;Norte;Colisão Transversal;2;0;0;0;0;0;;;;;2;0;0;0;0
02/09/2014;23:18:00;489;Acidente sem Vítima;31;BR-101/ES;Sul;Choque;1;0;2;0;0;0;;;;;3;0;0;0;0
02/09/2014;17:51:00;380;Acidente com vítima;142;BR-101/ES;Sul;Colisão Traseira;0;0;1;1;0;0;;;;;2;1;0;0;0
02/09/2014;09:54:00;172;Acidente com vítima;273;BR-101/ES;Sul;Choque com Objeto Fixo;1;0;0;0;0;0;;;;;0;0;1;0;0
02/09/2014;21:16:00;455;Acidente sem Vítima;284;BR-101/ES;Sul;Saída de Pista;1;0;0;0;0;0;;;;;2;0;0;0;0
02/09/2014;16:49:00;356;Acidente com vítima;292;BR-101/ES;Norte;Queda de Moto;0;0;0;1;0;0;;;;;0;1;0;0;0
02/09/2014;15:05:00;306;Acidente com vítima;437;BR-101/ES;Sul;Colisão Traseira;0;0;3;0;0;0;;;;;1;1;0;0;0
03/09/2014;11:43:00;191;Acidente sem Vítima;42;BR-101/ES;Norte;Colisão Traseira;1;0;3;0;0;0;;;;;5;0;0;0;0
03/09/2014;18:56:00;343;Acidente sem Vítima;237;BR-101/ES;Norte;Colisão Lateral;1;0;1;0;0;0;;;;;5;0;0;0;0
03/09/2014;06:11:00;79;Acidente sem Vítima;253;BR-101/ES;Sul;Choque;2;0;2;0;0;0;;;;;3;0;0;0;0
03/09/2014;20:24:00;378;Acidente sem Vítima;260;BR-101/ES;Norte;Colisão Traseira;2;0;0;0;0;0;;;;;2;0;0;0;0
03/09/2014;04:55:00;70;Acidente sem Vítima;267;BR-101/ES;Norte;Colisão Traseira;1;0;1;0;0;0;;;;;2;0;0;0;0
03/09/2014;07:24:00;90;Acidente com vítima;268;BR-101/ES;Sul;Colisão Transversal;0;0;0;2;0;0;;;;;0;0;2;0;0
03/09/2014;18:47:00;341;Acidente sem Vítima;269,5;BR-101/ES;Norte;Colisão Lateral;1;0;1;0;0;0;;;;;2;0;0;0;0
03/09/2014;21:43:00;407;Acidente com vítima;287,5;BR-101/ES;Norte;Colisão Lateral;0;0;4;0;0;0;;;;;1;0;0;1;0
03/09/2014;13:50:00;253;Acidente sem Vítima;290;BR-101/ES;Norte;Colisão Lateral;1;0;1;0;0;0;;;;;3;0;0;0;0
03/09/2014;22:05:00;416;Acidente com Morte;290;BR-101/ES;Sul;Atropelamento - Equino;0;0;0;1;0;0;;;;;0;0;1;0;1
03/09/2014;00:15:00;6;Acidente com vítima;386;BR-101/ES;Sul;Tombamento;0;0;2;0;0;0;;;;;0;1;0;0;0
03/09/2014;10:58:00;163;Acidente sem Vítima;430;BR-101/ES;Norte;Capotamento;1;0;0;0;0;0;;;;;1;0;0;0;0
03/09/2014;08:26:00;114;Acidente com vítima;443;BR-101/ES;Sul;Tombamento;0;0;1;0;0;0;;;;;1;0;1;0;0
03/09/2014;10:01:00;144;Acidente sem Vítima;454,6;BR-101/ES;Sul;Capotamento;1;0;0;0;0;0;;;;;1;0;0;0;0
03/09/2014;01:43:00;18;Acidente sem Vítima;458;BR-101/ES;Sul;Capotamento;1;0;0;0;0;0;;;;;1;0;0;0;0
04/09/2014;15:07:00;280;Acidente com vítima;141;BR-101/ES;Norte;Queda de Moto;0;0;2;1;0;0;;;;;2;1;0;0;0
04/09/2014;07:02:00;88;Acidente sem Vítima;147;BR-101/ES;Norte;Engavetamento;3;0;0;0;0;0;;;;;4;0;0;0;0
04/09/2014;11:31:00;199;Atropelamento sem Morte;174;BR-101/ES;Norte;Atropelamento;1;0;0;0;0;0;;;;;1;0;0;1;0
04/09/2014;23:25:00;454;Acidente sem Vítima;205;BR-101/ES;Norte;Colisão Lateral;2;0;0;0;0;0;;;;;2;0;0;0;0
04/09/2014;15:28:00;288;Acidente sem Vítima;257;BR-101/ES;Norte;Colisão Lateral;2;0;1;0;0;0;;;;;4;0;0;0;0
04/09/2014;08:39:00;119;Acidente sem Vítima;264;BR-101/ES;Norte;Colisão Lateral;1;0;1;0;0;0;;;;;2;0;0;0;0
04/09/2014;15:29:00;289;Acidente sem Vítima;264;BR-101/ES;Norte;Colisão Traseira;2;0;0;0;0;0;;;;;2;0;0;0;0
04/09/2014;20:53:00;410;Acidente com vítima;264;BR-101/ES;Sul;Colisão Transversal;2;0;0;0;0;0;;;;;2;1;0;0;0
04/09/2014;18:18:00;351;Acidente sem Vítima;266;BR-101/ES;Norte;Colisão Lateral;1;0;2;0;0;0;;;;;2;0;0;0;0
04/09/2014;08:13:00;106;Acidente com vítima;267;BR-101/ES;Norte;Queda de Moto;0;0;0;1;0;0;;;;;0;1;0;0;0
04/09/2014;23:47:00;461;Acidente sem Vítima;271;BR-101/ES;Norte;Choque com Objeto Fixo;1;0;0;0;0;0;;;;;1;0;0;0;0
04/09/2014;16:56:00;322;Acidente sem Vítima;290;BR-101/ES;Norte;Colisão Traseira;1;0;1;0;0;0;;;;;2;0;0;0;0
04/09/2014;09:59:00;159;Acidente sem Vítima;293;BR-101/ES;Sul;Colisão Traseira;2;0;0;0;0;0;;;;;2;0;0;0;0
04/09/2014;16:08:00;301;Acidente sem Vítima;293;BR-101/ES;Norte;Colisão Traseira;0;0;2;0;0;0;;;;;2;0;0;0;0
04/09/2014;12:41:00;235;Acidente sem Vítima;302,5;BR-101/ES;Sul;Capotamento;1;0;0;0;0;0;;;;;2;0;0;0;0
04/09/2014;14:13:00;264;Acidente sem Vítima;310;BR-101/ES;Sul;Saída de Pista;1;0;0;0;0;0;;;;;1;0;0;0;0
04/09/2014;14:16:00;265;Acidente com vítima;310;BR-101/ES;Norte;Engavetamento;2;0;1;1;0;0;;;;;3;3;0;0;0
04/09/2014;19:14:00;368;Acidente sem Vítima;372;BR-101/ES;Sul;Colisão Traseira;0;0;4;0;0;0;;;;;2;0;0;0;0
04/09/2014;17:46:00;339;Acidente com vítima;405;BR-101/ES;Norte;Saída de Pista;0;0;1;0;0;0;;;;;0;1;0;0;0
04/09/2014;18:18:00;352;Acidente com vítima;405;BR-101/ES;Norte;Saída de Pista;0;0;1;0;0;0;;;;;0;1;0;0;0
04/09/2014;14:41:00;270;Acidente com vítima;430;BR-101/ES;Sul;Saída de Pista;1;0;0;0;0;0;;;;;0;0;1;0;0
05/09/2014;09:06:00;124;Acidente sem Vítima;29;BR-101/ES;Norte;Capotamento;1;0;0;0;0;0;;;;;1;0;0;0;0
05/09/2014;05:17:00;74;Acidente sem Vítima;90;BR-101/ES;Sul;Colisão Lateral;2;0;0;0;0;0;;;;;2;0;0;0;0
05/09/2014;15:58:00;287;Acidente sem Vítima;93;BR-101/ES;Norte;Colisão Traseira;2;0;0;0;0;0;;;;;7;0;0;0;0
05/09/2014;15:24:00;271;Acidente sem Vítima;125;BR-101/ES;Sul;Colisão Traseira;2;0;0;0;0;0;;;;;2;0;0;0;0
05/09/2014;04:14:00;61;Acidente sem Vítima;148;BR-101/ES;Norte;Choque com Objeto Fixo;1;0;0;0;0;0;;;;;1;0;0;0;0
05/09/2014;03:18:00;47;Acidente com Morte;189;BR-101/ES;Norte;Choque com Objeto Fixo;1;0;0;0;0;0;;;;;0;0;0;0;1
05/09/2014;13:21:00;231;Acidente sem Vítima;204;BR-101/ES;Norte;Colisão Traseira;2;0;0;0;0;0;;;;;5;0;0;0;0
05/09/2014;15:51:00;283;Acidente sem Vítima;213;BR-101/ES;Sul;Colisão Traseira;2;0;0;0;0;0;;;;;3;0;0;0;0
05/09/2014;06:42:00;91;Acidente sem Vítima;239;BR-101/ES;Sul;Colisão Lateral;1;0;1;0;0;0;;;;;3;0;0;0;0
05/09/2014;16:08:00;289;Acidente sem Vítima;256;BR-101/ES;Norte;Colisão Traseira;0;0;2;0;0;0;;;;;2;0;0;0;0
05/09/2014;14:47:00;257;Acidente sem Vítima;263,3;BR-101/ES;Norte;Colisão Traseira;1;0;1;0;0;0;;;;;2;0;0;0;0
05/09/2014;18:46:00;346;Acidente sem Vítima;264;BR-101/ES;Sul;Colisão Transversal;2;0;0;0;0;0;;;;;2;0;0;0;0
05/09/2014;03:01:00;44;Acidente com vítima;267;BR-101/ES;Norte;Colisão Traseira;1;0;2;0;0;0;;;;;1;0;1;1;0
05/09/2014;19:45:00;371;Acidente sem Vítima;268;BR-101/ES;Sul;Colisão Traseira;2;0;0;0;0;0;;;;;2;0;0;0;0
05/09/2014;17:16:00;312;Acidente com vítima;269;BR-101/ES;Norte;Queda de Moto;0;0;0;1;0;0;;;;;0;1;0;0;0
05/09/2014;19:24:00;358;Acidente sem Vítima;269;BR-101/ES;Sul;Colisão Lateral;1;0;0;0;1;0;;;;;2;0;0;0;0
05/09/2014;18:14:00;330;Acidente sem Vítima;269,8;BR-101/ES;Sul;Engavetamento;3;0;0;0;0;0;;;;;4;0;0;0;0
05/09/2014;17:59:00;326;Acidente sem Vítima;270;BR-101/ES;Sul;Colisão Traseira;1;0;2;0;0;0;;;;;3;0;0;0;0
05/09/2014;20:13:00;384;Acidente com vítima;270;BR-101/ES;Norte;Queda de Moto;0;0;0;1;0;0;;;;;0;1;0;0;0
05/09/2014;07:01:00;94;Acidente com Morte;280;BR-101/ES;Norte;Colisão Traseira;4;0;0;1;0;0;;;;;4;0;1;0;1
05/09/2014;09:28:00;136;Acidente sem Vítima;288;BR-101/ES;Sul;Colisão Traseira;1;0;1;0;0;0;;;;;2;0;0;0;0
05/09/2014;07:27:00;101;Acidente sem Vítima;290;BR-101/ES;Norte;Colisão Traseira;0;0;2;0;0;0;;;;;2;0;0;0;0
05/09/2014;19:57:00;379;Acidente sem Vítima;291;BR-101/ES;Sul;Colisão Traseira;1;0;2;0;0;0;;;;;5;0;0;0;0
05/09/2014;19:41:00;368;Acidente sem Vítima;323;BR-101/ES;Norte;Colisão Traseira;2;0;0;0;0;0;;;;;2;0;0;0;0
05/09/2014;19:50:00;374;Acidente sem Vítima;346,5;BR-101/ES;Norte;Saída de Pista;0;0;2;0;0;0;;;;;2;0;0;0;0
05/09/2014;06:49:00;92;Acidente com Morte;347;BR-101/ES;Norte;Colisão Frontal;5;0;2;0;0;0;;;;;15;5;2;0;1
05/09/2014;10:45:00;165;Acidente com vítima;406;BR-101/ES;Sul;Saída de Pista;0;0;0;1;0;0;;;;;0;1;0;0;0
05/09/2014;07:13:00;96;Acidente sem Vítima;430;BR-101/ES;Sul;Colisão Lateral;2;0;0;0;0;0;;;;;6;0;0;0;0
06/09/2014;23:37:00;467;Acidente sem Vítima;30;BR-101/ES;Norte;Atropelamento - Bovino;1;0;0;0;0;0;;;;;4;0;0;0;0
06/09/2014;15:09:00;332;Acidente sem Vítima;40;BR-101/ES;Sul;Saída de Pista;1;0;0;0;0;0;;;;;1;0;0;0;0
06/09/2014;03:51:00;51;Acidente com vítima;46;BR-101/ES;Sul;Capotamento;1;0;0;0;0;0;;;;;0;1;0;0;0
06/09/2014;16:14:00;351;Acidente sem Vítima;50;BR-101/ES;Norte;Colisão Transversal;2;0;0;0;0;0;;;;;3;0;0;0;0
06/09/2014;04:38:00;64;Acidente com vítima;67;BR-101/ES;Norte;Colisão Frontal;0;0;1;1;0;0;;;;;1;1;0;0;0
06/09/2014;16:51:00;364;Acidente sem Vítima;136;BR-101/ES;Norte;Colisão Lateral;2;0;0;0;0;0;;;;;6;0;0;0;0
06/09/2014;21:55:00;448;Acidente com vítima;140;BR-101/ES;Norte;Colisão Traseira;1;0;0;1;0;0;;;;;4;0;2;0;0
06/09/2014;09:23:00;163;Acidente com vítima;143;BR-101/ES;Norte;Colisão Transversal;1;0;0;1;0;0;;;;;2;1;0;0;0
06/09/2014;20:26:00;424;Acidente sem Vítima;146;BR-101/ES;Norte;Engavetamento;3;0;0;0;0;0;;;;;4;0;0;0;0
06/09/2014;13:08:00;287;Acidente sem Vítima;150;BR-101/ES;Sul;Colisão Traseira;1;0;0;1;0;0;;;;;2;0;0;0;0
06/09/2014;05:48:00;81;Acidente sem Vítima;166;BR-101/ES;Norte;Colisão Traseira;2;0;0;0;0;0;;;;;6;0;0;0;0
06/09/2014;21:08:00;435;Acidente com Morte;186;BR-101/ES;Norte;Colisão Frontal;2;0;0;0;0;0;;;;;0;1;1;1;1