data;horario;n_da_ocorrencia;tipo_de_ocorrencia;km;trecho;sentido;tipo_de_acidente;automovel;bicicleta;caminhao;moto;onibus;outros;tracao_animal;transporte_de_cargas_especiais;trator_maquinas;utilitarios;ilesos;levemente_feridos;moderadamente_feridos;gravemente_feridos;mortos
17/09/2014;09:06:00;168;Acidente sem Vítima;296;BR-101/ES;Sul;Colisão Lateral;1;0;3;0;0;0;;;;;4;0;0;0;0
17/09/2014;10:10:00;185;Acidente sem Vítima;359;BR-101/ES;Norte;Colisão Lateral;1;0;2;0;0;0;;;;;2;0;0;0;0
17/09/2014;17:03:00;345;Acidente sem Vítima;377;BR-101/ES;Norte;Abalroamento - Mesmo Sentido;2;0;0;0;0;0;;;;;2;0;0;0;0
18/09/2014;18:34:00;422;Acidente sem Vítima;113;BR-101/ES;Sul;Engavetamento;1;0;2;0;0;0;;;;;8;0;0;0;0
18/09/2014;11:11:00;218;Acidente sem Vítima;146,3;BR-101/ES;Norte;Colisão Traseira;2;0;0;0;0;0;;;;;5;0;0;0;0
18/09/2014;10:26:00;196;Atropelamento sem Morte;220;BR-101/ES;Norte;Atropelamento;0;0;2;0;0;0;;;;;0;1;1;0;0
18/09/2014;23:15:00;493;Acidente sem Vítima;265;BR-101/ES;Sul;Colisão Traseira;2;0;0;0;0;0;;;;;2;0;0;0;0
18/09/2014;13:55:00;310;Acidente sem Vítima;266;BR-101/ES;Sul;Colisão Lateral;2;0;0;1;0;0;;;;;3;0;0;0;0
18/09/2014;07:06:00;89;Acidente sem Vítima;268;BR-101/ES;Sul;Colisão Traseira;2;0;0;0;0;0;;;;;2;0;0;0;0
18/09/2014;07:13:00;93;Acidente sem Vítima;270;BR-101/ES;Sul;Engavetamento;2;0;2;0;0;0;;;;;3;0;0;0;0
18/09/2014;14:46:00;336;Acidente com vítima;271;BR-101/ES;Sul;Colisão Transversal;0;0;1;1;0;0;;;;;1;1;0;0;0
18/09/2014;08:51:00;151;Acidente com vítima;276;BR-101/ES;Sul;Colisão Traseira;1;0;1;0;0;0;;;;;1;0;0;2;0
18/09/2014;01:32:00;21;Atropelamento com Morte;320;BR-101/ES;Sul;Atropelamento;0;0;2;0;0;0;;;;;1;0;0;0;1
18/09/2014;23:02:00;490;Acidente com Morte;333;BR-101/ES;Sul;Colisão Frontal;1;0;0;0;1;0;;;;;1;0;0;0;3
18/09/2014;18:25:00;416;Acidente com vítima;367;BR-101/ES;Norte;Colisão Frontal;1;0;1;0;0;0;;;;;2;0;0;1;0
18/09/2014;20:11:00;449;Acidente sem Vítima;456;BR-101/ES;Sul;Saída de Pista;0;0;2;0;0;0;;;;;2;0;0;0;0
19/09/2014;07:36:00;120;Acidente com vítima;68;BR-101/ES;Norte;Queda de Moto;0;0;0;1;0;0;;;;;0;1;0;0;0
19/09/2014;21:17:00;503;Acidente sem Vítima;123;BR-101/ES;Norte;Veículo em Chamas;0;0;4;0;0;0;;;;;1;0;0;0;0
19/09/2014;14:08:00;321;Acidente com vítima;125;BR-101/ES;Norte;Colisão;0;1;0;1;0;0;;;;;1;1;0;0;0
19/09/2014;14:35:00;327;Acidente sem Vítima;140;BR-101/ES;Sul;Colisão Traseira;2;0;0;0;0;0;;;;;5;0;0;0;0
19/09/2014;18:55:00;432;Acidente sem Vítima;158;BR-101/ES;Sul;Colisão Lateral;0;0;2;0;0;0;;;;;3;0;0;0;0
19/09/2014;16:10:00;370;Acidente sem Vítima;192;BR-101/ES;Norte;Colisão Lateral;2;0;0;0;0;0;;;;;2;0;0;0;0
19/09/2014;23:29:00;532;Acidente sem Vítima;262;BR-101/ES;Sul;Colisão Traseira;2;0;0;0;0;0;;;;;2;0;0;0;0
19/09/2014;17:25:00;405;Acidente sem Vítima;266;BR-101/ES;Norte;Colisão Traseira;0;0;2;1;0;0;;;;;2;0;0;0;0
19/09/2014;11:13:00;240;Acidente com vítima;286;BR-101/ES;Sul;Engavetamento;2;0;2;0;0;0;;;;;5;0;1;0;0
19/09/2014;06:59:00;104;Acidente com vítima;293,5;BR-101/ES;Sul;Colisão Traseira;2;0;0;1;0;0;;;;;4;0;1;0;0
19/09/2014;12:20:00;279;Acidente sem Vítima;325;BR-101/ES;Norte;Colisão Transversal;1;0;2;0;0;0;;;;;3;0;0;0;0
19/09/2014;10:28:00;221;Acidente sem Vítima;395;BR-101/ES;Norte;Colisão Traseira;2;0;0;0;0;0;;;;;5;0;0;0;0
19/09/2014;19:04:00;435;Acidente com vítima;440;BR-101/ES;Norte;Colisão Traseira;1;0;0;1;0;0;;;;;1;0;1;0;0
19/09/2014;18:15:00;423;Acidente sem Vítima;452;BR-101/ES;Norte;Colisão Traseira;2;0;0;0;0;0;;;;;2;0;0;0;0
20/09/2014;08:19:00;121;Acidente com vítima;36;BR-101/ES;Norte;Capotamento;1;0;0;0;0;0;;;;;0;3;1;0;0
20/09/2014;21:56:00;406;Acidente com vítima;66;BR-101/ES;Sul;Colisão Transversal;1;0;1;0;0;0;;;;;2;2;0;0;0
20/09/2014;15:07:00;251;Acidente sem Vítima;176;BR-101/ES;Norte;Colisão Traseira;2;0;0;0;0;0;;;;;6;0;0;0;0
20/09/2014;14:14:00;244;Acidente com vítima;212;BR-101/ES;Sul;Colisão Transversal;1;0;1;0;0;0;;;;;2;1;0;0;0
20/09/2014;16:36:00;279;Acidente sem Vítima;261,5;BR-101/ES;Norte;Queda de Moto;0;0;0;1;0;0;;;;;1;0;0;0;0
20/09/2014;17:08:00;294;Acidente sem Vítima;268;BR-101/ES;Sul;Engavetamento;3;0;0;0;0;0;;;;;3;0;0;0;0
20/09/2014;19:11:00;341;Acidente sem Vítima;269;BR-101/ES;Sul;Colisão Traseira;2;0;0;0;0;0;;;;;2;0;0;0;0
20/09/2014;17:46:00;309;Acidente sem Vítima;288;BR-101/ES;Sul;Capotamento;1;0;0;0;0;0;;;;;1;0;0;0;0
20/09/2014;13:59:00;238;Acidente sem Vítima;292;BR-101/ES;Norte;Choque com Objeto Fixo;1;0;0;0;0;0;;;;;1;0;0;0;0
20/09/2014;12:57:00;224;Acidente com vítima;298;BR-101/ES;Sul;Queda de Moto;0;0;0;1;0;0;;;;;0;1;0;0;0
20/09/2014;08:26:00;125;Acidente com vítima;310;BR-101/ES;Sul;Capotamento;1;0;0;0;0;0;;;;;1;1;1;1;0
20/09/2014;07:19:00;102;Acidente com vítima;321;BR-101/ES;Sul;Engavetamento;2;0;1;0;0;0;;;;;3;1;0;0;0
21/09/2014;17:55:00;281;Acidente com vítima;16;BR-101/ES;Norte;Queda de Moto;0;0;0;1;0;0;;;;;1;1;0;0;0
21/09/2014;17:00:00;271;Acidente sem Vítima;122;BR-101/ES;Norte;Colisão Traseira;2;0;0;0;0;0;;;;;7;0;0;0;0
21/09/2014;00:52:00;13;Acidente sem Vítima;142;BR-101/ES;Norte;Colisão Traseira;2;0;0;0;0;0;;;;;3;0;0;0;0
21/09/2014;00:17:00;7;Acidente sem Vítima;144;BR-101/ES;Norte;Choque com Objeto Fixo;1;0;0;0;0;0;;;;;2;0;0;0;0
21/09/2014;18:04:00;285;Acidente sem Vítima;148;BR-101/ES;Sul;Colisão Transversal;2;0;0;0;0;0;;;;;3;0;0;0;0
21/09/2014;20:18:00;336;Acidente sem Vítima;222;BR-101/ES;Sul;Choque com Objeto Fixo;1;0;0;0;0;0;;;;;1;0;0;0;0
21/09/2014;08:50:00;101;Acidente sem Vítima;237;BR-101/ES;Sul;Colisão Lateral;2;0;0;0;0;0;;;;;8;0;0;0;0
21/09/2014;13:42:00;199;Acidente sem Vítima;255;BR-101/ES;Sul;Engavetamento;4;0;0;0;0;0;;;;;5;0;0;0;0
21/09/2014;14:36:00;214;Acidente sem Vítima;255,3;BR-101/ES;Sul;Engavetamento;3;0;0;0;0;0;;;;;4;0;0;0;0
21/09/2014;22:24:00;385;Acidente sem Vítima;256;BR-101/ES;Sul;Colisão Traseira;2;0;1;0;0;0;;;;;2;0;0;0;0
21/09/2014;18:03:00;284;Acidente sem Vítima;265;BR-101/ES;Norte;Colisão Traseira;2;0;0;0;0;0;;;;;2;0;0;0;0
21/09/2014;15:53:00;245;Acidente sem Vítima;266;BR-101/ES;Norte;Colisão Lateral;1;0;1;0;0;0;;;;;2;0;0;0;0
21/09/2014;20:24:00;339;Acidente com vítima;266;BR-101/ES;Norte;Queda de Moto;0;0;0;1;0;0;;;;;1;1;0;0;0
21/09/2014;09:29:00;116;Acidente com vítima;294;BR-101/ES;Norte;Colisão Traseira;2;0;0;0;0;0;;;;;0;5;1;0;0
21/09/2014;18:54:00;303;Acidente com vítima;303;BR-101/ES;Sul;Choque com Objeto Fixo;0;0;2;0;0;0;;;;;0;1;0;0;0
21/09/2014;01:18:00;19;Acidente sem Vítima;312;BR-101/ES;Sul;Saída de Pista;1;0;0;0;0;0;;;;;1;0;0;0;0
21/09/2014;13:18:00;193;Acidente sem Vítima;312;BR-101/ES;Norte;Colisão Traseira;1;0;1;0;0;0;;;;;4;0;0;0;0
21/09/2014;21:44:00;368;Acidente sem Vítima;355;BR-101/ES;Sul;Saída de Pista;1;0;0;0;0;0;;;;;2;0;0;0;0
21/09/2014;17:06:00;273;Acidente com vítima;433;BR-101/ES;Sul;Colisão Lateral;2;0;2;0;0;0;;;;;3;4;0;0;0
21/09/2014;09:22:00;112;Acidente sem Vítima;458;BR-101/ES;Sul;Colisão Transversal;1;0;2;0;0;0;;;;;2;0;0;0;0
21/09/2014;13:08:00;190;Acidente com vítima;459;BR-101/ES;Sul;Capotamento;1;0;0;0;0;0;;;;;1;0;0;1;0
22/09/2014;17:08:00;371;Acidente sem Vítima;33;BR-101/ES;Norte;Colisão Transversal;0;0;2;1;0;0;;;;;2;0;0;0;0
22/09/2014;05:49:00;72;Acidente sem Vítima;138;BR-101/ES;Norte;Choque com Objeto Fixo;1;0;0;0;0;0;;;;;1;0;0;0;0
22/09/2014;18:57:00;396;Acidente sem Vítima;156;BR-101/ES;Sul;Capotamento;1;0;0;0;0;0;;;;;2;0;0;0;0
22/09/2014;11:25:00;231;Atropelamento sem Morte;160;BR-101/ES;Norte;Atropelamento;1;0;0;0;0;0;;;;;3;0;1;0;0
22/09/2014;05:16:00;62;Acidente sem Vítima;217;BR-101/ES;Norte;Saída de Pista;1;0;0;0;0;0;;;;;1;0;0;0;0
22/09/2014;17:07:00;370;Acidente sem Vítima;266;BR-101/ES;Sul;Colisão Lateral;0;0;2;1;0;0;;;;;2;0;0;0;0
22/09/2014;10:40:00;210;Acidente sem Vítima;270;BR-101/ES;Norte;Colisão Traseira;1;0;2;0;0;0;;;;;2;0;0;0;0
22/09/2014;11:37:00;239;Acidente sem Vítima;270;BR-101/ES;Norte;Colisão Lateral;1;0;1;0;0;0;;;;;2;0;0;0;0
22/09/2014;12:06:00;253;Acidente sem Vítima;270;BR-101/ES;Norte;Colisão Lateral;1;0;2;0;0;0;;;;;2;0;0;0;0
22/09/2014;13:42:00;295;Acidente com vítima;270;BR-101/ES;Norte;Queda de Moto;0;0;0;1;0;0;;;;;0;1;0;0;0
22/09/2014;19:58:00;416;Acidente sem Vítima;270;BR-101/ES;Norte;Colisão Lateral;1;0;2;0;0;0;;;;;2;0;0;0;0
22/09/2014;16:48:00;367;Acidente sem Vítima;279;BR-101/ES;Norte;Colisão Lateral;1;0;2;0;0;0;;;;;2;0;0;0;0
22/09/2014;10:46:00;212;Acidente com vítima;315;BR-101/ES;Sul;Saída de Pista;1;0;0;0;1;0;;;;;1;1;0;0;0
22/09/2014;19:29:00;407;Acidente com vítima;322;BR-101/ES;Sul;Saída de Pista;0;0;2;0;0;0;;;;;0;0;1;0;0
22/09/2014;09:40:00;181;Acidente sem Vítima;376;BR-101/ES;Sul;Colisão Transversal;2;0;0;0;0;0;;;;;5;0;0;0;0
23/09/2014;10:41:00;165;Acidente com vítima;31;BR-101/ES;Norte;Colisão Transversal;1;0;0;1;0;0;;;;;1;0;0;1;0
23/09/2014;20:14:00;385;Acidente com vítima;66,2;BR-101/ES;Sul;Colisão;1;1;0;0;0;0;;;;;1;1;1;0;0
23/09/2014;18:57:00;356;Acidente sem Vítima;149;BR-101/ES;Norte;Colisão Lateral;2;0;0;0;0;0;;;;;3;0;0;0;0
23/09/2014;21:56:00;412;Acidente sem Vítima;204,8;BR-101/ES;Norte;Colisão Traseira;2;0;0;0;0;0;;;;;3;0;0;0;0
23/09/2014;07:56:00;91;Acidente com vítima;267;BR-101/ES;Sul;Colisão Traseira;0;0;1;0;1;0;;;;;0;5;2;0;0
23/09/2014;09:53:00;143;Acidente com vítima;268;BR-101/ES;Norte;Colisão Lateral;1;0;0;1;0;0;;;;;1;1;0;0;0
23/09/2014;06:47:00;69;Acidente com vítima;269;BR-101/ES;Norte;Colisão Transversal;1;0;0;1;0;0;;;;;1;1;0;0;0
23/09/2014;08:39:00;109;Acidente sem Vítima;270;BR-101/ES;Norte;Colisão Traseira;1;0;1;0;0;0;;;;;2;0;0;0;0
23/09/2014;07:50:00;88;Acidente sem Vítima;274;BR-101/ES;Norte;Colisão Lateral;2;0;1;0;0;0;;;;;3;0;0;0;0
23/09/2014;15:40:00;275;Acidente sem Vítima;276;BR-101/ES;Norte;Choque com Objeto Fixo;2;0;1;0;0;0;;;;;3;0;0;0;0
23/09/2014;12:52:00;220;Acidente sem Vítima;299;BR-101/ES;Norte;Engavetamento;2;0;1;0;0;0;;;;;5;0;0;0;0
23/09/2014;09:20:00;128;Acidente com vítima;308;BR-101/ES;Norte;Colisão Lateral;1;0;0;1;0;0;;;;;1;0;1;0;0
24/09/2014;08:59:00;141;Acidente sem Vítima;61;BR-101/ES;Norte;Colisão Traseira;2;0;0;0;0;0;;;;;4;0;0;0;0
24/09/2014;05:29:00;80;Acidente sem Vítima;146;BR-101/ES;Sul;Colisão Traseira;2;0;0;0;0;0;;;;;5;0;0;0;0
24/09/2014;18:53:00;380;Acidente sem Vítima;149;BR-101/ES;Sul;Colisão Lateral;1;0;2;0;0;0;;;;;2;0;0;0;0
24/09/2014;14:18:00;294;Acidente com vítima;182;BR-101/ES;Sul;Colisão Lateral;0;0;3;0;0;0;;;;;1;1;0;0;0
24/09/2014;07:08:00;96;Acidente com vítima;190,5;BR-101/ES;Norte;Colisão Transversal;1;0;2;0;0;0;;;;;0;1;0;1;0
24/09/2014;06:52:00;93;Acidente sem Vítima;250;BR-101/ES;Sul;Saída de Pista;1;0;0;0;0;0;;;;;2;0;0;0;0
24/09/2014;10:54:00;188;Acidente sem Vítima;262;BR-101/ES;Sul;Colisão Traseira;2;0;0;0;0;0;;;;;2;0;0;0;0
24/09/2014;23:35:00;462;Acidente com vítima;264;BR-101/ES;Norte;Colisão Traseira;1;0;0;1;0;0;;;;;1;1;0;0;0
24/09/2014;21:34:00;439;Acidente sem Vítima;269;BR-101/ES;Norte;Colisão Lateral;1;0;0;0;1;0;;;;;1;0;0;0;0
24/09/2014;08:14:00;126;Acidente sem Vítima;298;BR-101/ES;Norte;Engavetamento;3;0;0;0;0;0;;;;;3;0;0;0;0
24/09/2014;07:33:00;104;Acidente sem Vítima;308;BR-101/ES;Sul;Colisão Lateral;0;0;5;0;0;0;;;;;2;0;0;0;0
24/09/2014;18:03:00;370;Acidente sem Vítima;313,8;BR-101/ES;Sul;Colisão Traseira;1;0;2;0;0;0;;;;;3;0;0;0;0
25/09/2014;17:22:00;335;Acidente sem Vítima;148;BR-101/ES;Norte;Colisão Traseira;2;0;0;0;0;0;;;;;2;0;0;0;0
25/09/2014;13:04:00;255;Acidente sem Vítima;166;BR-101/ES;Norte;Colisão Transversal;1;0;0;0;1;0;;;;;2;0;0;0;0
25/09/2014;12:38:00;242;Acidente com vítima;263,5;BR-101/ES;Sul;Colisão Traseira;1;0;0;1;0;0;;;;;2;1;0;0;0
25/09/2014;07:03:00;81;Acidente com vítima;264;BR-101/ES;Norte;Colisão Lateral;1;0;0;1;0;0;;;;;1;1;1;0;0
25/09/2014;19:18:00;377;Acidente sem Vítima;265;BR-101/ES;Sul;Colisão Traseira;1;0;1;0;0;0;;;;;2;0;0;0;0
25/09/2014;16:23:00;307;Acidente sem Vítima;269;BR-101/ES;Sul;Colisão Traseira;2;0;0;0;0;0;;;;;3;0;0;0;0
25/09/2014;09:01:00;126;Acidente sem Vítima;270;BR-101/ES;Sul;Colisão Lateral;1;0;1;0;0;0;;;;;2;0;0;0;0
25/09/2014;14:30:00;275;Acidente sem Vítima;301;BR-101/ES;Norte;Engavetamento;3;0;0;0;1;0;;;;;4;0;0;0;0
25/09/2014;02:03:00;22;Acidente com vítima;408;BR-101/ES;Sul;Saída de Pista;0;0;1;0;0;0;;;;;0;0;1;0;0
26/09/2014;18:24:00;357;Acidente sem Vítima;43;BR-101/ES;Sul;Colisão Lateral;1;0;0;0;1;0;;;;;2;0;0;0;0
26/09/2014;19:41:00;386;Acidente com vítima;72;BR-101/ES;Sul;Colisão Frontal;1;0;0;1;0;0;;;;;1;1;0;1;0
26/09/2014;03:44:00;52;Acidente com Morte;113,5;BR-101/ES;Sul;Colisão Frontal;1;0;1;0;0;0;;;;;0;0;2;0;2
26/09/2014;09:55:00;155;Acidente sem Vítima;125;BR-101/ES;Norte;Choque;2;0;1;0;0;0;;;;;3;0;0;0;0
26/09/2014;09:16:00;139;Acidente com vítima;139;BR-101/ES;Norte;Atropelamento e Fuga;1;0;0;0;0;0;;;;;1;1;0;0;0
26/09/2014;13:50:00;256;Acidente sem Vítima;142;BR-101/ES;Norte;Colisão Transversal;2;0;0;0;0;0;;;;;3;0;0;0;0
26/09/2014;17:06:00;331;Acidente sem Vítima;149;BR-101/ES;Sul;Colisão Lateral;2;0;0;0;0;0;;;;;3;0;0;0;0
26/09/2014;17:05:00;330;Acidente com vítima;187;BR-101/ES;Sul;Colisão Frontal;1;0;0;1;0;0;;;;;1;1;0;0;0
26/09/2014;16:55:00;328;Acidente sem Vítima;229;BR-101/ES;Norte;Colisão Traseira;1;0;1;0;0;0;;;;;3;0;0;0;0
26/09/2014;20:46:00;415;Acidente sem Vítima;258;BR-101/ES;Sul;Colisão Traseira;2;0;1;0;0;0;;;;;3;0;0;0;0
26/09/2014;15:22:00;283;Acidente sem Vítima;262;BR-101/ES;Sul;Colisão Traseira;2;0;0;0;0;0;;;;;3;0;0;0;0
26/09/2014;07:40:00;104;Acidente sem Vítima;264;BR-101/ES;Norte;Colisão Traseira;1;0;1;1;0;0;;;;;2;0;0;0;0
26/09/2014;18:05:00;352;Acidente sem Vítima;265;BR-101/ES;Sul;Colisão Traseira;2;0;0;0;0;0;;;;;2;0;0;0;0
26/09/2014;16:20:00;314;Acidente sem Vítima;269;BR-101/ES;Sul;Engavetamento;3;0;0;0;0;0;;;;;3;0;0;0;0
26/09/2014;19:18:00;374;Acidente sem Vítima;269;BR-101/ES;Norte;Engavetamento;3;0;0;0;0;0;;;;;3;0;0;0;0
26/09/2014;21:45:00;432;Acidente com vítima;269;BR-101/ES;Norte;Colisão Traseira;1;0;0;1;0;0;;;;;1;1;0;0;0
26/09/2014;08:33:00;124;Acidente com vítima;276;BR-101/ES;Norte;Colisão Lateral;1;0;1;0;1;0;;;;;2;1;0;0;0
26/09/2014;07:28:00;97;Acidente sem Vítima;284;BR-101/ES;Norte;Engavetamento;3;0;0;0;0;0;;;;;3;0;0;0;0
26/09/2014;09:06:00;136;Acidente com vítima;297;BR-101/ES;Norte;Queda de Moto;0;0;0;1;0;0;;;;;0;2;0;0;0
26/09/2014;18:13:00;353;Acidente sem Vítima;302;BR-101/ES;Sul;Colisão Lateral;2;0;3;0;0;0;;;;;6;0;0;0;0
26/09/2014;11:01:00;182;Acidente sem Vítima;335,5;BR-101/ES;Sul;Colisão Traseira;1;0;1;0;0;0;;;;;2;0;0;0;0
26/09/2014;14:28:00;270;Acidente sem Vítima;343;BR-101/ES;Norte;Colisão Frontal;1;0;2;0;0;0;;;;;3;0;0;0;0
26/09/2014;04:47:00;62;Acidente com vítima;371;BR-101/ES;Sul;Colisão Traseira;1;0;0;1;0;0;;;;;1;0;1;0;0
26/09/2014;09:40:00;148;Acidente com vítima;386;BR-101/ES;Norte;Tombamento;0;0;3;0;0;0;;;;;0;1;0;0;0
26/09/2014;08:38:00;125;Acidente com vítima;410;BR-101/ES;Norte;Colisão Transversal;2;0;0;0;0;0;;;;;1;1;0;0;0
26/09/2014;17:39:00;343;Acidente sem Vítima;458;BR-101/ES;Sul;Colisão Transversal;1;0;3;0;0;0;;;;;2;0;0;0;0
26/09/2014;15:32:00;289;Acidente com vítima;939,4;BR-101/BA;Norte;Colisão Transversal;1;0;0;1;0;0;;;;;0;2;0;0;0
27/09/2014;14:48:00;283;Acidente sem Vítima;65;BR-101/ES;Sul;Colisão Lateral;2;0;1;0;0;0;;;;;3;0;0;0;0
27/09/2014;09:35:00;172;Acidente sem Vítima;107;BR-101/ES;Norte;Colisão Traseira;2;0;0;0;0;0;;;;;5;0;0;0;0
27/09/2014;10:31:00;191;Acidente com vítima;125;BR-101/ES;Norte;Colisão Lateral;0;0;0;2;0;0;;;;;0;1;1;0;0
27/09/2014;12:13:00;243;Acidente com vítima;125,5;BR-101/ES;Sul;Colisão Transversal;1;1;0;0;0;0;;;;;1;0;1;0;0
27/09/2014;04:30:00;63;Acidente sem Vítima;126;BR-101/ES;Norte;Colisão Traseira;2;0;0;0;0;0;;;;;4;0;0;0;0
27/09/2014;11:22:00;218;Acidente sem Vítima;128;BR-101/ES;Norte;Colisão Lateral;1;0;1;0;0;0;;;;;4;0;0;0;0
27/09/2014;23:39:00;477;Acidente sem Vítima;144;BR-101/ES;Sul;Colisão Lateral;2;0;0;0;0;0;;;;;3;0;0;0;0
27/09/2014;23:57:00;482;Acidente com vítima;155;BR-101/ES;Norte;Saída de Pista;1;0;0;0;0;0;;;;;0;0;1;0;0
27/09/2014;15:45:00;302;Acidente sem Vítima;166;BR-101/ES;Norte;Colisão Transversal;2;0;0;0;0;0;;;;;5;0;0;0;0
27/09/2014;15:20:00;295;Acidente sem Vítima;183;BR-101/ES;Norte;Saída de Pista;1;0;0;0;0;0;;;;;1;0;0;0;0
27/09/2014;09:55:00;179;Acidente sem Vítima;267;BR-101/ES;Norte;Colisão Transversal;1;0;0;0;1;0;;;;;3;0;0;0;0
27/09/2014;21:33:00;449;Acidente sem Vítima;282,5;BR-101/ES;Norte;Choque;2;0;0;0;0;0;;;;;2;0;0;0;0
27/09/2014;13:18:00;260;Acidente com vítima;286;BR-101/ES;Sul;Colisão Lateral;1;0;0;1;0;0;;;;;1;1;0;0;0
27/09/2014;07:15:00;106;Acidente com vítima;292;BR-101/ES;Sul;Colisão Lateral;1;0;1;0;0;0;;;;;1;0;2;1;0
27/09/2014;17:04:00;335;Acidente com vítima;294;BR-101/ES;Sul;Colisão Traseira;1;0;0;1;0;0;;;;;1;0;1;0;0
27/09/2014;21:49:00;456;Acidente com vítima;355,5;BR-101/ES;Sul;Atropelamento e Fuga;0;0;1;0;0;0;;;;;1;0;0;1;0
28/09/2014;06:27:00;73;Acidente sem Vítima;38;BR-101/ES;Sul;Colisão Lateral;2;0;0;0;0;0;;;;;5;0;0;0;0
28/09/2014;11:45:00;182;Acidente sem Vítima;94;BR-101/ES;Sul;Colisão Traseira;2;0;0;0;0;0;;;;;6;0;0;0;0
28/09/2014;06:41:00;74;Acidente sem Vítima;143;BR-101/ES;Norte;Saída de Pista;1;0;0;0;0;0;;;;;1;0;0;0;0
28/09/2014;11:04:00;163;Acidente com vítima;144;BR-101/ES;Norte;Colisão Lateral;1;0;0;1;0;0;;;;;3;2;0;0;0
28/09/2014;15:26:00;250;Acidente sem Vítima;144,4;BR-101/ES;Sul;Colisão Traseira;1;0;0;1;0;0;;;;;2;0;0;0;0
28/09/2014;14:55:00;239;Acidente sem Vítima;145;BR-101/ES;Norte;Colisão Traseira;2;0;0;0;0;0;;;;;2;0;0;0;0
28/09/2014;02:17:00;24;Acidente sem Vítima;185;BR-101/ES;Norte;Saída de Pista;1;0;0;0;0;0;;;;;1;0;0;0;0
28/09/2014;22:45:00;395;Acidente com Morte;218;BR-101/ES;Sul;Saída de Pista;1;0;0;0;0;0;;;;;0;0;0;0;1
28/09/2014;16:46:00;273;Acidente com vítima;243;BR-101/ES;Sul;Colisão Frontal;2;0;0;0;0;0;;;;;1;0;2;4;0
28/09/2014;18:41:00;306;Acidente sem Vítima;245;BR-101/ES;Norte;Colisão Lateral;2;0;0;0;0;0;;;;;2;0;0;0;0
28/09/2014;16:26:00;270;Acidente sem Vítima;250;BR-101/ES;Sul;Colisão Lateral;3;0;0;0;0;0;;;;;3;0;0;0;0
28/09/2014;11:30:00;177;Acidente com vítima;255;BR-101/ES;Sul;Queda de Moto;0;0;0;1;0;0;;;;;0;1;0;0;0
28/09/2014;17:14:00;282;Acidente com vítima;263;BR-101/ES;Norte;Queda de Moto;0;0;0;1;0;0;;;;;0;1;0;0;0
28/09/2014;20:50:00;362;Acidente sem Vítima;266;BR-101/ES;Sul;Colisão Lateral;1;0;1;0;0;0;;;;;2;0;0;0;0
28/09/2014;00:36:00;8;Acidente sem Vítima;286;BR-101/ES;Norte;Saída de Pista;1;0;0;0;0;0;;;;;1;0;0;0;0
28/09/2014;19:06:00;317;Acidente sem Vítima;297;BR-101/ES;Norte;Colisão Lateral;3;0;0;0;0;0;;;;;4;0;0;0;0
28/09/2014;17:57:00;295;Acidente sem Vítima;321;BR-101/ES;Norte;Engavetamento;3;0;0;0;0;0;;;;;7;0;0;0;0
28/09/2014;13:32:00;221;Acidente com vítima;350;BR-101/ES;Norte;Tombamento;0;0;2;0;0;0;;;;;0;1;0;0;0
29/09/2014;19:12:00;343;Acidente com vítima;146;BR-101/ES;Sul;Colisão Transversal;1;0;0;1;0;0;;;;;1;1;0;0;0
29/09/2014;14:23:00;252;Acidente com Morte;222;BR-101/ES;Norte;Colisão Frontal;3;0;0;0;0;0;;;;;1;1;2;0;1
29/09/2014;08:23:00;109;Acidente sem Vítima;254,7;BR-101/ES;Sul;Colisão Traseira;2;0;0;0;0;0;;;;;3;0;0;0;0
29/09/2014;20:58:00;375;Acidente sem Vítima;264;BR-101/ES;Norte;Colisão Lateral;1;0;1;0;0;0;;;;;2;0;0;0;0
29/09/2014;10:06:00;144;Acidente sem Vítima;267;BR-101/ES;Norte;Colisão Traseira;2;0;0;0;0;0;;;;;2;0;0;0;0
29/09/2014;13:47:00;243;Acidente sem Vítima;267;BR-101/ES;Sul;Engavetamento;4;0;0;0;0;0;;;;;4;0;0;0;0
29/09/2014;18:50:00;337;Acidente sem Vítima;269;BR-101/ES;Sul;Engavetamento;4;0;0;0;0;0;;;;;4;0;0;0;0
29/09/2014;13:48:00;244;Acidente com vítima;270;BR-101/ES;Sul;Queda de Moto;0;0;0;1;0;0;;;;;1;0;1;0;0
29/09/2014;13:17:00;234;Acidente sem Vítima;300;BR-101/ES;Norte;Choque com Objeto Fixo;1;0;0;0;0;0;;;;;1;0;0;0;0
29/09/2014;10:56:00;158;Acidente sem Vítima;309;BR-101/ES;Sul;Choque;1;0;1;0;0;0;;;;;2;0;0;0;0
29/09/2014;04:42:00;59;Acidente sem Vítima;330;BR-101/ES;Norte;Saída de Pista;0;0;2;0;0;0;;;;;1;0;0;0;0
29/09/2014;13:05:00;229;Acidente com vítima;401;BR-101/ES;Norte;Saída de Pista;0;0;2;0;0;0;;;;;0;1;0;0;0
29/09/2014;13:05:00;228;Acidente sem Vítima;402,5;BR-101/ES;Sul;Colisão Transversal;1;0;1;0;0;0;;;;;3;0;0;0;0
29/09/2014;12:20:00;207;Acidente com vítima;410;BR-101/ES;Norte;Colisão Transversal;2;0;0;0;0;0;;;;;0;1;1;0;0
29/09/2014;10:24:00;147;Acidente com vítima;450;BR-101/ES;Norte;Tombamento;0;0;2;0;0;0;;;;;0;0;1;0;0