data;horario;n_da_ocorrencia;tipo_de_ocorrencia;km;trecho;sentido;tipo_de_acidente;automovel;bicicleta;caminhao;moto;onibus;outros;tracao_animal;transporte_de_cargas_especiais;trator_maquinas;utilitarios;ilesos;levemente_feridos;moderadamente_feridos;gravemente_feridos;mortos
30/09/2014;07:18:00;103;Acidente sem Vítima;61;BR-101/ES;Norte;Colisão Lateral;1;0;1;0;0;0;;;;;4;0;0;0;0
30/09/2014;08:09:00;125;Acidente sem Vítima;65;BR-101/ES;Norte;Colisão Traseira;2;0;0;0;0;0;;;;;2;0;0;0;0
30/09/2014;10:03:00;169;Acidente com vítima;125;BR-101/ES;Norte;Colisão;1;1;0;0;0;0;;;;;1;0;1;0;0
30/09/2014;18:57:00;362;Acidente sem Vítima;148;BR-101/ES;Norte;Colisão Transversal;0;0;0;2;0;0;;;;;2;0;0;0;0
30/09/2014;20:44:00;400;Acidente com vítima;217;BR-101/ES;Sul;Saída de Pista;1;0;0;0;0;0;;;;;0;0;1;0;0
30/09/2014;15:16:00;297;Acidente sem Vítima;261;BR-101/ES;Norte;Colisão Lateral;2;0;0;0;0;0;;;;;2;0;0;0;0
30/09/2014;13:35:00;273;Acidente sem Vítima;263;BR-101/ES;Sul;Colisão Lateral;1;0;0;1;0;0;;;;;2;0;0;0;0
30/09/2014;14:20:00;288;Acidente sem Vítima;263;BR-101/ES;Norte;Colisão Lateral;2;0;0;0;0;0;;;;;2;0;0;0;0
30/09/2014;07:41:00;114;Acidente sem Vítima;268;BR-101/ES;Sul;Colisão Traseira;2;0;0;0;0;0;;;;;3;0;0;0;0
30/09/2014;11:12:00;201;Acidente sem Vítima;270;BR-101/ES;Sul;Colisão Lateral;2;0;1;1;0;0;;;;;4;0;0;0;0
30/09/2014;17:43:00;340;Acidente com vítima;395;BR-101/ES;Sul;Colisão Lateral;1;0;0;1;0;0;;;;;0;0;0;1;0
01/10/2014;21:07:00;446;Acidente sem Vítima;144;BR-101/ES;Sul;Choque com Objeto Fixo;2;0;0;0;0;0;;;;;1;0;0;0;0
01/10/2014;15:21:00;335;Acidente sem Vítima;147;BR-101/ES;Norte;Engavetamento;3;0;0;0;0;0;;;;;5;0;0;0;0
01/10/2014;17:59:00;377;Acidente sem Vítima;150;BR-101/ES;Norte;Colisão Transversal;1;0;2;0;0;0;;;;;7;0;0;0;0
01/10/2014;14:32:00;321;Acidente sem Vítima;220;BR-101/ES;Norte;Saída de Pista;0;0;1;0;0;0;;;;;1;0;0;0;0
01/10/2014;00:08:00;3;Acidente com vítima;268;BR-101/ES;Sul;Choque com Objeto Fixo;1;0;0;0;0;0;;;;;1;0;1;0;0
01/10/2014;04:34:00;58;Acidente sem Vítima;268;BR-101/ES;Sul;Saída de Pista;1;0;0;0;0;0;;;;;1;0;0;0;0
01/10/2014;08:53:00;151;Acidente com vítima;270;BR-101/ES;Sul;Colisão Traseira;1;0;0;1;0;0;;;;;1;1;0;0;0
01/10/2014;19:11:00;398;Atropelamento sem Morte;270;BR-101/ES;Sul;Atropelamento;0;0;0;1;0;0;;;;;2;1;0;0;0
01/10/2014;17:48:00;375;Acidente sem Vítima;293;BR-101/ES;Sul;Colisão Traseira;2;0;0;0;0;0;;;;;2;0;0;0;0
01/10/2014;18:30:00;384;Acidente sem Vítima;299;BR-101/ES;Norte;Colisão Traseira;1;0;1;0;0;0;;;;;5;0;0;0;0
01/10/2014;09:43:00;181;Acidente sem Vítima;314;BR-101/ES;Norte;Saída de Pista;1;0;0;0;0;0;;;;;1;0;0;0;0
01/10/2014;14:25:00;317;Acidente com vítima;316;BR-101/ES;Norte;Colisão Frontal;2;0;2;1;0;0;;;;;3;3;0;1;0
01/10/2014;14:01:00;312;Acidente com vítima;356,8;BR-101/ES;Norte;Colisão Lateral;1;0;1;0;0;0;;;;;2;2;0;0;0
01/10/2014;00:30:00;9;Acidente sem Vítima;450;BR-101/ES;Norte;Saída de Pista;0;0;2;0;0;0;;;;;1;0;0;0;0
02/10/2014;07:17:00;93;Acidente com vítima;50,1;BR-101/ES;Norte;Colisão Lateral;1;0;1;0;0;0;;;;;1;2;1;0;0
02/10/2014;02:09:00;29;Acidente com vítima;73;BR-101/ES;Norte;Saída de Pista;1;0;0;0;0;0;;;;;0;1;0;0;0
02/10/2014;03:26:00;53;Acidente sem Vítima;124;BR-101/ES;Norte;Saída de Pista;1;0;0;0;0;0;;;;;6;0;0;0;0
02/10/2014;18:29:00;357;Acidente com vítima;266;BR-101/ES;Sul;Colisão Transversal;0;0;0;2;0;0;;;;;0;2;0;0;0
02/10/2014;07:07:00;89;Atropelamento sem Morte;268;BR-101/ES;Sul;Atropelamento;1;0;0;1;0;0;;;;;3;0;0;0;0
02/10/2014;20:20:00;401;Acidente com vítima;269;BR-101/ES;Sul;Colisão Lateral;1;0;1;0;0;0;;;;;2;1;0;0;0
02/10/2014;18:57:00;370;Acidente sem Vítima;272;BR-101/ES;Sul;Saída de Pista;0;0;1;0;0;0;;;;;2;0;0;0;0
02/10/2014;23:53:00;445;Acidente sem Vítima;277;BR-101/ES;Sul;Colisão Lateral;1;0;1;0;0;0;;;;;1;0;0;0;0
02/10/2014;09:09:00;134;Acidente sem Vítima;297;BR-101/ES;Norte;Colisão Traseira;1;0;1;1;0;0;;;;;3;0;0;0;0
02/10/2014;17:53:00;349;Acidente sem Vítima;297;BR-101/ES;Norte;Engavetamento;3;0;0;0;0;0;;;;;4;0;0;0;0
03/10/2014;11:53:00;231;Acidente sem Vítima;31;BR-101/ES;Norte;Choque com Objeto Fixo;1;0;1;0;0;0;;;;;1;0;0;0;0
03/10/2014;16:13:00;325;Acidente com vítima;74;BR-101/ES;Sul;Colisão Lateral;1;0;1;0;0;0;;;;;1;2;0;0;0
03/10/2014;16:41:00;337;Acidente sem Vítima;170;BR-101/ES;Sul;Colisão Traseira;0;0;2;0;0;0;;;;;3;0;0;0;0
03/10/2014;16:46:00;338;Acidente sem Vítima;255;BR-101/ES;Sul;Engavetamento;3;0;0;0;0;0;;;;;6;0;0;0;0
03/10/2014;06:46:00;95;Acidente sem Vítima;257;BR-101/ES;Norte;Colisão Traseira;2;0;0;0;0;0;;;;;2;0;0;0;0
03/10/2014;16:25:00;331;Acidente com vítima;261;BR-101/ES;Norte;Queda de Moto;0;1;0;1;0;0;;;;;0;0;1;0;0
03/10/2014;17:55:00;360;Acidente sem Vítima;262;BR-101/ES;Norte;Colisão Lateral;1;0;0;1;0;0;;;;;2;0;0;0;0
03/10/2014;23:33:00;458;Acidente sem Vítima;266;BR-101/ES;Norte;Colisão Lateral;1;0;0;1;0;0;;;;;2;0;0;0;0
03/10/2014;19:33:00;396;Acidente com vítima;300;BR-101/ES;Sul;Colisão Lateral;1;0;0;1;0;0;;;;;1;1;0;0;0
03/10/2014;18:35:00;372;Acidente com vítima;328;BR-101/ES;Sul;Colisão Traseira;1;0;0;1;0;0;;;;;1;1;0;0;0
03/10/2014;11:18:00;202;Acidente com vítima;358;BR-101/ES;Norte;Saída de Pista;1;0;0;0;0;0;;;;;0;1;0;0;0
03/10/2014;09:45:00;163;Acidente com vítima;369,6;BR-101/ES;Norte;Capotamento;1;0;0;0;0;0;;;;;0;3;0;0;0
03/10/2014;06:57:00;96;Acidente com vítima;400;BR-101/ES;Norte;Tombamento;1;0;0;0;0;0;;;;;1;3;0;0;0
03/10/2014;16:55:00;343;Acidente sem Vítima;461;BR-101/ES;Norte;Colisão Lateral;0;0;4;0;0;0;;;;;2;0;0;0;0
04/10/2014;07:20:00;95;Acidente com vítima;7;BR-101/ES;Norte;Colisão Lateral;1;0;0;1;0;0;;;;;1;1;0;0;0
04/10/2014;09:44:00;156;Acidente sem Vítima;37;BR-101/ES;Norte;Tombamento;0;0;2;0;0;0;;;;;1;0;0;0;0
04/10/2014;21:11:00;408;Acidente com vítima;67,5;BR-101/ES;Norte;Colisão;1;1;0;0;0;0;;;;;1;0;0;1;0
04/10/2014;23:49:00;436;Acidente sem Vítima;142;BR-101/ES;Sul;Colisão Traseira;2;0;0;0;0;0;;;;;5;0;0;0;0
04/10/2014;23:10:00;427;Acidente com vítima;149;BR-101/ES;Norte;Colisão Lateral;1;0;0;1;0;0;;;;;1;0;1;0;0
04/10/2014;15:34:00;295;Acidente com vítima;234;BR-101/ES;Norte;Colisão Frontal;2;0;4;1;0;0;;;;;5;1;1;1;0
04/10/2014;21:35:00;416;Acidente sem Vítima;257;BR-101/ES;Norte;Colisão Traseira;1;0;0;1;0;0;;;;;2;0;0;0;0
04/10/2014;09:25:00;146;Acidente sem Vítima;300;BR-101/ES;Norte;Colisão Traseira;2;0;0;0;0;0;;;;;2;0;0;0;0
04/10/2014;11:18:00;198;Acidente sem Vítima;301;BR-101/ES;Norte;Colisão Traseira;0;0;2;0;0;0;;;;;2;0;0;0;0
04/10/2014;00:10:00;7;Acidente com vítima;310;BR-101/ES;Norte;Capotamento;1;0;0;0;0;0;;;;;0;1;0;0;0
04/10/2014;00:45:00;14;Acidente sem Vítima;329;BR-101/ES;Norte;Queda de Moto;0;0;0;1;0;0;;;;;1;0;0;0;0
04/10/2014;02:37:00;32;Acidente sem Vítima;329;BR-101/ES;Sul;Saída de Pista;1;0;0;0;0;0;;;;;2;0;0;0;0
04/10/2014;04:49:00;59;Acidente com Morte;342;BR-101/ES;Sul;Colisão Frontal;1;0;2;0;0;0;;;;;1;0;0;0;2
04/10/2014;22:54:00;426;Acidente sem Vítima;396;BR-101/ES;Sul;Saída de Pista;1;0;0;0;0;0;;;;;1;0;0;0;0
04/10/2014;21:54:00;418;Acidente sem Vítima;423;BR-101/ES;Norte;Saída de Pista;1;0;0;0;0;0;;;;;1;0;0;0;0
04/10/2014;02:42:00;34;Acidente sem Vítima;430;BR-101/ES;Sul;Atropelamento - Equino;0;0;2;0;0;0;;;;;1;0;0;0;0
05/10/2014;23:08:00;384;Acidente sem Vítima;68;BR-101/ES;Sul;Colisão Lateral;0;0;4;0;0;0;;;;;2;0;0;0;0
05/10/2014;16:39:00;277;Acidente com vítima;138;BR-101/ES;Norte;Colisão Lateral;0;0;3;0;0;0;;;;;1;0;1;0;0
05/10/2014;18:22:00;301;Acidente com vítima;140;BR-101/ES;Sul;Colisão Transversal;1;0;0;1;0;0;;;;;2;0;1;0;0
05/10/2014;21:42:00;366;Acidente com vítima;143;BR-101/ES;Sul;Queda de Moto;0;0;0;1;0;0;;;;;0;1;0;0;0
05/10/2014;17:31:00;290;Acidente com vítima;144;BR-101/ES;Norte;Engavetamento;4;0;0;0;0;0;;;;;7;2;0;0;0
05/10/2014;20:47:00;353;Acidente com vítima;146;BR-101/ES;Norte;Colisão Transversal;1;0;1;0;0;0;;;;;2;1;2;0;0
05/10/2014;07:23:00;82;Acidente sem Vítima;147;BR-101/ES;Norte;Colisão Traseira;0;0;4;0;1;0;;;;;2;0;0;0;0
05/10/2014;05:22:00;60;Acidente com vítima;149;BR-101/ES;Norte;Colisão Lateral;2;0;0;0;0;0;;;;;0;3;0;0;0
05/10/2014;15:46:00;261;Acidente com vítima;177;BR-101/ES;Norte;Queda de Moto;0;0;0;1;0;0;;;;;0;1;0;0;0
05/10/2014;05:10:00;55;Acidente com vítima;232;BR-101/ES;Sul;Saída de Pista;1;0;0;0;0;0;;;;;0;1;0;0;0
05/10/2014;18:57:00;314;Acidente sem Vítima;258;BR-101/ES;Sul;Colisão Lateral;2;0;0;0;0;0;;;;;5;0;0;0;0
05/10/2014;13:18:00;214;Acidente sem Vítima;262;BR-101/ES;Sul;Saída de Pista;1;0;0;1;0;0;;;;;2;0;0;0;0
05/10/2014;14:19:00;233;Acidente com vítima;264;BR-101/ES;Sul;Queda de Moto;1;0;0;1;0;0;;;;;2;1;0;0;0
05/10/2014;16:34:00;276;Acidente com vítima;265;BR-101/ES;Sul;Colisão Traseira;3;0;1;0;0;0;;;;;4;1;0;0;0
05/10/2014;14:26:00;235;Acidente com vítima;266;BR-101/ES;Norte;Colisão Transversal;1;0;0;1;0;0;;;;;1;1;0;0;0
05/10/2014;22:47:00;380;Acidente com vítima;269;BR-101/ES;Sul;Colisão Transversal;1;0;2;0;0;0;;;;;2;0;1;0;0
05/10/2014;19:36:00;325;Acidente com Morte;290;BR-101/ES;Norte;Colisão Transversal;1;0;0;1;0;0;;;;;1;0;0;0;1
05/10/2014;09:15:00;113;Acidente sem Vítima;301;BR-101/ES;Sul;Colisão Transversal;3;0;0;0;0;0;;;;;3;0;0;0;0
05/10/2014;10:34:00;138;Acidente sem Vítima;301;BR-101/ES;Sul;Colisão Traseira;1;0;2;0;0;0;;;;;2;0;0;0;0
06/10/2014;18:40:00;301;Acidente com vítima;65,5;BR-101/ES;Norte;Colisão Lateral;1;0;0;1;0;0;;;;;2;1;0;0;0
06/10/2014;17:53:00;291;Acidente sem Vítima;66;BR-101/ES;Norte;Colisão Lateral;1;0;1;0;0;0;;;;;8;0;0;0;0
06/10/2014;04:37:00;48;Acidente sem Vítima;167;BR-101/ES;Sul;Saída de Pista;1;0;0;0;0;0;;;;;1;0;0;0;0
06/10/2014;10:30:00;140;Acidente sem Vítima;177;BR-101/ES;Sul;Choque;1;0;0;0;0;0;;;;;1;0;0;0;0
06/10/2014;19:54:00;331;Acidente com vítima;202;BR-101/ES;Norte;Tombamento;0;0;2;0;0;0;;;;;0;0;1;0;0
06/10/2014;12:07:00;182;Acidente com vítima;203;BR-101/ES;Sul;Queda de Moto;0;0;0;1;0;0;;;;;0;0;1;0;0
06/10/2014;06:56:00;78;Acidente sem Vítima;220;BR-101/ES;Sul;Colisão Lateral;2;0;0;0;0;0;;;;;2;0;0;0;0
06/10/2014;09:32:00;124;Acidente sem Vítima;241;BR-101/ES;Sul;Colisão Traseira;2;0;0;0;0;0;;;;;5;0;0;0;0
06/10/2014;06:41:00;77;Acidente com vítima;244;BR-101/ES;Norte;Colisão Frontal;2;0;0;0;0;0;;;;;0;0;5;0;0
06/10/2014;15:58:00;251;Acidente com vítima;259;BR-101/ES;Sul;Colisão Traseira;1;0;1;1;0;0;;;;;2;1;0;0;0
06/10/2014;08:52:00;110;Atropelamento sem Morte;264;BR-101/ES;Norte;Atropelamento;1;1;0;0;0;0;;;;;0;1;0;0;0
06/10/2014;04:47:00;51;Acidente sem Vítima;271;BR-101/ES;Sul;Saída de Pista;1;0;0;0;0;0;;;;;1;0;0;0;0
06/10/2014;05:33:00;63;Acidente com vítima;287;BR-101/ES;Norte;Choque com Objeto Fixo;0;0;2;0;0;0;;;;;0;1;0;0;0
06/10/2014;07:06:00;84;Acidente com vítima;298;BR-101/ES;Sul;Colisão Traseira;1;0;0;1;0;0;;;;;1;1;0;0;0
06/10/2014;10:26:00;136;Acidente sem Vítima;341;BR-101/ES;Sul;Saída de Pista;1;0;0;0;0;0;;;;;4;0;0;0;0
06/10/2014;05:49:00;67;Acidente sem Vítima;428;BR-101/ES;Norte;Saída de Pista;1;0;0;0;0;0;;;;;1;0;0;0;0
06/10/2014;10:42:00;143;Acidente com vítima;450;BR-101/ES;Norte;Saída de Pista;1;0;0;0;0;0;;;;;1;1;0;0;0
06/10/2014;05:26:00;61;Acidente sem Vítima;453;BR-101/ES;Sul;Saída de Pista;1;0;0;0;0;0;;;;;2;0;0;0;0
06/10/2014;09:23:00;120;Acidente sem Vítima;943;BR-101/BA;Sul;Colisão Traseira;0;0;3;0;0;0;;;;;3;0;0;0;0
07/10/2014;10:06:00;118;Acidente sem Vítima;0,5;BR-101/ES;Norte;Saída de Pista;0;0;1;0;0;0;;;;;2;0;0;0;0
07/10/2014;06:52:00;78;Acidente com vítima;31;BR-101/ES;Norte;Colisão Transversal;1;0;0;0;1;0;;;;;1;0;0;1;0
07/10/2014;03:10:00;36;Acidente com vítima;32;BR-101/ES;Sul;Saída de Pista;1;0;0;0;0;0;;;;;0;0;1;0;0
07/10/2014;16:30:00;231;Acidente sem Vítima;60;BR-101/ES;Sul;Colisão Lateral;2;0;0;0;0;0;;;;;3;0;0;0;0
07/10/2014;14:51:00;200;Acidente sem Vítima;125;BR-101/ES;Sul;Colisão Traseira;1;0;0;1;0;0;;;;;2;0;0;0;0
07/10/2014;09:08:00;105;Acidente sem Vítima;141;BR-101/ES;Norte;Choque com Veículo Estacionado;1;0;2;0;0;0;;;;;2;0;0;0;0
07/10/2014;22:19:00;345;Acidente com vítima;149;BR-101/ES;Norte;Queda de Moto;0;0;0;1;0;0;;;;;0;1;0;0;0
07/10/2014;05:31:00;63;Acidente sem Vítima;214;BR-101/ES;Norte;Engavetamento;0;0;2;0;1;0;;;;;3;0;0;0;0
07/10/2014;08:05:00;96;Acidente com vítima;262;BR-101/ES;Sul;Choque com Objeto Fixo;1;0;0;0;0;0;;;;;0;1;0;0;0
07/10/2014;08:41:00;98;Acidente com vítima;263;BR-101/ES;Sul;Colisão Traseira;0;0;0;1;1;0;;;;;1;0;0;1;0
07/10/2014;06:33:00;76;Acidente sem Vítima;266;BR-101/ES;Norte;Colisão Traseira;1;0;1;0;0;0;;;;;2;0;0;0;0
07/10/2014;07:55:00;93;Acidente com vítima;267;BR-101/ES;Sul;Colisão Lateral;2;0;0;1;0;0;;;;;2;0;1;0;0
07/10/2014;20:07:00;307;Acidente sem Vítima;285;BR-101/ES;Sul;Colisão Traseira;1;0;1;0;0;0;;;;;2;0;0;0;0
07/10/2014;12:13:00;158;Acidente sem Vítima;298;BR-101/ES;Norte;Engavetamento;3;0;3;0;0;0;;;;;5;0;0;0;0
07/10/2014;17:11:00;244;Acidente sem Vítima;300;BR-101/ES;Sul;Choque com Veículo Estacionado;1;0;3;0;0;0;;;;;4;0;0;0;0
07/10/2014;10:24:00;122;Acidente sem Vítima;315;BR-101/ES;Sul;Colisão Traseira;1;0;1;0;0;0;;;;;3;0;0;0;0
07/10/2014;18:26:00;267;Acidente com Morte;372,7;BR-101/ES;Sul;Colisão Transversal;0;0;4;1;0;0;;;;;2;0;0;1;1
07/10/2014;08:50:00;101;Acidente com vítima;375;BR-101/ES;Sul;Colisão Lateral;2;0;0;0;0;0;;;;;1;1;0;0;0
07/10/2014;05:23:00;62;Acidente sem Vítima;391;BR-101/ES;Sul;Saída de Pista;1;0;0;0;0;0;;;;;3;0;0;0;0
07/10/2014;09:05:00;104;Acidente sem Vítima;435,8;BR-101/ES;Sul;Saída de Pista;1;0;0;0;0;0;;;;;2;0;0;0;0
08/10/2014;16:53:00;285;Acidente sem Vítima;8;BR-101/ES;Sul;Tombamento;0;0;1;0;0;0;;;;;1;0;0;0;0
08/10/2014;11:32:00;165;Acidente com vítima;12;BR-101/ES;Norte;Queda de Moto;0;0;0;1;0;0;;;;;0;1;0;0;0
08/10/2014;23:08:00;382;Acidente sem Vítima;69;BR-101/ES;Sul;Colisão Traseira;2;0;0;0;0;0;;;;;4;0;0;0;0
08/10/2014;18:15:00;309;Acidente com vítima;123,7;BR-101/ES;Norte;Queda de Moto;0;0;0;1;0;0;;;;;0;1;0;0;0
08/10/2014;07:00:00;62;Acidente com vítima;138;BR-101/ES;Norte;Capotamento;1;0;0;1;0;0;;;;;1;0;1;0;0
08/10/2014;08:51:00;98;Acidente sem Vítima;147;BR-101/ES;Norte;Engavetamento;2;0;0;0;0;0;;;;;2;0;0;0;0
08/10/2014;07:47:00;77;Acidente com Morte;162;BR-101/ES;Sul;Colisão Traseira;3;0;0;0;0;0;;;;;0;3;1;0;1
08/10/2014;06:18:00;52;Acidente sem Vítima;189;BR-101/ES;Sul;Choque com Objeto Fixo;1;0;0;0;0;0;;;;;1;0;0;0;0
08/10/2014;16:17:00;277;Acidente sem Vítima;196;BR-101/ES;Norte;Veículo em Chamas;0;0;2;0;0;0;;;;;1;0;0;0;0
08/10/2014;08:20:00;91;Acidente sem Vítima;258;BR-101/ES;Norte;Colisão Lateral;1;0;1;0;0;0;;;;;3;0;0;0;0
08/10/2014;06:59:00;61;Acidente sem Vítima;263;BR-101/ES;Sul;Colisão Traseira;1;0;1;0;0;0;;;;;2;0;0;0;0
08/10/2014;13:41:00;232;Acidente sem Vítima;263;BR-101/ES;Norte;Colisão Lateral;0;0;2;0;0;0;;;;;2;0;0;0;0
08/10/2014;12:35:00;200;Acidente sem Vítima;265;BR-101/ES;Norte;Colisão Lateral;1;0;2;0;0;0;;;;;2;0;0;0;0
08/10/2014;14:53:00;250;Acidente sem Vítima;265;BR-101/ES;Norte;Choque com Objeto Fixo;1;0;0;0;0;0;;;;;1;0;0;0;0
08/10/2014;20:38:00;355;Atropelamento sem Morte;265;BR-101/ES;Sul;Atropelamento;0;0;0;1;0;0;;;;;0;2;0;0;0
08/10/2014;08:17:00;88;Acidente sem Vítima;268;BR-101/ES;Sul;Colisão Traseira;1;0;0;0;1;0;;;;;2;0;0;0;0
08/10/2014;08:19:00;90;Acidente com vítima;288;BR-101/ES;Sul;Colisão Transversal;1;0;1;0;0;0;;;;;1;1;0;0;0
08/10/2014;12:25:00;195;Acidente sem Vítima;291;BR-101/ES;Sul;Colisão Traseira;0;0;2;0;0;0;;;;;2;0;0;0;0
08/10/2014;13:35:00;228;Acidente com vítima;387;BR-101/ES;Norte;Choque com Objeto Fixo;0;0;2;0;0;0;;;;;0;1;0;0;0
09/10/2014;09:01:00;125;Acidente com vítima;47,4;BR-101/ES;Norte;Colisão Lateral;1;0;1;0;0;0;;;;;1;1;0;1;0
09/10/2014;00:03:00;1;Acidente sem Vítima;58;BR-101/ES;Sul;Choque com Objeto Fixo;1;0;0;0;0;0;;;;;1;0;0;0;0
09/10/2014;15:41:00;280;Acidente sem Vítima;166,8;BR-101/ES;Sul;Colisão Traseira;1;0;1;0;0;0;;;;;4;0;0;0;0
09/10/2014;06:04:00;77;Acidente com vítima;229;BR-101/ES;Norte;Colisão Lateral;1;0;0;0;1;0;;;;;0;2;0;0;0
09/10/2014;13:38:00;247;Acidente sem Vítima;247;BR-101/ES;Sul;Capotamento;1;0;0;0;0;0;;;;;2;0;0;0;0
09/10/2014;13:23:00;244;Acidente com vítima;256;BR-101/ES;Sul;Colisão Traseira;0;0;2;0;0;0;;;;;0;2;0;0;0
09/10/2014;16:35:00;304;Acidente sem Vítima;259;BR-101/ES;Norte;Saída de Pista;1;0;0;0;0;0;;;;;1;0;0;0;0
09/10/2014;18:02:00;325;Acidente com vítima;269;BR-101/ES;Sul;Colisão Lateral;1;0;0;1;0;0;;;;;2;1;0;0;0
09/10/2014;02:36:00;33;Acidente sem Vítima;296,8;BR-101/ES;Norte;Atropelamento - Animal;0;0;2;0;0;0;;;;;1;0;0;0;0
09/10/2014;17:27:00;319;Acidente com vítima;298;BR-101/ES;Sul;Colisão Lateral;1;0;0;1;0;0;;;;;1;1;0;0;0
09/10/2014;16:09:00;290;Acidente com vítima;395;BR-101/ES;Sul;Capotamento;1;0;0;0;0;0;;;;;0;2;0;0;0
09/10/2014;14:07:00;260;Acidente sem Vítima;428;BR-101/ES;Sul;Colisão Frontal;1;0;4;0;0;0;;;;;4;0;0;0;0
10/10/2014;07:51:00;101;Acidente sem Vítima;66,5;BR-101/ES;Norte;Colisão Traseira;2;0;0;0;0;0;;;;;4;0;0;0;0
10/10/2014;16:08:00;291;Acidente sem Vítima;228;BR-101/ES;Norte;Engavetamento;2;0;1;0;0;0;;;;;3;0;0;0;0
10/10/2014;16:52:00;300;Acidente sem Vítima;228;BR-101/ES;Sul;Colisão Traseira;2;0;1;0;0;0;;;;;5;0;0;0;0
10/10/2014;21:33:00;396;Acidente com vítima;244;BR-101/ES;Norte;Engavetamento;2;0;0;1;0;0;;;;;2;2;0;0;0
10/10/2014;07:50:00;100;Acidente sem Vítima;255;BR-101/ES;Norte;Colisão Transversal;1;0;1;0;0;0;;;;;3;0;0;0;0
10/10/2014;14:33:00;272;Acidente com vítima;265;BR-101/ES;Sul;Colisão Traseira;1;0;0;1;0;0;;;;;1;1;0;0;0
10/10/2014;05:31:00;62;Acidente sem Vítima;266;BR-101/ES;Sul;Colisão Lateral;2;0;0;0;0;0;;;;;2;0;0;0;0
10/10/2014;08:42:00;122;Acidente sem Vítima;266;BR-101/ES;Sul;Colisão Transversal;2;0;0;0;0;0;;;;;2;0;0;0;0
10/10/2014;19:37:00;353;Acidente sem Vítima;269;BR-101/ES;Sul;Colisão Traseira;2;0;0;0;0;0;;;;;2;0;0;0;0
10/10/2014;08:46:00;125;Acidente sem Vítima;270;BR-101/ES;Norte;Colisão Lateral;1;0;2;0;0;0;;;;;2;0;0;0;0
10/10/2014;12:10:00;219;Acidente sem Vítima;270;BR-101/ES;Norte;Colisão Lateral;1;0;2;0;0;0;;;;;2;0;0;0;0
10/10/2014;18:18:00;329;Atropelamento sem Morte;301;BR-101/ES;Norte;Atropelamento;0;0;0;1;0;0;;;;;1;0;1;0;0
10/10/2014;16:01:00;289;Acidente sem Vítima;358,5;BR-101/ES;Norte;Colisão Lateral;2;0;2;0;0;0;;;;;6;0;0;0;0
10/10/2014;16:39:00;298;Acidente sem Vítima;368;BR-101/ES;Norte;Colisão Lateral;1;0;3;0;0;0;;;;;3;0;0;0;0
10/10/2014;01:53:00;18;Acidente sem Vítima;939;BR-101/BA;Sul;Tombamento;0;0;2;0;0;0;;;;;1;0;0;0;0
11/10/2014;12:59:00;255;Acidente com vítima;68;BR-101/ES;Norte;Colisão Transversal;1;0;0;1;0;0;;;;;4;1;0;0;0
11/10/2014;11:27:00;213;Acidente sem Vítima;84,6;BR-101/ES;Sul;Colisão Transversal;2;0;0;0;0;0;;;;;6;0;0;0;0
11/10/2014;15:31:00;302;Acidente sem Vítima;140;BR-101/ES;Sul;Colisão Lateral;1;0;2;0;0;0;;;;;2;0;0;0;0
11/10/2014;20:39:00;414;Acidente sem Vítima;143;BR-101/ES;Sul;Queda de Moto;0;0;0;1;0;0;;;;;1;0;0;0;0
11/10/2014;08:52:00;145;Acidente sem Vítima;241;BR-101/ES;Norte;Choque com Objeto Fixo;1;0;0;0;0;0;;;;;1;0;0;0;0
11/10/2014;20:41:00;415;Acidente sem Vítima;241;BR-101/ES;Sul;Colisão Traseira;2;0;0;0;0;0;;;;;3;0;0;0;0
11/10/2014;10:58:00;194;Acidente sem Vítima;246;BR-101/ES;Norte;Colisão Lateral;2;0;0;0;0;0;;;;;6;0;0;0;0
11/10/2014;23:35:00;461;Acidente com vítima;264,5;BR-101/ES;Norte;Queda de Moto;0;0;0;1;0;0;;;;;0;0;0;1;0
11/10/2014;17:46:00;346;Acidente com vítima;266;BR-101/ES;Sul;Queda de Moto;0;0;0;1;0;0;;;;;0;1;0;0;0
11/10/2014;15:59:00;314;Acidente sem Vítima;268;BR-101/ES;Norte;Saída de Pista;1;0;0;0;0;0;;;;;1;0;0;0;0
11/10/2014;13:50:00;278;Acidente sem Vítima;269;BR-101/ES;Norte;Engavetamento;3;0;0;0;0;0;;;;;9;0;0;0;0
11/10/2014;07:05:00;95;Acidente sem Vítima;295;BR-101/ES;Norte;Colisão Traseira;1;0;2;0;0;0;;;;;2;0;0;0;0
11/10/2014;16:29:00;323;Acidente sem Vítima;424;BR-101/ES;Norte;Saída de Pista;1;0;0;0;0;0;;;;;1;0;0;0;0
11/10/2014;06:54:00;93;Acidente sem Vítima;451;BR-101/ES;Norte;Saída de Pista;1;0;0;0;0;0;;;;;4;0;0;0;0
12/10/2014;19:02:00;341;Acidente sem Vítima;24;BR-101/ES;Norte;Queda de Moto;0;0;0;1;0;0;;;;;1;0;0;0;0
12/10/2014;23:32:00;415;Acidente com vítima;29;BR-101/ES;Norte;Colisão Frontal;2;0;0;0;0;0;;;;;5;0;1;0;0
12/10/2014;00:58:00;16;Acidente com vítima;208;BR-101/ES;Norte;Capotamento;1;0;0;0;0;0;;;;;0;1;0;0;0