data;horario;n_da_ocorrencia;tipo_de_ocorrencia;km;trecho;sentido;tipo_de_acidente;automovel;bicicleta;caminhao;moto;onibus;outros;tracao_animal;transporte_de_cargas_especiais;trator_maquinas;utilitarios;ilesos;levemente_feridos;moderadamente_feridos;gravemente_feridos;mortos
12/10/2014;15:05:00;257;Acidente com vítima;251;BR-101/ES;Sul;Saída de Pista;0;0;0;1;0;0;;;;;0;2;0;0;0
12/10/2014;18:14:00;323;Acidente sem Vítima;253;BR-101/ES;Sul;Colisão Traseira;2;0;0;0;0;0;;;;;2;0;0;0;0
12/10/2014;07:17:00;91;Acidente sem Vítima;255;BR-101/ES;Norte;Veículo em Chamas;1;0;0;0;0;0;;;;;4;0;0;0;0
12/10/2014;14:51:00;252;Acidente sem Vítima;255;BR-101/ES;Sul;Colisão Traseira;2;0;0;0;0;0;;;;;2;0;0;0;0
12/10/2014;01:07:00;19;Acidente com vítima;266;BR-101/ES;Sul;Colisão Transversal;2;0;0;0;0;0;;;;;1;1;1;1;0
12/10/2014;04:25:00;59;Acidente sem Vítima;275;BR-101/ES;Norte;Choque com Objeto Fixo;1;0;0;0;0;0;;;;;2;0;0;0;0
13/10/2014;07:51:00;112;Acidente sem Vítima;68,3;BR-101/ES;Sul;Colisão Traseira;1;0;4;0;0;0;;;;;3;0;0;0;0
13/10/2014;18:52:00;362;Acidente sem Vítima;77,5;BR-101/ES;Norte;Colisão Traseira;2;0;1;0;0;0;;;;;5;0;0;0;0
13/10/2014;14:25:00;284;Acidente sem Vítima;93;BR-101/ES;Norte;Colisão Lateral;1;0;0;1;0;0;;;;;2;0;0;0;0
13/10/2014;19:37:00;384;Acidente com vítima;127;BR-101/ES;Sul;Colisão Traseira;1;0;0;1;0;0;;;;;2;1;0;0;0
13/10/2014;14:58:00;290;Acidente sem Vítima;146;BR-101/ES;Sul;Colisão Traseira;1;0;0;0;1;0;;;;;3;0;0;0;0
13/10/2014;11:15:00;207;Acidente sem Vítima;148,5;BR-101/ES;Norte;Choque;1;0;3;0;0;0;;;;;2;0;0;0;0
13/10/2014;06:43:00;90;Acidente sem Vítima;249;BR-101/ES;Norte;Saída de Pista;1;0;0;0;0;0;;;;;2;0;0;0;0
13/10/2014;16:42:00;322;Acidente sem Vítima;264;BR-101/ES;Norte;Colisão Traseira;1;0;0;0;1;0;;;;;3;0;0;0;0
13/10/2014;15:25:00;298;Acidente com vítima;269,5;BR-101/ES;Sul;Queda de Moto;0;0;1;1;0;0;;;;;1;1;0;0;0
13/10/2014;12:00:00;224;Acidente com vítima;273;BR-101/ES;Norte;Saída de Pista;1;0;0;0;0;0;;;;;1;0;1;0;0
13/10/2014;19:31:00;383;Acidente com vítima;296;BR-101/ES;Sul;Queda de Moto;1;0;0;0;0;0;;;;;0;2;0;0;0
13/10/2014;01:03:00;12;Acidente sem Vítima;321;BR-101/ES;Norte;Saída de Pista;1;0;0;0;0;0;;;;;1;0;0;0;0
13/10/2014;00:21:00;4;Acidente sem Vítima;359;BR-101/ES;Norte;Choque com Objeto Fixo;1;0;0;0;0;0;;;;;1;0;0;0;0
13/10/2014;15:15:00;295;Acidente sem Vítima;391,9;BR-101/ES;Sul;Colisão Frontal;2;0;3;0;0;0;;;;;4;0;0;0;0
13/10/2014;15:29:00;300;Acidente sem Vítima;411;BR-101/ES;Sul;Saída de Pista;2;0;1;0;0;0;;;;;6;0;0;0;0
14/10/2014;18:30:00;341;Acidente sem Vítima;251;BR-101/ES;Norte;Choque;1;0;0;0;0;0;;;;;1;0;0;0;0
14/10/2014;13:54:00;252;Acidente com vítima;258;BR-101/ES;Norte;Colisão Traseira;2;0;0;0;0;0;;;;;1;1;0;0;0
14/10/2014;18:10:00;335;Acidente sem Vítima;269;BR-101/ES;Sul;Colisão Lateral;1;0;1;0;0;0;;;;;2;0;0;0;0
14/10/2014;17:40:00;324;Acidente sem Vítima;269,5;BR-101/ES;Sul;Colisão Traseira;2;0;0;0;0;0;;;;;1;0;0;0;0
14/10/2014;18:16:00;337;Acidente sem Vítima;270;BR-101/ES;Norte;Colisão Lateral;1;0;1;0;0;0;;;;;2;0;0;0;0
14/10/2014;07:41:00;86;Acidente sem Vítima;321;BR-101/ES;Norte;Colisão Traseira;1;0;1;0;0;0;;;;;3;0;0;0;0
14/10/2014;19:19:00;363;Acidente sem Vítima;321;BR-101/ES;Sul;Choque com Objeto Fixo;1;0;1;0;0;0;;;;;4;0;0;0;0
14/10/2014;05:22:00;61;Acidente sem Vítima;374,5;BR-101/ES;Norte;Saída de Pista;1;0;0;0;0;0;;;;;3;0;0;0;0
15/10/2014;15:41:00;271;Acidente sem Vítima;66;BR-101/ES;Sul;Colisão Traseira;1;0;1;0;0;0;;;;;6;0;0;0;0
15/10/2014;19:38:00;348;Acidente com vítima;67;BR-101/ES;Sul;Capotamento;1;0;0;0;0;0;;;;;1;1;1;0;0
15/10/2014;22:36:00;396;Acidente sem Vítima;147;BR-101/ES;Norte;Colisão Traseira;0;0;2;0;0;0;;;;;4;0;0;0;0
15/10/2014;07:53:00;98;Acidente sem Vítima;262;BR-101/ES;Sul;Colisão Traseira;1;0;1;0;0;0;;;;;2;0;0;0;0
15/10/2014;21:22:00;379;Acidente sem Vítima;264,5;BR-101/ES;Norte;Colisão Lateral;1;0;1;0;0;0;;;;;2;0;0;0;0
15/10/2014;07:33:00;90;Acidente sem Vítima;266;BR-101/ES;Sul;Colisão Traseira;2;0;0;0;0;0;;;;;3;0;0;0;0
15/10/2014;10:12:00;154;Acidente sem Vítima;269;BR-101/ES;Sul;Colisão Lateral;1;0;2;0;0;0;;;;;2;0;0;0;0
15/10/2014;13:32:00;241;Acidente sem Vítima;270;BR-101/ES;Norte;Colisão Traseira;1;0;1;0;0;0;;;;;2;0;0;0;0
15/10/2014;10:26:00;157;Acidente sem Vítima;270,5;BR-101/ES;Sul;Engavetamento;0;0;4;0;0;0;;;;;9;0;0;0;0
15/10/2014;18:38:00;329;Acidente com vítima;291;BR-101/ES;Sul;Queda de Moto;0;0;0;1;0;0;;;;;1;1;0;0;0
15/10/2014;16:11:00;287;Acidente sem Vítima;316;BR-101/ES;Norte;Tombamento;0;0;5;0;0;0;;;;;1;0;0;0;0
15/10/2014;10:43:00;167;Acidente com vítima;319;BR-101/ES;Sul;Abalroamento - Mesmo Sentido;0;0;3;0;0;0;;;;;0;2;0;0;0
15/10/2014;21:38:00;384;Acidente sem Vítima;336;BR-101/ES;Norte;Queda de Moto;0;0;0;1;0;0;;;;;1;0;0;0;0
16/10/2014;10:09:00;154;Acidente com vítima;146;BR-101/ES;Sul;Colisão Traseira;1;0;0;1;0;0;;;;;1;1;0;0;0
16/10/2014;17:23:00;315;Acidente com vítima;172,9;BR-101/ES;Sul;Colisão Lateral;2;0;0;0;0;0;;;;;0;2;0;0;0
16/10/2014;16:23:00;296;Acidente com vítima;255;BR-101/ES;Norte;Colisão Traseira;2;0;0;0;0;0;;;;;0;2;0;0;0
16/10/2014;13:52:00;248;Acidente sem Vítima;266;BR-101/ES;Sul;Colisão Lateral;1;0;2;0;0;0;;;;;2;0;0;0;0
16/10/2014;16:57:00;306;Acidente sem Vítima;270,5;BR-101/ES;Norte;Colisão Traseira;2;0;0;0;0;0;;;;;2;0;0;0;0
16/10/2014;07:39:00;97;Acidente com vítima;271;BR-101/ES;Norte;Engavetamento;3;0;0;1;0;0;;;;;4;0;1;0;0
16/10/2014;08:16:00;111;Acidente sem Vítima;271;BR-101/ES;Norte;Colisão Lateral;1;0;2;0;0;0;;;;;2;0;0;0;0
16/10/2014;09:23:00;134;Acidente sem Vítima;271;BR-101/ES;Norte;Colisão Lateral;1;0;2;0;0;0;;;;;2;0;0;0;0
16/10/2014;07:31:00;92;Acidente sem Vítima;293;BR-101/ES;Sul;Colisão Traseira;1;0;2;0;0;0;;;;;3;0;0;0;0
16/10/2014;16:55:00;305;Acidente sem Vítima;377;BR-101/ES;Norte;Colisão Traseira;2;0;0;0;0;0;;;;;2;0;0;0;0
17/10/2014;15:52:00;262;Acidente sem Vítima;12;BR-101/ES;Norte;Veículo em Chamas;0;0;2;0;0;0;;;;;1;0;0;0;0
17/10/2014;08:15:00;102;Acidente com vítima;142;BR-101/ES;Norte;Colisão Traseira;2;0;0;0;0;0;;;;;2;1;0;0;0
17/10/2014;07:46:00;94;Acidente com vítima;144;BR-101/ES;Sul;Colisão Traseira;0;0;1;1;1;0;;;;;2;1;0;0;0
17/10/2014;17:15:00;293;Acidente sem Vítima;213;BR-101/ES;Sul;Engavetamento;3;0;0;0;0;0;;;;;3;0;0;0;0
17/10/2014;12:41:00;209;Acidente sem Vítima;242;BR-101/ES;Norte;Colisão Transversal;2;0;0;0;0;0;;;;;3;0;0;0;0
17/10/2014;15:21:00;250;Acidente sem Vítima;255;BR-101/ES;Sul;Colisão Traseira;2;0;0;0;0;0;;;;;4;0;0;0;0
17/10/2014;07:23:00;86;Acidente com vítima;269,8;BR-101/ES;Sul;Colisão Lateral;1;0;0;1;0;0;;;;;1;0;1;0;0
17/10/2014;06:12:00;76;Acidente com Morte;279;BR-101/ES;Norte;Colisão Transversal;1;0;0;1;0;0;;;;;1;0;0;0;1
17/10/2014;19:22:00;335;Acidente sem Vítima;289;BR-101/ES;Norte;Colisão Lateral;2;0;0;0;0;0;;;;;2;0;0;0;0
17/10/2014;10:30:00;146;Acidente sem Vítima;299;BR-101/ES;Sul;Colisão Lateral;1;0;2;0;0;0;;;;;2;0;0;0;0
17/10/2014;18:23:00;323;Acidente sem Vítima;321;BR-101/ES;Norte;Choque com Objeto Fixo;0;0;2;0;0;0;;;;;1;0;0;0;0
17/10/2014;07:26:00;89;Acidente com vítima;388;BR-101/ES;Norte;Saída de Pista;1;0;0;0;0;0;;;;;0;0;1;0;0
17/10/2014;13:37:00;228;Acidente com vítima;415;BR-101/ES;Norte;Capotamento;1;0;1;0;0;0;;;;;1;1;0;0;0
17/10/2014;23:07:00;400;Acidente sem Vítima;443;BR-101/ES;Sul;Tombamento;0;0;1;0;0;0;;;;;1;0;0;0;0
18/10/2014;19:39:00;349;Acidente sem Vítima;45,5;BR-101/ES;Norte;Atropelamento - Bovino;1;0;0;0;0;0;;;;;2;0;0;0;0
18/10/2014;22:51:00;401;Acidente com vítima;66;BR-101/ES;Norte;Colisão Transversal;0;0;1;1;0;0;;;;;1;0;1;0;0
18/10/2014;15:57:00;270;Acidente com vítima;68;BR-101/ES;Norte;Colisão Traseira;1;0;0;1;0;0;;;;;1;1;0;0;0
18/10/2014;15:47:00;267;Acidente com vítima;118;BR-101/ES;Norte;Queda de Moto;1;0;0;1;0;0;;;;;1;1;0;0;0
18/10/2014;12:25:00;206;Acidente com vítima;160;BR-101/ES;Norte;Queda de Moto;0;0;0;1;0;0;;;;;0;1;1;0;0
18/10/2014;18:34:00;328;Acidente com vítima;211;BR-101/ES;Norte;Queda de Moto;0;0;1;1;0;0;;;;;0;2;0;0;0
18/10/2014;17:52:00;311;Atropelamento sem Morte;213;BR-101/ES;Sul;Atropelamento;0;0;0;1;0;0;;;;;1;0;1;0;0
18/10/2014;13:34:00;234;Acidente com vítima;257;BR-101/ES;Norte;Colisão Frontal;0;0;1;1;0;0;;;;;1;0;1;0;0
18/10/2014;15:04:00;252;Acidente sem Vítima;259;BR-101/ES;Sul;Saída de Pista;1;0;0;0;0;0;;;;;1;0;0;0;0
18/10/2014;15:25:00;258;Acidente sem Vítima;260;BR-101/ES;Norte;Colisão Traseira;2;0;0;0;0;0;;;;;2;0;0;0;0
18/10/2014;09:37:00;136;Acidente com vítima;272;BR-101/ES;Norte;Saída de Pista;1;0;0;0;0;0;;;;;0;1;0;0;0
18/10/2014;18:22:00;325;Acidente com vítima;291;BR-101/ES;Norte;Queda de Moto;0;0;0;2;0;0;;;;;0;1;0;0;0
18/10/2014;15:08:00;253;Acidente sem Vítima;296;BR-101/ES;Norte;Queda de Moto;0;0;0;1;0;0;;;;;1;0;0;0;0
18/10/2014;17:48:00;310;Acidente sem Vítima;298;BR-101/ES;Norte;Saída de Pista;1;0;0;0;0;0;;;;;1;0;0;0;0
18/10/2014;13:42:00;238;Acidente sem Vítima;329;BR-101/ES;Norte;Colisão Traseira;2;0;4;0;0;0;;;;;6;0;0;0;0
18/10/2014;19:09:00;338;Acidente sem Vítima;329;BR-101/ES;Norte;Colisão Traseira;1;0;1;0;0;0;;;;;2;0;0;0;0
18/10/2014;21:34:00;394;Acidente sem Vítima;357;BR-101/ES;Sul;Saída de Pista;1;0;0;0;0;0;;;;;4;0;0;0;0
18/10/2014;11:59:00;199;Acidente sem Vítima;399;BR-101/ES;Norte;Colisão Traseira;1;0;3;0;0;0;;;;;4;0;0;0;0
18/10/2014;21:39:00;396;Acidente sem Vítima;436;BR-101/ES;Norte;Saída de Pista;0;0;1;0;0;0;;;;;1;0;0;0;0
19/10/2014;05:12:00;60;Acidente com vítima;40;BR-101/ES;Norte;Colisão Lateral;0;0;1;1;0;0;;;;;1;1;1;0;0
19/10/2014;18:19:00;292;Acidente com vítima;43;BR-101/ES;Norte;Colisão Lateral;1;0;3;0;0;0;;;;;1;0;0;1;0
19/10/2014;11:20:00;152;Acidente com vítima;120;BR-101/ES;Norte;Queda de Moto;0;0;0;1;0;0;;;;;1;1;0;0;0
19/10/2014;16:22:00;249;Acidente sem Vítima;135;BR-101/ES;Norte;Saída de Pista;1;0;0;0;0;0;;;;;5;0;0;0;0
19/10/2014;05:37:00;68;Acidente com vítima;143;BR-101/ES;Norte;Queda de Moto;0;0;0;1;0;0;;;;;0;0;1;0;0
19/10/2014;19:25:00;312;Acidente com vítima;144;BR-101/ES;Norte;Choque com Veículo Estacionado;1;0;0;1;0;0;;;;;1;1;0;0;0
19/10/2014;15:12:00;217;Acidente sem Vítima;149;BR-101/ES;Sul;Colisão Traseira;1;0;0;0;1;0;;;;;3;0;0;0;0
19/10/2014;15:16:00;220;Acidente sem Vítima;149;BR-101/ES;Sul;Colisão Traseira;1;0;0;1;0;0;;;;;3;0;0;0;0
19/10/2014;03:32:00;38;Acidente com vítima;152;BR-101/ES;Sul;Tombamento;0;0;0;0;1;0;;;;;0;3;2;0;0
19/10/2014;06:32:00;78;Acidente com vítima;152;BR-101/ES;Norte;Saída de Pista;1;0;0;0;0;0;;;;;0;1;0;0;0
19/10/2014;13:02:00;187;Acidente com vítima;159;BR-101/ES;Sul;Colisão Transversal;2;0;0;0;0;0;;;;;1;0;1;0;0
19/10/2014;04:51:00;53;Acidente com vítima;160;BR-101/ES;Norte;Queda de Moto;0;0;0;1;0;0;;;;;0;1;0;0;0
19/10/2014;14:22:00;211;Acidente sem Vítima;266;BR-101/ES;Sul;Colisão Traseira;2;0;0;0;0;0;;;;;4;0;0;0;0
19/10/2014;12:19:00;173;Acidente com vítima;267;BR-101/ES;Sul;Queda de Moto;0;0;0;1;0;0;;;;;0;1;0;0;0
19/10/2014;20:00:00;323;Atropelamento sem Morte;267;BR-101/ES;Norte;Atropelamento;1;0;0;0;0;0;;;;;1;1;1;0;0
19/10/2014;15:31:00;227;Acidente sem Vítima;269;BR-101/ES;Sul;Engavetamento;3;0;0;0;0;0;;;;;3;0;0;0;0
19/10/2014;15:38:00;234;Acidente com vítima;270;BR-101/ES;Sul;Queda de Moto;0;0;0;1;0;0;;;;;1;0;1;0;0
19/10/2014;21:20:00;356;Acidente sem Vítima;270;BR-101/ES;Sul;Colisão Lateral;1;0;2;0;0;0;;;;;3;0;0;0;0
19/10/2014;13:31:00;198;Acidente com vítima;297;BR-101/ES;Norte;Colisão Traseira;2;0;0;0;0;0;;;;;7;2;0;0;0
19/10/2014;17:30:00;273;Acidente com vítima;319;BR-101/ES;Sul;Queda de Moto;0;0;0;1;0;0;;;;;0;2;0;0;0
20/10/2014;18:02:00;340;Acidente com vítima;127;BR-101/ES;Sul;Queda de ciclista;0;1;0;0;0;0;;;;;0;1;0;0;0
20/10/2014;18:20:00;347;Acidente com vítima;141;BR-101/ES;Sul;Engavetamento;2;0;1;0;0;0;;;;;5;1;0;0;0
20/10/2014;03:07:00;50;Acidente sem Vítima;160;BR-101/ES;Sul;Colisão Traseira;0;0;2;0;0;0;;;;;2;0;0;0;0
20/10/2014;07:04:00;91;Acidente sem Vítima;229;BR-101/ES;Norte;Colisão Lateral;1;0;1;0;0;0;;;;;3;0;0;0;0
20/10/2014;22:28:00;440;Acidente com vítima;255;BR-101/ES;Sul;Colisão;1;1;0;0;0;0;;;;;0;2;0;0;0
20/10/2014;17:04:00;323;Acidente sem Vítima;265;BR-101/ES;Norte;Colisão Transversal;0;0;0;2;0;0;;;;;2;0;0;0;0
20/10/2014;22:54:00;442;Acidente com vítima;266;BR-101/ES;Norte;Colisão Lateral;1;0;0;1;0;0;;;;;1;0;1;0;0
20/10/2014;07:46:00;106;Acidente com vítima;269;BR-101/ES;Sul;Colisão Lateral;2;0;0;0;0;0;;;;;1;0;2;0;0
20/10/2014;08:14:00;114;Acidente sem Vítima;286;BR-101/ES;Norte;Colisão Traseira;2;0;0;0;0;0;;;;;2;0;0;0;0
20/10/2014;23:24:00;446;Acidente sem Vítima;287;BR-101/ES;Sul;Saída de Pista;1;0;0;0;0;0;;;;;1;0;0;0;0
20/10/2014;06:48:00;88;Acidente com vítima;401;BR-101/ES;Norte;Saída de Pista;0;0;1;0;0;0;;;;;0;0;1;0;0
20/10/2014;06:42:00;87;Acidente sem Vítima;407;BR-101/ES;Sul;Saída de Pista;0;0;2;0;0;0;;;;;1;0;0;0;0
20/10/2014;20:49:00;412;Acidente sem Vítima;452;BR-101/ES;Sul;Colisão Traseira;0;0;1;0;1;0;;;;;21;0;0;0;0
21/10/2014;09:21:00;131;Acidente sem Vítima;65,5;BR-101/ES;Sul;Colisão Traseira;1;0;1;0;0;0;;;;;2;0;0;0;0
21/10/2014;07:12:00;85;Acidente com vítima;67;BR-101/ES;Norte;Queda de Moto;0;0;0;1;0;0;;;;;1;1;0;0;0
21/10/2014;13:12:00;215;Acidente com vítima;164;BR-101/ES;Norte;Saída de Pista;1;0;0;0;0;0;;;;;1;0;0;1;0
21/10/2014;22:16:00;353;Acidente com vítima;171;BR-101/ES;Norte;Colisão Lateral;1;0;2;0;0;0;;;;;2;0;1;0;0
21/10/2014;13:58:00;224;Acidente com vítima;203;BR-101/ES;Norte;Colisão Transversal;1;0;0;1;0;0;;;;;1;2;0;0;0
21/10/2014;17:27:00;277;Acidente com vítima;214;BR-101/ES;Norte;Colisão Transversal;1;0;0;1;0;0;;;;;1;1;0;0;0
21/10/2014;05:45:00;67;Acidente com vítima;243;BR-101/ES;Sul;Colisão Lateral;1;0;2;0;0;0;;;;;2;1;0;0;0
21/10/2014;21:57:00;347;Acidente sem Vítima;269;BR-101/ES;Sul;Colisão Traseira;1;0;1;0;0;0;;;;;3;0;0;0;0
21/10/2014;11:06:00;172;Acidente sem Vítima;271;BR-101/ES;Sul;Colisão Transversal;1;0;1;0;0;0;;;;;4;0;0;0;0
21/10/2014;08:20:00;107;Acidente com vítima;304;BR-101/ES;Sul;Colisão Traseira;0;0;1;1;0;0;;;;;1;1;0;0;0
21/10/2014;17:49:00;284;Acidente sem Vítima;329;BR-101/ES;Norte;Saída de Pista;2;0;1;0;0;0;;;;;3;0;0;0;0
21/10/2014;19:30:00;301;Acidente sem Vítima;346;BR-101/ES;Sul;Abalroamento - Mesmo Sentido;0;0;5;0;0;0;;;;;2;0;0;0;0
21/10/2014;10:54:00;163;Acidente com Morte;360,7;BR-101/ES;Norte;Colisão Frontal;1;0;3;0;0;0;;;;;0;1;1;0;2
21/10/2014;10:56:00;166;Acidente sem Vítima;384,5;BR-101/ES;Norte;Saída de Pista;0;0;1;0;0;0;;;;;1;0;0;0;0
21/10/2014;15:29:00;238;Acidente com vítima;402,5;BR-101/ES;Norte;Colisão Transversal;0;0;2;0;0;0;;;;;1;0;0;1;0
21/10/2014;14:31:00;231;Acidente sem Vítima;430;BR-101/ES;Norte;Saída de Pista;0;0;2;0;0;0;;;;;3;0;0;0;0
21/10/2014;17:35:00;279;Acidente sem Vítima;445;BR-101/ES;Norte;Saída de Pista;0;0;2;0;0;0;;;;;1;0;0;0;0
21/10/2014;23:40:00;361;Acidente sem Vítima;445,5;BR-101/ES;Norte;Colisão Traseira;0;0;4;0;0;0;;;;;2;0;0;0;0
21/10/2014;11:44:00;189;Acidente com vítima;450;BR-101/ES;Sul;Queda de Moto;0;0;0;1;0;0;;;;;0;1;0;0;0
21/10/2014;14:12:00;230;Acidente com vítima;457;BR-101/ES;Norte;Saída de Pista;0;0;1;0;0;0;;;;;0;1;0;0;0
22/10/2014;17:10:00;284;Acidente com vítima;122,5;BR-101/ES;Sul;Colisão Transversal;2;0;0;0;0;0;;;;;2;1;0;0;0
22/10/2014;20:25:00;337;Acidente sem Vítima;143;BR-101/ES;Sul;Saída de Pista;3;0;0;0;0;0;;;;;3;0;0;0;0
22/10/2014;16:57:00;279;Acidente sem Vítima;166;BR-101/ES;Norte;Colisão Traseira;1;0;1;0;0;0;;;;;2;0;0;0;0
22/10/2014;04:15:00;44;Acidente sem Vítima;242,5;BR-101/ES;Sul;Atropelamento - Animal;1;0;0;0;0;0;;;;;1;0;0;0;0
22/10/2014;08:04:00;94;Acidente sem Vítima;255;BR-101/ES;Norte;Colisão Traseira;1;0;1;0;0;0;;;;;5;0;0;0;0
22/10/2014;00:02:00;1;Acidente sem Vítima;266;BR-101/ES;Sul;Colisão Transversal;0;0;2;0;0;0;;;;;2;0;0;0;0
22/10/2014;00:23:00;2;Acidente sem Vítima;267;BR-101/ES;Sul;Colisão Lateral;2;0;0;0;0;0;;;;;5;0;0;0;0
22/10/2014;18:47:00;305;Acidente sem Vítima;288;BR-101/ES;Sul;Colisão Lateral;1;0;2;0;0;0;;;;;2;0;0;0;0
22/10/2014;19:54:00;325;Acidente sem Vítima;399;BR-101/ES;Sul;Choque com Objeto Fixo;1;0;0;0;0;0;;;;;1;0;0;0;0
22/10/2014;20:21:00;335;Acidente sem Vítima;450;BR-101/ES;Norte;Choque;1;0;4;0;0;0;;;;;8;0;0;0;0
23/10/2014;20:03:00;331;Acidente com vítima;66;BR-101/ES;Sul;Colisão Transversal;1;0;0;1;0;0;;;;;1;0;2;0;0
23/10/2014;19:58:00;328;Acidente sem Vítima;84;BR-101/ES;Norte;Colisão Traseira;2;0;0;0;0;0;;;;;3;0;0;0;0
23/10/2014;19:16:00;312;Acidente sem Vítima;107;BR-101/ES;Norte;Colisão Traseira;1;0;0;0;1;0;;;;;27;0;0;0;0
23/10/2014;13:16:00;215;Acidente com Morte;227;BR-101/ES;Norte;Colisão Frontal;2;0;2;0;0;0;;;;;2;0;0;0;1
23/10/2014;16:13:00;252;Acidente sem Vítima;229;BR-101/ES;Norte;Colisão Traseira;2;0;0;0;0;0;;;;;2;0;0;0;0
23/10/2014;17:14:00;269;Acidente sem Vítima;230;BR-101/ES;Norte;Colisão Lateral;1;0;2;0;0;0;;;;;3;0;0;0;0
23/10/2014;08:51:00;108;Acidente sem Vítima;257;BR-101/ES;Sul;Colisão Traseira;1;0;1;0;0;0;;;;;2;0;0;0;0
23/10/2014;14:51:00;229;Acidente com vítima;260;BR-101/ES;Sul;Queda de Moto;0;0;1;1;0;0;;;;;1;1;0;0;0
23/10/2014;23:58:00;388;Acidente sem Vítima;262;BR-101/ES;Norte;Colisão Traseira;2;0;0;0;0;0;;;;;2;0;0;0;0
23/10/2014;20:17:00;336;Acidente sem Vítima;263;BR-101/ES;Sul;Choque com Objeto Fixo;1;0;0;1;0;0;;;;;4;0;0;0;0
23/10/2014;21:54:00;370;Acidente sem Vítima;265;BR-101/ES;Sul;Colisão Lateral;1;0;1;0;0;0;;;;;3;0;0;0;0
23/10/2014;11:57:00;187;Acidente com vítima;281;BR-101/ES;Sul;Queda de Moto;0;0;0;1;0;0;;;;;0;0;1;0;0
24/10/2014;06:17:00;73;Acidente sem Vítima;84,5;BR-101/ES;Sul;Colisão Lateral;0;0;3;1;0;0;;;;;2;0;0;0;0
24/10/2014;19:45:00;351;Acidente com vítima;121;BR-101/ES;Norte;Atropelamento - Animal;1;0;0;0;0;0;;;;;0;0;2;0;0
24/10/2014;18:35:00;332;Acidente com vítima;147;BR-101/ES;Norte;Colisão Lateral;1;0;0;1;0;0;;;;;1;2;0;0;0
24/10/2014;05:30:00;69;Acidente com vítima;219;BR-101/ES;Norte;Queda de Moto;1;0;0;0;0;0;;;;;0;1;0;0;0
24/10/2014;20:02:00;356;Acidente sem Vítima;262;BR-101/ES;Norte;Colisão Traseira;2;0;0;0;0;0;;;;;2;0;0;0;0
24/10/2014;21:42:00;382;Atropelamento sem Morte;262;BR-101/ES;Norte;Atropelamento;1;0;0;0;0;0;;;;;1;0;1;0;0
24/10/2014;16:36:00;302;Acidente sem Vítima;288;BR-101/ES;Norte;Colisão Traseira;1;0;1;0;0;0;;;;;2;0;0;0;0
24/10/2014;19:45:00;352;Acidente com vítima;294;BR-101/ES;Norte;Colisão Lateral;0;0;0;2;0;0;;;;;1;1;0;0;0
24/10/2014;12:37:00;222;Acidente sem Vítima;344;BR-101/ES;Sul;Colisão Traseira;0;0;3;0;0;0;;;;;5;0;0;0;0
24/10/2014;02:38:00;28;Acidente com vítima;460;BR-101/ES;Norte;Saída de Pista;0;0;2;0;0;0;;;;;0;0;1;0;0
25/10/2014;15:37:00;268;Acidente sem Vítima;134;BR-101/ES;Sul;Capotamento;1;0;0;0;0;0;;;;;1;0;0;0;0
25/10/2014;22:38:00;377;Acidente com vítima;146;BR-101/ES;Norte;Colisão Traseira;1;0;0;0;1;0;;;;;1;2;0;0;0
25/10/2014;05:13:00;52;Acidente com vítima;164;BR-101/ES;Norte;Colisão Frontal;1;0;4;0;0;0;;;;;1;1;0;0;0
25/10/2014;15:13:00;259;Acidente sem Vítima;256;BR-101/ES;Norte;Colisão Lateral;1;0;0;0;1;0;;;;;3;0;0;0;0
25/10/2014;22:19:00;376;Acidente com vítima;264,5;BR-101/ES;Norte;Colisão Traseira;2;0;0;0;0;0;;;;;2;1;0;0;0
25/10/2014;09:38:00;132;Acidente sem Vítima;266;BR-101/ES;Sul;Colisão Traseira;1;0;1;0;0;0;;;;;2;0;0;0;0
25/10/2014;10:58:00;174;Acidente com vítima;268;BR-101/ES;Norte;Queda de Moto;1;0;0;1;0;0;;;;;1;0;1;0;0
25/10/2014;19:09:00;321;Acidente sem Vítima;276;BR-101/ES;Sul;Capotamento;1;0;0;0;0;0;;;;;1;0;0;0;0
25/10/2014;04:29:00;48;Acidente sem Vítima;403;BR-101/ES;Norte;Colisão Lateral;1;0;0;0;1;0;;;;;3;0;0;0;0
26/10/2014;13:55:00;224;Acidente com vítima;17,5;BR-101/ES;Sul;Colisão Lateral;1;0;0;1;0;0;;;;;2;1;0;0;0
26/10/2014;03:58:00;42;Acidente sem Vítima;26;BR-101/ES;Sul;Saída de Pista;1;0;0;0;0;0;;;;;1;0;0;0;0
26/10/2014;20:15:00;334;Acidente com vítima;96;BR-101/ES;Sul;Choque com Objeto Fixo;0;0;0;1;0;0;;;;;1;1;0;0;0
26/10/2014;23:29:00;379;Acidente com vítima;126;BR-101/ES;Sul;Colisão Traseira;1;0;1;0;0;0;;;;;3;1;0;0;0
26/10/2014;22:12:00;363;Acidente com vítima;146;BR-101/ES;Norte;Colisão Traseira;3;0;0;0;0;0;;;;;6;2;0;0;0
26/10/2014;17:29:00;278;Acidente sem Vítima;149;BR-101/ES;Sul;Colisão Transversal;1;0;0;1;0;0;;;;;3;0;0;0;0
26/10/2014;18:24:00;289;Acidente sem Vítima;163;BR-101/ES;Norte;Saída de Pista;1;0;0;0;0;0;;;;;1;0;0;0;0
26/10/2014;19:41:00;319;Acidente com vítima;171;BR-101/ES;Norte;Queda de Moto;0;0;0;1;0;0;;;;;0;1;0;0;0