data;horario;n_da_ocorrencia;tipo_de_ocorrencia;km;trecho;sentido;tipo_de_acidente;automovel;bicicleta;caminhao;moto;onibus;outros;tracao_animal;transporte_de_cargas_especiais;trator_maquinas;utilitarios;ilesos;levemente_feridos;moderadamente_feridos;gravemente_feridos;mortos
07/11/2014;18:01:00;257;Acidente sem Vítima;213;BR-101/ES;Norte;Colisão Traseira;2;0;0;0;0;0;;;;;2;0;0;0;0
07/11/2014;22:31:00;321;Acidente com vítima;213;BR-101/ES;Sul;Queda de Moto;0;0;0;1;0;0;;;;;0;2;0;0;0
07/11/2014;11:16:00;139;Acidente sem Vítima;261;BR-101/ES;Sul;Saída de Pista;1;0;0;0;0;0;;;;;1;0;0;0;0
07/11/2014;11:13:00;135;Acidente sem Vítima;267;BR-101/ES;Sul;Queda de Moto;1;0;0;1;0;0;;;;;2;0;0;0;0
07/11/2014;22:47:00;324;Acidente com vítima;268;BR-101/ES;Norte;Colisão Traseira;1;0;0;1;0;0;;;;;1;1;0;0;0
07/11/2014;18:06:00;260;Acidente sem Vítima;270;BR-101/ES;Norte;Abalroamento - Mesmo Sentido;1;0;2;0;0;0;;;;;2;0;0;0;0
07/11/2014;18:09:00;263;Acidente sem Vítima;293;BR-101/ES;Sul;Colisão Lateral;1;0;1;0;0;0;;;;;3;0;0;0;0
07/11/2014;07:28:00;66;Acidente sem Vítima;299;BR-101/ES;Sul;Colisão Traseira;2;0;0;0;0;0;;;;;2;0;0;0;0
07/11/2014;13:46:00;195;Acidente sem Vítima;299;BR-101/ES;Norte;Colisão Traseira;1;0;1;0;0;0;;;;;3;0;0;0;0
07/11/2014;07:55:00;71;Acidente com vítima;368,5;BR-101/ES;Sul;Colisão Lateral;1;0;2;0;0;0;;;;;1;1;0;0;0
07/11/2014;18:42:00;267;Acidente sem Vítima;388;BR-101/ES;Norte;Colisão Traseira;1;0;2;0;0;0;;;;;6;0;0;0;0
08/11/2014;21:41:00;337;Acidente com vítima;143;BR-101/ES;Sul;Queda de Moto;0;0;0;1;0;0;;;;;0;1;0;0;0
08/11/2014;19:14:00;288;Atropelamento sem Morte;150;BR-101/ES;Sul;Atropelamento;0;0;0;1;0;0;;;;;0;1;1;0;0
08/11/2014;15:01:00;217;Acidente com vítima;265;BR-101/ES;Norte;Colisão Lateral;0;0;1;1;0;0;;;;;0;1;0;0;0
08/11/2014;15:49:00;228;Acidente com vítima;289;BR-101/ES;Sul;Colisão Lateral;1;0;0;1;0;0;;;;;1;1;0;0;0
08/11/2014;13:15:00;200;Acidente sem Vítima;296;BR-101/ES;Norte;Colisão Lateral;1;0;1;0;0;0;;;;;3;0;0;0;0
08/11/2014;17:10:00;250;Acidente sem Vítima;301;BR-101/ES;Sul;Colisão Traseira;2;0;0;0;0;0;;;;;3;0;0;0;0
08/11/2014;19:00:00;283;Acidente sem Vítima;442;BR-101/ES;Norte;Veículo em Chamas;0;0;2;0;0;0;;;;;1;0;0;0;0
08/11/2014;04:20:00;49;Acidente com vítima;947,9;BR-101/BA;Sul;Colisão Traseira;1;0;1;0;0;0;;;;;1;0;0;1;0
09/11/2014;00:03:00;1;Acidente sem Vítima;15;BR-101/ES;Sul;Colisão Traseira;2;0;0;0;0;0;;;;;3;0;0;0;0
09/11/2014;21:03:00;305;Acidente com vítima;23;BR-101/ES;Sul;Queda de Moto;0;0;0;1;0;0;;;;;0;0;1;0;0
09/11/2014;21:54:00;315;Acidente com vítima;94;BR-101/ES;Sul;Queda de Moto;0;0;0;1;0;0;;;;;0;2;0;0;0
09/11/2014;17:26:00;238;Acidente com vítima;125;BR-101/ES;Sul;Queda de ciclista;0;1;0;0;0;0;;;;;0;1;0;0;0
09/11/2014;22:22:00;317;Acidente sem Vítima;141;BR-101/ES;Norte;Saída de Pista;1;0;0;0;0;0;;;;;1;0;0;0;0
09/11/2014;17:31:00;241;Acidente com vítima;144;BR-101/ES;Norte;Colisão Traseira;1;0;0;1;0;0;;;;;2;1;0;0;0
09/11/2014;19:23:00;265;Acidente sem Vítima;147;BR-101/ES;Sul;Colisão Transversal;2;0;1;0;0;0;;;;;3;0;0;0;0
09/11/2014;21:07:00;307;Acidente com vítima;163;BR-101/ES;Sul;Queda de Moto;0;0;0;1;0;0;;;;;0;1;0;0;0
09/11/2014;12:39:00;174;Atropelamento sem Morte;206;BR-101/ES;Norte;Atropelamento;0;0;2;0;0;0;;;;;1;0;0;1;0
09/11/2014;12:24:00;167;Acidente sem Vítima;335;BR-101/ES;Sul;Tombamento;0;0;2;0;0;0;;;;;1;0;0;0;0
09/11/2014;12:27:00;169;Acidente com vítima;354;BR-101/ES;Norte;Colisão Traseira;2;0;0;0;0;0;;;;;3;1;0;0;0
10/11/2014;07:25:00;55;Acidente sem Vítima;6;BR-101/ES;Norte;Saída de Pista;1;0;0;0;0;0;;;;;1;0;0;0;0
10/11/2014;17:05:00;227;Acidente com vítima;144;BR-101/ES;Sul;Colisão Traseira;1;0;0;1;0;0;;;;;2;1;0;0;0
10/11/2014;11:09:00;121;Acidente sem Vítima;144,5;BR-101/ES;Sul;Colisão Traseira;2;0;0;0;0;0;;;;;5;0;0;0;0
10/11/2014;06:07:00;42;Acidente sem Vítima;188;BR-101/ES;Sul;Colisão Lateral;0;0;7;0;0;0;;;;;3;0;0;0;0
10/11/2014;15:25:00;201;Acidente com Morte;215,6;BR-101/ES;Sul;Colisão Lateral;2;0;2;0;0;0;;;;;3;0;0;0;1
10/11/2014;00:04:00;1;Acidente com Morte;230,8;BR-101/ES;Norte;Colisão Frontal;2;0;2;0;0;0;;;;;4;0;1;0;2
10/11/2014;11:31:00;133;Acidente sem Vítima;241;BR-101/ES;Norte;Colisão Lateral;0;0;4;0;0;0;;;;;3;0;0;0;0
10/11/2014;16:34:00;213;Acidente sem Vítima;265;BR-101/ES;Norte;Tombamento;0;0;1;0;0;0;;;;;1;0;0;0;0
10/11/2014;12:47:00;165;Acidente com vítima;291;BR-101/ES;Sul;Colisão Traseira;0;0;2;1;0;0;;;;;1;0;1;0;0
11/11/2014;12:45:00;176;Acidente com vítima;37;BR-101/ES;Norte;Colisão Transversal;1;0;1;0;0;0;;;;;1;1;0;0;0
11/11/2014;08:36:00;79;Acidente com vítima;144;BR-101/ES;Sul;Colisão Traseira;1;0;0;1;0;0;;;;;0;1;0;0;0
11/11/2014;08:16:00;72;Acidente com vítima;144,3;BR-101/ES;Sul;Queda de Moto;1;0;0;1;0;0;;;;;1;1;0;0;0
11/11/2014;01:32:00;17;Acidente com vítima;233;BR-101/ES;Norte;Saída de Pista;1;0;0;0;0;0;;;;;0;0;1;0;0
11/11/2014;16:54:00;236;Acidente com vítima;237;BR-101/ES;Norte;Tombamento;0;0;1;0;0;0;;;;;1;1;0;0;0
11/11/2014;16:21:00;227;Acidente sem Vítima;261;BR-101/ES;Sul;Colisão Traseira;1;0;2;0;0;0;;;;;2;0;0;0;0
11/11/2014;20:35:00;300;Acidente com Morte;268;BR-101/ES;Sul;Colisão Lateral;0;0;1;1;0;0;;;;;1;0;1;0;1
11/11/2014;11:35:00;153;Acidente sem Vítima;269;BR-101/ES;Sul;Engavetamento;3;0;0;0;0;0;;;;;4;0;0;0;0
11/11/2014;06:07:00;47;Atropelamento sem Morte;270;BR-101/ES;Sul;Atropelamento;1;0;0;0;0;0;;;;;1;1;0;0;0
11/11/2014;11:15:00;146;Acidente com vítima;270;BR-101/ES;Sul;Colisão Transversal;0;0;2;0;1;0;;;;;3;1;0;0;0
11/11/2014;21:35:00;318;Acidente sem Vítima;277;BR-101/ES;Sul;Tombamento;0;0;1;0;0;0;;;;;1;0;0;0;0
11/11/2014;16:40:00;233;Acidente sem Vítima;291;BR-101/ES;Norte;Engavetamento;4;0;0;0;0;0;;;;;5;0;0;0;0
11/11/2014;14:23:00;204;Acidente sem Vítima;393;BR-101/ES;Norte;Colisão Lateral;2;0;0;0;0;0;;;;;4;0;0;0;0
11/11/2014;10:05:00;114;Acidente sem Vítima;402;BR-101/ES;Norte;Colisão Lateral;1;0;0;0;1;0;;;;;3;0;0;0;0
12/11/2014;18:03:00;285;Acidente sem Vítima;69;BR-101/ES;Norte;Colisão Traseira;0;0;1;1;0;0;;;;;5;0;0;0;0
12/11/2014;09:48:00;127;Acidente com vítima;70;BR-101/ES;Norte;Colisão Transversal;2;0;0;1;0;0;;;;;1;2;2;0;0
12/11/2014;07:49:00;81;Acidente com vítima;149;BR-101/ES;Sul;Queda de Moto;0;0;1;1;0;0;;;;;1;1;0;0;0
12/11/2014;17:44:00;279;Acidente com vítima;160;BR-101/ES;Norte;Colisão Frontal;2;0;0;0;0;0;;;;;2;0;2;0;0
12/11/2014;16:13:00;252;Acidente com vítima;164;BR-101/ES;Norte;Queda de Moto;1;0;0;0;0;0;;;;;0;1;0;0;0
12/11/2014;09:37:00;124;Acidente sem Vítima;176;BR-101/ES;Sul;Colisão Traseira;1;0;1;0;0;0;;;;;4;0;0;0;0
12/11/2014;14:55:00;228;Acidente sem Vítima;222;BR-101/ES;Norte;Saída de Pista;1;0;0;0;0;0;;;;;2;0;0;0;0
12/11/2014;19:52:00;311;Acidente sem Vítima;240;BR-101/ES;Norte;Colisão Lateral;2;0;0;0;0;0;;;;;2;0;0;0;0
12/11/2014;20:27:00;327;Acidente com vítima;269;BR-101/ES;Norte;Choque com Veículo Estacionado;1;0;1;0;0;0;;;;;1;1;0;0;0
12/11/2014;19:16:00;300;Acidente sem Vítima;291;BR-101/ES;Sul;Colisão Traseira;2;0;0;0;0;0;;;;;2;0;0;0;0
12/11/2014;00:03:00;1;Acidente com vítima;318;BR-101/ES;Sul;Colisão Frontal;0;0;3;0;0;0;;;;;0;2;1;0;0
12/11/2014;11:44:00;165;Acidente com vítima;318;BR-101/ES;Norte;Queda de Moto;0;0;0;1;0;0;;;;;1;1;0;0;0
12/11/2014;15:55:00;244;Acidente com vítima;377;BR-101/ES;Sul;Queda de Moto;2;0;0;0;0;0;;;;;1;1;0;0;0
12/11/2014;10:09:00;136;Acidente sem Vítima;399;BR-101/ES;Norte;Colisão Traseira;0;0;3;0;0;0;;;;;2;0;0;0;0
12/11/2014;12:04:00;179;Acidente com vítima;413;BR-101/ES;Norte;Colisão Traseira;0;0;2;0;1;0;;;;;1;1;0;0;0
12/11/2014;13:39:00;211;Acidente com vítima;458;BR-101/ES;Norte;Tombamento;0;0;1;0;0;0;;;;;0;1;0;0;0
13/11/2014;18:04:00;301;Acidente com vítima;37;BR-101/ES;Sul;Saída de Pista;1;0;1;0;0;0;;;;;1;1;0;0;0
13/11/2014;12:45:00;211;Acidente com vítima;70;BR-101/ES;Sul;Colisão Lateral;1;0;0;1;0;0;;;;;1;1;0;0;0
13/11/2014;09:22:00;123;Acidente sem Vítima;108;BR-101/ES;Norte;Veículo em Chamas;0;0;2;0;0;0;;;;;1;0;0;0;0
13/11/2014;17:26:00;292;Acidente sem Vítima;150;BR-101/ES;Sul;Colisão Traseira;2;0;0;0;0;0;;;;;4;0;0;0;0
13/11/2014;14:56:00;255;Acidente sem Vítima;221;BR-101/ES;Sul;Queda de Moto;0;0;0;1;0;0;;;;;1;0;0;0;0
13/11/2014;11:59:00;191;Acidente sem Vítima;228;BR-101/ES;Sul;Saída de Pista;1;0;1;0;0;0;;;;;2;0;0;0;0
13/11/2014;20:35:00;340;Acidente sem Vítima;237;BR-101/ES;Sul;Choque;0;0;2;0;0;0;;;;;2;0;0;0;0
13/11/2014;18:13:00;304;Acidente sem Vítima;262;BR-101/ES;Norte;Colisão Traseira;1;0;1;0;0;0;;;;;3;0;0;0;0
13/11/2014;06:31:00;66;Acidente sem Vítima;266;BR-101/ES;Sul;Colisão Lateral;1;0;1;0;0;0;;;;;2;0;0;0;0
13/11/2014;23:09:00;368;Acidente sem Vítima;268;BR-101/ES;Sul;Engavetamento;2;0;1;0;0;0;;;;;5;0;0;0;0
13/11/2014;08:24:00;102;Acidente sem Vítima;270,5;BR-101/ES;Sul;Colisão Traseira;0;0;4;1;0;0;;;;;2;0;0;0;0
13/11/2014;20:10:00;330;Acidente sem Vítima;275;BR-101/ES;Norte;Choque com Objeto Fixo;1;0;0;0;0;0;;;;;1;0;0;0;0
13/11/2014;16:14:00;276;Acidente com vítima;285;BR-101/ES;Sul;Colisão Traseira;1;0;1;0;1;0;;;;;3;1;0;0;0
13/11/2014;14:56:00;254;Acidente sem Vítima;287;BR-101/ES;Sul;Saída de Pista;1;0;4;0;0;0;;;;;4;0;0;0;0
13/11/2014;23:47:00;373;Acidente sem Vítima;297;BR-101/ES;Norte;Colisão Traseira;2;0;0;0;0;0;;;;;2;0;0;0;0
13/11/2014;09:33:00;128;Acidente com vítima;298;BR-101/ES;Sul;Colisão Lateral;2;0;0;0;0;0;;;;;2;1;0;0;0
13/11/2014;15:56:00;270;Acidente sem Vítima;329;BR-101/ES;Norte;Saída de Pista;0;0;1;0;0;0;;;;;2;0;0;0;0
13/11/2014;14:52:00;253;Acidente sem Vítima;337;BR-101/ES;Norte;Saída de Pista;0;0;1;0;0;0;;;;;1;0;0;0;0
13/11/2014;07:13:00;74;Acidente sem Vítima;349;BR-101/ES;Sul;Tombamento;0;0;2;0;0;0;;;;;1;0;0;0;0
13/11/2014;12:01:00;193;Acidente sem Vítima;366,2;BR-101/ES;Norte;Saída de Pista;0;0;2;0;0;0;;;;;1;0;0;0;0
13/11/2014;20:44:00;343;Acidente com vítima;415;BR-101/ES;Norte;Queda de Moto;0;0;0;1;0;0;;;;;0;1;0;0;0
13/11/2014;16:13:00;275;Acidente com vítima;438;BR-101/ES;Sul;Saída de Pista;0;0;1;0;0;0;;;;;0;4;0;0;0
13/11/2014;20:54:00;346;Acidente sem Vítima;448;BR-101/ES;Norte;Tombamento;0;0;1;0;0;0;;;;;1;0;0;0;0
13/11/2014;18:09:00;303;Acidente com vítima;460;BR-101/ES;Sul;Colisão Lateral;2;0;2;0;0;0;;;;;3;1;0;0;0
14/11/2014;16:48:00;216;Acidente sem Vítima;32,5;BR-101/ES;Sul;Colisão Transversal;2;0;0;0;0;0;;;;;2;0;0;0;0
14/11/2014;09:38:00;91;Acidente sem Vítima;107;BR-101/ES;Sul;Colisão Traseira;2;0;1;0;0;0;;;;;4;0;0;0;0
14/11/2014;13:18:00;160;Acidente sem Vítima;145;BR-101/ES;Norte;Colisão Traseira;0;0;0;1;1;0;;;;;2;0;0;0;0
14/11/2014;10:21:00;106;Acidente sem Vítima;174;BR-101/ES;Norte;Capotamento;1;0;0;0;0;0;;;;;1;0;0;0;0
14/11/2014;17:59:00;236;Acidente sem Vítima;216;BR-101/ES;Sul;Choque;2;0;0;0;0;0;;;;;3;0;0;0;0
14/11/2014;20:59:00;284;Acidente sem Vítima;249;BR-101/ES;Sul;Queda de Moto;0;0;0;1;0;0;;;;;2;0;0;0;0
14/11/2014;10:24:00;107;Acidente sem Vítima;258;BR-101/ES;Norte;Colisão Traseira;2;0;0;0;0;0;;;;;2;0;0;0;0
14/11/2014;10:44:00;115;Acidente sem Vítima;258;BR-101/ES;Norte;Saída de Pista;1;0;0;0;0;0;;;;;1;0;0;0;0
14/11/2014;23:48:00;311;Acidente sem Vítima;266;BR-101/ES;Norte;Colisão Lateral;0;0;1;0;0;0;;;;;2;0;0;0;0
14/11/2014;18:33:00;240;Acidente sem Vítima;270;BR-101/ES;Sul;Colisão Traseira;1;0;1;0;0;0;;;;;2;0;0;0;0
14/11/2014;11:16:00;125;Acidente sem Vítima;282;BR-101/ES;Norte;Choque com Objeto Fixo;2;0;2;0;0;0;;;;;4;0;0;0;0
14/11/2014;07:41:00;66;Acidente sem Vítima;293;BR-101/ES;Norte;Colisão Traseira;1;0;1;0;0;0;;;;;2;0;0;0;0
14/11/2014;10:10:00;105;Acidente sem Vítima;333;BR-101/ES;Norte;Colisão Traseira;2;0;0;0;0;0;;;;;3;0;0;0;0
14/11/2014;01:14:00;8;Acidente sem Vítima;335;BR-101/ES;Sul;Veículo em Chamas;1;0;0;0;0;0;;;;;1;0;0;0;0
14/11/2014;16:16:00;204;Acidente sem Vítima;394;BR-101/ES;Norte;Colisão Lateral;2;0;4;0;0;0;;;;;7;0;0;0;0
14/11/2014;08:24:00;75;Acidente com vítima;401;BR-101/ES;Norte;Colisão Transversal;0;0;5;0;0;0;;;;;0;3;1;0;0
14/11/2014;18:52:00;242;Acidente com vítima;407;BR-101/ES;Norte;Colisão Frontal;2;0;0;0;0;0;;;;;0;1;2;1;0
14/11/2014;05:42:00;46;Acidente com vítima;436;BR-101/ES;Norte;Capotamento;1;0;0;0;0;0;;;;;0;0;3;0;0
14/11/2014;03:29:00;27;Acidente sem Vítima;444;BR-101/ES;Norte;Colisão Frontal;1;0;4;0;0;0;;;;;3;0;0;0;0
14/11/2014;21:10:00;286;Acidente sem Vítima;946,4;BR-101/BA;Norte;Colisão Lateral;1;0;3;0;0;0;;;;;2;0;0;0;0
15/11/2014;05:29:00;57;Acidente com vítima;9;BR-101/ES;Sul;Queda de Moto;0;0;0;1;0;0;;;;;0;1;0;0;0
15/11/2014;17:50:00;249;Acidente sem Vítima;25;BR-101/ES;Norte;Colisão Traseira;2;0;0;0;0;0;;;;;5;0;0;0;0
15/11/2014;06:37:00;64;Acidente sem Vítima;125;BR-101/ES;Norte;Colisão Traseira;2;0;0;0;0;0;;;;;7;0;0;0;0
15/11/2014;19:23:00;270;Acidente com vítima;195;BR-101/ES;Sul;Queda de Moto;1;0;0;0;0;0;;;;;0;1;0;0;0
15/11/2014;23:10:00;307;Acidente sem Vítima;258;BR-101/ES;Norte;Colisão Frontal;1;0;0;1;0;0;;;;;2;0;0;0;0
15/11/2014;12:18:00;174;Acidente sem Vítima;263;BR-101/ES;Norte;Atropelamento - Equino;1;0;0;0;0;0;;;;;2;0;0;0;0
15/11/2014;14:41:00;207;Acidente sem Vítima;264;BR-101/ES;Sul;Colisão Lateral;2;0;0;0;0;0;;;;;2;0;0;0;0
15/11/2014;23:23:00;308;Acidente sem Vítima;269;BR-101/ES;Sul;Colisão Lateral;1;0;1;0;0;0;;;;;2;0;0;0;0
15/11/2014;11:30:00;155;Acidente sem Vítima;293;BR-101/ES;Norte;Colisão Traseira;1;0;1;0;0;0;;;;;2;0;0;0;0
15/11/2014;01:38:00;17;Acidente sem Vítima;337;BR-101/ES;Sul;Colisão Lateral;1;0;1;0;0;0;;;;;4;0;0;0;0
15/11/2014;09:37:00;106;Acidente sem Vítima;399;BR-101/ES;Sul;Colisão Traseira;0;0;6;0;0;0;;;;;2;0;0;0;0
15/11/2014;01:20:00;13;Acidente com Morte;401;BR-101/ES;Norte;Queda de Moto;0;0;2;1;0;0;;;;;1;0;0;0;1
16/11/2014;21:11:00;277;Acidente com Morte;101,8;BR-101/ES;Sul;Choque com Objeto Fixo;1;0;0;0;0;0;;;;;0;1;0;0;1
16/11/2014;04:58:00;50;Acidente com vítima;140;BR-101/ES;Norte;Colisão Traseira;2;0;0;0;0;0;;;;;2;1;0;0;0
16/11/2014;13:29:00;158;Acidente com vítima;146;BR-101/ES;Sul;Colisão Traseira;1;0;0;1;0;0;;;;;1;1;0;0;0
16/11/2014;18:54:00;234;Acidente sem Vítima;156;BR-101/ES;Sul;Saída de Pista;1;0;0;0;0;0;;;;;4;0;0;0;0
16/11/2014;18:04:00;221;Acidente sem Vítima;246;BR-101/ES;Norte;Colisão Transversal;2;0;0;0;0;0;;;;;5;0;0;0;0
16/11/2014;13:53:00;165;Acidente sem Vítima;255;BR-101/ES;Sul;Colisão Traseira;2;0;0;0;0;0;;;;;2;0;0;0;0
16/11/2014;19:35:00;244;Acidente sem Vítima;287;BR-101/ES;Norte;Colisão Lateral;2;0;0;0;0;0;;;;;6;0;0;0;0
16/11/2014;12:03:00;135;Acidente com vítima;290;BR-101/ES;Sul;Saída de Pista;1;0;0;0;0;0;;;;;0;0;1;0;0
16/11/2014;13:27:00;157;Acidente sem Vítima;448;BR-101/ES;Norte;Saída de Pista;1;0;0;1;0;0;;;;;2;0;0;0;0
17/11/2014;22:46:00;329;Acidente sem Vítima;67;BR-101/ES;Norte;Colisão Transversal;2;0;0;0;0;0;;;;;3;0;0;0;0
17/11/2014;18:37:00;267;Acidente com vítima;89;BR-101/ES;Norte;Colisão Transversal;0;0;0;1;1;0;;;;;1;0;0;1;0
17/11/2014;15:50:00;225;Acidente sem Vítima;115;BR-101/ES;Norte;Colisão Traseira;3;0;0;0;0;0;;;;;5;0;0;0;0
17/11/2014;06:57:00;60;Acidente com vítima;144;BR-101/ES;Norte;Queda de Moto;0;0;0;1;0;0;;;;;1;1;0;0;0
17/11/2014;14:05:00;193;Acidente sem Vítima;145;BR-101/ES;Sul;Colisão Traseira;2;0;0;0;0;0;;;;;2;0;0;0;0
17/11/2014;17:24:00;254;Acidente com vítima;154;BR-101/ES;Norte;Colisão Traseira;1;0;1;0;0;0;;;;;1;2;0;0;0
17/11/2014;16:26:00;235;Acidente sem Vítima;179;BR-101/ES;Norte;Abalroamento - Mesmo Sentido;0;0;10;0;0;0;;;;;3;0;0;0;0
17/11/2014;12:56:00;175;Acidente sem Vítima;252;BR-101/ES;Sul;Saída de Pista;1;0;1;0;0;0;;;;;2;0;0;0;0
17/11/2014;20:55:00;302;Acidente com vítima;265;BR-101/ES;Sul;Atropelamento e Fuga;0;0;0;0;1;0;;;;;0;0;1;0;0
17/11/2014;08:56:00;100;Acidente com vítima;269;BR-101/ES;Norte;Queda de Moto;0;0;1;1;0;0;;;;;1;2;0;0;0
17/11/2014;11:20:00;143;Acidente sem Vítima;290;BR-101/ES;Norte;Colisão Traseira;2;0;0;0;0;0;;;;;2;0;0;0;0
17/11/2014;04:08:00;42;Acidente sem Vítima;352;BR-101/ES;Norte;Saída de Pista;0;0;1;0;0;0;;;;;1;0;0;0;0
17/11/2014;06:58:00;61;Acidente sem Vítima;399;BR-101/ES;Norte;Colisão Traseira;1;0;2;0;0;0;;;;;2;0;0;0;0
17/11/2014;18:22:00;259;Acidente sem Vítima;412;BR-101/ES;Sul;Capotamento;1;0;0;0;0;0;;;;;3;0;0;0;0
18/11/2014;10:53:00;147;Acidente com vítima;85,8;BR-101/ES;Sul;Colisão Traseira;0;0;1;1;0;0;;;;;1;2;0;0;0
18/11/2014;08:27:00;107;Acidente sem Vítima;145;BR-101/ES;Sul;Colisão Transversal;1;0;0;1;0;0;;;;;2;0;0;0;0
18/11/2014;15:31:00;240;Acidente sem Vítima;150;BR-101/ES;Sul;Colisão Lateral;1;0;4;0;0;0;;;;;2;0;0;0;0
18/11/2014;10:18:00;139;Acidente sem Vítima;150,5;BR-101/ES;Sul;Choque com Objeto Fixo;0;0;2;0;0;0;;;;;1;0;0;0;0
18/11/2014;09:23:00;121;Acidente com vítima;205;BR-101/ES;Sul;Colisão Lateral;1;0;1;0;0;0;;;;;1;1;0;0;0
18/11/2014;13:56:00;219;Acidente sem Vítima;229;BR-101/ES;Norte;Colisão Lateral;1;0;2;0;0;0;;;;;4;0;0;0;0
18/11/2014;12:19:00;186;Acidente sem Vítima;258,5;BR-101/ES;Norte;Colisão Traseira;1;0;0;0;1;0;;;;;3;0;0;0;0
18/11/2014;16:21:00;251;Acidente com vítima;261;BR-101/ES;Norte;Queda de Moto;0;0;0;1;0;0;;;;;0;1;0;0;0
18/11/2014;18:40:00;288;Acidente sem Vítima;262;BR-101/ES;Sul;Engavetamento;3;0;0;0;0;0;;;;;5;0;0;0;0
18/11/2014;21:39:00;349;Acidente com vítima;263;BR-101/ES;Norte;Colisão Traseira;0;0;1;0;1;0;;;;;2;12;1;0;0
18/11/2014;09:56:00;132;Acidente sem Vítima;267;BR-101/ES;Norte;Colisão Lateral;1;0;0;0;1;0;;;;;4;0;0;0;0
18/11/2014;15:57:00;244;Acidente sem Vítima;269;BR-101/ES;Norte;Colisão Traseira;1;0;2;0;0;0;;;;;2;0;0;0;0
18/11/2014;06:48:00;64;Acidente sem Vítima;273;BR-101/ES;Sul;Veículo em Chamas;1;0;0;0;0;0;;;;;1;0;0;0;0
18/11/2014;08:23:00;102;Acidente sem Vítima;291;BR-101/ES;Norte;Veículo em Chamas;0;0;4;0;0;0;;;;;1;0;0;0;0
18/11/2014;14:58:00;235;Acidente com vítima;301;BR-101/ES;Norte;Queda de Moto;0;0;1;1;0;0;;;;;1;0;1;0;0
18/11/2014;18:51:00;293;Acidente com vítima;324;BR-101/ES;Sul;Saída de Pista;0;0;1;0;0;0;;;;;0;1;0;0;0
18/11/2014;06:26:00;59;Acidente sem Vítima;336;BR-101/ES;Sul;Engavetamento;0;0;8;0;1;0;;;;;6;0;0;0;0
19/11/2014;14:23:00;210;Acidente sem Vítima;93;BR-101/ES;Sul;Saída de Pista;1;0;0;0;0;0;;;;;1;0;0;0;0
19/11/2014;22:23:00;322;Acidente com vítima;203;BR-101/ES;Sul;Queda de Moto;0;0;0;1;0;0;;;;;0;1;0;0;0
19/11/2014;07:52:00;70;Acidente sem Vítima;266;BR-101/ES;Norte;Colisão Lateral;1;0;2;0;0;0;;;;;2;0;0;0;0
19/11/2014;18:50:00;275;Acidente sem Vítima;270;BR-101/ES;Sul;Colisão Traseira;1;0;2;0;0;0;;;;;2;0;0;0;0
19/11/2014;08:12:00;81;Acidente sem Vítima;270,5;BR-101/ES;Sul;Colisão Lateral;1;0;2;1;0;0;;;;;3;0;0;0;0
19/11/2014;19:25:00;280;Acidente com vítima;278;BR-101/ES;Sul;Queda de Moto;0;0;0;1;0;0;;;;;0;1;0;0;0
19/11/2014;17:51:00;263;Acidente sem Vítima;296;BR-101/ES;Sul;Colisão Traseira;1;0;1;0;0;0;;;;;2;0;0;0;0
19/11/2014;13:27:00;195;Acidente sem Vítima;307;BR-101/ES;Norte;Colisão Traseira;2;0;0;0;0;0;;;;;2;0;0;0;0
19/11/2014;05:11:00;45;Acidente sem Vítima;321;BR-101/ES;Sul;Colisão Traseira;0;0;4;0;0;0;;;;;2;0;0;0;0
20/11/2014;07:43:00;82;Acidente sem Vítima;13,6;BR-101/ES;Norte;Saída de Pista;0;0;2;0;0;0;;;;;1;0;0;0;0
20/11/2014;13:06:00;190;Acidente sem Vítima;61,5;BR-101/ES;Sul;Colisão Traseira;0;0;1;0;1;0;;;;;3;0;0;0;0
20/11/2014;19:54:00;316;Acidente com vítima;139;BR-101/ES;Norte;Colisão Traseira;1;0;0;1;0;0;;;;;1;0;1;0;0
20/11/2014;07:53:00;83;Acidente sem Vítima;144;BR-101/ES;Norte;Colisão Traseira;2;0;0;0;0;0;;;;;2;0;0;0;0
20/11/2014;22:16:00;360;Acidente com vítima;149;BR-101/ES;Sul;Colisão Traseira;1;0;0;1;0;0;;;;;1;1;0;0;0
20/11/2014;14:33:00;219;Acidente sem Vítima;163;BR-101/ES;Norte;Saída de Pista;1;0;0;0;0;0;;;;;1;0;0;0;0
20/11/2014;07:22:00;72;Acidente sem Vítima;265;BR-101/ES;Sul;Engavetamento;3;0;0;0;0;0;;;;;3;0;0;0;0
20/11/2014;07:41:00;80;Acidente sem Vítima;265;BR-101/ES;Sul;Colisão Traseira;0;0;0;2;0;0;;;;;2;0;0;0;0
20/11/2014;08:59:00;99;Acidente sem Vítima;267;BR-101/ES;Sul;Colisão Lateral;1;0;1;0;0;0;;;;;2;0;0;0;0
20/11/2014;10:47:00;125;Acidente com vítima;268;BR-101/ES;Sul;Queda de Moto;1;0;0;1;0;0;;;;;0;1;0;0;0
20/11/2014;21:30:00;348;Acidente sem Vítima;270;BR-101/ES;Sul;Colisão Traseira;1;0;2;0;0;0;;;;;2;0;0;0;0
20/11/2014;07:35:00;77;Acidente sem Vítima;310,5;BR-101/ES;Sul;Colisão Transversal;2;0;0;0;0;0;;;;;3;0;0;0;0
20/11/2014;05:50:00;62;Acidente sem Vítima;332;BR-101/ES;Sul;Colisão Lateral;1;0;2;0;0;0;;;;;2;0;0;0;0