data;horario;n_da_ocorrencia;tipo_de_ocorrencia;km;trecho;sentido;tipo_de_acidente;automovel;bicicleta;caminhao;moto;onibus;outros;tracao_animal;transporte_de_cargas_especiais;trator_maquinas;utilitarios;ilesos;levemente_feridos;moderadamente_feridos;gravemente_feridos;mortos
03/12/2014;14:43:00;233;Acidente sem Vítima;420;BR-101/ES;Sul;Saída de Pista;0;0;3;0;0;0;;;;;2;0;0;0;0
04/12/2014;22:41:00;384;Acidente com vítima;144;BR-101/ES;Norte;Colisão Traseira;2;0;0;1;0;0;;;;;3;2;0;0;0
04/12/2014;18:52:00;321;Acidente sem Vítima;147;BR-101/ES;Norte;Colisão Traseira;1;0;1;0;0;0;;;;;2;0;0;0;0
04/12/2014;17:54:00;304;Acidente sem Vítima;148;BR-101/ES;Norte;Colisão Traseira;1;0;2;0;0;0;;;;;3;0;0;0;0
04/12/2014;10:39:00;162;Acidente com vítima;149,9;BR-101/ES;Norte;Colisão Transversal;1;0;0;1;0;0;;;;;2;1;0;0;0
04/12/2014;22:05:00;379;Acidente sem Vítima;215;BR-101/ES;Sul;Colisão Traseira;1;0;0;0;1;0;;;;;2;0;0;0;0
04/12/2014;18:48:00;318;Acidente sem Vítima;224;BR-101/ES;Norte;Colisão Traseira;1;0;0;0;1;0;;;;;4;0;0;0;0
04/12/2014;10:52:00;168;Acidente sem Vítima;250;BR-101/ES;Sul;Colisão Traseira;2;0;0;0;0;0;;;;;2;0;0;0;0
04/12/2014;07:42:00;88;Acidente com vítima;253;BR-101/ES;Sul;Colisão Transversal;2;0;0;0;0;0;;;;;1;1;0;1;0
04/12/2014;17:33:00;301;Acidente sem Vítima;264;BR-101/ES;Norte;Colisão Traseira;1;0;0;0;0;0;;;;;1;0;0;0;0
04/12/2014;11:53:00;196;Acidente sem Vítima;268,6;BR-101/ES;Norte;Queda de Moto;1;0;0;1;0;0;;;;;2;0;0;0;0
04/12/2014;20:50:00;356;Atropelamento sem Morte;291;BR-101/ES;Sul;Atropelamento;1;0;0;0;0;0;;;;;1;1;0;0;0
04/12/2014;12:38:00;218;Acidente sem Vítima;294;BR-101/ES;Norte;Colisão Traseira;2;0;1;0;0;0;;;;;3;0;0;0;0
04/12/2014;08:05:00;96;Acidente sem Vítima;321;BR-101/ES;Sul;Colisão Traseira;0;0;2;0;0;0;;;;;2;0;0;0;0
04/12/2014;16:16:00;275;Acidente sem Vítima;371;BR-101/ES;Norte;Colisão Transversal;1;0;2;0;0;0;;;;;3;0;0;0;0
04/12/2014;21:21:00;362;Acidente sem Vítima;377;BR-101/ES;Sul;Colisão Traseira;1;0;2;0;0;0;;;;;2;0;0;0;0
04/12/2014;15:29:00;259;Acidente sem Vítima;414;BR-101/ES;Norte;Tombamento;0;0;2;0;0;0;;;;;1;0;0;0;0
04/12/2014;22:36:00;383;Acidente sem Vítima;441;BR-101/ES;Sul;Saída de Pista;1;0;0;0;0;0;;;;;1;0;0;0;0
05/12/2014;19:38:00;363;Acidente sem Vítima;24;BR-101/ES;Sul;Colisão Frontal;1;0;3;0;0;0;;;;;3;0;0;0;0
05/12/2014;17:21:00;317;Acidente com vítima;33;BR-101/ES;Norte;Colisão Lateral;1;0;0;1;0;0;;;;;1;1;0;0;0
05/12/2014;04:25:00;56;Acidente com vítima;119;BR-101/ES;Norte;Saída de Pista;0;0;1;0;0;0;;;;;1;0;1;0;0
05/12/2014;04:20:00;54;Acidente com Morte;132;BR-101/ES;Sul;Colisão Frontal;1;0;0;1;0;0;;;;;0;1;0;0;1
05/12/2014;14:50:00;267;Acidente com vítima;149;BR-101/ES;Norte;Atropelamento e Fuga;0;0;0;1;0;0;;;;;0;0;1;0;0
05/12/2014;15:30:00;276;Acidente com vítima;203;BR-101/ES;Sul;Colisão Lateral;1;0;0;1;0;0;;;;;1;1;0;0;0
05/12/2014;11:58:00;207;Acidente sem Vítima;208;BR-101/ES;Sul;Engavetamento;1;0;3;0;0;0;;;;;4;0;0;0;0
05/12/2014;13:47:00;248;Acidente com Morte;259;BR-101/ES;Norte;Colisão Lateral;3;0;2;0;0;0;;;;;6;0;0;0;1
05/12/2014;16:48:00;309;Acidente com vítima;261;BR-101/ES;Sul;Colisão Traseira;1;0;0;1;0;0;;;;;1;1;0;0;0
05/12/2014;10:28:00;166;Acidente sem Vítima;264;BR-101/ES;Norte;Colisão Lateral;0;0;1;0;1;0;;;;;2;0;0;0;0
05/12/2014;07:47:00;91;Acidente com vítima;266;BR-101/ES;Sul;Colisão Lateral;1;0;0;1;0;0;;;;;1;1;0;0;0
05/12/2014;07:55:00;95;Acidente com vítima;266;BR-101/ES;Norte;Colisão Lateral;0;0;1;1;0;0;;;;;1;1;0;0;0
05/12/2014;04:21:00;55;Acidente com vítima;268;BR-101/ES;Sul;Colisão Lateral;1;0;2;0;0;0;;;;;1;0;1;0;0
05/12/2014;05:41:00;66;Acidente sem Vítima;268;BR-101/ES;Sul;Colisão Lateral;2;0;1;0;0;0;;;;;3;0;0;0;0
05/12/2014;02:34:00;30;Acidente sem Vítima;270;BR-101/ES;Norte;Colisão Lateral;2;0;0;0;0;0;;;;;2;0;0;0;0
05/12/2014;09:27:00;140;Acidente com vítima;289;BR-101/ES;Norte;Colisão Lateral;2;0;0;0;0;0;;;;;1;1;0;0;0
05/12/2014;14:43:00;265;Acidente sem Vítima;399,5;BR-101/ES;Sul;Saída de Pista;1;0;0;0;0;0;;;;;1;0;0;0;0
05/12/2014;16:48:00;307;Acidente com vítima;429;BR-101/ES;Norte;Saída de Pista;1;0;0;0;0;0;;;;;0;1;0;0;0
05/12/2014;18:22:00;341;Acidente com vítima;442,5;BR-101/ES;Sul;Queda de Moto;0;0;0;1;0;0;;;;;0;1;0;0;0
06/12/2014;05:35:00;62;Acidente sem Vítima;14;BR-101/ES;Sul;Saída de Pista;0;0;0;1;0;0;;;;;1;0;0;0;0
06/12/2014;08:42:00;103;Acidente sem Vítima;18;BR-101/ES;Norte;Tombamento;0;0;2;0;0;0;;;;;1;0;0;0;0
06/12/2014;20:01:00;301;Acidente com vítima;21;BR-101/ES;Sul;Tombamento;0;0;3;0;0;0;;;;;0;0;1;0;0
06/12/2014;00:11:00;3;Acidente com vítima;49;BR-101/ES;Sul;Capotamento;1;0;0;0;0;0;;;;;0;1;0;0;0
06/12/2014;22:08:00;332;Acidente com vítima;156;BR-101/ES;Norte;Queda de Moto;0;0;0;1;0;0;;;;;0;2;0;0;0
06/12/2014;05:22:00;59;Acidente com vítima;162;BR-101/ES;Sul;Colisão Transversal;0;0;2;0;0;0;;;;;1;1;0;1;0
06/12/2014;01:12:00;12;Acidente sem Vítima;181;BR-101/ES;Sul;Colisão Lateral;1;0;1;0;0;0;;;;;7;0;0;0;0
06/12/2014;15:32:00;227;Acidente sem Vítima;226;BR-101/ES;Sul;Colisão Lateral;2;0;0;0;0;0;;;;;3;0;0;0;0
06/12/2014;09:09:00;111;Acidente sem Vítima;237;BR-101/ES;Sul;Capotamento;1;0;0;0;0;0;;;;;1;0;0;0;0
06/12/2014;02:16:00;20;Acidente sem Vítima;258;BR-101/ES;Sul;Choque com Objeto Fixo;1;0;0;0;0;0;;;;;2;0;0;0;0
06/12/2014;12:38:00;184;Acidente sem Vítima;258;BR-101/ES;Norte;Saída de Pista;1;0;0;0;0;0;;;;;1;0;0;0;0
06/12/2014;03:46:00;36;Acidente com vítima;263;BR-101/ES;Sul;Capotamento;1;0;0;0;0;0;;;;;0;1;0;0;0
06/12/2014;14:17:00;209;Acidente sem Vítima;264;BR-101/ES;Norte;Queda de Moto;0;0;0;1;0;0;;;;;1;0;0;0;0
06/12/2014;01:57:00;16;Acidente com vítima;270;BR-101/ES;Norte;Colisão Lateral;2;0;0;1;0;0;;;;;2;0;2;0;0
06/12/2014;11:42:00;163;Acidente com Morte;275;BR-101/ES;Norte;Colisão Transversal;2;0;0;0;0;0;;;;;0;1;2;1;1
06/12/2014;12:13:00;175;Acidente sem Vítima;278;BR-101/ES;Sul;Capotamento;1;0;0;0;0;0;;;;;2;0;0;0;0
06/12/2014;06:23:00;67;Acidente sem Vítima;291;BR-101/ES;Sul;Saída de Pista;1;0;0;0;0;0;;;;;1;0;0;0;0
06/12/2014;12:18:00;176;Acidente sem Vítima;311;BR-101/ES;Sul;Veículo em Chamas;0;0;2;0;0;0;;;;;1;0;0;0;0
06/12/2014;14:07:00;204;Acidente com vítima;312;BR-101/ES;Sul;Colisão Lateral;1;0;0;1;0;0;;;;;1;1;1;0;0
06/12/2014;20:53:00;320;Acidente sem Vítima;419;BR-101/ES;Sul;Atropelamento - Animal;1;0;0;0;0;0;;;;;2;0;0;0;0
06/12/2014;19:02:00;284;Acidente sem Vítima;452;BR-101/ES;Sul;Colisão Traseira;1;0;2;0;0;0;;;;;2;0;0;0;0
06/12/2014;11:33:00;159;Acidente sem Vítima;458;BR-101/ES;Norte;Colisão Transversal;2;0;0;0;0;0;;;;;4;0;0;0;0
07/12/2014;06:56:00;64;Acidente sem Vítima;16;BR-101/ES;Norte;Choque;0;0;2;0;0;0;;;;;1;0;0;0;0
07/12/2014;00:40:00;8;Acidente sem Vítima;60;BR-101/ES;Sul;Saída de Pista;1;0;0;0;0;0;;;;;4;0;0;0;0
07/12/2014;19:54:00;288;Acidente sem Vítima;70;BR-101/ES;Norte;Colisão Transversal;2;0;0;0;0;0;;;;;4;0;0;0;0
07/12/2014;11:10:00;140;Acidente sem Vítima;98;BR-101/ES;Norte;Saída de Pista;0;0;3;0;0;0;;;;;2;0;0;0;0
07/12/2014;22:12:00;321;Acidente com vítima;134;BR-101/ES;Norte;Colisão Traseira;1;0;1;0;0;0;;;;;0;0;2;1;0
07/12/2014;16:14:00;220;Acidente sem Vítima;138;BR-101/ES;Norte;Colisão Lateral;2;0;0;0;0;0;;;;;5;0;0;0;0
07/12/2014;14:53:00;200;Acidente sem Vítima;163;BR-101/ES;Sul;Colisão Traseira;1;0;1;0;0;0;;;;;5;0;0;0;0
07/12/2014;12:07:00;163;Acidente sem Vítima;186;BR-101/ES;Sul;Saída de Pista;1;0;0;0;0;0;;;;;3;0;0;0;0
07/12/2014;07:22:00;70;Acidente sem Vítima;194;BR-101/ES;Sul;Saída de Pista;1;0;0;0;0;0;;;;;1;0;0;0;0
07/12/2014;14:27:00;197;Acidente sem Vítima;208;BR-101/ES;Norte;Saída de Pista;1;0;0;0;0;0;;;;;3;0;0;0;0
07/12/2014;15:04:00;201;Acidente sem Vítima;241;BR-101/ES;Sul;Colisão Lateral;1;0;2;0;0;0;;;;;3;0;0;0;0
07/12/2014;12:54:00;173;Acidente sem Vítima;244;BR-101/ES;Sul;Colisão Transversal;2;0;0;0;0;0;;;;;5;0;0;0;0
07/12/2014;19:17:00;274;Acidente com vítima;249;BR-101/ES;Sul;Colisão Traseira;2;0;0;0;0;0;;;;;1;1;0;0;0
07/12/2014;20:44:00;299;Acidente com vítima;261;BR-101/ES;Norte;Atropelamento - Equino;0;0;0;1;0;0;;;;;0;1;0;0;0
07/12/2014;15:27:00;204;Acidente com vítima;264;BR-101/ES;Norte;Colisão Lateral;3;0;0;0;0;0;;;;;3;0;1;0;0
07/12/2014;22:05:00;319;Acidente sem Vítima;264;BR-101/ES;Sul;Queda de Moto;1;0;0;1;0;0;;;;;3;0;0;0;0
07/12/2014;19:10:00;270;Acidente com vítima;266;BR-101/ES;Norte;Saída de Pista;1;0;0;0;0;0;;;;;0;3;0;0;0
07/12/2014;17:05:00;239;Acidente sem Vítima;267;BR-101/ES;Sul;Colisão Lateral;1;0;0;1;0;0;;;;;2;0;0;0;0
07/12/2014;13:41:00;189;Acidente sem Vítima;270;BR-101/ES;Sul;Choque com Objeto Fixo;1;0;0;1;0;0;;;;;4;0;0;0;0
07/12/2014;07:05:00;66;Acidente com vítima;272;BR-101/ES;Sul;Saída de Pista;1;0;0;0;0;0;;;;;0;1;0;0;0
07/12/2014;18:03:00;257;Acidente sem Vítima;276;BR-101/ES;Norte;Saída de Pista;1;0;0;0;0;0;;;;;1;0;0;0;0
07/12/2014;01:41:00;17;Acidente sem Vítima;308;BR-101/ES;Sul;Saída de Pista;1;0;0;0;0;0;;;;;1;0;0;0;0
07/12/2014;08:33:00;93;Acidente sem Vítima;310;BR-101/ES;Norte;Saída de Pista;1;0;0;0;0;0;;;;;1;0;0;0;0
07/12/2014;16:50:00;232;Acidente sem Vítima;369;BR-101/ES;Norte;Tombamento;0;0;2;0;0;0;;;;;1;0;0;0;0
07/12/2014;11:04:00;135;Acidente com vítima;390;BR-101/ES;Norte;Choque com Objeto Fixo;0;0;1;0;0;0;;;;;0;1;0;0;0
07/12/2014;11:25:00;146;Acidente com vítima;430;BR-101/ES;Sul;Saída de Pista;1;0;0;0;0;0;;;;;1;0;1;0;0
07/12/2014;02:44:00;28;Acidente sem Vítima;460;BR-101/ES;Sul;Saída de Pista;1;0;0;0;0;0;;;;;2;0;0;0;0
08/12/2014;18:13:00;280;Acidente com vítima;12;BR-101/ES;Sul;Queda de Moto;0;0;0;1;0;0;;;;;0;1;0;0;0
08/12/2014;06:37:00;51;Acidente com vítima;30;BR-101/ES;Sul;Colisão Traseira;0;0;4;0;0;0;;;;;2;0;1;0;0
08/12/2014;09:52:00;108;Acidente sem Vítima;49;BR-101/ES;Sul;Saída de Pista;1;0;0;0;0;0;;;;;1;0;0;0;0
08/12/2014;15:51:00;228;Acidente sem Vítima;67,8;BR-101/ES;Sul;Choque com Objeto Fixo;0;0;1;0;0;0;;;;;1;0;0;0;0
08/12/2014;16:50:00;250;Acidente sem Vítima;79,8;BR-101/ES;Sul;Colisão Traseira;1;0;1;0;0;0;;;;;4;0;0;0;0
08/12/2014;06:33:00;50;Acidente sem Vítima;133;BR-101/ES;Norte;Saída de Pista;1;0;0;0;0;0;;;;;3;0;0;0;0
08/12/2014;22:32:00;337;Acidente sem Vítima;162;BR-101/ES;Norte;Queda de Moto;0;0;0;1;0;0;;;;;1;0;0;0;0
08/12/2014;09:38:00;101;Acidente com vítima;171;BR-101/ES;Sul;Queda de Moto;0;0;0;1;0;0;;;;;0;1;0;0;0
08/12/2014;17:11:00;256;Acidente sem Vítima;177;BR-101/ES;Sul;Engavetamento;3;0;0;0;0;0;;;;;10;0;0;0;0
08/12/2014;17:48:00;268;Acidente sem Vítima;262;BR-101/ES;Norte;Colisão Traseira;2;0;0;0;0;0;;;;;2;0;0;0;0
08/12/2014;10:48:00;121;Acidente sem Vítima;265;BR-101/ES;Norte;Colisão Lateral;1;0;0;0;1;0;;;;;6;0;0;0;0
08/12/2014;18:49:00;288;Acidente sem Vítima;270;BR-101/ES;Norte;Engavetamento;1;0;3;0;0;0;;;;;3;0;0;0;0
08/12/2014;20:28:00;318;Acidente sem Vítima;270;BR-101/ES;Norte;Colisão Lateral;1;0;2;0;0;0;;;;;3;0;0;0;0
08/12/2014;22:00:00;331;Acidente sem Vítima;270;BR-101/ES;Norte;Colisão Lateral;1;0;2;0;0;0;;;;;2;0;0;0;0
08/12/2014;04:54:00;35;Acidente com vítima;273;BR-101/ES;Sul;Saída de Pista;1;0;0;0;0;0;;;;;0;2;0;0;0
08/12/2014;07:54:00;69;Atropelamento com Morte;288;BR-101/ES;Sul;Atropelamento;0;0;2;0;0;0;;;;;1;0;0;0;1
08/12/2014;08:40:00;86;Acidente com vítima;288;BR-101/ES;Norte;Colisão Transversal;1;0;0;1;0;0;;;;;1;1;0;0;0
08/12/2014;15:23:00;218;Acidente sem Vítima;317;BR-101/ES;Norte;Colisão Lateral;2;0;0;0;0;0;;;;;3;0;0;0;0
08/12/2014;02:37:00;20;Acidente com vítima;391;BR-101/ES;Norte;Colisão Frontal;1;0;1;0;0;0;;;;;1;0;1;0;0
09/12/2014;13:31:00;225;Acidente com vítima;147;BR-101/ES;Sul;Colisão Transversal;1;0;1;0;0;0;;;;;2;3;0;0;0
09/12/2014;16:44:00;281;Acidente sem Vítima;204;BR-101/ES;Sul;Colisão Traseira;0;0;2;0;0;0;;;;;6;0;0;0;0
09/12/2014;17:33:00;295;Acidente sem Vítima;268;BR-101/ES;Sul;Colisão Lateral;1;0;2;0;0;0;;;;;2;0;0;0;0
09/12/2014;18:58:00;319;Atropelamento sem Morte;270;BR-101/ES;Sul;Atropelamento;0;0;0;1;0;0;;;;;1;1;0;0;0
09/12/2014;10:07:00;127;Acidente sem Vítima;270,5;BR-101/ES;Norte;Colisão Lateral;1;0;1;0;0;0;;;;;2;0;0;0;0
09/12/2014;21:42:00;377;Acidente sem Vítima;290;BR-101/ES;Sul;Colisão Traseira;1;0;1;0;0;0;;;;;4;0;0;0;0
09/12/2014;13:17:00;220;Acidente sem Vítima;376;BR-101/ES;Norte;Colisão Transversal;2;0;0;0;0;0;;;;;2;0;0;0;0
09/12/2014;15:31:00;260;Acidente sem Vítima;399;BR-101/ES;Sul;Colisão Lateral;1;0;2;0;0;0;;;;;2;0;0;0;0
10/12/2014;08:38:00;112;Acidente com vítima;85;BR-101/ES;Sul;Queda de Moto;0;0;0;1;0;0;;;;;0;1;0;0;0
10/12/2014;11:48:00;190;Acidente sem Vítima;209;BR-101/ES;Sul;Colisão Traseira;2;0;0;0;0;0;;;;;6;0;0;0;0
10/12/2014;09:55:00;146;Acidente com vítima;212;BR-101/ES;Sul;Colisão Transversal;2;0;0;0;0;0;;;;;3;0;2;0;0
10/12/2014;21:09:00;366;Acidente sem Vítima;269;BR-101/ES;Sul;Colisão Traseira;1;0;2;0;0;0;;;;;2;0;0;0;0
10/12/2014;06:29:00;68;Acidente sem Vítima;271;BR-101/ES;Sul;Queda de Moto;0;0;0;1;0;0;;;;;1;0;0;0;0
10/12/2014;15:37:00;256;Acidente sem Vítima;280;BR-101/ES;Norte;Choque com Objeto Fixo;1;0;0;0;0;0;;;;;1;0;0;0;0
10/12/2014;05:39:00;61;Acidente sem Vítima;285;BR-101/ES;Sul;Colisão Transversal;2;0;0;0;0;0;;;;;2;0;0;0;0
10/12/2014;08:54:00;119;Acidente com vítima;286;BR-101/ES;Norte;Colisão Traseira;0;0;1;1;1;0;;;;;1;0;1;0;0
10/12/2014;02:58:00;32;Acidente com Morte;430;BR-101/ES;Norte;Saída de Pista;0;0;2;0;0;0;;;;;0;0;0;0;1
11/12/2014;14:39:00;213;Acidente com vítima;40;BR-101/ES;Sul;Colisão Frontal;2;0;2;0;0;0;;;;;0;1;2;0;0
11/12/2014;07:22:00;72;Acidente sem Vítima;59;BR-101/ES;Norte;Colisão Traseira;2;0;0;0;0;0;;;;;4;0;0;0;0
11/12/2014;01:09:00;13;Acidente com Morte;94;BR-101/ES;Norte;Saída de Pista;0;0;1;0;0;0;;;;;0;2;1;0;1
11/12/2014;17:18:00;260;Acidente sem Vítima;133;BR-101/ES;Norte;Colisão Lateral;2;0;2;0;0;0;;;;;8;0;0;0;0
11/12/2014;19:48:00;305;Acidente com vítima;148;BR-101/ES;Sul;Queda de Moto;0;0;0;1;0;0;;;;;1;1;0;0;0
11/12/2014;18:46:00;281;Acidente com vítima;154;BR-101/ES;Norte;Saída de Pista;1;0;0;0;0;0;;;;;0;1;0;0;0
11/12/2014;23:52:00;351;Acidente sem Vítima;200;BR-101/ES;Norte;Queda de Moto;0;0;0;1;0;0;;;;;1;0;0;0;0
11/12/2014;04:18:00;48;Acidente com vítima;264;BR-101/ES;Sul;Colisão Traseira;1;0;0;1;0;0;;;;;1;1;0;0;0
11/12/2014;09:55:00;119;Acidente sem Vítima;266;BR-101/ES;Norte;Colisão Lateral;2;0;0;0;0;0;;;;;3;0;0;0;0
11/12/2014;16:26:00;240;Acidente sem Vítima;266;BR-101/ES;Sul;Colisão Lateral;1;0;0;1;0;0;;;;;2;0;0;0;0
11/12/2014;13:46:00;199;Acidente sem Vítima;270;BR-101/ES;Norte;Colisão Traseira;2;0;0;0;0;0;;;;;2;0;0;0;0
11/12/2014;19:51:00;306;Acidente sem Vítima;306,1;BR-101/ES;Sul;Colisão Lateral;1;0;0;0;0;0;;;;;4;0;0;0;0
11/12/2014;11:55:00;158;Acidente com vítima;309;BR-101/ES;Sul;Colisão Traseira;1;0;4;0;0;0;;;;;2;0;0;2;0
11/12/2014;10:50:00;132;Acidente sem Vítima;372,5;BR-101/ES;Sul;Colisão Traseira;2;0;0;0;0;0;;;;;7;0;0;0;0
12/12/2014;21:38:00;375;Acidente sem Vítima;16;BR-101/ES;Norte;Saída de Pista;1;0;0;0;0;0;;;;;1;0;0;0;0
12/12/2014;08:44:00;97;Acidente sem Vítima;85,3;BR-101/ES;Norte;Saída de Pista;1;0;0;0;0;0;;;;;1;0;0;0;0
12/12/2014;17:01:00;282;Acidente sem Vítima;127;BR-101/ES;Sul;Colisão Transversal;1;0;0;1;0;0;;;;;2;0;0;0;0
12/12/2014;19:05:00;321;Acidente sem Vítima;225;BR-101/ES;Sul;Engavetamento;1;0;2;0;0;0;;;;;3;0;0;0;0
12/12/2014;22:37:00;382;Acidente sem Vítima;239;BR-101/ES;Norte;Colisão Traseira;2;0;0;0;0;0;;;;;1;0;0;0;0
12/12/2014;21:31:00;371;Acidente sem Vítima;255;BR-101/ES;Sul;Saída de Pista;1;0;0;0;0;0;;;;;1;0;0;0;0
12/12/2014;09:53:00;123;Acidente com vítima;263;BR-101/ES;Norte;Colisão Lateral;1;0;1;0;0;0;;;;;2;0;2;0;0
12/12/2014;12:35:00;199;Acidente sem Vítima;269;BR-101/ES;Sul;Colisão Traseira;2;0;0;0;0;0;;;;;2;0;0;0;0
12/12/2014;08:31:00;91;Acidente sem Vítima;270;BR-101/ES;Sul;Colisão Traseira;2;0;0;0;0;0;;;;;2;0;0;0;0
12/12/2014;17:56:00;300;Acidente com vítima;288;BR-101/ES;Sul;Colisão Lateral;0;0;1;2;0;0;;;;;1;1;0;0;0
12/12/2014;07:28:00;70;Acidente sem Vítima;302;BR-101/ES;Norte;Colisão Lateral;0;0;1;0;0;1;;;;;4;0;0;0;0
12/12/2014;01:20:00;16;Acidente sem Vítima;343;BR-101/ES;Norte;Atropelamento - Bovino;1;0;0;0;0;0;;;;;1;0;0;0;0
12/12/2014;15:30:00;259;Acidente sem Vítima;361;BR-101/ES;Sul;Saída de Pista;0;0;1;0;0;0;;;;;1;0;0;0;0
12/12/2014;16:46:00;279;Acidente com vítima;414;BR-101/ES;Sul;Colisão Lateral;0;0;0;1;0;0;;;;;0;1;0;0;0
13/12/2014;16:35:00;258;Acidente sem Vítima;123;BR-101/ES;Norte;Queda de Moto;0;0;0;1;0;0;;;;;2;0;0;0;0
13/12/2014;04:16:00;36;Acidente sem Vítima;144;BR-101/ES;Norte;Choque com Objeto Fixo;1;0;0;0;0;0;;;;;1;0;0;0;0
13/12/2014;15:06:00;230;Acidente com vítima;159;BR-101/ES;Norte;Queda de Moto;0;0;0;1;0;0;;;;;0;1;0;0;0
13/12/2014;13:29:00;211;Acidente com vítima;203;BR-101/ES;Sul;Queda de Moto;0;0;0;1;0;0;;;;;0;2;0;0;0
13/12/2014;11:57:00;171;Acidente sem Vítima;254;BR-101/ES;Norte;Colisão Lateral;2;0;0;0;0;0;;;;;4;0;0;0;0
13/12/2014;20:17:00;327;Acidente com vítima;262;BR-101/ES;Norte;Colisão Transversal;2;0;0;0;0;0;;;;;1;1;0;1;0
13/12/2014;07:10:00;67;Acidente sem Vítima;268;BR-101/ES;Sul;Colisão Traseira;0;0;1;0;1;0;;;;;7;0;0;0;0
13/12/2014;07:25:00;70;Acidente com vítima;306;BR-101/ES;Norte;Queda de Moto;0;0;0;1;0;0;;;;;0;0;1;0;0
13/12/2014;19:29:00;304;Acidente sem Vítima;376;BR-101/ES;Sul;Colisão Lateral;2;0;0;0;0;0;;;;;6;0;0;0;0
13/12/2014;06:17:00;58;Acidente sem Vítima;413;BR-101/ES;Sul;Veículo em Chamas;0;0;1;0;0;0;;;;;1;0;0;0;0
13/12/2014;06:24:00;59;Acidente sem Vítima;437,5;BR-101/ES;Sul;Tombamento;0;0;2;0;0;0;;;;;1;0;0;0;0
13/12/2014;10:23:00;126;Acidente sem Vítima;448;BR-101/ES;Norte;Saída de Pista;1;0;0;0;0;0;;;;;1;0;0;0;0
14/12/2014;22:01:00;344;Acidente sem Vítima;32;BR-101/ES;Sul;Colisão Traseira;1;0;1;0;0;0;;;;;2;0;0;0;0
14/12/2014;15:37:00;219;Acidente com vítima;109;BR-101/ES;Norte;Saída de Pista;1;0;0;0;0;0;;;;;1;1;0;0;0
14/12/2014;00:07:00;3;Acidente sem Vítima;125;BR-101/ES;Sul;Colisão Traseira;2;0;0;0;0;0;;;;;4;0;0;0;0
14/12/2014;14:48:00;210;Acidente sem Vítima;212;BR-101/ES;Norte;Engavetamento;3;0;0;0;0;0;;;;;3;0;0;0;0
14/12/2014;23:47:00;358;Acidente com vítima;214;BR-101/ES;Norte;Colisão Frontal;2;0;0;0;0;0;;;;;2;2;1;0;0
14/12/2014;17:00:00;249;Acidente com vítima;230;BR-101/ES;Norte;Queda de Moto;1;0;0;0;0;0;;;;;0;1;0;0;0
14/12/2014;17:44:00;265;Acidente com vítima;242;BR-101/ES;Sul;Colisão Frontal;2;0;0;0;0;0;;;;;2;0;2;0;0
14/12/2014;21:53:00;340;Acidente sem Vítima;265;BR-101/ES;Norte;Colisão Traseira;2;0;0;0;0;0;;;;;3;0;0;0;0
14/12/2014;11:17:00;136;Acidente sem Vítima;291;BR-101/ES;Sul;Colisão Traseira;2;0;0;0;0;0;;;;;3;0;0;0;0
14/12/2014;17:48:00;268;Acidente sem Vítima;298;BR-101/ES;Sul;Colisão Transversal;1;0;0;0;1;0;;;;;6;0;0;0;0
14/12/2014;22:38:00;348;Acidente com vítima;391;BR-101/ES;Sul;Saída de Pista;0;0;2;0;0;0;;;;;0;1;0;0;0
14/12/2014;01:08:00;16;Acidente com vítima;438;BR-101/ES;Norte;Saída de Pista;1;0;0;0;0;0;;;;;0;1;0;0;0
15/12/2014;07:00:00;66;Acidente com vítima;163;BR-101/ES;Norte;Colisão Transversal;1;0;2;0;0;0;;;;;1;0;0;1;0
15/12/2014;16:39:00;249;Acidente sem Vítima;200;BR-101/ES;Norte;Colisão Frontal;1;0;1;0;0;0;;;;;6;0;0;0;0
15/12/2014;02:32:00;28;Acidente sem Vítima;255;BR-101/ES;Norte;Colisão Transversal;0;0;3;0;0;0;;;;;2;0;0;0;0
15/12/2014;22:31:00;347;Acidente sem Vítima;258;BR-101/ES;Norte;Colisão Traseira;2;0;0;0;0;0;;;;;2;0;0;0;0
15/12/2014;03:36:00;42;Acidente sem Vítima;264;BR-101/ES;Sul;Saída de Pista;1;0;0;0;0;0;;;;;1;0;0;0;0
15/12/2014;09:56:00;108;Acidente sem Vítima;265;BR-101/ES;Sul;Colisão Lateral;3;0;1;0;0;0;;;;;4;0;0;0;0
15/12/2014;18:52:00;289;Acidente sem Vítima;266;BR-101/ES;Sul;Colisão Traseira;1;0;0;0;1;0;;;;;2;0;0;0;0
15/12/2014;08:59:00;92;Acidente sem Vítima;277;BR-101/ES;Sul;Atropelamento - Animal;1;0;0;0;0;0;;;;;1;0;0;0;0
15/12/2014;10:49:00;127;Acidente sem Vítima;291,9;BR-101/ES;Sul;Choque com Objeto Fixo;0;0;1;0;0;0;;;;;1;0;0;0;0
15/12/2014;12:12:00;164;Acidente com vítima;292;BR-101/ES;Sul;Choque com Objeto Fixo;0;0;1;0;0;0;;;;;0;1;0;0;0
15/12/2014;10:07:00;113;Acidente sem Vítima;301;BR-101/ES;Norte;Colisão Lateral;1;0;5;0;0;0;;;;;4;0;0;0;0
15/12/2014;03:53:00;44;Acidente com vítima;316;BR-101/ES;Norte;Saída de Pista;0;0;1;0;0;0;;;;;0;1;0;0;0
15/12/2014;23:38:00;357;Acidente sem Vítima;382;BR-101/ES;Sul;Saída de Pista;0;0;1;0;0;0;;;;;1;0;0;0;0