data;horario;n_da_ocorrencia;tipo_de_ocorrencia;km;trecho;sentido;tipo_de_acidente;automovel;bicicleta;caminhao;moto;onibus;outros;tracao_animal;transporte_de_cargas_especiais;trator_maquinas;utilitarios;ilesos;levemente_feridos;moderadamente_feridos;gravemente_feridos;mortos
28/12/2014;15:03:00;250;Acidente sem Vítima;102;BR-101/ES;Sul;Colisão Traseira;1;0;0;0;0;0;;;;;5;0;0;0;0
28/12/2014;14:00:00;232;Acidente com vítima;121;BR-101/ES;Sul;Saída de Pista;1;0;0;0;0;0;;;;;3;1;1;0;0
28/12/2014;16:12:00;272;Acidente sem Vítima;147,1;BR-101/ES;Sul;Colisão Transversal;2;0;0;0;0;0;;;;;3;0;0;0;0
28/12/2014;06:07:00;68;Acidente sem Vítima;148;BR-101/ES;Norte;Colisão Transversal;2;0;0;0;0;0;;;;;5;0;0;0;0
28/12/2014;11:21:00;157;Acidente com vítima;213;BR-101/ES;Norte;Colisão Traseira;2;0;0;0;0;0;;;;;4;1;0;0;0
28/12/2014;16:19:00;275;Acidente sem Vítima;223;BR-101/ES;Sul;Engavetamento;3;0;0;0;0;0;;;;;5;0;0;0;0
28/12/2014;16:54:00;292;Acidente sem Vítima;223;BR-101/ES;Sul;Engavetamento;3;0;0;0;0;0;;;;;10;0;0;0;0
28/12/2014;10:22:00;134;Acidente sem Vítima;254,5;BR-101/ES;Sul;Colisão Traseira;1;0;0;0;1;0;;;;;2;0;0;0;0
28/12/2014;13:50:00;230;Acidente sem Vítima;261;BR-101/ES;Norte;Colisão Traseira;2;0;0;0;0;0;;;;;2;0;0;0;0
28/12/2014;09:00:00;107;Acidente com vítima;266;BR-101/ES;Sul;Colisão Lateral;2;0;0;0;0;0;;;;;8;2;0;0;0
28/12/2014;14:46:00;244;Acidente sem Vítima;270;BR-101/ES;Norte;Saída de Pista;1;0;0;0;0;0;;;;;4;0;0;0;0
28/12/2014;19:23:00;359;Acidente com vítima;298;BR-101/ES;Norte;Engavetamento;3;0;0;0;0;0;;;;;4;4;0;0;0
28/12/2014;08:43:00;104;Acidente sem Vítima;301;BR-101/ES;Sul;Saída de Pista;1;0;0;0;0;0;;;;;1;0;0;0;0
28/12/2014;09:50:00;122;Acidente sem Vítima;301,5;BR-101/ES;Norte;Colisão Traseira;1;0;0;1;0;0;;;;;2;0;0;0;0
28/12/2014;14:49:00;245;Acidente com vítima;331;BR-101/ES;Sul;Colisão Lateral;2;0;0;0;0;0;;;;;0;7;1;0;0
28/12/2014;21:07:00;412;Acidente sem Vítima;370;BR-101/ES;Sul;Colisão Lateral;2;0;0;0;0;0;;;;;5;0;0;0;0
28/12/2014;20:13:00;387;Acidente com vítima;374;BR-101/ES;Sul;Colisão Transversal;2;0;0;0;0;0;;;;;1;1;0;0;0
28/12/2014;21:18:00;417;Acidente com Morte;407;BR-101/ES;Norte;Colisão Frontal;1;0;2;0;0;0;;;;;1;0;0;0;2
29/12/2014;02:12:00;20;Acidente sem Vítima;36;BR-101/ES;Norte;Colisão Traseira;2;0;0;0;0;0;;;;;4;0;0;0;0
29/12/2014;16:26:00;274;Acidente com vítima;66;BR-101/ES;Norte;Colisão Frontal;1;0;1;0;0;0;;;;;2;4;0;0;0
29/12/2014;18:09:00;296;Acidente sem Vítima;147;BR-101/ES;Norte;Colisão Lateral;2;0;0;0;0;0;;;;;3;0;0;0;0
29/12/2014;17:32:00;286;Acidente sem Vítima;147,5;BR-101/ES;Norte;Colisão Traseira;3;0;0;0;0;0;;;;;4;0;0;0;0
29/12/2014;11:14:00;155;Acidente com vítima;164;BR-101/ES;Norte;Queda de Moto;1;0;0;0;0;0;;;;;0;1;1;0;0
29/12/2014;13:09:00;211;Acidente com vítima;187;BR-101/ES;Norte;Colisão Frontal;2;0;1;0;0;0;;;;;2;2;1;0;0
29/12/2014;06:55:00;52;Acidente sem Vítima;202;BR-101/ES;Norte;Colisão Lateral;2;0;0;0;0;0;;;;;4;0;0;0;0
29/12/2014;11:57:00;178;Acidente sem Vítima;255;BR-101/ES;Norte;Colisão Traseira;2;0;0;0;0;0;;;;;2;0;0;0;0
29/12/2014;14:44:00;240;Acidente sem Vítima;414;BR-101/ES;Norte;Colisão Traseira;2;0;0;0;0;0;;;;;9;0;0;0;0
29/12/2014;08:52:00;88;Acidente sem Vítima;421;BR-101/ES;Sul;Choque;1;0;1;0;0;0;;;;;2;0;0;0;0
29/12/2014;12:37:00;193;Acidente com vítima;452;BR-101/ES;Sul;Colisão Traseira;0;0;2;0;1;0;;;;;35;2;0;0;0
30/12/2014;16:44:00;317;Acidente sem Vítima;66;BR-101/ES;Sul;Colisão Lateral;1;0;1;0;0;0;;;;;2;0;0;0;0
30/12/2014;15:25:00;296;Acidente sem Vítima;126;BR-101/ES;Norte;Engavetamento;3;0;0;0;0;0;;;;;7;0;0;0;0
30/12/2014;07:29:00;80;Acidente sem Vítima;150,5;BR-101/ES;Sul;Colisão Traseira;2;0;0;0;0;0;;;;;9;0;0;0;0
30/12/2014;20:40:00;398;Acidente sem Vítima;173;BR-101/ES;Sul;Veículo em Chamas;0;0;1;0;0;0;;;;;1;0;0;0;0
30/12/2014;07:50:00;87;Acidente sem Vítima;203;BR-101/ES;Sul;Queda de Moto;0;0;0;1;0;0;;;;;1;0;0;0;0
30/12/2014;08:29:00;100;Acidente com vítima;270,5;BR-101/ES;Norte;Colisão Lateral;1;0;0;1;0;0;;;;;1;2;0;0;0
30/12/2014;17:51:00;344;Acidente com vítima;270,5;BR-101/ES;Norte;Queda de Moto;1;0;0;1;0;0;;;;;1;1;0;0;0
30/12/2014;14:26:00;271;Acidente sem Vítima;293;BR-101/ES;Norte;Colisão Traseira;2;0;0;0;0;0;;;;;8;0;0;0;0
30/12/2014;20:24:00;392;Acidente com vítima;312;BR-101/ES;Sul;Capotamento;1;0;0;0;0;0;;;;;0;3;0;0;0
30/12/2014;12:41:00;228;Acidente sem Vítima;379;BR-101/ES;Sul;Colisão Traseira;2;0;0;0;0;0;;;;;4;0;0;0;0
30/12/2014;09:42:00;136;Acidente sem Vítima;393;BR-101/ES;Norte;Colisão Lateral;1;0;1;0;0;0;;;;;3;0;0;0;0
31/12/2014;18:28:00;326;Acidente com vítima;32,5;BR-101/ES;Norte;Colisão Lateral;1;0;0;1;0;0;;;;;1;1;2;0;0
31/12/2014;01:40:00;17;Acidente com vítima;42;BR-101/ES;Norte;Saída de Pista;1;0;0;0;0;0;;;;;3;0;2;0;0
31/12/2014;17:16:00;302;Acidente sem Vítima;45;BR-101/ES;Norte;Choque;1;0;3;0;0;0;;;;;3;0;0;0;0
31/12/2014;08:10:00;91;Acidente sem Vítima;79;BR-101/ES;Sul;Colisão Traseira;1;0;1;0;0;0;;;;;2;0;0;0;0
31/12/2014;08:57:00;111;Acidente sem Vítima;130;BR-101/ES;Sul;Saída de Pista;1;0;0;0;0;0;;;;;5;0;0;0;0
31/12/2014;08:53:00;109;Acidente com vítima;146;BR-101/ES;Sul;Colisão Transversal;1;0;2;0;0;0;;;;;1;1;0;0;0
31/12/2014;09:59:00;134;Acidente sem Vítima;146,2;BR-101/ES;Sul;Colisão Traseira;1;0;1;0;0;0;;;;;3;0;0;0;0
31/12/2014;12:59:00;217;Acidente com vítima;174;BR-101/ES;Sul;Saída de Pista;1;0;0;0;0;0;;;;;0;1;0;0;0
31/12/2014;10:30:00;143;Acidente com vítima;207;BR-101/ES;Sul;Capotamento;1;0;0;0;0;0;;;;;0;1;0;0;0
31/12/2014;10:45:00;152;Acidente com vítima;218;BR-101/ES;Norte;Queda de Moto;0;0;0;1;0;0;;;;;0;2;0;0;0
31/12/2014;08:38:00;102;Acidente sem Vítima;228;BR-101/ES;Sul;Engavetamento;4;0;0;0;0;0;;;;;9;0;0;0;0
31/12/2014;22:49:00;392;Acidente sem Vítima;264;BR-101/ES;Norte;Colisão Traseira;2;0;0;0;0;0;;;;;2;0;0;0;0
31/12/2014;17:07:00;299;Acidente sem Vítima;265;BR-101/ES;Norte;Queda de Moto;0;0;0;1;0;0;;;;;2;0;0;0;0
31/12/2014;08:24:00;93;Acidente sem Vítima;297,5;BR-101/ES;Sul;Colisão Traseira;1;0;1;0;0;0;;;;;1;0;0;0;0
31/12/2014;18:25:00;323;Acidente sem Vítima;401;BR-101/ES;Sul;Engavetamento;3;0;0;0;0;0;;;;;10;0;0;0;0
31/12/2014;11:11:00;167;Acidente com vítima;443;BR-101/ES;Sul;Saída de Pista;1;0;0;0;0;0;;;;;0;4;0;0;0
01/01/2015;21:30:00;288;Acidente com vítima;69;BR-101/ES;Norte;Colisão Transversal;1;0;0;1;0;0;;;;;0;0;1;1;0
01/01/2015;17:37:00;219;Acidente com vítima;145;BR-101/ES;Sul;Atropelamento e Fuga;0;0;0;1;0;0;;;;;0;1;1;0;0
01/01/2015;12:06:00;153;Acidente com vítima;220,5;BR-101/ES;Sul;Saída de Pista;1;0;0;0;0;0;;;;;1;2;0;0;0
01/01/2015;04:01:00;33;Atropelamento sem Morte;233;BR-101/ES;Norte;Atropelamento;1;0;0;0;0;0;;;;;2;0;1;0;0
01/01/2015;12:55:00;167;Acidente com vítima;254;BR-101/ES;Norte;Queda de ciclista;0;1;0;0;0;0;;;;;0;1;0;0;0
01/01/2015;09:57:00;103;Acidente sem Vítima;266;BR-101/ES;Sul;Colisão Traseira;1;0;0;1;0;0;;;;;3;0;0;0;0
02/01/2015;10:37:00;115;Acidente sem Vítima;4,5;BR-101/ES;Sul;Saída de Pista;1;0;0;0;0;0;;;;;5;0;0;0;0
02/01/2015;07:41:00;58;Acidente sem Vítima;67;BR-101/ES;Norte;Colisão Traseira;2;0;0;0;0;0;;;;;2;0;0;0;0
02/01/2015;07:16:00;52;Acidente sem Vítima;125;BR-101/ES;Norte;Colisão Traseira;1;0;1;0;0;0;;;;;6;0;0;0;0
02/01/2015;15:47:00;220;Acidente sem Vítima;147;BR-101/ES;Norte;Colisão Traseira;1;0;0;1;0;0;;;;;3;0;0;0;0
02/01/2015;11:27:00;132;Acidente com vítima;152;BR-101/ES;Norte;Colisão Traseira;1;0;0;1;0;0;;;;;1;1;0;0;0
02/01/2015;16:12:00;229;Acidente com vítima;217;BR-101/ES;Sul;Queda de Moto;1;0;0;0;0;0;;;;;0;1;0;0;0
02/01/2015;05:12:00;37;Acidente com vítima;219;BR-101/ES;Norte;Queda de Moto;0;0;0;1;0;0;;;;;1;1;0;0;0
02/01/2015;10:50:00;119;Acidente sem Vítima;230;BR-101/ES;Sul;Colisão Traseira;2;0;0;0;0;0;;;;;3;0;0;0;0
02/01/2015;13:25:00;189;Acidente sem Vítima;255;BR-101/ES;Norte;Colisão Traseira;1;0;0;1;0;0;;;;;3;0;0;0;0
02/01/2015;17:16:00;253;Acidente com vítima;264;BR-101/ES;Sul;Colisão Lateral;1;0;0;1;0;0;;;;;1;1;0;0;0
02/01/2015;12:52:00;177;Acidente sem Vítima;278;BR-101/ES;Norte;Colisão Traseira;2;0;0;0;0;0;;;;;2;0;0;0;0
03/01/2015;20:15:00;315;Acidente com vítima;32,5;BR-101/ES;Sul;Choque com Objeto Fixo;1;0;0;0;0;0;;;;;1;1;0;0;0
03/01/2015;11:35:00;154;Acidente sem Vítima;99;BR-101/ES;Norte;Saída de Pista;1;0;0;0;0;0;;;;;1;0;0;0;0
03/01/2015;09:20:00;100;Acidente com vítima;110;BR-101/ES;Sul;Colisão Traseira;2;0;0;0;0;0;;;;;6;1;0;0;0
03/01/2015;14:43:00;217;Acidente sem Vítima;113;BR-101/ES;Sul;Colisão Traseira;1;0;0;1;0;0;;;;;5;0;0;0;0
03/01/2015;20:14:00;313;Acidente com vítima;123;BR-101/ES;Norte;Queda de Moto;0;0;0;1;0;0;;;;;0;2;0;0;0
03/01/2015;15:44:00;237;Acidente sem Vítima;125,5;BR-101/ES;Norte;Colisão Lateral;1;0;1;0;0;0;;;;;3;0;0;0;0
03/01/2015;14:55:00;221;Acidente com vítima;166;BR-101/ES;Norte;Colisão Lateral;1;0;0;1;0;0;;;;;4;1;0;0;0
03/01/2015;17:01:00;259;Acidente sem Vítima;254,9;BR-101/ES;Sul;Colisão Traseira;2;0;0;0;0;0;;;;;2;0;0;0;0
03/01/2015;18:15:00;273;Acidente sem Vítima;255;BR-101/ES;Sul;Colisão Traseira;2;0;0;0;0;0;;;;;2;0;0;0;0
03/01/2015;09:34:00;104;Acidente sem Vítima;262;BR-101/ES;Norte;Colisão Traseira;2;0;0;0;0;0;;;;;4;0;0;0;0
03/01/2015;22:22:00;353;Acidente com vítima;264;BR-101/ES;Norte;Colisão Traseira;1;0;0;1;0;0;;;;;2;1;0;0;0
03/01/2015;09:31:00;103;Acidente sem Vítima;279;BR-101/ES;Sul;Colisão Transversal;0;0;1;1;0;0;;;;;2;0;0;0;0
03/01/2015;10:48:00;131;Acidente sem Vítima;322;BR-101/ES;Norte;Queda de Moto;2;0;0;0;0;0;;;;;2;0;0;0;0
03/01/2015;11:12:00;142;Acidente sem Vítima;322;BR-101/ES;Norte;Engavetamento;3;0;0;0;0;0;;;;;9;0;0;0;0
03/01/2015;11:30:00;152;Acidente sem Vítima;328;BR-101/ES;Sul;Colisão Traseira;1;0;1;0;0;0;;;;;4;0;0;0;0
03/01/2015;22:30:00;355;Acidente com Morte;338;BR-101/ES;Norte;Queda de ciclista;1;1;0;0;0;0;;;;;1;0;0;0;1
03/01/2015;07:55:00;79;Acidente sem Vítima;458;BR-101/ES;Sul;Colisão Transversal;2;0;0;0;0;0;;;;;6;0;0;0;0
04/01/2015;09:05:00;113;Acidente sem Vítima;27;BR-101/ES;Norte;Colisão Traseira;2;0;0;0;0;0;;;;;2;0;0;0;0
04/01/2015;10:45:00;143;Acidente sem Vítima;61;BR-101/ES;Sul;Colisão Traseira;2;0;0;0;0;0;;;;;2;0;0;0;0
04/01/2015;13:28:00;210;Acidente sem Vítima;69;BR-101/ES;Norte;Queda de ciclista;0;1;0;0;0;0;;;;;1;0;0;0;0
04/01/2015;11:06:00;151;Acidente sem Vítima;90,4;BR-101/ES;Sul;Colisão Traseira;2;0;0;0;0;0;;;;;5;0;0;0;0
04/01/2015;12:17:00;188;Acidente sem Vítima;107;BR-101/ES;Sul;Engavetamento;4;0;0;0;0;0;;;;;8;0;0;0;0
04/01/2015;12:07:00;185;Acidente com vítima;125;BR-101/ES;Norte;Colisão Lateral;1;0;0;1;0;0;;;;;1;1;0;0;0
04/01/2015;17:58:00;304;Acidente sem Vítima;228;BR-101/ES;Sul;Colisão Traseira;1;0;1;0;0;0;;;;;4;0;0;0;0
04/01/2015;17:26:00;295;Acidente sem Vítima;229;BR-101/ES;Sul;Colisão Traseira;1;0;0;1;0;0;;;;;6;0;0;0;0
04/01/2015;17:33:00;298;Acidente sem Vítima;251;BR-101/ES;Sul;Engavetamento;4;0;0;0;0;0;;;;;4;0;0;0;0
04/01/2015;09:03:00;111;Acidente sem Vítima;269;BR-101/ES;Norte;Colisão Traseira;2;0;0;0;0;0;;;;;2;0;0;0;0
04/01/2015;10:42:00;141;Acidente sem Vítima;269;BR-101/ES;Norte;Colisão Lateral;2;0;0;0;0;0;;;;;3;0;0;0;0
04/01/2015;19:08:00;324;Acidente sem Vítima;284;BR-101/ES;Sul;Colisão Traseira;2;0;0;0;0;0;;;;;3;0;0;0;0
04/01/2015;09:44:00;126;Acidente sem Vítima;354,2;BR-101/ES;Sul;Engavetamento;3;0;0;0;0;0;;;;;7;0;0;0;0
04/01/2015;11:52:00;177;Acidente com vítima;371;BR-101/ES;Sul;Colisão Transversal;1;0;2;0;0;0;;;;;5;1;0;0;0
05/01/2015;09:53:00;121;Acidente sem Vítima;145;BR-101/ES;Norte;Colisão Lateral;2;0;0;0;0;0;;;;;2;0;0;0;0
05/01/2015;10:16:00;129;Acidente sem Vítima;145;BR-101/ES;Norte;Colisão Traseira;3;0;0;0;0;0;;;;;3;0;0;0;0
05/01/2015;18:23:00;299;Acidente sem Vítima;150;BR-101/ES;Sul;Colisão Transversal;2;0;0;0;0;0;;;;;3;0;0;0;0
05/01/2015;19:32:00;326;Acidente sem Vítima;190,1;BR-101/ES;Sul;Saída de Pista;1;0;0;0;0;0;;;;;1;0;0;0;0
05/01/2015;12:58:00;207;Acidente com vítima;225;BR-101/ES;Norte;Colisão Lateral;3;0;0;0;0;0;;;;;4;1;0;0;0
05/01/2015;07:26:00;62;Acidente sem Vítima;325;BR-101/ES;Sul;Colisão Lateral;1;0;0;0;1;0;;;;;22;0;0;0;0
05/01/2015;18:20:00;298;Acidente sem Vítima;343;BR-101/ES;Norte;Colisão Traseira;2;0;0;0;0;0;;;;;2;0;0;0;0
05/01/2015;13:23:00;218;Acidente sem Vítima;372;BR-101/ES;Sul;Colisão Traseira;2;0;0;0;0;0;;;;;2;0;0;0;0
06/01/2015;16:06:00;263;Acidente com vítima;107;BR-101/ES;Norte;Queda de Moto;0;0;0;1;0;0;;;;;0;2;0;0;0
06/01/2015;04:29:00;56;Acidente sem Vítima;112;BR-101/ES;Norte;Capotamento;1;0;0;0;0;0;;;;;1;0;0;0;0
06/01/2015;12:17:00;198;Acidente sem Vítima;125;BR-101/ES;Norte;Engavetamento;3;0;0;0;0;0;;;;;9;0;0;0;0
06/01/2015;18:05:00;294;Acidente com vítima;166;BR-101/ES;Norte;Colisão Traseira;1;0;0;1;0;0;;;;;1;1;0;0;0
06/01/2015;19:25:00;311;Acidente sem Vítima;170;BR-101/ES;Sul;Colisão Traseira;0;0;1;0;1;0;;;;;2;0;0;0;0
06/01/2015;14:39:00;242;Acidente sem Vítima;176;BR-101/ES;Sul;Colisão Traseira;2;0;0;0;0;0;;;;;2;0;0;0;0
06/01/2015;11:36:00;179;Acidente com Morte;233;BR-101/ES;Norte;Colisão Frontal;2;0;4;0;0;0;;;;;7;1;0;1;1
06/01/2015;17:54:00;292;Acidente sem Vítima;244;BR-101/ES;Norte;Colisão Lateral;1;0;1;0;0;0;;;;;4;0;0;0;0
06/01/2015;00:50:00;12;Acidente com vítima;264;BR-101/ES;Norte;Queda de Moto;0;0;0;1;0;0;;;;;0;1;0;0;0
06/01/2015;07:34:00;79;Acidente sem Vítima;264,5;BR-101/ES;Norte;Queda de Moto;0;0;0;1;0;0;;;;;1;0;0;0;0
06/01/2015;19:29:00;312;Acidente com vítima;265;BR-101/ES;Norte;Queda de Moto;1;0;0;0;0;0;;;;;0;2;0;0;0
06/01/2015;15:50:00;256;Acidente sem Vítima;268;BR-101/ES;Sul;Colisão Lateral;0;0;3;0;0;0;;;;;2;0;0;0;0
06/01/2015;07:51:00;88;Acidente com vítima;270;BR-101/ES;Sul;Queda de Moto;0;0;0;1;0;0;;;;;0;2;0;0;0
06/01/2015;10:46:00;156;Acidente sem Vítima;307,8;BR-101/ES;Sul;Colisão Lateral;0;0;3;0;0;0;;;;;2;0;0;0;0
06/01/2015;08:58:00;115;Acidente com vítima;313;BR-101/ES;Sul;Colisão Traseira;2;0;0;1;0;0;;;;;3;0;1;0;0
06/01/2015;06:15:00;66;Acidente sem Vítima;399;BR-101/ES;Norte;Colisão Traseira;0;0;3;0;0;0;;;;;2;0;0;0;0
07/01/2015;09:58:00;127;Atropelamento sem Morte;65;BR-101/ES;Norte;Atropelamento;1;0;0;0;0;0;;;;;1;1;0;0;0
07/01/2015;18:49:00;296;Acidente com vítima;67;BR-101/ES;Norte;Colisão Traseira;1;0;0;1;0;0;;;;;2;1;0;0;0
07/01/2015;05:41:00;57;Acidente sem Vítima;69;BR-101/ES;Norte;Atropelamento - Equino;0;0;1;0;0;0;;;;;1;0;0;0;0
07/01/2015;00:20:00;3;Acidente com vítima;127;BR-101/ES;Sul;Colisão;0;1;0;1;0;0;;;;;0;0;2;0;0
07/01/2015;18:55:00;297;Acidente sem Vítima;149;BR-101/ES;Norte;Colisão Frontal;1;0;0;0;1;0;;;;;3;0;0;0;0
07/01/2015;08:20:00;88;Acidente com vítima;174;BR-101/ES;Sul;Colisão Traseira;1;0;0;1;0;0;;;;;1;1;0;0;0
07/01/2015;14:04:00;228;Acidente sem Vítima;262;BR-101/ES;Sul;Colisão Traseira;0;0;6;0;0;0;;;;;2;0;0;0;0
07/01/2015;17:54:00;280;Acidente sem Vítima;266;BR-101/ES;Sul;Colisão Traseira;2;0;0;0;0;0;;;;;2;0;0;0;0
07/01/2015;14:59:00;238;Acidente sem Vítima;267;BR-101/ES;Norte;Saída de Pista;1;0;0;0;0;0;;;;;1;0;0;0;0
07/01/2015;07:12:00;67;Acidente com vítima;309;BR-101/ES;Norte;Colisão Traseira;1;0;0;1;0;0;;;;;1;1;0;0;0
07/01/2015;09:45:00;121;Acidente sem Vítima;316;BR-101/ES;Sul;Colisão Lateral;1;0;1;0;0;0;;;;;6;0;0;0;0
08/01/2015;16:00:00;298;Acidente sem Vítima;27;BR-101/ES;Sul;Colisão Traseira;2;0;1;0;0;0;;;;;3;0;0;0;0
08/01/2015;19:04:00;367;Acidente sem Vítima;31;BR-101/ES;Norte;Engavetamento;3;0;0;0;0;0;;;;;8;0;0;0;0
08/01/2015;10:40:00;158;Acidente sem Vítima;68,5;BR-101/ES;Sul;Colisão Traseira;2;0;0;0;0;0;;;;;2;0;0;0;0
08/01/2015;06:58:00;67;Acidente sem Vítima;129;BR-101/ES;Sul;Colisão Lateral;1;0;0;1;0;0;;;;;3;0;0;0;0
08/01/2015;17:52:00;346;Acidente sem Vítima;140;BR-101/ES;Norte;Colisão Traseira;1;0;2;0;0;0;;;;;4;0;0;0;0
08/01/2015;22:17:00;431;Acidente com vítima;176;BR-101/ES;Norte;Colisão Traseira;2;0;0;0;0;0;;;;;2;1;0;0;0
08/01/2015;17:39:00;338;Acidente sem Vítima;263;BR-101/ES;Sul;Colisão Lateral;2;0;0;1;0;0;;;;;3;0;0;0;0
08/01/2015;11:58:00;205;Acidente com vítima;266;BR-101/ES;Norte;Colisão Traseira;2;0;0;0;0;0;;;;;2;1;0;0;0
08/01/2015;09:06:00;118;Acidente sem Vítima;269;BR-101/ES;Norte;Colisão Traseira;2;0;0;0;0;0;;;;;3;0;0;0;0
08/01/2015;08:50:00;106;Atropelamento sem Morte;270;BR-101/ES;Sul;Atropelamento;1;0;0;1;0;0;;;;;2;1;0;0;0
08/01/2015;09:19:00;128;Acidente sem Vítima;270;BR-101/ES;Norte;Colisão Lateral;1;0;2;0;0;0;;;;;2;0;0;0;0
08/01/2015;20:37:00;402;Acidente com vítima;295;BR-101/ES;Norte;Colisão Lateral;1;0;0;0;0;0;;;;;2;1;0;0;0
08/01/2015;15:13:00;283;Acidente sem Vítima;296;BR-101/ES;Norte;Choque com Objeto Fixo;1;0;0;0;0;0;;;;;1;0;0;0;0
09/01/2015;09:32:00;124;Acidente com vítima;148;BR-101/ES;Norte;Colisão Traseira;1;0;0;1;0;0;;;;;1;1;0;0;0
09/01/2015;16:24:00;266;Acidente com vítima;149;BR-101/ES;Norte;Colisão Traseira;2;0;0;0;0;0;;;;;2;4;0;0;0
09/01/2015;06:39:00;67;Acidente com vítima;176;BR-101/ES;Norte;Colisão Traseira;0;0;1;1;0;0;;;;;1;0;1;0;0
09/01/2015;09:41:00;125;Acidente sem Vítima;261;BR-101/ES;Sul;Saída de Pista;1;0;0;0;0;0;;;;;2;0;0;0;0
09/01/2015;17:40:00;296;Acidente com vítima;268;BR-101/ES;Sul;Colisão Lateral;1;0;0;1;0;0;;;;;1;2;0;0;0
09/01/2015;08:16:00;91;Acidente com vítima;270;BR-101/ES;Sul;Colisão;1;1;0;0;0;0;;;;;1;1;0;0;0
09/01/2015;15:50:00;255;Acidente sem Vítima;299,5;BR-101/ES;Norte;Colisão Traseira;1;0;1;0;0;0;;;;;3;0;0;0;0
09/01/2015;07:34:00;77;Acidente sem Vítima;302;BR-101/ES;Sul;Colisão Lateral;1;0;3;0;0;0;;;;;3;0;0;0;0
09/01/2015;20:22:00;362;Acidente sem Vítima;321;BR-101/ES;Sul;Colisão Traseira;1;0;1;0;0;0;;;;;3;0;0;0;0
09/01/2015;16:52:00;280;Atropelamento sem Morte;329;BR-101/ES;Norte;Atropelamento;0;0;0;1;0;0;;;;;0;2;0;0;0
09/01/2015;13:16:00;213;Acidente sem Vítima;399;BR-101/ES;Norte;Colisão Traseira;2;0;0;0;0;0;;;;;5;0;0;0;0
09/01/2015;14:32:00;234;Acidente com vítima;459;BR-101/ES;Sul;Saída de Pista;1;0;0;0;0;0;;;;;0;1;1;2;0
10/01/2015;10:40:00;149;Acidente sem Vítima;68;BR-101/ES;Norte;Engavetamento;3;0;0;0;0;0;;;;;3;0;0;0;0
10/01/2015;07:50:00;81;Acidente com vítima;144;BR-101/ES;Norte;Queda de Moto;0;0;0;1;0;0;;;;;0;0;1;0;0
10/01/2015;10:46:00;155;Acidente com vítima;147;BR-101/ES;Sul;Colisão Lateral;1;0;0;1;0;0;;;;;1;1;0;0;0
10/01/2015;22:55:00;396;Acidente com vítima;148;BR-101/ES;Norte;Colisão Traseira;1;0;4;0;0;0;;;;;2;0;1;0;0
10/01/2015;00:10:00;2;Acidente com vítima;150;BR-101/ES;Sul;Colisão Frontal;2;0;0;0;0;0;;;;;1;6;1;1;0
10/01/2015;05:49:00;48;Acidente com vítima;150;BR-101/ES;Sul;Colisão Frontal;1;0;0;1;0;0;;;;;1;1;0;0;0
10/01/2015;13:42:00;233;Acidente sem Vítima;219;BR-101/ES;Sul;Saída de Pista;1;0;0;0;0;0;;;;;1;0;0;0;0
10/01/2015;12:59:00;214;Acidente com vítima;259;BR-101/ES;Sul;Colisão Lateral;1;0;1;0;0;0;;;;;1;0;1;0;0
10/01/2015;16:58:00;299;Acidente com vítima;262;BR-101/ES;Norte;Colisão Lateral;3;0;0;0;0;0;;;;;2;1;0;0;0
10/01/2015;15:42:00;269;Acidente sem Vítima;272;BR-101/ES;Norte;Capotamento;1;0;0;0;0;0;;;;;1;0;0;0;0
10/01/2015;10:27:00;142;Acidente sem Vítima;274;BR-101/ES;Norte;Queda de Moto;1;0;0;0;0;0;;;;;1;0;0;0;0
10/01/2015;11:13:00;171;Acidente sem Vítima;291;BR-101/ES;Sul;Engavetamento;3;0;0;0;0;0;;;;;8;0;0;0;0
10/01/2015;11:56:00;189;Acidente com vítima;323;BR-101/ES;Norte;Colisão Traseira;0;0;0;2;0;0;;;;;1;1;0;0;0
10/01/2015;21:38:00;383;Acidente com vítima;330;BR-101/ES;Norte;Saída de Pista;0;0;0;0;1;0;;;;;31;7;4;0;0
11/01/2015;16:54:00;247;Acidente sem Vítima;170,2;BR-101/ES;Norte;Colisão Lateral;2;0;0;0;0;0;;;;;10;0;0;0;0
11/01/2015;16:04:00;236;Acidente sem Vítima;250;BR-101/ES;Norte;Colisão Traseira;2;0;0;0;0;0;;;;;7;0;0;0;0
11/01/2015;18:01:00;272;Acidente com vítima;251;BR-101/ES;Sul;Engavetamento;3;0;0;0;0;0;;;;;3;0;0;1;0
11/01/2015;17:17:00;255;Acidente com vítima;263;BR-101/ES;Norte;Queda de Moto;0;0;0;1;0;0;;;;;0;2;0;0;0
11/01/2015;15:59:00;234;Acidente com vítima;264;BR-101/ES;Norte;Colisão Lateral;1;0;0;1;0;0;;;;;2;1;0;0;0
11/01/2015;20:19:00;317;Acidente sem Vítima;266;BR-101/ES;Norte;Colisão Traseira;2;0;0;0;0;0;;;;;6;0;0;0;0
11/01/2015;11:26:00;150;Acidente sem Vítima;301;BR-101/ES;Norte;Colisão Traseira;2;0;0;0;0;0;;;;;5;0;0;0;0
11/01/2015;22:26:00;355;Acidente sem Vítima;308;BR-101/ES;Sul;Choque com Objeto Fixo;1;0;0;0;0;0;;;;;2;0;0;0;0
11/01/2015;17:31:00;260;Acidente sem Vítima;326;BR-101/ES;Sul;Engavetamento;4;0;0;0;0;0;;;;;14;0;0;0;0