data;horario;n_da_ocorrencia;tipo_de_ocorrencia;km;trecho;sentido;tipo_de_acidente;automovel;bicicleta;caminhao;moto;onibus;outros;tracao_animal;transporte_de_cargas_especiais;trator_maquinas;utilitarios;ilesos;levemente_feridos;moderadamente_feridos;gravemente_feridos;mortos
22/02/2015;23:07:00;331;Acidente com vítima;269;BR-101/ES;Norte;Choque com Objeto Fixo;0;0;0;1;0;0;;;;;0;0;1;0;0
22/02/2015;20:36:00;300;Acidente sem Vítima;299;BR-101/ES;Norte;Colisão Traseira;1;1;0;0;0;0;;;;;2;0;0;0;0
22/02/2015;15:27:00;221;Acidente com vítima;308;BR-101/ES;Norte;Saída de Pista;0;0;1;0;0;0;;;;;0;1;0;0;0
22/02/2015;05:33:00;66;Acidente sem Vítima;311;BR-101/ES;Norte;Saída de Pista;1;0;0;0;0;0;;;;;1;0;0;0;0
22/02/2015;17:09:00;248;Acidente sem Vítima;368;BR-101/ES;Norte;Colisão Traseira;1;1;0;0;0;0;;;;;4;0;0;0;0
23/02/2015;07:32:00;93;Acidente com vítima;122;BR-101/ES;Norte;Colisão Lateral;1;0;0;0;3;0;;;;;1;3;0;1;0
23/02/2015;08:14:00;104;Acidente com vítima;148;BR-101/ES;Sul;Colisão Traseira;2;0;0;0;0;0;;;;;1;1;0;0;0
23/02/2015;10:02:00;150;Acidente sem Vítima;221,1;BR-101/ES;Norte;Saída de Pista;0;0;0;1;0;0;;;;;2;0;0;0;0
23/02/2015;20:23:00;325;Acidente com vítima;267;BR-101/ES;Sul;Colisão Traseira;0;0;0;2;0;0;;;;;0;2;0;0;0
23/02/2015;18:34:00;301;Acidente com vítima;270;BR-101/ES;Norte;Queda de Moto;0;0;0;1;0;0;;;;;0;0;1;0;0
23/02/2015;09:57:00;147;Acidente com vítima;281;BR-101/ES;Sul;Queda de Moto;0;0;0;1;0;0;;;;;0;2;0;0;0
23/02/2015;10:06:00;151;Acidente com vítima;281;BR-101/ES;Norte;Queda de Moto;0;0;0;1;0;0;;;;;0;0;1;0;0
23/02/2015;21:46:00;341;Acidente sem Vítima;282;BR-101/ES;Sul;Colisão Traseira;1;0;0;0;2;0;;;;;2;0;0;0;0
24/02/2015;23:58:00;345;Acidente sem Vítima;31;BR-101/ES;Norte;Colisão Traseira;0;0;1;0;4;0;;;;;2;0;0;0;0
24/02/2015;10:22:00;128;Acidente sem Vítima;115;BR-101/ES;Norte;Saída de Pista;1;0;0;0;0;0;;;;;2;0;0;0;0
24/02/2015;19:47:00;290;Acidente sem Vítima;162;BR-101/ES;Sul;Colisão Lateral;0;0;1;0;1;0;;;;;2;0;0;0;0
24/02/2015;12:24:00;189;Acidente sem Vítima;211;BR-101/ES;Norte;Saída de Pista;0;0;1;0;0;0;;;;;1;0;0;0;0
24/02/2015;05:29:00;44;Acidente com vítima;301;BR-101/ES;Sul;Colisão Transversal;1;0;1;0;0;0;;;;;1;0;1;0;0
24/02/2015;11:48:00;171;Acidente com vítima;376;BR-101/ES;Norte;Saída de Pista;0;0;0;1;0;0;;;;;0;1;0;0;0
25/02/2015;01:54:00;16;Acidente sem Vítima;18;BR-101/ES;Norte;Tombamento;0;0;0;0;2;0;;;;;1;0;0;0;0
25/02/2015;20:10:00;314;Acidente com vítima;144,5;BR-101/ES;Sul;Colisão;0;0;1;1;0;0;;;;;2;1;0;0;0
25/02/2015;06:26:00;54;Acidente com vítima;166;BR-101/ES;Norte;Colisão;1;0;1;0;0;0;;;;;3;0;1;0;0
25/02/2015;07:00:00;61;Atropelamento com Morte;175;BR-101/ES;Sul;Atropelamento;1;0;0;0;0;0;;;;;1;0;0;0;1
25/02/2015;11:48:00;159;Acidente sem Vítima;210;BR-101/ES;Norte;Colisão Traseira;1;0;0;0;2;0;;;;;4;0;0;0;0
25/02/2015;05:41:00;51;Acidente sem Vítima;211,6;BR-101/ES;Sul;Capotamento;0;0;1;0;0;0;;;;;1;0;0;0;0
25/02/2015;03:26:00;34;Acidente sem Vítima;239;BR-101/ES;Norte;Saída de Pista;1;0;0;0;0;0;;;;;1;0;0;0;0
25/02/2015;11:55:00;161;Acidente sem Vítima;273;BR-101/ES;Sul;Tombamento;0;0;1;0;0;0;;;;;1;0;0;0;0
25/02/2015;13:05:00;185;Acidente com vítima;273;BR-101/ES;Norte;Queda de Moto;0;0;1;1;0;0;;;;;0;1;0;0;0
25/02/2015;16:54:00;262;Acidente sem Vítima;286;BR-101/ES;Sul;Choque com Objeto Fixo;0;0;0;0;2;0;;;;;1;0;0;0;0
25/02/2015;06:58:00;60;Acidente com vítima;298;BR-101/ES;Norte;Queda de Moto;1;0;0;1;0;0;;;;;0;0;1;0;0
25/02/2015;09:45:00;111;Acidente sem Vítima;305;BR-101/ES;Sul;Colisão Transversal;1;0;1;0;0;0;;;;;3;0;0;0;0
25/02/2015;12:15:00;168;Acidente com vítima;355;BR-101/ES;Sul;Colisão Transversal;1;1;0;0;0;0;;;;;1;2;1;0;0
25/02/2015;09:40:00;106;Acidente sem Vítima;357,5;BR-101/ES;Sul;Saída de Pista;1;0;1;0;0;0;;;;;1;0;0;0;0
25/02/2015;08:13:00;79;Acidente sem Vítima;440;BR-101/ES;Norte;Tombamento;0;0;1;0;0;0;;;;;2;0;0;0;0
26/02/2015;09:14:00;126;Acidente sem Vítima;136;BR-101/ES;Norte;Queda de Moto;0;0;1;1;1;0;;;;;2;0;0;0;0
26/02/2015;16:51:00;300;Acidente com vítima;147,8;BR-101/ES;Sul;Colisão Lateral;1;0;0;0;1;0;;;;;0;2;0;0;0
26/02/2015;14:06:00;255;Acidente sem Vítima;241;BR-101/ES;Norte;Queda de Moto;0;0;0;1;0;0;;;;;1;0;0;0;0
26/02/2015;16:46:00;295;Acidente sem Vítima;245;BR-101/ES;Sul;Saída de Pista;1;0;0;0;0;0;;;;;1;0;0;0;0
26/02/2015;15:08:00;270;Acidente sem Vítima;266;BR-101/ES;Sul;Engavetamento;4;0;0;0;0;0;;;;;4;0;0;0;0
26/02/2015;21:41:00;372;Acidente com vítima;266;BR-101/ES;Sul;Choque com Objeto Fixo;0;0;0;1;0;0;;;;;0;0;2;0;0
26/02/2015;12:13:00;211;Acidente com vítima;269;BR-101/ES;Norte;Queda de Moto;0;0;0;1;0;0;;;;;0;1;0;0;0
26/02/2015;08:04:00;93;Acidente sem Vítima;270,5;BR-101/ES;Sul;Colisão Traseira;1;0;1;0;0;0;;;;;2;0;0;0;0
26/02/2015;10:35:00;163;Acidente sem Vítima;291;BR-101/ES;Sul;Queda de Moto;0;0;0;1;0;0;;;;;1;0;0;0;0
26/02/2015;08:42:00;113;Acidente sem Vítima;358;BR-101/ES;Norte;Engavetamento;2;0;0;0;1;0;;;;;5;0;0;0;0
26/02/2015;10:45:00;167;Acidente sem Vítima;368,5;BR-101/ES;Norte;Tombamento;2;0;0;0;2;0;;;;;5;0;0;0;0
26/02/2015;06:54:00;71;Atropelamento sem Morte;376;BR-101/ES;Norte;Atropelamento;0;0;0;1;0;0;;;;;1;1;0;0;0
26/02/2015;06:28:00;66;Acidente sem Vítima;399;BR-101/ES;Sul;Colisão Traseira;0;0;2;0;0;0;;;;;2;0;0;0;0
26/02/2015;10:05:00;144;Acidente sem Vítima;399;BR-101/ES;Sul;Colisão Traseira;0;0;1;0;3;0;;;;;2;0;0;0;0
26/02/2015;16:29:00;290;Acidente sem Vítima;408;BR-101/ES;Norte;Capotamento;1;0;0;0;0;0;;;;;1;0;0;0;0
26/02/2015;09:21:00;128;Acidente com vítima;417;BR-101/ES;Norte;Queda de Moto;0;0;0;1;0;0;;;;;0;1;0;0;0
27/02/2015;00:19:00;4;Acidente sem Vítima;47;BR-101/ES;Sul;Saída de Pista;1;0;0;0;0;0;;;;;1;0;0;0;0
27/02/2015;22:03:00;356;Acidente sem Vítima;52;BR-101/ES;Norte;Saída de Pista;1;0;0;0;0;0;;;;;2;0;0;0;0
27/02/2015;14:47:00;244;Acidente sem Vítima;67;BR-101/ES;Norte;Colisão Traseira;1;1;0;0;0;0;;;;;3;0;0;0;0
27/02/2015;16:13:00;268;Acidente sem Vítima;67;BR-101/ES;Sul;Colisão Traseira;2;0;0;0;0;0;;;;;5;0;0;0;0
27/02/2015;18:51:00;317;Acidente sem Vítima;97;BR-101/ES;Norte;Colisão Traseira;1;0;1;0;0;0;;;;;3;0;0;0;0
27/02/2015;23:49:00;380;Acidente sem Vítima;107;BR-101/ES;Norte;Choque;1;0;0;0;0;0;;;;;4;0;0;0;0
27/02/2015;10:02:00;143;Acidente sem Vítima;127;BR-101/ES;Sul;Colisão Traseira;1;0;0;1;0;0;;;;;2;0;0;0;0
27/02/2015;22:44:00;368;Acidente com vítima;144;BR-101/ES;Norte;Colisão Traseira;0;0;1;1;0;0;;;;;2;1;0;0;0
27/02/2015;13:10:00;212;Acidente sem Vítima;146;BR-101/ES;Norte;Colisão Transversal;1;0;1;0;0;0;;;;;2;0;0;0;0
27/02/2015;15:05:00;250;Acidente com vítima;149;BR-101/ES;Sul;Colisão Transversal;1;0;0;1;0;0;;;;;3;1;0;0;0
27/02/2015;08:00:00;93;Acidente com vítima;204;BR-101/ES;Norte;Queda de Moto;0;0;0;1;0;0;;;;;0;2;0;0;0
27/02/2015;05:48:00;58;Acidente sem Vítima;231;BR-101/ES;Norte;Colisão Lateral;2;0;1;0;0;0;;;;;5;0;0;0;0
27/02/2015;22:20:00;363;Acidente com vítima;259;BR-101/ES;Sul;Queda de Moto;0;0;0;1;0;0;;;;;0;1;0;0;0
27/02/2015;17:15:00;286;Acidente sem Vítima;264;BR-101/ES;Norte;Queda de Moto;0;0;0;1;0;0;;;;;1;0;0;0;0
27/02/2015;07:23:00;81;Acidente sem Vítima;265;BR-101/ES;Norte;Colisão Lateral;0;0;1;1;0;0;;;;;2;0;0;0;0
27/02/2015;18:52:00;318;Acidente sem Vítima;265;BR-101/ES;Norte;Colisão Traseira;2;0;0;0;0;0;;;;;3;0;0;0;0
27/02/2015;09:06:00;116;Acidente sem Vítima;269;BR-101/ES;Sul;Colisão Traseira;2;0;0;0;0;0;;;;;2;0;0;0;0
27/02/2015;19:43:00;330;Acidente sem Vítima;269;BR-101/ES;Norte;Colisão Traseira;1;0;0;0;1;0;;;;;2;0;0;0;0
27/02/2015;22:20:00;362;Acidente com vítima;271;BR-101/ES;Norte;Queda de Moto;0;0;0;1;0;0;;;;;0;0;0;1;0
27/02/2015;11:01:00;162;Acidente sem Vítima;274;BR-101/ES;Sul;Colisão Traseira;1;0;0;0;2;0;;;;;2;0;0;0;0
27/02/2015;19:11:00;322;Acidente sem Vítima;298;BR-101/ES;Sul;Colisão Traseira;2;0;0;0;0;0;;;;;2;0;0;0;0
27/02/2015;16:21:00;272;Acidente sem Vítima;349;BR-101/ES;Sul;Colisão Traseira;1;0;0;1;0;0;;;;;2;0;0;0;0
27/02/2015;16:19:00;270;Acidente sem Vítima;358;BR-101/ES;Sul;Colisão Traseira;2;0;0;0;0;0;;;;;3;0;0;0;0
27/02/2015;09:17:00;125;Acidente com vítima;395,5;BR-101/ES;Norte;Colisão Lateral;1;0;1;0;0;0;;;;;2;1;0;0;0
27/02/2015;10:44:00;155;Acidente sem Vítima;448;BR-101/ES;Sul;Queda de Moto;0;0;0;1;0;0;;;;;1;0;0;0;0
28/02/2015;13:15:00;210;Acidente sem Vítima;144;BR-101/ES;Norte;Colisão Traseira;1;0;0;1;0;0;;;;;3;0;0;0;0
28/02/2015;09:59:00;138;Acidente sem Vítima;146;BR-101/ES;Sul;Colisão Traseira;2;0;0;0;0;0;;;;;4;0;0;0;0
28/02/2015;00:06:00;3;Acidente com vítima;160;BR-101/ES;Norte;Saída de Pista;1;0;0;0;0;0;;;;;2;1;0;0;0
28/02/2015;00:12:00;5;Acidente com vítima;212;BR-101/ES;Sul;Choque com Objeto Fixo;0;0;0;1;0;0;;;;;0;1;0;0;0
28/02/2015;06:25:00;69;Acidente com vítima;266,5;BR-101/ES;Sul;Colisão Lateral;1;0;0;1;0;0;;;;;1;0;1;0;0
28/02/2015;14:27:00;239;Acidente sem Vítima;288;BR-101/ES;Norte;Colisão Traseira;2;0;0;0;0;0;;;;;3;0;0;0;0
28/02/2015;10:27:00;146;Acidente sem Vítima;301;BR-101/ES;Sul;Colisão Lateral;1;0;1;0;0;0;;;;;3;0;0;0;0
28/02/2015;00:05:00;2;Acidente com vítima;321;BR-101/ES;Norte;Queda de Moto;0;0;0;1;0;0;;;;;0;0;1;0;0
28/02/2015;11:21:00;165;Acidente sem Vítima;329;BR-101/ES;Sul;Colisão Traseira;2;0;0;0;0;0;;;;;7;0;0;0;0
28/02/2015;08:33:00;114;Acidente com vítima;333;BR-101/ES;Norte;Queda de Moto;1;0;0;0;0;0;;;;;0;0;1;0;0
28/02/2015;05:20:00;58;Acidente com Morte;376;BR-101/ES;Norte;Colisão Frontal;0;0;1;1;0;0;;;;;1;0;0;0;1
28/02/2015;07:47:00;94;Acidente com vítima;440;BR-101/ES;Norte;Queda de Moto;0;0;0;1;0;0;;;;;0;0;2;0;0
28/02/2015;16:00:00;263;Acidente com vítima;450;BR-101/ES;Sul;Tombamento;0;0;0;0;2;0;;;;;0;1;0;0;0
01/03/2015;10:00:00;123;Acidente com vítima;50;BR-101/ES;Sul;Colisão Transversal;1;0;0;1;0;0;;;;;4;1;0;0;0
01/03/2015;05:35:00;56;Acidente com vítima;144;BR-101/ES;Norte;Queda de Moto;0;0;0;1;0;0;;;;;0;1;0;0;0
01/03/2015;16:16:00;241;Acidente com vítima;147;BR-101/ES;Norte;Colisão Traseira;1;0;0;1;0;0;;;;;1;1;0;0;0
01/03/2015;13:29:00;194;Acidente sem Vítima;241;BR-101/ES;Norte;Saída de Pista;1;0;0;0;0;0;;;;;1;0;0;0;0
01/03/2015;10:35:00;129;Acidente sem Vítima;266;BR-101/ES;Sul;Colisão Traseira;2;0;0;0;0;0;;;;;2;0;0;0;0
01/03/2015;12:30:00;168;Acidente sem Vítima;271;BR-101/ES;Norte;Saída de Pista;1;0;0;0;0;0;;;;;1;0;0;0;0
01/03/2015;07:25:00;78;Acidente com vítima;302;BR-101/ES;Sul;Tombamento;0;0;2;0;0;0;;;;;0;1;1;0;0
01/03/2015;08:36:00;101;Acidente com vítima;331;BR-101/ES;Sul;Queda de Moto;0;0;0;1;0;0;;;;;1;0;1;0;0
02/03/2015;14:32:00;222;Acidente sem Vítima;147;BR-101/ES;Sul;Colisão Lateral;0;0;0;1;1;0;;;;;2;0;0;0;0
02/03/2015;03:46:00;42;Acidente sem Vítima;199;BR-101/ES;Norte;Queda de Moto;0;0;0;1;0;0;;;;;1;0;0;0;0
02/03/2015;07:13:00;79;Acidente sem Vítima;230;BR-101/ES;Norte;Colisão Lateral;1;0;1;0;0;0;;;;;2;0;0;0;0
02/03/2015;13:56:00;211;Acidente sem Vítima;241;BR-101/ES;Norte;Choque com Objeto Fixo;1;0;0;0;0;0;;;;;3;0;0;0;0
02/03/2015;06:26:00;73;Acidente com vítima;243;BR-101/ES;Sul;Atropelamento e Fuga;1;0;0;0;0;0;;;;;0;1;0;0;0
02/03/2015;15:26:00;241;Acidente com vítima;257;BR-101/ES;Sul;Queda de Moto;0;0;0;1;0;0;;;;;0;1;0;0;0
02/03/2015;14:53:00;228;Acidente sem Vítima;269;BR-101/ES;Sul;Colisão Traseira;0;0;2;0;0;0;;;;;2;0;0;0;0
02/03/2015;12:50:00;190;Acidente sem Vítima;272;BR-101/ES;Norte;Colisão Traseira;0;0;4;0;0;0;;;;;2;0;0;0;0
02/03/2015;14:05:00;214;Acidente sem Vítima;275;BR-101/ES;Sul;Saída de Pista;1;0;0;0;0;0;;;;;3;0;0;0;0
02/03/2015;05:38:00;63;Acidente com vítima;276,5;BR-101/ES;Norte;Queda de Moto;0;0;0;1;0;0;;;;;0;1;0;0;0
02/03/2015;21:38:00;339;Acidente sem Vítima;286;BR-101/ES;Sul;Atropelamento - Equino;1;0;0;0;0;0;;;;;1;0;0;0;0
02/03/2015;11:20:00;162;Acidente sem Vítima;298;BR-101/ES;Norte;Colisão Traseira;2;0;0;0;0;0;;;;;5;0;0;0;0
02/03/2015;17:25:00;280;Acidente com vítima;304;BR-101/ES;Sul;Colisão Lateral;0;0;0;2;0;0;;;;;1;0;1;0;0
02/03/2015;11:43:00;171;Acidente sem Vítima;400;BR-101/ES;Sul;Saída de Pista;0;0;1;0;0;0;;;;;1;0;0;0;0
02/03/2015;12:20:00;180;Acidente com Morte;402;BR-101/ES;Sul;Colisão Transversal;1;0;1;0;0;0;;;;;2;0;1;0;2
02/03/2015;18:29:00;294;Acidente com vítima;410;BR-101/ES;Norte;Colisão Traseira;0;0;1;1;0;0;;;;;1;0;1;0;0
02/03/2015;12:17:00;178;Acidente sem Vítima;431;BR-101/ES;Sul;Saída de Pista;1;0;0;0;0;0;;;;;1;0;0;0;0
02/03/2015;08:15:00;93;Acidente sem Vítima;447;BR-101/ES;Norte;Saída de Pista;1;0;0;0;0;0;;;;;7;0;0;0;0
03/03/2015;12:50:00;197;Acidente sem Vítima;4;BR-101/ES;Norte;Saída de Pista;1;0;0;0;0;0;;;;;3;0;0;0;0
03/03/2015;11:25:00;163;Acidente sem Vítima;8;BR-101/ES;Sul;Colisão Lateral;1;0;4;0;0;0;;;;;2;0;0;0;0
03/03/2015;10:34:00;144;Acidente sem Vítima;53;BR-101/ES;Norte;Saída de Pista;1;0;0;0;0;0;;;;;3;0;0;0;0
03/03/2015;10:38:00;147;Acidente sem Vítima;262;BR-101/ES;Norte;Colisão Traseira;0;0;2;0;0;0;;;;;2;0;0;0;0
03/03/2015;06:18:00;68;Acidente sem Vítima;267;BR-101/ES;Sul;Colisão Traseira;2;0;0;0;0;0;;;;;2;0;0;0;0
03/03/2015;23:32:00;343;Acidente sem Vítima;269;BR-101/ES;Norte;Colisão Traseira;2;0;0;0;0;0;;;;;2;0;0;0;0
03/03/2015;12:39:00;193;Acidente sem Vítima;282;BR-101/ES;Norte;Choque com Objeto Fixo;2;0;3;0;0;0;;;;;4;0;0;0;0
03/03/2015;13:36:00;208;Acidente com vítima;287;BR-101/ES;Sul;Choque com Objeto Fixo;1;0;0;0;0;0;;;;;0;1;1;0;0
03/03/2015;16:19:00;255;Acidente sem Vítima;298;BR-101/ES;Norte;Colisão Traseira;0;0;2;0;0;0;;;;;2;0;0;0;0
03/03/2015;14:31:00;230;Acidente com vítima;302;BR-101/ES;Sul;Capotamento;1;0;0;0;0;0;;;;;0;1;0;0;0
03/03/2015;07:23:00;81;Acidente sem Vítima;321;BR-101/ES;Sul;Colisão Traseira;1;0;1;0;0;0;;;;;2;0;0;0;0
04/03/2015;16:53:00;278;Acidente com vítima;145;BR-101/ES;Norte;Engavetamento;2;0;0;1;0;0;;;;;2;1;0;0;0
04/03/2015;17:19:00;283;Acidente com vítima;145,5;BR-101/ES;Norte;Colisão Traseira;1;0;0;1;0;0;;;;;2;0;1;0;0
04/03/2015;22:53:00;365;Acidente com vítima;217;BR-101/ES;Norte;Queda de Moto;1;0;0;0;0;0;;;;;0;0;1;0;0
04/03/2015;10:08:00;139;Acidente sem Vítima;226;BR-101/ES;Sul;Colisão Traseira;1;0;2;0;0;0;;;;;2;0;0;0;0
04/03/2015;11:30:00;171;Acidente sem Vítima;261;BR-101/ES;Sul;Saída de Pista;1;0;0;0;0;0;;;;;1;0;0;0;0
04/03/2015;22:28:00;358;Acidente com vítima;261;BR-101/ES;Sul;Colisão Traseira;1;0;0;1;0;0;;;;;1;0;1;0;0
04/03/2015;11:00:00;156;Acidente sem Vítima;263;BR-101/ES;Norte;Choque com Objeto Fixo;0;0;2;0;0;0;;;;;1;0;0;0;0
04/03/2015;23:36:00;373;Acidente sem Vítima;266;BR-101/ES;Sul;Choque com Objeto Fixo;1;0;0;0;0;0;;;;;3;0;0;0;0
04/03/2015;10:35:00;147;Acidente sem Vítima;270;BR-101/ES;Norte;Queda de Moto;0;0;0;1;0;0;;;;;1;0;0;0;0
04/03/2015;10:50:00;151;Acidente sem Vítima;270;BR-101/ES;Sul;Saída de Pista;0;0;2;0;0;0;;;;;1;0;0;0;0
04/03/2015;15:34:00;252;Acidente sem Vítima;279;BR-101/ES;Norte;Colisão Lateral;1;0;1;0;0;0;;;;;2;0;0;0;0
04/03/2015;00:20:00;3;Acidente sem Vítima;280;BR-101/ES;Sul;Saída de Pista;1;0;0;0;0;0;;;;;1;0;0;0;0
04/03/2015;17:39:00;288;Acidente com vítima;297;BR-101/ES;Sul;Colisão Traseira;0;0;0;1;1;0;;;;;2;1;0;0;0
04/03/2015;09:43:00;133;Acidente com vítima;299;BR-101/ES;Norte;Engavetamento;3;0;0;0;0;0;;;;;3;1;0;0;0
04/03/2015;17:23:00;284;Acidente sem Vítima;395;BR-101/ES;Norte;Colisão Lateral;2;0;0;0;0;0;;;;;2;0;0;0;0
05/03/2015;20:45:00;356;Acidente com Morte;79;BR-101/ES;Sul;Choque com Objeto Fixo;0;0;0;1;0;0;;;;;0;0;1;0;1
05/03/2015;16:29:00;283;Acidente sem Vítima;270;BR-101/ES;Norte;Colisão Lateral;1;0;1;0;0;0;;;;;2;0;0;0;0
05/03/2015;20:26:00;352;Acidente com vítima;290;BR-101/ES;Sul;Colisão;1;1;0;0;0;0;;;;;2;0;0;1;0
05/03/2015;09:36:00;125;Acidente sem Vítima;321;BR-101/ES;Norte;Engavetamento;1;0;3;0;0;0;;;;;4;0;0;0;0
05/03/2015;12:29:00;200;Acidente sem Vítima;450;BR-101/ES;Sul;Colisão Lateral;1;0;2;0;0;0;;;;;2;0;0;0;0
06/03/2015;19:14:00;347;Acidente sem Vítima;69;BR-101/ES;Sul;Queda de Moto;0;0;0;1;0;0;;;;;1;0;0;0;0
06/03/2015;10:52:00;158;Acidente sem Vítima;86;BR-101/ES;Norte;Colisão Traseira;1;0;0;0;1;0;;;;;2;0;0;0;0
06/03/2015;10:14:00;146;Acidente sem Vítima;108;BR-101/ES;Norte;Choque com Objeto Fixo;1;0;0;0;0;0;;;;;1;0;0;0;0
06/03/2015;16:23:00;295;Acidente sem Vítima;125;BR-101/ES;Sul;Colisão Traseira;1;0;0;0;1;0;;;;;2;0;0;0;0
06/03/2015;13:16:00;223;Acidente com vítima;126;BR-101/ES;Sul;Queda de ciclista;0;1;0;0;0;0;;;;;0;1;0;0;0
06/03/2015;10:20:00;149;Acidente com vítima;145;BR-101/ES;Norte;Colisão Transversal;1;0;0;1;0;0;;;;;1;0;1;0;0
06/03/2015;14:08:00;244;Acidente com vítima;146;BR-101/ES;Sul;Colisão Traseira;1;0;0;1;0;0;;;;;1;0;1;0;0
06/03/2015;19:59:00;364;Acidente com vítima;180;BR-101/ES;Sul;Colisão Frontal;1;0;0;0;1;0;;;;;28;5;2;0;0
06/03/2015;18:49:00;344;Acidente sem Vítima;213;BR-101/ES;Norte;Colisão Traseira;2;0;0;0;0;0;;;;;2;0;0;0;0
06/03/2015;20:21:00;370;Acidente sem Vítima;255;BR-101/ES;Sul;Engavetamento;2;0;1;0;0;0;;;;;3;0;0;0;0
06/03/2015;13:39:00;234;Acidente sem Vítima;269;BR-101/ES;Norte;Engavetamento;3;0;0;0;0;0;;;;;7;0;0;0;0
06/03/2015;14:37:00;257;Acidente sem Vítima;269;BR-101/ES;Sul;Colisão Traseira;2;0;0;0;0;0;;;;;2;0;0;0;0
06/03/2015;16:59:00;302;Acidente sem Vítima;269;BR-101/ES;Sul;Engavetamento;3;0;0;0;0;0;;;;;3;0;0;0;0
06/03/2015;09:27:00;130;Acidente sem Vítima;270;BR-101/ES;Sul;Engavetamento;5;0;0;0;0;0;;;;;4;0;0;0;0
06/03/2015;06:58:00;73;Acidente sem Vítima;288;BR-101/ES;Norte;Colisão Lateral;1;0;2;0;0;0;;;;;2;0;0;0;0
06/03/2015;14:08:00;245;Acidente sem Vítima;292;BR-101/ES;Sul;Colisão Traseira;1;0;2;0;0;0;;;;;2;0;0;0;0
06/03/2015;16:11:00;288;Acidente sem Vítima;294;BR-101/ES;Norte;Engavetamento;2;0;2;0;0;0;;;;;3;0;0;0;0
06/03/2015;04:47:00;52;Acidente com vítima;299,5;BR-101/ES;Norte;Colisão Transversal;1;0;4;0;0;0;;;;;2;0;1;0;0
06/03/2015;12:31:00;209;Acidente sem Vítima;301;BR-101/ES;Sul;Colisão Traseira;2;0;0;0;0;0;;;;;5;0;0;0;0
06/03/2015;15:42:00;277;Acidente sem Vítima;372,5;BR-101/ES;Norte;Colisão Lateral;2;0;0;0;0;0;;;;;2;0;0;0;0
07/03/2015;23:02:00;348;Acidente com vítima;25;BR-101/ES;Norte;Queda de Moto;0;0;0;1;0;0;;;;;0;1;0;0;0
07/03/2015;20:36:00;322;Acidente sem Vítima;50;BR-101/ES;Norte;Colisão Traseira;1;0;4;0;0;0;;;;;2;0;0;0;0
07/03/2015;22:49:00;347;Acidente com vítima;114;BR-101/ES;Norte;Colisão Traseira;1;0;3;0;0;0;;;;;2;3;0;0;0
07/03/2015;15:06:00;236;Acidente sem Vítima;172;BR-101/ES;Sul;Saída de Pista;1;0;0;0;0;0;;;;;5;0;0;0;0
07/03/2015;04:33:00;54;Acidente sem Vítima;174;BR-101/ES;Norte;Saída de Pista;1;0;0;0;0;0;;;;;1;0;0;0;0
07/03/2015;01:18:00;13;Acidente sem Vítima;256;BR-101/ES;Norte;Choque com Objeto Fixo;1;0;0;0;0;0;;;;;1;0;0;0;0
07/03/2015;22:48:00;345;Acidente com vítima;262;BR-101/ES;Sul;Colisão Frontal;1;0;0;1;0;0;;;;;2;0;1;0;0
07/03/2015;16:20:00;258;Acidente sem Vítima;267;BR-101/ES;Norte;Colisão Traseira;2;0;0;0;0;0;;;;;2;0;0;0;0
07/03/2015;07:53:00;106;Acidente sem Vítima;267,5;BR-101/ES;Norte;Colisão Traseira;2;0;0;0;0;0;;;;;2;0;0;0;0
07/03/2015;23:23:00;352;Acidente sem Vítima;270;BR-101/ES;Sul;Colisão Lateral;2;0;0;0;0;0;;;;;2;0;0;0;0
07/03/2015;08:28:00;117;Acidente com vítima;277;BR-101/ES;Norte;Colisão Traseira;1;0;1;0;0;0;;;;;2;1;0;0;0
07/03/2015;10:25:00;151;Acidente com vítima;299;BR-101/ES;Norte;Colisão Traseira;1;0;0;1;0;0;;;;;2;0;1;0;0
07/03/2015;21:11:00;331;Acidente com vítima;945;BR-101/BA;Norte;Colisão Lateral;1;0;4;0;0;0;;;;;1;1;0;0;0
08/03/2015;19:32:00;287;Acidente sem Vítima;29;BR-101/ES;Norte;Choque com Objeto Fixo;1;0;0;0;0;0;;;;;5;0;0;0;0
08/03/2015;13:43:00;200;Atropelamento sem Morte;57;BR-101/ES;Sul;Atropelamento;0;0;0;1;0;0;;;;;0;0;1;1;0
08/03/2015;01:10:00;8;Acidente sem Vítima;78;BR-101/ES;Sul;Saída de Pista;1;0;3;0;0;0;;;;;2;0;0;0;0
08/03/2015;15:16:00;230;Acidente com vítima;99;BR-101/ES;Norte;Colisão Frontal;2;0;0;0;0;0;;;;;4;1;2;0;0
08/03/2015;16:10:00;241;Acidente com vítima;145;BR-101/ES;Sul;Colisão Traseira;0;0;0;3;1;0;;;;;2;2;0;0;0
08/03/2015;18:25:00;270;Acidente com vítima;147;BR-101/ES;Norte;Queda de Moto;0;0;0;1;0;0;;;;;0;1;0;0;0
08/03/2015;06:05:00;69;Acidente com vítima;150,5;BR-101/ES;Norte;Capotamento;1;0;0;0;0;0;;;;;0;1;0;0;0
08/03/2015;22:49:00;325;Acidente com vítima;209;BR-101/ES;Norte;Saída de Pista;1;0;0;0;0;0;;;;;0;2;0;0;0
08/03/2015;23:07:00;331;Acidente sem Vítima;244;BR-101/ES;Sul;Saída de Pista;1;0;0;0;0;0;;;;;5;0;0;0;0
08/03/2015;15:01:00;223;Acidente sem Vítima;255;BR-101/ES;Sul;Engavetamento;4;0;0;0;0;0;;;;;8;0;0;0;0