data;horario;n_da_ocorrencia;tipo_de_ocorrencia;km;trecho;sentido;tipo_de_acidente;automovel;bicicleta;caminhao;moto;onibus;outros;tracao_animal;transporte_de_cargas_especiais;trator_maquinas;utilitarios;ilesos;levemente_feridos;moderadamente_feridos;gravemente_feridos;mortos
06/04/2015;17:12:00;294;Acidente sem Vítima;391;BR-101/ES;Norte;Saída de Pista;1;0;0;0;0;0;;;;;1;0;0;0;0
06/04/2015;13:49:00;232;Acidente com vítima;443;BR-101/ES;Sul;Saída de Pista;0;0;2;0;0;0;;;;;0;1;0;0;0
06/04/2015;00:34:00;7;Acidente sem Vítima;944;BR-101/BA;Norte;Saída de Pista;0;0;4;0;0;0;;;;;1;0;0;0;0
07/04/2015;03:29:00;46;Acidente com vítima;65;BR-101/ES;Norte;Colisão Traseira;0;0;3;1;0;0;;;;;1;1;0;0;0
07/04/2015;19:13:00;302;Acidente com vítima;147;BR-101/ES;Norte;Colisão Transversal;1;0;0;1;0;0;;;;;1;1;0;0;0
07/04/2015;07:26:00;86;Acidente com vítima;149;BR-101/ES;Norte;Colisão;1;0;0;1;0;0;;;;;0;2;0;0;0
07/04/2015;21:14:00;326;Acidente com vítima;182;BR-101/ES;Norte;Colisão Lateral;0;0;2;0;0;0;;;;;1;1;0;0;0
07/04/2015;15:45:00;254;Acidente sem Vítima;263;BR-101/ES;Sul;Choque com Objeto Fixo;1;0;0;0;0;0;;;;;3;0;0;0;0
07/04/2015;10:03:00;152;Acidente com vítima;269;BR-101/ES;Sul;Colisão Lateral;1;0;0;1;0;0;;;;;1;1;0;0;0
07/04/2015;10:57:00;174;Acidente sem Vítima;270;BR-101/ES;Sul;Colisão Lateral;1;0;2;0;0;0;;;;;2;0;0;0;0
07/04/2015;17:30:00;278;Acidente com vítima;270;BR-101/ES;Norte;Queda de Moto;0;0;0;1;0;0;;;;;0;1;0;0;0
07/04/2015;14:49:00;245;Acidente sem Vítima;280;BR-101/ES;Norte;Choque com Objeto Fixo;0;0;2;0;0;0;;;;;1;0;0;0;0
07/04/2015;08:57:00;119;Acidente com vítima;291;BR-101/ES;Norte;Engavetamento;3;0;1;1;0;0;;;;;3;1;0;0;0
07/04/2015;22:06:00;340;Acidente sem Vítima;306;BR-101/ES;Sul;Tombamento;0;0;2;0;0;0;;;;;1;0;0;0;0
07/04/2015;06:53:00;73;Acidente sem Vítima;326,5;BR-101/ES;Norte;Colisão Lateral;1;0;2;0;0;0;;;;;3;0;0;0;0
07/04/2015;17:42:00;286;Acidente sem Vítima;379;BR-101/ES;Norte;Atropelamento - Bovino;1;0;0;0;0;0;;;;;1;0;0;0;0
07/04/2015;15:59:00;259;Acidente sem Vítima;397;BR-101/ES;Norte;Colisão Lateral;1;0;1;0;0;0;;;;;2;0;0;0;0
07/04/2015;19:17:00;303;Acidente com vítima;448;BR-101/ES;Sul;Colisão Frontal;1;0;1;0;0;0;;;;;0;2;0;1;0
08/04/2015;09:32:00;122;Acidente com vítima;66,5;BR-101/ES;Sul;Colisão Traseira;2;0;0;0;0;0;;;;;1;2;0;0;0
08/04/2015;08:33:00;106;Acidente sem Vítima;147;BR-101/ES;Norte;Colisão Transversal;2;0;0;0;0;0;;;;;2;0;0;0;0
08/04/2015;20:54:00;322;Acidente sem Vítima;219;BR-101/ES;Norte;Choque com Objeto Fixo;1;0;0;0;0;0;;;;;1;0;0;0;0
08/04/2015;15:30:00;246;Acidente sem Vítima;266;BR-101/ES;Sul;Colisão Lateral;1;0;0;1;0;0;;;;;2;0;0;0;0
08/04/2015;10:19:00;130;Acidente sem Vítima;268;BR-101/ES;Sul;Colisão Lateral;1;0;1;0;0;0;;;;;2;0;0;0;0
08/04/2015;07:31:00;75;Acidente sem Vítima;290;BR-101/ES;Norte;Colisão Traseira;2;0;0;0;0;0;;;;;3;0;0;0;0
09/04/2015;18:40:00;306;Acidente com vítima;163;BR-101/ES;Norte;Queda de Moto;0;0;0;1;0;0;;;;;0;1;1;0;0
09/04/2015;07:50:00;95;Acidente com vítima;267;BR-101/ES;Norte;Colisão Lateral;1;0;0;1;0;0;;;;;1;0;1;0;0
09/04/2015;13:02:00;227;Acidente com vítima;269;BR-101/ES;Norte;Colisão Traseira;1;0;1;0;0;0;;;;;1;1;0;0;0
09/04/2015;16:09:00;265;Acidente com vítima;269;BR-101/ES;Norte;Queda de Moto;0;0;0;1;0;0;;;;;0;1;0;0;0
09/04/2015;07:32:00;84;Acidente sem Vítima;269,8;BR-101/ES;Norte;Engavetamento;3;0;0;0;0;0;;;;;3;0;0;0;0
09/04/2015;19:35:00;316;Acidente sem Vítima;283;BR-101/ES;Norte;Colisão Lateral;0;0;1;0;1;0;;;;;2;0;0;0;0
09/04/2015;07:23:00;79;Acidente sem Vítima;298,5;BR-101/ES;Norte;Colisão Lateral;1;0;1;0;0;0;;;;;1;0;0;0;0
09/04/2015;07:39:00;86;Acidente com vítima;336;BR-101/ES;Norte;Colisão Traseira;3;0;0;0;0;0;;;;;3;1;0;0;0
09/04/2015;15:28:00;260;Acidente sem Vítima;367;BR-101/ES;Sul;Saída de Pista;1;0;0;0;0;0;;;;;1;0;0;0;0
09/04/2015;13:10:00;229;Acidente sem Vítima;376;BR-101/ES;Sul;Colisão Transversal;1;0;0;1;0;0;;;;;2;0;0;0;0
09/04/2015;23:04:00;353;Acidente com vítima;387;BR-101/ES;Norte;Tombamento;0;0;2;0;0;0;;;;;0;1;0;0;0
09/04/2015;16:34:00;272;Acidente sem Vítima;401;BR-101/ES;Sul;Saída de Pista;0;0;1;0;0;0;;;;;1;0;0;0;0
09/04/2015;13:59:00;240;Acidente sem Vítima;435;BR-101/ES;Norte;Saída de Pista;1;0;0;0;0;0;;;;;2;0;0;0;0
09/04/2015;19:59:00;323;Acidente sem Vítima;438,5;BR-101/ES;Norte;Saída de Pista;1;0;0;0;0;0;;;;;1;0;0;0;0
09/04/2015;19:20:00;314;Acidente sem Vítima;439;BR-101/ES;Norte;Tombamento;0;0;1;0;0;0;;;;;1;0;0;0;0
10/04/2015;16:33:00;255;Acidente sem Vítima;8;BR-101/ES;Norte;Tombamento;0;0;4;0;0;0;;;;;1;0;0;0;0
10/04/2015;15:54:00;249;Acidente com vítima;149;BR-101/ES;Norte;Engavetamento;3;0;0;0;1;0;;;;;5;1;0;0;0
10/04/2015;14:42:00;234;Acidente com vítima;162;BR-101/ES;Sul;Queda de Moto;0;0;0;1;0;0;;;;;0;2;0;0;0
10/04/2015;23:12:00;351;Acidente sem Vítima;203;BR-101/ES;Norte;Saída de Pista;1;0;0;0;0;0;;;;;1;0;0;0;0
10/04/2015;10:11:00;137;Acidente com vítima;208;BR-101/ES;Sul;Saída de Pista;1;0;0;0;0;0;;;;;0;1;0;0;0
10/04/2015;18:39:00;289;Acidente com vítima;262;BR-101/ES;Sul;Colisão Lateral;1;0;0;1;0;0;;;;;1;1;0;0;0
10/04/2015;20:28:00;320;Acidente sem Vítima;287;BR-101/ES;Sul;Atropelamento - Equino;1;0;0;0;0;0;;;;;1;0;0;0;0
10/04/2015;04:32:00;32;Acidente sem Vítima;289;BR-101/ES;Norte;Atropelamento - Equino;0;0;2;0;0;0;;;;;1;0;0;0;0
10/04/2015;07:48:00;73;Acidente sem Vítima;291;BR-101/ES;Sul;Colisão Traseira;2;0;0;0;0;0;;;;;2;0;0;0;0
10/04/2015;10:25:00;142;Acidente sem Vítima;301;BR-101/ES;Norte;Colisão Traseira;2;0;0;0;0;0;;;;;3;0;0;0;0
11/04/2015;14:47:00;213;Acidente com vítima;17,5;BR-101/ES;Sul;Colisão Frontal;0;0;4;0;0;0;;;;;0;2;0;0;0
11/04/2015;10:34:00;144;Acidente sem Vítima;38;BR-101/ES;Sul;Tombamento;0;0;3;0;0;0;;;;;1;0;0;0;0
11/04/2015;18:52:00;263;Acidente sem Vítima;51;BR-101/ES;Norte;Colisão Lateral;1;0;1;0;0;0;;;;;2;0;0;0;0
11/04/2015;06:19:00;67;Acidente sem Vítima;126;BR-101/ES;Sul;Colisão Traseira;1;0;1;0;0;0;;;;;4;0;0;0;0
11/04/2015;06:29:00;69;Acidente sem Vítima;135;BR-101/ES;Sul;Saída de Pista;1;0;0;0;0;0;;;;;1;0;0;0;0
11/04/2015;17:51:00;253;Acidente com vítima;146;BR-101/ES;Sul;Colisão Lateral;1;0;0;1;0;0;;;;;1;2;0;0;0
11/04/2015;08:29:00;107;Acidente sem Vítima;147;BR-101/ES;Sul;Colisão Transversal;2;0;0;0;0;0;;;;;2;0;0;0;0
11/04/2015;11:32:00;164;Acidente sem Vítima;149;BR-101/ES;Sul;Colisão Lateral;1;0;1;0;0;0;;;;;4;0;0;0;0
11/04/2015;17:36:00;249;Acidente com vítima;198,8;BR-101/ES;Norte;Queda de Moto;0;0;0;1;0;0;;;;;0;2;0;0;0
11/04/2015;18:49:00;261;Acidente sem Vítima;238;BR-101/ES;Norte;Queda de Moto;0;0;0;1;0;0;;;;;1;0;0;0;0
11/04/2015;15:56:00;228;Acidente sem Vítima;254;BR-101/ES;Sul;Colisão Transversal;1;0;0;1;0;0;;;;;2;0;0;0;0
11/04/2015;14:30:00;209;Acidente com vítima;263;BR-101/ES;Norte;Queda de Moto;0;0;0;1;0;0;;;;;0;2;0;0;0
11/04/2015;01:39:00;17;Acidente com vítima;291;BR-101/ES;Sul;Queda de Moto;0;0;0;1;0;0;;;;;1;1;0;0;0
11/04/2015;09:11:00;114;Acidente sem Vítima;363;BR-101/ES;Sul;Capotamento;1;0;0;0;0;0;;;;;3;0;0;0;0
12/04/2015;20:30:00;303;Acidente com vítima;80;BR-101/ES;Norte;Colisão Traseira;1;0;1;0;0;0;;;;;1;1;0;0;0
12/04/2015;22:03:00;321;Acidente sem Vítima;141;BR-101/ES;Norte;Colisão Traseira;0;0;5;0;0;0;;;;;2;0;0;0;0
12/04/2015;09:08:00;110;Acidente sem Vítima;151;BR-101/ES;Sul;Colisão Transversal;2;0;0;0;0;0;;;;;5;0;0;0;0
12/04/2015;01:50:00;19;Acidente sem Vítima;228;BR-101/ES;Norte;Saída de Pista;1;0;0;0;0;0;;;;;3;0;0;0;0
12/04/2015;18:45:00;281;Acidente sem Vítima;230;BR-101/ES;Sul;Choque com Objeto Fixo;1;0;0;0;0;0;;;;;1;0;0;0;0
12/04/2015;22:04:00;322;Acidente com vítima;233;BR-101/ES;Norte;Colisão Traseira;2;0;0;0;0;0;;;;;5;1;1;0;0
12/04/2015;00:30:00;3;Acidente com vítima;262;BR-101/ES;Norte;Colisão Transversal;2;0;0;0;0;0;;;;;2;0;1;1;0
12/04/2015;22:42:00;326;Acidente com vítima;267;BR-101/ES;Sul;Colisão Traseira;1;0;0;1;0;0;;;;;1;0;1;0;0
12/04/2015;04:04:00;47;Acidente com vítima;270;BR-101/ES;Norte;Queda de Moto;0;0;0;1;0;0;;;;;0;0;2;0;0
12/04/2015;22:09:00;323;Acidente com vítima;285;BR-101/ES;Norte;Colisão Traseira;0;0;2;1;0;0;;;;;1;0;1;0;0
12/04/2015;16:18:00;254;Acidente com vítima;318;BR-101/ES;Sul;Queda de Moto;1;0;0;0;0;0;;;;;0;2;0;0;0
12/04/2015;00:56:00;13;Acidente sem Vítima;353;BR-101/ES;Sul;Choque com Objeto Fixo;1;0;0;0;0;0;;;;;4;0;0;0;0
13/04/2015;08:35:00;120;Acidente com vítima;80;BR-101/ES;Sul;Colisão Lateral;2;0;0;0;0;0;;;;;4;1;0;0;0
13/04/2015;16:35:00;267;Acidente sem Vítima;81;BR-101/ES;Sul;Colisão Traseira;2;0;0;0;0;0;;;;;2;0;0;0;0
13/04/2015;17:24:00;281;Acidente sem Vítima;147;BR-101/ES;Sul;Colisão Transversal;1;0;1;0;0;0;;;;;2;0;0;0;0
13/04/2015;09:19:00;132;Acidente com vítima;150;BR-101/ES;Norte;Colisão;1;1;0;0;0;0;;;;;1;0;1;0;0
13/04/2015;10:41:00;158;Acidente sem Vítima;213;BR-101/ES;Norte;Colisão Traseira;2;0;0;0;0;0;;;;;3;0;0;0;0
13/04/2015;14:16:00;232;Acidente sem Vítima;241;BR-101/ES;Sul;Colisão Lateral;1;0;0;1;0;0;;;;;2;0;0;0;0
13/04/2015;18:03:00;292;Acidente sem Vítima;251;BR-101/ES;Sul;Engavetamento;3;0;0;0;0;0;;;;;3;0;0;0;0
13/04/2015;15:20:00;243;Acidente sem Vítima;267,1;BR-101/ES;Sul;Tombamento;0;0;1;0;0;0;;;;;1;0;0;0;0
13/04/2015;05:38:00;57;Acidente sem Vítima;269;BR-101/ES;Norte;Colisão Transversal;2;0;0;0;0;0;;;;;1;0;0;0;0
13/04/2015;20:09:00;315;Acidente sem Vítima;287;BR-101/ES;Sul;Colisão Lateral;2;0;0;0;0;0;;;;;2;0;0;0;0
13/04/2015;06:06:00;63;Acidente sem Vítima;299;BR-101/ES;Norte;Engavetamento;1;0;4;0;0;0;;;;;5;0;0;0;0
13/04/2015;17:04:00;276;Acidente sem Vítima;331;BR-101/ES;Sul;Colisão Frontal;1;0;1;0;0;0;;;;;2;0;0;0;0
14/04/2015;10:43:00;152;Acidente sem Vítima;147;BR-101/ES;Sul;Colisão Lateral;2;0;0;0;0;0;;;;;3;0;0;0;0
14/04/2015;12:55:00;206;Acidente com vítima;241;BR-101/ES;Sul;Colisão Traseira;2;0;0;0;0;0;;;;;7;1;0;0;0
14/04/2015;14:14:00;234;Acidente com vítima;243;BR-101/ES;Norte;Queda de Moto;0;0;0;1;0;0;;;;;0;2;0;0;0
14/04/2015;09:54:00;135;Acidente sem Vítima;255;BR-101/ES;Norte;Engavetamento;3;0;0;0;0;0;;;;;5;0;0;0;0
14/04/2015;15:21:00;252;Acidente sem Vítima;263;BR-101/ES;Sul;Colisão Traseira;2;0;0;0;0;0;;;;;2;0;0;0;0
14/04/2015;11:46:00;170;Acidente sem Vítima;265;BR-101/ES;Norte;Colisão Lateral;1;0;1;0;0;0;;;;;2;0;0;0;0
14/04/2015;15:59:00;267;Acidente sem Vítima;265;BR-101/ES;Norte;Colisão Lateral;1;0;2;0;0;0;;;;;2;0;0;0;0
14/04/2015;12:38:00;201;Acidente sem Vítima;269;BR-101/ES;Sul;Engavetamento;3;0;0;0;0;0;;;;;3;0;0;0;0
14/04/2015;16:36:00;284;Acidente sem Vítima;269;BR-101/ES;Norte;Colisão Traseira;1;0;2;0;0;0;;;;;2;0;0;0;0
14/04/2015;14:05:00;230;Acidente com vítima;291;BR-101/ES;Sul;Saída de Pista;1;0;0;0;0;0;;;;;0;1;0;0;0
14/04/2015;14:29:00;240;Acidente sem Vítima;325;BR-101/ES;Norte;Engavetamento;1;0;5;0;0;0;;;;;5;0;0;0;0
14/04/2015;14:27:00;238;Acidente sem Vítima;335;BR-101/ES;Norte;Tombamento;0;0;1;0;0;0;;;;;1;0;0;0;0
14/04/2015;20:46:00;337;Acidente sem Vítima;341;BR-101/ES;Norte;Colisão Lateral;1;0;2;0;0;0;;;;;3;0;0;0;0
14/04/2015;22:48:00;365;Acidente sem Vítima;349;BR-101/ES;Norte;Colisão Traseira;0;0;2;0;0;0;;;;;2;0;0;0;0
14/04/2015;16:24:00;277;Acidente sem Vítima;382;BR-101/ES;Norte;Tombamento;0;0;2;0;0;0;;;;;2;0;0;0;0
15/04/2015;08:54:00;119;Acidente sem Vítima;68;BR-101/ES;Norte;Colisão Traseira;2;0;0;0;0;0;;;;;2;0;0;0;0
15/04/2015;16:28:00;291;Acidente com vítima;147,5;BR-101/ES;Sul;Colisão Lateral;0;0;0;1;0;0;;;;;0;1;0;0;0
15/04/2015;16:41:00;297;Acidente sem Vítima;148;BR-101/ES;Norte;Colisão Lateral;1;0;1;0;0;0;;;;;2;0;0;0;0
15/04/2015;17:27:00;306;Acidente sem Vítima;148,5;BR-101/ES;Sul;Colisão Lateral;1;0;1;0;0;0;;;;;4;0;0;0;0
15/04/2015;19:07:00;327;Acidente sem Vítima;155;BR-101/ES;Norte;Colisão Lateral;2;0;0;0;0;0;;;;;5;0;0;0;0
15/04/2015;18:37:00;324;Acidente com vítima;219;BR-101/ES;Norte;Choque com Objeto Fixo;0;0;0;1;0;0;;;;;0;1;0;0;0
15/04/2015;18:34:00;323;Acidente com Morte;259;BR-101/ES;Sul;Colisão;0;1;0;1;0;0;;;;;0;0;1;0;1
15/04/2015;10:12:00;154;Acidente sem Vítima;264;BR-101/ES;Norte;Colisão Lateral;2;0;0;0;0;0;;;;;2;0;0;0;0
15/04/2015;17:45:00;313;Atropelamento com Morte;265;BR-101/ES;Sul;Atropelamento;1;0;0;1;0;0;;;;;1;0;0;1;1
15/04/2015;11:23:00;175;Acidente sem Vítima;271;BR-101/ES;Sul;Colisão Transversal;0;0;3;0;0;0;;;;;2;0;0;0;0
15/04/2015;13:40:00;236;Acidente sem Vítima;287;BR-101/ES;Norte;Colisão;1;0;0;0;0;0;;;;;3;0;0;0;0
15/04/2015;17:29:00;307;Acidente com vítima;292;BR-101/ES;Sul;Queda de ciclista;0;1;0;0;0;0;;;;;0;0;1;0;0
15/04/2015;12:34:00;211;Acidente sem Vítima;314;BR-101/ES;Sul;Colisão Lateral;1;0;2;0;0;0;;;;;3;0;0;0;0
15/04/2015;18:00:00;316;Acidente com vítima;390;BR-101/ES;Norte;Queda de Moto;1;0;0;0;0;0;;;;;0;1;1;0;0
15/04/2015;06:28:00;76;Acidente com vítima;411;BR-101/ES;Sul;Tombamento;0;0;2;0;0;0;;;;;0;1;0;0;0
16/04/2015;12:47:00;202;Acidente sem Vítima;50;BR-101/ES;Sul;Colisão Traseira;0;0;6;0;0;0;;;;;2;0;0;0;0
16/04/2015;18:28:00;299;Acidente com vítima;84;BR-101/ES;Sul;Colisão Traseira;0;0;5;0;0;0;;;;;1;1;0;0;0
16/04/2015;14:10:00;227;Acidente sem Vítima;147;BR-101/ES;Norte;Colisão Traseira;1;0;1;0;0;0;;;;;3;0;0;0;0
16/04/2015;07:55:00;97;Acidente com vítima;148;BR-101/ES;Sul;Colisão Lateral;1;0;0;1;0;0;;;;;1;1;0;0;0
16/04/2015;21:47:00;341;Acidente com vítima;183;BR-101/ES;Sul;Tombamento;0;0;2;0;0;0;;;;;0;2;1;0;0
16/04/2015;17:33:00;287;Acidente sem Vítima;203,5;BR-101/ES;Norte;Colisão;0;1;0;1;0;0;;;;;2;0;0;0;0
16/04/2015;18:31:00;300;Acidente sem Vítima;205;BR-101/ES;Norte;Colisão Traseira;2;0;0;0;0;0;;;;;2;0;0;0;0
16/04/2015;22:32:00;350;Acidente com vítima;260;BR-101/ES;Norte;Colisão Frontal;1;0;0;1;0;0;;;;;0;2;1;0;0
16/04/2015;08:56:00;124;Acidente sem Vítima;270;BR-101/ES;Sul;Colisão Traseira;1;0;0;0;1;0;;;;;3;0;0;0;0
16/04/2015;09:10:00;130;Acidente com vítima;273;BR-101/ES;Norte;Colisão Traseira;2;0;0;0;0;0;;;;;2;2;0;0;0
16/04/2015;05:39:00;59;Acidente com vítima;283;BR-101/ES;Norte;Colisão Traseira;0;0;1;1;0;0;;;;;1;0;1;0;0
16/04/2015;07:46:00;92;Acidente com vítima;291;BR-101/ES;Norte;Colisão Lateral;2;0;0;1;0;0;;;;;2;0;1;0;0
16/04/2015;13:47:00;221;Acidente sem Vítima;353;BR-101/ES;Norte;Colisão Lateral;0;0;4;0;0;0;;;;;2;0;0;0;0
16/04/2015;10:30:00;160;Acidente sem Vítima;372;BR-101/ES;Sul;Colisão Traseira;2;0;0;0;0;0;;;;;3;0;0;0;0
17/04/2015;07:00:00;63;Acidente sem Vítima;37;BR-101/ES;Sul;Tombamento;0;0;2;0;0;0;;;;;1;0;0;0;0
17/04/2015;11:32:00;152;Acidente com vítima;50;BR-101/ES;Norte;Capotamento;1;0;0;0;0;0;;;;;0;4;0;0;0
17/04/2015;22:30:00;336;Acidente com vítima;142;BR-101/ES;Sul;Queda de Moto;0;0;0;1;0;0;;;;;0;1;0;0;0
17/04/2015;23:55:00;344;Acidente sem Vítima;144;BR-101/ES;Norte;Colisão Lateral;1;0;0;0;1;0;;;;;4;0;0;0;0
17/04/2015;18:54:00;292;Acidente com vítima;152;BR-101/ES;Sul;Colisão Lateral;1;0;4;0;0;0;;;;;2;1;0;0;0
17/04/2015;18:40:00;288;Acidente sem Vítima;206;BR-101/ES;Norte;Colisão Lateral;2;0;0;0;0;0;;;;;2;0;0;0;0
17/04/2015;10:37:00;133;Acidente com vítima;256;BR-101/ES;Sul;Colisão Lateral;2;0;0;0;0;0;;;;;1;2;0;0;0
17/04/2015;08:43:00;101;Acidente com vítima;262;BR-101/ES;Sul;Colisão Lateral;2;0;0;0;0;0;;;;;1;1;0;0;0
17/04/2015;18:38:00;287;Acidente sem Vítima;265;BR-101/ES;Norte;Colisão Traseira;2;0;0;0;0;0;;;;;1;0;0;0;0
17/04/2015;07:24:00;70;Acidente com vítima;276;BR-101/ES;Norte;Colisão Traseira;1;0;3;0;0;0;;;;;4;0;1;0;0
17/04/2015;10:33:00;132;Acidente sem Vítima;285;BR-101/ES;Sul;Colisão Traseira;2;0;0;0;0;0;;;;;2;0;0;0;0
17/04/2015;09:56:00;123;Acidente com vítima;333;BR-101/ES;Norte;Queda de Moto;0;0;0;1;0;0;;;;;0;0;2;0;0
17/04/2015;16:23:00;245;Acidente sem Vítima;357;BR-101/ES;Sul;Saída de Pista;1;0;0;0;0;0;;;;;2;0;0;0;0
17/04/2015;18:26:00;286;Acidente sem Vítima;374;BR-101/ES;Sul;Colisão Traseira;2;0;0;0;0;0;;;;;2;0;0;0;0
17/04/2015;03:40:00;32;Acidente sem Vítima;410;BR-101/ES;Norte;Choque com Objeto Fixo;1;0;0;0;0;0;;;;;3;0;0;0;0
17/04/2015;14:40:00;222;Acidente com vítima;418;BR-101/ES;Norte;Queda de Moto;1;0;0;0;0;0;;;;;0;2;0;0;0
18/04/2015;18:11:00;278;Acidente com Morte;19;BR-101/ES;Sul;Colisão Frontal;0;0;1;1;0;0;;;;;1;0;0;0;1
18/04/2015;10:05:00;112;Acidente sem Vítima;22;BR-101/ES;Norte;Colisão Traseira;1;0;1;0;0;0;;;;;3;0;0;0;0
18/04/2015;18:06:00;275;Acidente com vítima;61;BR-101/ES;Norte;Colisão Transversal;2;0;0;0;0;0;;;;;2;1;0;0;0
18/04/2015;16:28:00;243;Acidente sem Vítima;70;BR-101/ES;Sul;Saída de Pista;1;0;0;0;0;0;;;;;1;0;0;0;0
18/04/2015;18:45:00;284;Acidente com vítima;75,1;BR-101/ES;Norte;Capotamento;1;0;0;0;0;0;;;;;4;1;0;0;0
18/04/2015;10:12:00;117;Acidente sem Vítima;149;BR-101/ES;Norte;Colisão Lateral;1;0;0;0;1;0;;;;;6;0;0;0;0
18/04/2015;01:16:00;16;Acidente com Morte;154,3;BR-101/ES;Norte;Colisão Frontal;0;0;2;0;0;0;;;;;0;0;0;0;3
18/04/2015;16:52:00;252;Acidente sem Vítima;161,5;BR-101/ES;Sul;Saída de Pista;1;0;0;0;0;0;;;;;2;0;0;0;0
18/04/2015;15:29:00;229;Acidente com Morte;177;BR-101/ES;Sul;Queda de Moto;0;0;0;1;0;0;;;;;0;0;0;0;1
18/04/2015;07:45:00;77;Acidente com vítima;193;BR-101/ES;Norte;Queda de ciclista;0;1;0;0;0;0;;;;;0;1;0;0;0
18/04/2015;12:00:00;154;Acidente sem Vítima;242;BR-101/ES;Sul;Colisão Lateral;1;0;1;0;0;0;;;;;4;0;0;0;0
18/04/2015;21:09:00;315;Acidente sem Vítima;248;BR-101/ES;Norte;Veículo em Chamas;1;0;0;0;0;0;;;;;1;0;0;0;0
18/04/2015;08:44:00;96;Acidente sem Vítima;251;BR-101/ES;Sul;Colisão Traseira;2;0;0;0;0;0;;;;;2;0;0;0;0
18/04/2015;07:50:00;79;Acidente com vítima;261;BR-101/ES;Norte;Queda de Moto;0;0;0;1;0;0;;;;;0;0;1;0;0
18/04/2015;22:22:00;334;Acidente sem Vítima;264;BR-101/ES;Sul;Colisão Traseira;2;0;0;0;0;0;;;;;2;0;0;0;0
18/04/2015;22:52:00;339;Acidente com vítima;271;BR-101/ES;Sul;Colisão Lateral;1;0;0;1;0;0;;;;;1;0;0;1;0
18/04/2015;07:40:00;76;Acidente com vítima;298;BR-101/ES;Sul;Queda de ciclista;0;1;0;0;0;0;;;;;0;0;1;0;0
18/04/2015;09:02:00;98;Acidente com vítima;302;BR-101/ES;Norte;Colisão Lateral;2;0;0;0;0;0;;;;;3;1;0;0;0
18/04/2015;12:35:00;170;Acidente com vítima;413;BR-101/ES;Sul;Colisão Lateral;1;0;1;0;0;0;;;;;1;0;0;2;0
18/04/2015;07:56:00;81;Acidente com vítima;419;BR-101/ES;Sul;Saída de Pista;1;0;0;0;0;0;;;;;0;4;0;0;0
18/04/2015;09:42:00;104;Acidente com vítima;448;BR-101/ES;Sul;Saída de Pista;1;0;0;0;0;0;;;;;2;2;0;0;0
19/04/2015;05:57:00;62;Acidente com vítima;26;BR-101/ES;Norte;Saída de Pista;1;0;0;0;0;0;;;;;0;0;2;0;0
19/04/2015;22:35:00;309;Acidente com vítima;29;BR-101/ES;Norte;Queda de Moto;0;0;0;1;0;0;;;;;0;0;1;0;0
19/04/2015;04:49:00;48;Acidente com vítima;136;BR-101/ES;Sul;Colisão Lateral;1;0;0;0;1;0;;;;;1;1;0;0;0
19/04/2015;20:03:00;289;Acidente sem Vítima;159;BR-101/ES;Norte;Saída de Pista;1;0;0;0;0;0;;;;;1;0;0;0;0
19/04/2015;17:40:00;267;Acidente com vítima;170;BR-101/ES;Norte;Colisão Lateral;1;0;1;0;0;0;;;;;1;2;0;0;0
19/04/2015;09:58:00;104;Acidente sem Vítima;230;BR-101/ES;Sul;Colisão Traseira;2;0;0;0;0;0;;;;;2;0;0;0;0
19/04/2015;02:24:00;18;Acidente sem Vítima;257;BR-101/ES;Norte;Capotamento;1;0;0;0;0;0;;;;;1;0;0;0;0
19/04/2015;14:47:00;216;Acidente com Morte;263;BR-101/ES;Norte;Choque com Objeto Fixo;2;0;0;0;0;0;;;;;0;2;0;0;1
19/04/2015;12:21:00;164;Acidente sem Vítima;270;BR-101/ES;Norte;Choque com Objeto Fixo;1;0;0;0;0;0;;;;;3;0;0;0;0
19/04/2015;09:58:00;103;Acidente sem Vítima;321;BR-101/ES;Sul;Colisão Traseira;0;0;3;0;0;0;;;;;3;0;0;0;0
19/04/2015;07:29:00;73;Acidente sem Vítima;338,8;BR-101/ES;Sul;Saída de Pista;1;0;0;0;0;0;;;;;1;0;0;0;0
19/04/2015;12:09:00;157;Acidente sem Vítima;404,5;BR-101/ES;Norte;Saída de Pista;1;0;0;0;0;0;;;;;2;0;0;0;0
20/04/2015;00:40:00;9;Acidente sem Vítima;38;BR-101/ES;Sul;Queda de Moto;0;0;0;1;0;0;;;;;1;0;0;0;0
20/04/2015;18:26:00;315;Acidente com vítima;70;BR-101/ES;Sul;Colisão Lateral;1;0;0;1;0;0;;;;;5;0;1;0;0
20/04/2015;01:02:00;15;Acidente sem Vítima;206;BR-101/ES;Norte;Saída de Pista;1;0;0;0;0;0;;;;;2;0;0;0;0
20/04/2015;14:32:00;240;Acidente com vítima;206,1;BR-101/ES;Sul;Colisão Lateral;1;0;0;1;0;0;;;;;1;2;0;0;0
20/04/2015;08:55:00;104;Acidente com vítima;209;BR-101/ES;Sul;Colisão Traseira;2;0;0;0;0;0;;;;;2;0;1;0;0
20/04/2015;22:17:00;364;Acidente com vítima;265;BR-101/ES;Sul;Queda de Moto;0;0;0;2;0;0;;;;;0;2;2;0;0
20/04/2015;18:25:00;314;Acidente com vítima;266;BR-101/ES;Norte;Queda de Moto;0;0;0;1;0;0;;;;;0;2;0;0;0
20/04/2015;10:29:00;136;Atropelamento com Morte;267;BR-101/ES;Sul;Atropelamento;0;0;1;0;0;0;;;;;1;0;0;0;1