data;horario;n_da_ocorrencia;tipo_de_ocorrencia;km;trecho;sentido;tipo_de_acidente;automovel;bicicleta;caminhao;moto;onibus;outros;tracao_animal;transporte_de_cargas_especiais;trator_maquinas;utilitarios;ilesos;levemente_feridos;moderadamente_feridos;gravemente_feridos;mortos
05/05/2015;06:50:00;90;Acidente sem Vítima;269;BR-101/ES;Sul;Colisão Traseira;2;0;0;0;0;0;;;;;2;0;0;0;0
05/05/2015;21:42:00;372;Acidente sem Vítima;319;BR-101/ES;Norte;Saída de Pista;0;0;2;0;0;0;;;;;1;0;0;0;0
05/05/2015;07:33:00;102;Acidente sem Vítima;321;BR-101/ES;Norte;Colisão Lateral;1;0;2;0;0;0;;;;;2;0;0;0;0
05/05/2015;21:49:00;373;Acidente sem Vítima;326;BR-101/ES;Sul;Colisão Lateral;1;0;2;0;0;0;;;;;3;0;0;0;0
05/05/2015;16:38:00;291;Acidente com vítima;392;BR-101/ES;Norte;Colisão Lateral;1;0;0;1;0;0;;;;;1;1;0;0;0
06/05/2015;02:55:00;31;Acidente sem Vítima;14;BR-101/ES;Sul;Tombamento;0;0;3;0;0;0;;;;;2;0;0;0;0
06/05/2015;18:42:00;283;Acidente sem Vítima;30;BR-101/ES;Norte;Colisão Traseira;2;0;0;0;0;0;;;;;1;0;0;0;0
06/05/2015;22:22:00;321;Acidente sem Vítima;84;BR-101/ES;Sul;Colisão Traseira;0;0;5;0;0;0;;;;;1;0;0;0;0
06/05/2015;17:36:00;270;Acidente sem Vítima;146;BR-101/ES;Sul;Colisão Lateral;1;0;3;0;0;0;;;;;3;0;0;0;0
06/05/2015;08:45:00;102;Acidente sem Vítima;270;BR-101/ES;Norte;Colisão Lateral;1;0;2;0;0;0;;;;;2;0;0;0;0
06/05/2015;07:49:00;83;Acidente sem Vítima;292;BR-101/ES;Norte;Colisão Traseira;1;0;1;0;0;0;;;;;3;0;0;0;0
06/05/2015;07:36:00;77;Acidente sem Vítima;294;BR-101/ES;Sul;Colisão Traseira;2;0;0;0;0;0;;;;;2;0;0;0;0
06/05/2015;07:36:00;77;Acidente sem Vítima;294;BR-101/ES;Sul;Colisão Traseira;2;0;0;0;0;0;;;;;2;0;0;0;0
06/05/2015;08:42:00;101;Acidente sem Vítima;301;BR-101/ES;Norte;Colisão Traseira;2;0;0;0;0;0;;;;;3;0;0;0;0
07/05/2015;16:43:00;248;Acidente com vítima;98;BR-101/ES;Sul;Queda de Moto;0;0;0;1;0;0;;;;;0;2;0;0;0
07/05/2015;18:21:00;265;Acidente sem Vítima;148;BR-101/ES;Norte;Engavetamento;5;0;0;0;0;0;;;;;6;0;0;0;0
07/05/2015;06:23:00;59;Acidente com vítima;162;BR-101/ES;Sul;Colisão Lateral;2;0;0;0;0;0;;;;;3;3;0;0;0
07/05/2015;19:29:00;275;Acidente sem Vítima;196;BR-101/ES;Sul;Saída de Pista;0;0;1;0;0;0;;;;;2;0;0;0;0
07/05/2015;16:48:00;250;Acidente sem Vítima;218;BR-101/ES;Norte;Capotamento;1;0;0;0;0;0;;;;;1;0;0;0;0
07/05/2015;01:00:00;5;Acidente sem Vítima;229;BR-101/ES;Sul;Colisão Transversal;0;0;5;0;0;0;;;;;2;0;0;0;0
07/05/2015;19:00:00;272;Acidente com vítima;243;BR-101/ES;Sul;Colisão Frontal;1;0;2;0;0;0;;;;;1;0;2;0;0
07/05/2015;18:02:00;262;Acidente com vítima;260;BR-101/ES;Norte;Choque com Objeto Fixo;1;0;0;0;0;0;;;;;0;1;0;0;0
07/05/2015;08:04:00;86;Acidente com vítima;269;BR-101/ES;Sul;Queda de Moto;0;0;0;1;0;0;;;;;0;2;0;0;0
07/05/2015;15:38:00;234;Acidente sem Vítima;269;BR-101/ES;Sul;Colisão Traseira;2;0;0;0;0;0;;;;;2;0;0;0;0
07/05/2015;09:11:00;112;Acidente sem Vítima;270;BR-101/ES;Sul;Colisão Traseira;1;0;0;0;1;0;;;;;4;0;0;0;0
07/05/2015;20:06:00;278;Acidente sem Vítima;279;BR-101/ES;Norte;Choque com Objeto Fixo;1;0;0;0;0;0;;;;;2;0;0;0;0
07/05/2015;18:01:00;261;Acidente sem Vítima;298;BR-101/ES;Norte;Engavetamento;4;0;0;0;1;0;;;;;6;0;0;0;0
07/05/2015;16:40:00;246;Acidente sem Vítima;452;BR-101/ES;Norte;Colisão Traseira;0;0;3;0;0;0;;;;;3;0;0;0;0
08/05/2015;18:30:00;307;Acidente sem Vítima;84;BR-101/ES;Sul;Colisão Traseira;0;0;3;0;0;0;;;;;2;0;0;0;0
08/05/2015;19:39:00;323;Acidente com vítima;138;BR-101/ES;Sul;Queda de Moto;0;0;0;1;0;0;;;;;0;1;0;0;0
08/05/2015;06:56:00;68;Acidente sem Vítima;145;BR-101/ES;Norte;Engavetamento;1;0;0;1;1;0;;;;;3;0;0;0;0
08/05/2015;15:53:00;263;Acidente sem Vítima;149;BR-101/ES;Norte;Engavetamento;3;0;0;0;0;0;;;;;4;0;0;0;0
08/05/2015;12:24:00;196;Acidente com vítima;161;BR-101/ES;Norte;Colisão Lateral;1;0;1;0;0;0;;;;;1;0;1;0;0
08/05/2015;19:11:00;316;Acidente com vítima;254;BR-101/ES;Sul;Atropelamento e Fuga;1;0;0;0;0;0;;;;;0;0;1;0;0
08/05/2015;15:43:00;257;Acidente sem Vítima;255;BR-101/ES;Sul;Engavetamento;2;0;0;0;0;0;;;;;4;0;0;0;0
08/05/2015;19:44:00;324;Acidente sem Vítima;255;BR-101/ES;Norte;Colisão Traseira;0;0;3;0;1;0;;;;;2;0;0;0;0
08/05/2015;07:28:00;82;Acidente sem Vítima;265;BR-101/ES;Norte;Colisão Traseira;2;0;0;0;0;0;;;;;3;0;0;0;0
08/05/2015;07:31:00;85;Acidente com vítima;269;BR-101/ES;Norte;Colisão Lateral;1;0;0;1;0;0;;;;;1;2;0;0;0
08/05/2015;18:26:00;306;Acidente com vítima;269;BR-101/ES;Norte;Queda de Moto;0;0;0;1;0;0;;;;;0;1;0;0;0
08/05/2015;19:46:00;325;Acidente com vítima;270;BR-101/ES;Norte;Queda de Moto;0;0;0;1;0;0;;;;;0;0;1;0;0
08/05/2015;15:52:00;261;Acidente sem Vítima;282;BR-101/ES;Norte;Choque com Objeto Fixo;0;0;1;0;0;0;;;;;1;0;0;0;0
08/05/2015;12:53:00;208;Acidente sem Vítima;334;BR-101/ES;Sul;Saída de Pista;1;0;0;0;0;0;;;;;2;0;0;0;0
08/05/2015;13:28:00;224;Acidente sem Vítima;343;BR-101/ES;Norte;Choque com Objeto Fixo;1;0;0;0;0;0;;;;;1;0;0;0;0
08/05/2015;08:35:00;107;Acidente sem Vítima;361;BR-101/ES;Norte;Colisão Traseira;1;0;2;0;0;0;;;;;2;0;0;0;0
08/05/2015;17:38:00;291;Acidente com vítima;373;BR-101/ES;Sul;Colisão Traseira;0;0;0;1;1;0;;;;;6;1;0;0;0
08/05/2015;03:00:00;25;Acidente com vítima;438;BR-101/ES;Norte;Colisão Frontal;0;0;3;0;0;0;;;;;0;0;2;0;0
09/05/2015;18:30:00;297;Acidente sem Vítima;90,8;BR-101/ES;Sul;Colisão Traseira;1;0;0;0;0;0;;;;;1;0;0;0;0
09/05/2015;19:00:00;301;Acidente sem Vítima;95;BR-101/ES;Norte;Choque com Veículo Estacionado;1;0;1;0;0;0;;;;;2;0;0;0;0
09/05/2015;18:15:00;295;Acidente sem Vítima;145;BR-101/ES;Sul;Engavetamento;3;0;0;0;0;0;;;;;7;0;0;0;0
09/05/2015;10:49:00;144;Acidente sem Vítima;203;BR-101/ES;Sul;Colisão Transversal;2;0;0;0;0;0;;;;;2;0;0;0;0
09/05/2015;22:09:00;344;Atropelamento com Morte;259;BR-101/ES;Norte;Atropelamento;1;0;0;0;0;0;;;;;1;0;0;0;1
09/05/2015;22:41:00;353;Acidente com vítima;261;BR-101/ES;Norte;Colisão Lateral;2;0;0;0;0;0;;;;;2;1;0;0;0
09/05/2015;20:22:00;323;Acidente sem Vítima;263;BR-101/ES;Sul;Veículo em Chamas;1;0;0;0;0;0;;;;;1;0;0;0;0
09/05/2015;19:08:00;305;Acidente com vítima;264;BR-101/ES;Norte;Colisão Transversal;1;0;0;1;0;0;;;;;1;1;0;0;0
09/05/2015;13:59:00;222;Acidente com vítima;267;BR-101/ES;Sul;Colisão Traseira;1;0;0;1;0;0;;;;;2;1;0;0;0
09/05/2015;02:15:00;27;Acidente com vítima;288;BR-101/ES;Norte;Queda de Moto;0;0;0;1;0;0;;;;;0;1;0;0;0
09/05/2015;13:08:00;205;Acidente com vítima;334;BR-101/ES;Sul;Colisão Lateral;1;0;0;1;0;0;;;;;4;0;1;0;0
09/05/2015;06:08:00;70;Acidente sem Vítima;354;BR-101/ES;Norte;Saída de Pista;1;0;0;0;0;0;;;;;1;0;0;0;0
09/05/2015;14:44:00;234;Acidente com vítima;428;BR-101/ES;Norte;Saída de Pista;1;0;0;0;0;0;;;;;0;1;0;0;0
10/05/2015;01:04:00;13;Acidente com vítima;29,8;BR-101/ES;Norte;Queda de Moto;0;0;0;1;0;0;;;;;0;1;0;0;0
10/05/2015;08:44:00;106;Acidente sem Vítima;91;BR-101/ES;Sul;Colisão Traseira;2;0;0;0;0;0;;;;;9;0;0;0;0
10/05/2015;20:44:00;295;Acidente com vítima;118;BR-101/ES;Norte;Saída de Pista;0;0;1;0;0;0;;;;;0;0;1;0;0
10/05/2015;19:56:00;278;Acidente com vítima;125;BR-101/ES;Norte;Queda de Moto;0;0;0;1;0;0;;;;;0;1;0;0;0
10/05/2015;19:45:00;277;Acidente sem Vítima;143,9;BR-101/ES;Sul;Colisão Traseira;2;0;0;0;0;0;;;;;5;0;0;0;0
10/05/2015;00:15:00;1;Acidente sem Vítima;146;BR-101/ES;Sul;Saída de Pista;1;0;0;0;0;0;;;;;1;0;0;0;0
10/05/2015;08:50:00;108;Acidente com vítima;146;BR-101/ES;Norte;Colisão Transversal;1;0;0;1;0;0;;;;;1;2;0;0;0
10/05/2015;08:39:00;103;Acidente sem Vítima;147;BR-101/ES;Sul;Colisão Traseira;2;0;0;0;0;0;;;;;6;0;0;0;0
10/05/2015;20:35:00;290;Acidente com vítima;147;BR-101/ES;Norte;Colisão Transversal;1;0;0;0;1;0;;;;;2;1;0;0;0
10/05/2015;18:47:00;261;Acidente sem Vítima;149;BR-101/ES;Sul;Colisão Transversal;2;0;0;0;0;0;;;;;5;0;0;0;0
10/05/2015;18:15:00;253;Acidente com vítima;203;BR-101/ES;Sul;Colisão Traseira;2;0;0;0;0;0;;;;;6;1;0;0;0
10/05/2015;21:00:00;299;Acidente com vítima;219;BR-101/ES;Norte;Queda de Moto;0;0;0;1;0;0;;;;;0;1;0;0;0
10/05/2015;11:22:00;148;Acidente sem Vítima;252;BR-101/ES;Sul;Colisão Traseira;2;0;0;0;0;0;;;;;4;0;0;0;0
10/05/2015;16:30:00;235;Acidente sem Vítima;255;BR-101/ES;Sul;Colisão Traseira;2;0;0;0;0;0;;;;;2;0;0;0;0
10/05/2015;17:57:00;250;Acidente sem Vítima;948;BR-101/BA;Sul;Colisão Traseira;2;0;0;0;0;0;;;;;9;0;0;0;0
11/05/2015;17:33:00;262;Acidente sem Vítima;32;BR-101/ES;Sul;Colisão Traseira;1;0;0;1;0;0;;;;;2;0;0;0;0
11/05/2015;06:47:00;69;Acidente com Morte;68;BR-101/ES;Sul;Colisão Frontal;2;0;0;0;1;0;;;;;3;0;0;1;1
11/05/2015;22:05:00;319;Acidente sem Vítima;126;BR-101/ES;Norte;Queda de ciclista;0;1;0;0;0;0;;;;;1;0;0;0;0
11/05/2015;19:20:00;282;Acidente sem Vítima;145;BR-101/ES;Norte;Colisão Traseira;2;0;0;0;0;0;;;;;2;0;0;0;0
11/05/2015;06:58:00;71;Acidente com vítima;147;BR-101/ES;Sul;Colisão Traseira;2;0;0;0;0;0;;;;;3;1;0;0;0
11/05/2015;14:48:00;212;Acidente sem Vítima;181;BR-101/ES;Sul;Colisão Traseira;2;0;0;0;0;0;;;;;2;0;0;0;0
11/05/2015;18:03:00;270;Acidente sem Vítima;213;BR-101/ES;Sul;Colisão Traseira;1;0;1;0;0;0;;;;;2;0;0;0;0
11/05/2015;15:09:00;222;Acidente com vítima;264;BR-101/ES;Norte;Colisão Lateral;1;0;0;1;0;0;;;;;1;1;0;0;0
11/05/2015;17:01:00;251;Acidente com vítima;269;BR-101/ES;Sul;Colisão Transversal;2;0;0;0;0;0;;;;;1;1;0;0;0
11/05/2015;14:58:00;216;Acidente com vítima;308;BR-101/ES;Sul;Colisão Transversal;1;0;0;1;0;0;;;;;1;1;0;0;0
12/05/2015;19:37:00;315;Acidente com Morte;96;BR-101/ES;Norte;Colisão Frontal;0;0;2;1;0;0;;;;;1;0;0;0;1
12/05/2015;17:21:00;280;Acidente com vítima;162;BR-101/ES;Norte;Queda de Moto;0;0;0;1;0;0;;;;;0;1;0;0;0
12/05/2015;18:05:00;292;Acidente sem Vítima;208;BR-101/ES;Norte;Choque com Objeto Fixo;0;0;1;0;0;0;;;;;6;0;0;0;0
12/05/2015;07:57:00;93;Acidente com vítima;260;BR-101/ES;Norte;Queda de Moto;0;0;0;1;0;0;;;;;0;1;0;0;0
12/05/2015;09:03:00;115;Acidente sem Vítima;265;BR-101/ES;Norte;Colisão Traseira;2;0;0;0;0;0;;;;;2;0;0;0;0
12/05/2015;20:41:00;329;Acidente sem Vítima;266;BR-101/ES;Sul;Colisão Traseira;0;0;0;0;2;0;;;;;2;0;0;0;0
12/05/2015;07:11:00;73;Acidente sem Vítima;291;BR-101/ES;Sul;Colisão Transversal;2;0;0;0;0;0;;;;;3;0;0;0;0
12/05/2015;14:57:00;237;Acidente com vítima;297;BR-101/ES;Norte;Colisão Transversal;0;0;0;2;0;0;;;;;0;2;0;0;0
12/05/2015;12:37:00;202;Acidente com vítima;334;BR-101/ES;Norte;Saída de Pista;1;0;0;0;0;0;;;;;0;1;0;0;0
12/05/2015;09:35:00;126;Acidente sem Vítima;368;BR-101/ES;Sul;Saída de Pista;1;0;0;0;0;0;;;;;2;0;0;0;0
12/05/2015;06:52:00;68;Acidente sem Vítima;457,8;BR-101/ES;Sul;Capotamento;1;0;0;0;0;0;;;;;2;0;0;0;0
13/05/2015;07:16:00;75;Acidente sem Vítima;68;BR-101/ES;Sul;Colisão Traseira;1;0;0;1;0;0;;;;;2;0;0;0;0
13/05/2015;16:08:00;262;Acidente sem Vítima;267;BR-101/ES;Norte;Colisão Traseira;2;0;0;0;0;0;;;;;3;0;0;0;0
13/05/2015;17:28:00;282;Acidente sem Vítima;267;BR-101/ES;Sul;Engavetamento;3;0;0;0;0;0;;;;;3;0;0;0;0
13/05/2015;00:40:00;9;Acidente sem Vítima;304;BR-101/ES;Sul;Tombamento;0;0;1;0;0;0;;;;;1;0;0;0;0
13/05/2015;17:40:00;285;Acidente sem Vítima;383;BR-101/ES;Norte;Saída de Pista;1;0;0;0;0;0;;;;;1;0;0;0;0
13/05/2015;02:23:00;20;Acidente sem Vítima;428;BR-101/ES;Sul;Saída de Pista;0;0;1;0;0;0;;;;;1;0;0;0;0
14/05/2015;02:09:00;18;Acidente com Morte;259,9;BR-101/ES;Sul;Colisão Traseira;1;0;1;0;0;0;;;;;2;0;0;1;1
14/05/2015;21:36:00;340;Acidente sem Vítima;266;BR-101/ES;Sul;Colisão Lateral;1;0;2;0;0;0;;;;;2;0;0;0;0
14/05/2015;18:24:00;293;Acidente sem Vítima;269;BR-101/ES;Sul;Colisão Traseira;2;0;0;0;0;0;;;;;2;0;0;0;0
14/05/2015;00:03:00;3;Acidente sem Vítima;271;BR-101/ES;Sul;Colisão Lateral;2;0;0;0;0;0;;;;;5;0;0;0;0
14/05/2015;11:27:00;170;Acidente com vítima;272;BR-101/ES;Norte;Queda de Moto;0;0;0;1;0;0;;;;;0;0;1;0;0
14/05/2015;07:24:00;72;Acidente sem Vítima;299;BR-101/ES;Sul;Colisão Lateral;1;0;0;1;0;0;;;;;2;0;0;0;0
14/05/2015;21:37:00;341;Acidente sem Vítima;303;BR-101/ES;Sul;Saída de Pista;1;0;0;0;0;0;;;;;1;0;0;0;0
14/05/2015;13:32:00;216;Acidente sem Vítima;376;BR-101/ES;Norte;Colisão Lateral;2;0;0;0;0;0;;;;;3;0;0;0;0
14/05/2015;13:11:00;213;Acidente sem Vítima;400,8;BR-101/ES;Norte;Tombamento;1;0;2;0;0;0;;;;;2;0;0;0;0
15/05/2015;15:02:00;218;Acidente sem Vítima;99,5;BR-101/ES;Sul;Colisão Lateral;1;0;1;0;0;0;;;;;4;0;0;0;0
15/05/2015;19:36:00;282;Acidente sem Vítima;126;BR-101/ES;Sul;Saída de Pista;1;0;0;0;0;0;;;;;1;0;0;0;0
15/05/2015;15:14:00;222;Acidente sem Vítima;148,7;BR-101/ES;Sul;Colisão Lateral;2;0;0;0;0;0;;;;;3;0;0;0;0
15/05/2015;19:17:00;280;Acidente com vítima;179;BR-101/ES;Norte;Colisão Lateral;2;0;0;0;0;0;;;;;1;1;3;0;0
15/05/2015;20:29:00;299;Acidente sem Vítima;222;BR-101/ES;Sul;Colisão Lateral;2;0;2;0;0;0;;;;;6;0;0;0;0
15/05/2015;10:15:00;121;Acidente sem Vítima;266;BR-101/ES;Sul;Colisão Lateral;3;0;0;1;0;0;;;;;4;0;0;0;0
15/05/2015;17:49:00;259;Acidente sem Vítima;266;BR-101/ES;Sul;Colisão Traseira;2;0;0;0;0;0;;;;;2;0;0;0;0
15/05/2015;19:44:00;285;Acidente sem Vítima;269;BR-101/ES;Sul;Colisão Lateral;1;0;2;0;0;0;;;;;2;0;0;0;0
15/05/2015;07:31:00;57;Acidente com vítima;273;BR-101/ES;Norte;Queda de Moto;0;0;0;1;0;0;;;;;0;0;1;0;0
15/05/2015;20:21:00;297;Acidente sem Vítima;335;BR-101/ES;Sul;Colisão Traseira;1;0;1;0;0;0;;;;;3;0;0;0;0
15/05/2015;11:19:00;139;Acidente com vítima;390;BR-101/ES;Norte;Saída de Pista;0;0;0;1;0;0;;;;;0;1;0;0;0
16/05/2015;13:18:00;190;Acidente sem Vítima;16;BR-101/ES;Norte;Choque com Objeto Fixo;1;0;0;0;0;0;;;;;1;0;0;0;0
16/05/2015;06:19:00;62;Acidente sem Vítima;60;BR-101/ES;Norte;Colisão Traseira;2;0;0;0;0;0;;;;;2;0;0;0;0
16/05/2015;19:26:00;270;Atropelamento com Morte;100,4;BR-101/ES;Sul;Atropelamento;1;0;0;0;0;0;;;;;1;0;0;0;1
16/05/2015;07:32:00;80;Acidente sem Vítima;136;BR-101/ES;Sul;Colisão Transversal;2;0;0;0;0;0;;;;;5;0;0;0;0
16/05/2015;15:12:00;214;Acidente sem Vítima;146;BR-101/ES;Sul;Colisão Transversal;1;0;1;0;0;0;;;;;6;0;0;0;0
16/05/2015;08:22:00;96;Acidente com vítima;147;BR-101/ES;Sul;Colisão Traseira;1;0;0;1;0;0;;;;;1;2;0;0;0
16/05/2015;10:57:00;133;Acidente com vítima;148;BR-101/ES;Sul;Colisão Traseira;1;0;0;1;0;0;;;;;1;1;0;0;0
16/05/2015;21:39:00;299;Acidente com vítima;175;BR-101/ES;Norte;Queda de Moto;0;0;0;1;0;0;;;;;0;1;0;0;0
16/05/2015;08:20:00;95;Acidente com vítima;211,3;BR-101/ES;Sul;Tombamento;1;0;0;0;0;0;;;;;0;1;0;0;0
16/05/2015;14:54:00;213;Acidente sem Vítima;245;BR-101/ES;Norte;Saída de Pista;1;0;0;0;0;0;;;;;2;0;0;0;0
16/05/2015;16:55:00;243;Acidente sem Vítima;253;BR-101/ES;Norte;Colisão Lateral;1;0;0;1;0;0;;;;;2;0;0;0;0
16/05/2015;18:57:00;265;Acidente com vítima;261;BR-101/ES;Norte;Colisão Frontal;2;0;0;0;0;0;;;;;0;0;1;4;0
16/05/2015;14:26:00;204;Acidente sem Vítima;264;BR-101/ES;Norte;Colisão Traseira;2;0;0;0;0;0;;;;;3;0;0;0;0
16/05/2015;13:10:00;189;Acidente com vítima;268;BR-101/ES;Sul;Colisão Lateral;1;0;0;1;0;0;;;;;1;1;0;0;0
16/05/2015;06:41:00;67;Acidente sem Vítima;271;BR-101/ES;Norte;Saída de Pista;1;0;0;0;0;0;;;;;1;0;0;0;0
16/05/2015;12:53:00;179;Acidente com vítima;272;BR-101/ES;Sul;Saída de Pista;1;0;0;0;0;0;;;;;1;2;0;0;0
16/05/2015;14:18:00;203;Acidente sem Vítima;272;BR-101/ES;Norte;Saída de Pista;1;0;0;0;0;0;;;;;1;0;0;0;0
16/05/2015;15:17:00;217;Acidente sem Vítima;272;BR-101/ES;Norte;Colisão Lateral;1;0;1;0;0;0;;;;;6;0;0;0;0
16/05/2015;06:30:00;63;Acidente sem Vítima;275;BR-101/ES;Sul;Choque com Objeto Fixo;1;0;0;0;0;0;;;;;1;0;0;0;0
16/05/2015;09:06:00;111;Acidente sem Vítima;280;BR-101/ES;Norte;Choque com Objeto Fixo;1;0;0;0;0;0;;;;;1;0;0;0;0
16/05/2015;00:53:00;6;Acidente sem Vítima;299;BR-101/ES;Sul;Colisão Traseira;2;0;0;0;0;0;;;;;4;0;0;0;0
16/05/2015;05:40:00;53;Acidente com vítima;376;BR-101/ES;Norte;Queda de Moto;0;0;0;1;0;0;;;;;0;1;0;0;0
16/05/2015;04:34:00;44;Acidente com vítima;394;BR-101/ES;Norte;Saída de Pista;1;0;0;0;0;0;;;;;0;2;0;0;0
16/05/2015;18:09:00;257;Acidente sem Vítima;427;BR-101/ES;Norte;Atropelamento - Bovino;1;0;0;0;0;0;;;;;2;0;0;0;0
16/05/2015;12:41:00;172;Acidente sem Vítima;457;BR-101/ES;Sul;Capotamento;1;0;0;0;0;0;;;;;1;0;0;0;0
17/05/2015;19:04:00;279;Acidente sem Vítima;11,4;BR-101/ES;Norte;Colisão Traseira;1;0;0;0;0;0;;;;;2;0;0;0;0
17/05/2015;03:39:00;50;Acidente com vítima;31;BR-101/ES;Norte;Colisão Traseira;1;0;0;0;0;0;;;;;0;0;2;0;0
17/05/2015;18:01:00;263;Acidente com vítima;37;BR-101/ES;Norte;Queda de Moto;0;0;0;1;0;0;;;;;0;1;0;0;0
17/05/2015;13:25:00;186;Acidente com vítima;65;BR-101/ES;Sul;Queda de Moto;0;0;0;1;0;0;;;;;0;1;0;0;0
17/05/2015;14:59:00;208;Acidente sem Vítima;67;BR-101/ES;Norte;Colisão Lateral;2;0;0;0;0;0;;;;;2;0;0;0;0
17/05/2015;00:31:00;8;Acidente sem Vítima;142;BR-101/ES;Sul;Colisão Traseira;2;0;0;0;0;0;;;;;2;0;0;0;0
17/05/2015;18:53:00;277;Acidente sem Vítima;143;BR-101/ES;Sul;Choque com Objeto Fixo;1;0;0;0;0;0;;;;;1;0;0;0;0
17/05/2015;12:18:00;154;Acidente sem Vítima;160;BR-101/ES;Norte;Saída de Pista;1;0;0;0;0;0;;;;;5;0;0;0;0
17/05/2015;04:38:00;56;Acidente com vítima;219;BR-101/ES;Sul;Choque com Objeto Fixo;1;0;0;0;0;0;;;;;0;0;1;0;0
17/05/2015;17:53:00;257;Acidente sem Vítima;242;BR-101/ES;Norte;Colisão Traseira;2;0;0;0;0;0;;;;;4;0;0;0;0
17/05/2015;05:56:00;66;Acidente com vítima;259;BR-101/ES;Sul;Saída de Pista;1;0;0;0;0;0;;;;;1;1;0;0;0
17/05/2015;15:47:00;219;Acidente sem Vítima;264;BR-101/ES;Norte;Colisão Lateral;1;0;0;0;1;0;;;;;2;0;0;0;0
17/05/2015;18:37:00;268;Acidente sem Vítima;265;BR-101/ES;Norte;Choque com Objeto Fixo;1;0;0;0;0;0;;;;;1;0;0;0;0
17/05/2015;09:55:00;114;Acidente sem Vítima;269;BR-101/ES;Sul;Queda de Moto;0;0;0;1;0;0;;;;;1;0;0;0;0
17/05/2015;09:34:00;111;Acidente sem Vítima;270;BR-101/ES;Sul;Choque com Objeto Fixo;1;0;0;0;0;0;;;;;1;0;0;0;0
17/05/2015;06:46:00;74;Acidente sem Vítima;272;BR-101/ES;Norte;Choque com Objeto Fixo;1;0;0;0;0;0;;;;;1;0;0;0;0
17/05/2015;10:38:00;120;Acidente sem Vítima;272;BR-101/ES;Norte;Saída de Pista;1;0;0;0;0;0;;;;;1;0;0;0;0
17/05/2015;13:30:00;188;Acidente com vítima;272;BR-101/ES;Sul;Colisão Lateral;1;0;0;1;0;0;;;;;1;2;0;0;0
17/05/2015;11:40:00;145;Acidente sem Vítima;282;BR-101/ES;Norte;Choque com Objeto Fixo;1;0;0;0;0;0;;;;;1;0;0;0;0
17/05/2015;21:45:00;314;Acidente sem Vítima;290;BR-101/ES;Norte;Saída de Pista;1;0;0;0;0;0;;;;;1;0;0;0;0
17/05/2015;16:53:00;239;Acidente sem Vítima;338;BR-101/ES;Sul;Saída de Pista;1;0;0;0;0;0;;;;;2;0;0;0;0
17/05/2015;20:37:00;303;Acidente com vítima;397;BR-101/ES;Sul;Colisão Frontal;1;0;2;0;0;0;;;;;1;0;0;1;0
17/05/2015;18:51:00;275;Acidente com vítima;414;BR-101/ES;Sul;Queda de Moto;0;0;0;1;0;0;;;;;0;0;1;0;0
17/05/2015;13:29:00;187;Acidente sem Vítima;448;BR-101/ES;Sul;Choque com Objeto Fixo;1;0;0;0;0;0;;;;;5;0;0;0;0
18/05/2015;05:19:00;46;Acidente com Morte;117;BR-101/ES;Norte;Colisão Frontal;1;0;2;0;0;0;;;;;0;2;1;1;2
18/05/2015;17:41:00;260;Acidente sem Vítima;144;BR-101/ES;Norte;Colisão Traseira;2;0;0;0;0;0;;;;;4;0;0;0;0
18/05/2015;09:54:00;124;Acidente sem Vítima;162;BR-101/ES;Norte;Colisão Transversal;2;0;0;0;0;0;;;;;7;0;0;0;0
18/05/2015;06:06:00;52;Acidente sem Vítima;228;BR-101/ES;Norte;Colisão Traseira;1;0;1;0;0;0;;;;;4;0;0;0;0
18/05/2015;06:30:00;56;Acidente com vítima;261;BR-101/ES;Sul;Colisão Traseira;3;0;0;0;0;0;;;;;7;0;1;0;0
18/05/2015;18:52:00;277;Acidente com Morte;262;BR-101/ES;Norte;Colisão Traseira;1;0;0;3;0;0;;;;;2;0;1;1;1
18/05/2015;18:28:00;270;Acidente sem Vítima;268;BR-101/ES;Norte;Colisão Traseira;1;0;0;0;1;0;;;;;2;0;0;0;0
18/05/2015;14:53:00;212;Acidente sem Vítima;290;BR-101/ES;Sul;Colisão Lateral;1;0;1;0;0;0;;;;;4;0;0;0;0
18/05/2015;23:16:00;319;Acidente sem Vítima;293;BR-101/ES;Sul;Queda de Moto;1;0;0;0;0;0;;;;;1;0;0;0;0
18/05/2015;10:40:00;139;Acidente sem Vítima;298;BR-101/ES;Norte;Colisão Lateral;1;0;0;1;0;0;;;;;2;0;0;0;0
18/05/2015;17:16:00;251;Acidente com vítima;320;BR-101/ES;Sul;Colisão Traseira;0;0;2;0;0;0;;;;;3;1;0;0;0
18/05/2015;15:55:00;233;Acidente sem Vítima;332;BR-101/ES;Norte;Colisão Traseira;1;0;1;0;0;0;;;;;2;0;0;0;0
18/05/2015;00:01:00;1;Acidente com vítima;412;BR-101/ES;Sul;Saída de Pista;1;0;0;0;0;0;;;;;1;0;1;0;0
19/05/2015;15:54:00;225;Acidente sem Vítima;61;BR-101/ES;Norte;Colisão Traseira;2;0;0;0;0;0;;;;;2;0;0;0;0
19/05/2015;14:47:00;206;Acidente sem Vítima;73;BR-101/ES;Norte;Choque;1;0;4;0;0;0;;;;;4;0;0;0;0
19/05/2015;14:49:00;207;Acidente com vítima;137;BR-101/ES;Sul;Colisão Traseira;1;0;0;1;0;0;;;;;1;0;1;0;0