data;horario;n_da_ocorrencia;tipo_de_ocorrencia;km;trecho;sentido;tipo_de_acidente;automovel;bicicleta;caminhao;moto;onibus;outros;tracao_animal;transporte_de_cargas_especiais;trator_maquinas;utilitarios;ilesos;levemente_feridos;moderadamente_feridos;gravemente_feridos;mortos
02/06/2015;07:11:00;63;Acidente com vítima;252;BR-101/ES;Norte;Colisão Lateral;0;0;0;2;0;0;;;;;0;2;0;0;0
02/06/2015;07:41:00;69;Acidente sem Vítima;271;BR-101/ES;Norte;Colisão Traseira;2;0;0;0;0;0;;;;;2;0;0;0;0
02/06/2015;19:12:00;284;Acidente sem Vítima;271;BR-101/ES;Norte;Veículo em Chamas;1;0;0;0;0;0;;;;;1;0;0;0;0
02/06/2015;22:01:00;320;Acidente sem Vítima;271;BR-101/ES;Sul;Choque com Objeto Fixo;1;0;0;0;0;0;;;;;1;0;0;0;0
02/06/2015;16:29:00;255;Acidente sem Vítima;288;BR-101/ES;Norte;Colisão Lateral;1;0;2;0;0;0;;;;;3;0;0;0;0
02/06/2015;07:51:00;71;Acidente sem Vítima;301;BR-101/ES;Norte;Colisão Lateral;1;0;1;1;0;0;;;;;4;0;0;0;0
02/06/2015;20:03:00;299;Acidente sem Vítima;317;BR-101/ES;Norte;Saída de Pista;1;0;0;0;0;0;;;;;1;0;0;0;0
03/06/2015;16:57:00;278;Acidente com vítima;66;BR-101/ES;Norte;Colisão Traseira;0;0;0;2;0;0;;;;;0;1;1;0;0
03/06/2015;16:24:00;270;Atropelamento sem Morte;230;BR-101/ES;Sul;Atropelamento e Fuga;1;0;0;0;0;0;;;;;0;1;0;0;0
03/06/2015;09:27:00;137;Acidente com vítima;261,8;BR-101/ES;Norte;Capotamento;1;0;0;0;0;0;;;;;0;1;0;0;0
03/06/2015;12:02:00;195;Acidente sem Vítima;262;BR-101/ES;Norte;Colisão Traseira;1;0;1;0;0;0;;;;;3;0;0;0;0
03/06/2015;18:58:00;313;Atropelamento sem Morte;265;BR-101/ES;Sul;Atropelamento;0;0;0;1;0;0;;;;;0;1;1;0;0
04/06/2015;22:47:00;304;Acidente com vítima;35;BR-101/ES;Norte;Colisão Frontal;2;0;0;0;1;0;;;;;3;0;0;2;0
04/06/2015;14:45:00;203;Acidente com vítima;77,5;BR-101/ES;Sul;Queda de Moto;0;0;0;1;0;0;;;;;0;2;0;0;0
04/06/2015;08:19:00;77;Acidente sem Vítima;141;BR-101/ES;Norte;Colisão Traseira;2;0;0;0;0;0;;;;;4;0;0;0;0
04/06/2015;15:18:00;208;Acidente sem Vítima;142;BR-101/ES;Norte;Colisão Lateral;2;0;0;0;0;0;;;;;8;0;0;0;0
04/06/2015;06:27:00;52;Acidente sem Vítima;146;BR-101/ES;Sul;Colisão Traseira;2;0;0;0;0;0;;;;;4;0;0;0;0
04/06/2015;23:18:00;308;Acidente com vítima;156;BR-101/ES;Norte;Saída de Pista;1;0;0;0;0;0;;;;;0;0;0;1;0
04/06/2015;02:57:00;20;Acidente sem Vítima;200;BR-101/ES;Norte;Colisão Lateral;2;0;0;0;0;0;;;;;2;0;0;0;0
04/06/2015;13:53:00;190;Acidente com vítima;203;BR-101/ES;Sul;Queda de Moto;0;0;0;1;0;0;;;;;0;1;0;0;0
04/06/2015;07:49:00;72;Acidente sem Vítima;213;BR-101/ES;Norte;Engavetamento;2;0;1;0;0;0;;;;;8;0;0;0;0
04/06/2015;14:02:00;192;Acidente sem Vítima;264;BR-101/ES;Sul;Colisão Traseira;2;0;0;0;0;0;;;;;2;0;0;0;0
04/06/2015;05:44:00;46;Acidente com vítima;265;BR-101/ES;Norte;Queda de Moto;1;0;0;0;0;0;;;;;1;1;0;0;0
04/06/2015;19:44:00;261;Acidente sem Vítima;270;BR-101/ES;Sul;Colisão Traseira;2;0;0;0;0;0;;;;;2;0;0;0;0
04/06/2015;13:12:00;177;Acidente com vítima;272;BR-101/ES;Sul;Colisão Transversal;0;0;0;1;1;0;;;;;1;0;2;0;0
04/06/2015;21:48:00;294;Acidente com vítima;315;BR-101/ES;Norte;Queda de Moto;0;0;0;1;0;0;;;;;0;2;0;0;0
04/06/2015;05:34:00;44;Acidente sem Vítima;323,8;BR-101/ES;Sul;Queda de Moto;0;0;0;1;0;0;;;;;1;0;0;0;0
04/06/2015;09:58:00;110;Acidente com Morte;386;BR-101/ES;Sul;Colisão Frontal;1;0;0;1;0;0;;;;;3;0;0;0;1
05/06/2015;16:13:00;231;Acidente sem Vítima;67;BR-101/ES;Norte;Colisão Lateral;1;0;0;1;0;0;;;;;2;0;0;0;0
05/06/2015;14:21:00;201;Acidente sem Vítima;137;BR-101/ES;Sul;Colisão Transversal;1;0;1;0;0;0;;;;;3;0;0;0;0
05/06/2015;16:17:00;234;Acidente sem Vítima;148;BR-101/ES;Norte;Engavetamento;3;0;0;0;0;0;;;;;4;0;0;0;0
05/06/2015;15:22:00;213;Acidente sem Vítima;159;BR-101/ES;Norte;Colisão Transversal;2;0;0;0;0;0;;;;;3;0;0;0;0
05/06/2015;13:24:00;191;Acidente sem Vítima;160;BR-101/ES;Norte;Saída de Pista;1;0;0;0;0;0;;;;;1;0;0;0;0
05/06/2015;07:10:00;67;Acidente sem Vítima;176;BR-101/ES;Norte;Colisão Traseira;1;0;1;0;0;0;;;;;2;0;0;0;0
05/06/2015;10:55:00;131;Acidente com Morte;193;BR-101/ES;Norte;Colisão Frontal;1;0;2;0;0;0;;;;;0;0;1;0;2
05/06/2015;18:08:00;259;Acidente com vítima;206;BR-101/ES;Norte;Colisão Lateral;1;0;0;1;0;0;;;;;3;0;1;0;0
05/06/2015;12:37:00;180;Acidente sem Vítima;233;BR-101/ES;Norte;Saída de Pista;1;0;0;0;0;0;;;;;2;0;0;0;0
05/06/2015;12:45:00;182;Acidente sem Vítima;236;BR-101/ES;Sul;Colisão Traseira;1;0;1;0;0;0;;;;;2;0;0;0;0
05/06/2015;11:19:00;147;Acidente sem Vítima;267;BR-101/ES;Sul;Engavetamento;3;0;0;0;0;0;;;;;3;0;0;0;0
05/06/2015;16:42:00;238;Atropelamento sem Morte;270,3;BR-101/ES;Norte;Atropelamento;0;0;0;1;0;0;;;;;0;2;1;0;0
05/06/2015;17:25:00;252;Acidente com vítima;270,5;BR-101/ES;Norte;Queda de Moto;0;0;0;1;0;0;;;;;0;1;0;0;0
05/06/2015;10:45:00;125;Acidente sem Vítima;272;BR-101/ES;Norte;Capotamento;1;0;0;0;0;0;;;;;1;0;0;0;0
05/06/2015;11:02:00;134;Acidente com vítima;272;BR-101/ES;Norte;Saída de Pista;1;0;0;0;0;0;;;;;0;1;1;0;0
05/06/2015;05:12:00;52;Acidente com vítima;278,5;BR-101/ES;Sul;Saída de Pista;1;0;0;0;0;0;;;;;0;0;2;0;0
05/06/2015;13:20:00;189;Acidente sem Vítima;290;BR-101/ES;Sul;Saída de Pista;1;0;0;0;0;0;;;;;1;0;0;0;0
05/06/2015;20:03:00;286;Acidente sem Vítima;296;BR-101/ES;Norte;Choque com Objeto Fixo;1;0;0;0;0;0;;;;;1;0;0;0;0
05/06/2015;22:22:00;311;Atropelamento sem Morte;296;BR-101/ES;Sul;Atropelamento;0;0;0;0;1;0;;;;;1;0;1;0;0
05/06/2015;15:33:00;219;Acidente sem Vítima;396;BR-101/ES;Norte;Colisão Lateral;2;0;0;0;0;0;;;;;2;0;0;0;0
05/06/2015;13:40:00;195;Acidente com vítima;401;BR-101/ES;Sul;Saída de Pista;0;0;1;0;0;0;;;;;0;1;0;0;0
05/06/2015;14:25:00;206;Acidente sem Vítima;412;BR-101/ES;Norte;Saída de Pista;1;0;0;0;0;0;;;;;1;0;0;0;0
06/06/2015;07:23:00;83;Acidente sem Vítima;66;BR-101/ES;Norte;Colisão Lateral;1;0;1;0;0;0;;;;;2;0;0;0;0
06/06/2015;23:45:00;329;Acidente com vítima;70,4;BR-101/ES;Norte;Choque com Objeto Fixo;0;0;0;1;0;0;;;;;0;0;1;0;0
06/06/2015;22:36:00;317;Acidente com vítima;138;BR-101/ES;Sul;Choque com Objeto Fixo;1;0;0;0;0;0;;;;;0;2;0;0;0
06/06/2015;12:30:00;186;Acidente sem Vítima;138,6;BR-101/ES;Norte;Queda de Moto;0;0;0;1;0;0;;;;;1;0;0;0;0
06/06/2015;21:06:00;301;Acidente sem Vítima;152;BR-101/ES;Sul;Colisão Lateral;2;0;0;0;0;0;;;;;7;0;0;0;0
06/06/2015;12:44:00;195;Acidente sem Vítima;209;BR-101/ES;Sul;Colisão Traseira;2;0;0;0;0;0;;;;;3;0;0;0;0
06/06/2015;13:06:00;200;Acidente com vítima;261;BR-101/ES;Norte;Queda de Moto;0;0;0;1;0;0;;;;;1;1;0;0;0
06/06/2015;12:40:00;192;Acidente com vítima;267;BR-101/ES;Norte;Queda de Moto;0;0;0;1;0;0;;;;;0;1;0;0;0
06/06/2015;06:11:00;73;Acidente sem Vítima;269;BR-101/ES;Sul;Choque com Objeto Fixo;1;0;0;0;0;0;;;;;1;0;0;0;0
06/06/2015;23:40:00;328;Acidente com vítima;269;BR-101/ES;Norte;Colisão Transversal;2;0;0;0;0;0;;;;;3;2;0;0;0
06/06/2015;02:22:00;23;Acidente sem Vítima;272;BR-101/ES;Norte;Choque com Objeto Fixo;1;0;0;0;0;0;;;;;1;0;0;0;0
06/06/2015;17:43:00;255;Atropelamento com Morte;298;BR-101/ES;Sul;Atropelamento;1;0;0;0;0;0;;;;;1;0;0;0;1
06/06/2015;08:20:00;102;Acidente sem Vítima;321;BR-101/ES;Norte;Colisão Traseira;0;0;3;0;0;0;;;;;3;0;0;0;0
06/06/2015;04:49:00;62;Acidente com vítima;384,7;BR-101/ES;Sul;Tombamento;1;0;1;0;0;0;;;;;2;2;0;1;0
06/06/2015;19:00:00;268;Acidente sem Vítima;395;BR-101/ES;Norte;Queda de Moto;0;0;0;1;0;0;;;;;1;0;0;0;0
07/06/2015;17:48:00;266;Acidente com vítima;46;BR-101/ES;Norte;Colisão Traseira;2;0;0;1;0;0;;;;;3;2;0;0;0
07/06/2015;17:27:00;262;Acidente com vítima;90;BR-101/ES;Norte;Colisão Traseira;2;0;0;0;0;0;;;;;5;1;0;0;0
07/06/2015;15:20:00;224;Acidente sem Vítima;110;BR-101/ES;Sul;Engavetamento;3;0;0;0;0;0;;;;;10;0;0;0;0
07/06/2015;21:22:00;326;Acidente com vítima;144,5;BR-101/ES;Norte;Queda de ciclista;0;1;0;0;0;0;;;;;0;1;0;0;0
07/06/2015;19:14:00;295;Acidente com vítima;147;BR-101/ES;Norte;Colisão Traseira;0;0;0;1;0;0;;;;;0;1;1;0;0
07/06/2015;14:13:00;206;Acidente sem Vítima;213;BR-101/ES;Norte;Colisão Traseira;2;0;0;0;0;0;;;;;6;0;0;0;0
07/06/2015;01:23:00;20;Acidente sem Vítima;241;BR-101/ES;Sul;Queda de Moto;0;0;0;1;0;0;;;;;1;0;0;0;0
07/06/2015;18:22:00;280;Acidente com vítima;245;BR-101/ES;Sul;Engavetamento;4;0;0;0;0;0;;;;;4;1;1;0;0
07/06/2015;22:06:00;335;Acidente com vítima;275;BR-101/ES;Sul;Colisão Traseira;2;0;0;0;0;0;;;;;1;2;1;0;0
07/06/2015;13:24:00;188;Acidente sem Vítima;320;BR-101/ES;Norte;Colisão Traseira;1;0;2;0;0;0;;;;;4;0;0;0;0
07/06/2015;15:51:00;237;Acidente sem Vítima;395,8;BR-101/ES;Sul;Queda de Moto;1;0;0;0;0;0;;;;;1;0;0;0;0
07/06/2015;15:28:00;229;Acidente sem Vítima;452;BR-101/ES;Sul;Colisão Traseira;1;0;1;0;0;0;;;;;5;0;0;0;0
08/06/2015;10:59:00;143;Acidente com vítima;66;BR-101/ES;Sul;Colisão Transversal;1;0;2;0;0;0;;;;;1;0;2;0;0
08/06/2015;15:25:00;241;Acidente com vítima;150;BR-101/ES;Sul;Queda de Moto;0;0;0;1;0;0;;;;;0;0;1;0;0
08/06/2015;22:33:00;333;Acidente sem Vítima;160;BR-101/ES;Norte;Colisão Traseira;1;0;1;0;0;0;;;;;4;0;0;0;0
08/06/2015;10:25:00;134;Acidente sem Vítima;181;BR-101/ES;Sul;Colisão Lateral;1;0;1;0;0;0;;;;;3;0;0;0;0
08/06/2015;07:54:00;86;Acidente sem Vítima;213,5;BR-101/ES;Norte;Colisão Traseira;2;0;0;0;0;0;;;;;2;0;0;0;0
08/06/2015;08:58:00;112;Acidente sem Vítima;216;BR-101/ES;Norte;Saída de Pista;1;0;0;0;0;0;;;;;1;0;0;0;0
08/06/2015;05:17:00;49;Acidente sem Vítima;237;BR-101/ES;Norte;Capotamento;1;0;0;0;0;0;;;;;1;0;0;0;0
08/06/2015;11:25:00;160;Acidente sem Vítima;262;BR-101/ES;Sul;Colisão Traseira;2;0;0;0;0;0;;;;;3;0;0;0;0
08/06/2015;22:49:00;338;Acidente sem Vítima;270;BR-101/ES;Sul;Colisão Traseira;1;0;0;0;1;0;;;;;2;0;0;0;0
08/06/2015;23:06:00;345;Acidente sem Vítima;394;BR-101/ES;Norte;Choque com Objeto Fixo;2;0;0;0;0;0;;;;;2;0;0;0;0
08/06/2015;07:18:00;74;Acidente com vítima;411;BR-101/ES;Sul;Colisão Traseira;1;0;0;1;0;0;;;;;2;1;0;0;0
09/06/2015;01:22:00;15;Acidente com vítima;29;BR-101/ES;Sul;Saída de Pista;1;0;0;0;0;0;;;;;0;1;0;0;0
09/06/2015;19:09:00;284;Acidente sem Vítima;172;BR-101/ES;Norte;Capotamento;1;0;0;0;0;0;;;;;2;0;0;0;0
09/06/2015;06:38:00;65;Acidente sem Vítima;245;BR-101/ES;Norte;Colisão Transversal;1;0;0;1;0;0;;;;;4;0;0;0;0
09/06/2015;10:34:00;135;Acidente com vítima;262;BR-101/ES;Norte;Colisão Traseira;1;0;2;0;0;0;;;;;2;1;0;0;0
09/06/2015;18:31:00;278;Acidente sem Vítima;267;BR-101/ES;Sul;Colisão Traseira;2;0;0;0;0;0;;;;;3;0;0;0;0
09/06/2015;08:53:00;105;Acidente sem Vítima;268;BR-101/ES;Sul;Colisão Traseira;2;0;0;0;0;0;;;;;2;0;0;0;0
09/06/2015;11:16:00;155;Acidente com vítima;269;BR-101/ES;Norte;Colisão;0;1;0;1;0;0;;;;;0;0;2;0;0
09/06/2015;18:16:00;275;Acidente com vítima;269;BR-101/ES;Sul;Colisão Traseira;2;0;0;0;0;0;;;;;1;0;1;0;0
09/06/2015;10:29:00;133;Acidente sem Vítima;292;BR-101/ES;Sul;Colisão Traseira;1;0;1;0;0;0;;;;;2;0;0;0;0
09/06/2015;15:08:00;234;Acidente com vítima;372;BR-101/ES;Norte;Colisão Lateral;2;0;2;0;0;0;;;;;2;1;0;0;0
09/06/2015;21:39:00;309;Acidente sem Vítima;436;BR-101/ES;Norte;Saída de Pista;0;0;1;0;0;0;;;;;1;0;0;0;0
10/06/2015;09:11:00;134;Acidente sem Vítima;230;BR-101/ES;Sul;Colisão Transversal;2;0;0;0;0;0;;;;;4;0;0;0;0
10/06/2015;13:34:00;230;Acidente sem Vítima;268;BR-101/ES;Norte;Colisão Traseira;1;0;2;0;0;0;;;;;2;0;0;0;0
10/06/2015;07:50:00;106;Acidente sem Vítima;270;BR-101/ES;Norte;Colisão Traseira;1;0;1;0;0;0;;;;;3;0;0;0;0
10/06/2015;12:23:00;195;Acidente sem Vítima;270;BR-101/ES;Sul;Colisão Traseira;2;0;0;0;0;0;;;;;2;0;0;0;0
10/06/2015;13:59:00;240;Acidente sem Vítima;345;BR-101/ES;Norte;Colisão Lateral;0;0;2;0;1;0;;;;;6;0;0;0;0
11/06/2015;07:34:00;85;Acidente sem Vítima;147;BR-101/ES;Sul;Colisão Traseira;2;0;0;0;0;0;;;;;2;0;0;0;0
11/06/2015;08:49:00;110;Acidente com vítima;194;BR-101/ES;Norte;Saída de Pista;1;0;0;0;0;0;;;;;2;0;1;0;0
11/06/2015;13:03:00;201;Acidente com vítima;225;BR-101/ES;Sul;Saída de Pista;0;0;0;1;0;0;;;;;0;0;1;0;0
11/06/2015;08:51:00;112;Acidente com vítima;255;BR-101/ES;Norte;Queda de Moto;1;0;0;0;0;0;;;;;0;1;0;0;0
11/06/2015;07:35:00;86;Acidente sem Vítima;264,5;BR-101/ES;Norte;Colisão Traseira;2;0;0;0;0;0;;;;;3;0;0;0;0
11/06/2015;12:32:00;194;Acidente sem Vítima;267;BR-101/ES;Sul;Colisão Traseira;1;0;0;1;0;0;;;;;3;0;0;0;0
11/06/2015;08:20:00;100;Acidente sem Vítima;271;BR-101/ES;Norte;Colisão Traseira;2;0;0;0;0;0;;;;;2;0;0;0;0
11/06/2015;06:16:00;57;Acidente sem Vítima;276;BR-101/ES;Norte;Queda de Moto;0;0;0;1;0;0;;;;;1;0;0;0;0
11/06/2015;06:23:00;58;Acidente sem Vítima;276;BR-101/ES;Sul;Colisão Lateral;2;0;0;0;0;0;;;;;2;0;0;0;0
11/06/2015;12:28:00;191;Acidente com vítima;285;BR-101/ES;Sul;Colisão Lateral;0;0;1;1;0;0;;;;;1;0;1;0;0
11/06/2015;08:32:00;104;Atropelamento sem Morte;297;BR-101/ES;Norte;Atropelamento e Fuga;0;0;0;1;0;0;;;;;0;0;1;0;0
11/06/2015;19:52:00;317;Acidente sem Vítima;299;BR-101/ES;Norte;Veículo em Chamas;1;0;0;0;0;0;;;;;1;0;0;0;0
11/06/2015;14:00:00;213;Atropelamento sem Morte;300;BR-101/ES;Sul;Atropelamento;1;0;0;0;0;0;;;;;2;0;1;0;0
11/06/2015;07:00:00;75;Acidente sem Vítima;376;BR-101/ES;Sul;Colisão Traseira;2;0;0;0;0;0;;;;;2;0;0;0;0
11/06/2015;18:54:00;300;Acidente sem Vítima;454;BR-101/ES;Sul;Tombamento;0;0;2;0;0;0;;;;;1;0;0;0;0
12/06/2015;17:50:00;250;Acidente sem Vítima;121;BR-101/ES;Norte;Colisão Traseira;2;0;0;0;0;0;;;;;3;0;0;0;0
12/06/2015;14:37:00;183;Acidente sem Vítima;124;BR-101/ES;Sul;Colisão Lateral;2;0;0;0;0;0;;;;;4;0;0;0;0
12/06/2015;21:02:00;304;Acidente com vítima;146;BR-101/ES;Norte;Colisão Lateral;2;0;0;0;0;0;;;;;0;3;0;0;0
12/06/2015;15:49:00;213;Acidente com vítima;153;BR-101/ES;Sul;Colisão Traseira;2;0;0;0;0;0;;;;;1;0;1;0;0
12/06/2015;14:31:00;182;Acidente sem Vítima;171;BR-101/ES;Sul;Colisão Traseira;0;0;4;0;0;0;;;;;2;0;0;0;0
12/06/2015;22:04:00;315;Acidente com Morte;172;BR-101/ES;Norte;Colisão;1;1;0;0;0;0;;;;;1;0;0;0;1
12/06/2015;09:04:00;92;Acidente com vítima;188;BR-101/ES;Norte;Queda de Moto;0;0;0;1;0;0;;;;;0;1;0;0;0
12/06/2015;06:30:00;50;Acidente com Morte;188,6;BR-101/ES;Norte;Colisão Lateral;2;0;2;0;0;0;;;;;5;0;3;0;1
12/06/2015;18:47:00;261;Acidente sem Vítima;262;BR-101/ES;Norte;Colisão Traseira;0;0;0;2;0;0;;;;;2;0;0;0;0
12/06/2015;09:26:00;99;Acidente sem Vítima;264;BR-101/ES;Sul;Colisão Traseira;2;0;0;0;0;0;;;;;2;0;0;0;0
12/06/2015;17:35:00;245;Acidente sem Vítima;265;BR-101/ES;Sul;Colisão Traseira;1;0;1;0;0;0;;;;;2;0;0;0;0
12/06/2015;22:50:00;321;Acidente sem Vítima;269;BR-101/ES;Norte;Colisão Transversal;2;0;0;0;0;0;;;;;1;0;0;0;0
12/06/2015;09:18:00;96;Acidente com vítima;269,5;BR-101/ES;Norte;Colisão Transversal;1;0;0;1;0;0;;;;;1;0;0;1;0
12/06/2015;16:07:00;216;Acidente sem Vítima;281;BR-101/ES;Norte;Choque com Objeto Fixo;1;0;0;0;0;0;;;;;2;0;0;0;0
12/06/2015;07:10:00;58;Acidente sem Vítima;285;BR-101/ES;Sul;Colisão Lateral;1;0;2;0;0;0;;;;;4;0;0;0;0
12/06/2015;09:59:00;107;Acidente sem Vítima;291;BR-101/ES;Sul;Colisão Traseira;0;0;4;0;0;0;;;;;4;0;0;0;0
12/06/2015;11:56:00;138;Acidente sem Vítima;390;BR-101/ES;Sul;Colisão Traseira;2;0;0;0;0;0;;;;;4;0;0;0;0
13/06/2015;21:31:00;316;Acidente com vítima;68;BR-101/ES;Sul;Colisão Lateral;1;0;0;1;0;0;;;;;2;1;0;0;0
13/06/2015;10:42:00;146;Acidente sem Vítima;140;BR-101/ES;Norte;Colisão Traseira;2;0;0;0;0;0;;;;;4;0;0;0;0
13/06/2015;08:43:00;107;Acidente com vítima;150,5;BR-101/ES;Sul;Colisão Transversal;0;0;0;2;0;0;;;;;2;1;0;0;0
13/06/2015;13:34:00;204;Acidente sem Vítima;151;BR-101/ES;Sul;Colisão Traseira;2;0;0;0;0;0;;;;;3;0;0;0;0
13/06/2015;21:41:00;318;Acidente com vítima;166;BR-101/ES;Sul;Queda de Moto;0;0;0;1;0;0;;;;;0;0;1;0;0
13/06/2015;11:15:00;157;Acidente com vítima;195;BR-101/ES;Sul;Queda de Moto;0;0;0;1;0;0;;;;;0;1;1;0;0
13/06/2015;15:38:00;237;Acidente sem Vítima;255;BR-101/ES;Norte;Engavetamento;4;0;0;0;0;0;;;;;8;0;0;0;0
13/06/2015;21:37:00;317;Acidente sem Vítima;255;BR-101/ES;Sul;Capotamento;1;0;0;0;0;0;;;;;1;0;0;0;0
13/06/2015;10:30:00;143;Acidente sem Vítima;261;BR-101/ES;Sul;Colisão Lateral;1;0;1;0;0;0;;;;;3;0;0;0;0
13/06/2015;19:12:00;294;Acidente sem Vítima;268;BR-101/ES;Sul;Capotamento;1;0;0;0;0;0;;;;;1;0;0;0;0
13/06/2015;06:35:00;69;Acidente sem Vítima;269;BR-101/ES;Sul;Colisão Lateral;3;0;0;0;0;0;;;;;4;0;0;0;0
13/06/2015;06:56:00;74;Acidente com vítima;269;BR-101/ES;Sul;Colisão Lateral;1;0;0;1;0;0;;;;;1;1;0;0;0
13/06/2015;01:15:00;17;Atropelamento sem Morte;270;BR-101/ES;Sul;Atropelamento e Fuga;1;0;0;0;0;0;;;;;0;2;0;0;0
13/06/2015;19:30:00;301;Acidente sem Vítima;270;BR-101/ES;Sul;Colisão Lateral;1;0;1;0;0;0;;;;;2;0;0;0;0
13/06/2015;10:46:00;147;Acidente com vítima;272;BR-101/ES;Norte;Queda de Moto;0;0;0;1;0;0;;;;;0;1;0;0;0
13/06/2015;17:59:00;279;Acidente com Morte;358;BR-101/ES;Sul;Colisão Lateral;1;0;2;0;0;0;;;;;1;0;0;0;1
13/06/2015;10:39:00;145;Acidente com vítima;386;BR-101/ES;Norte;Queda de Moto;0;0;0;1;0;0;;;;;0;1;0;0;0
13/06/2015;12:46:00;189;Acidente com vítima;387;BR-101/ES;Sul;Queda de Moto;0;0;0;1;0;0;;;;;0;1;0;0;0
13/06/2015;08:30:00;102;Acidente sem Vítima;440;BR-101/ES;Sul;Colisão Lateral;2;0;0;0;0;0;;;;;6;0;0;0;0
14/06/2015;18:39:00;242;Acidente sem Vítima;63;BR-101/ES;Norte;Atropelamento - Bovino;1;0;0;0;0;0;;;;;1;0;0;0;0
14/06/2015;15:35:00;195;Acidente sem Vítima;65;BR-101/ES;Norte;Colisão Transversal;2;0;0;0;0;0;;;;;3;0;0;0;0
14/06/2015;02:11:00;19;Acidente sem Vítima;138;BR-101/ES;Norte;Saída de Pista;1;0;0;0;0;0;;;;;2;0;0;0;0
14/06/2015;20:49:00;278;Acidente sem Vítima;147;BR-101/ES;Norte;Colisão Traseira;1;0;2;0;0;0;;;;;5;0;0;0;0
14/06/2015;16:05:00;200;Acidente com vítima;162;BR-101/ES;Sul;Choque;1;0;0;0;0;0;;;;;0;1;0;0;0
14/06/2015;17:24:00;225;Acidente sem Vítima;170;BR-101/ES;Norte;Choque com Objeto Fixo;1;0;0;0;0;0;;;;;2;0;0;0;0
14/06/2015;08:04:00;70;Acidente sem Vítima;206;BR-101/ES;Norte;Colisão Traseira;2;0;0;0;0;0;;;;;2;0;0;0;0
14/06/2015;11:12:00;111;Acidente com vítima;207;BR-101/ES;Sul;Queda de Moto;0;0;0;1;0;0;;;;;0;0;1;0;0
14/06/2015;21:14:00;283;Acidente sem Vítima;264;BR-101/ES;Norte;Colisão Traseira;2;0;0;0;0;0;;;;;4;0;0;0;0
14/06/2015;10:34:00;99;Acidente sem Vítima;266,4;BR-101/ES;Norte;Colisão Traseira;2;0;0;0;0;0;;;;;3;0;0;0;0
14/06/2015;14:55:00;185;Acidente sem Vítima;267;BR-101/ES;Norte;Colisão Traseira;2;0;0;0;0;0;;;;;3;0;0;0;0
14/06/2015;13:22:00;157;Acidente sem Vítima;270;BR-101/ES;Sul;Colisão Lateral;1;0;1;0;0;0;;;;;4;0;0;0;0
14/06/2015;16:13:00;203;Atropelamento sem Morte;271;BR-101/ES;Sul;Atropelamento;0;0;0;0;1;0;;;;;1;0;1;0;0
14/06/2015;15:28:00;193;Acidente sem Vítima;291;BR-101/ES;Sul;Choque com Objeto Fixo;1;0;0;0;0;0;;;;;1;0;0;0;0
14/06/2015;18:55:00;244;Acidente sem Vítima;318;BR-101/ES;Norte;Colisão Lateral;1;0;0;1;0;0;;;;;2;0;0;0;0
14/06/2015;16:56:00;214;Acidente sem Vítima;375;BR-101/ES;Sul;Colisão Traseira;2;0;0;0;0;0;;;;;4;0;0;0;0
15/06/2015;23:17:00;329;Acidente sem Vítima;147;BR-101/ES;Norte;Colisão Transversal;2;0;0;0;0;0;;;;;5;0;0;0;0
15/06/2015;08:20:00;88;Acidente com vítima;148,9;BR-101/ES;Norte;Colisão Traseira;1;0;0;1;0;0;;;;;3;1;0;0;0
15/06/2015;15:08:00;215;Acidente com vítima;225;BR-101/ES;Norte;Colisão Traseira;2;0;0;0;0;0;;;;;4;1;0;0;0
15/06/2015;10:58:00;138;Acidente sem Vítima;251;BR-101/ES;Sul;Colisão Traseira;2;0;0;0;0;0;;;;;4;0;0;0;0
15/06/2015;07:59:00;78;Acidente sem Vítima;265;BR-101/ES;Sul;Colisão Traseira;2;0;0;0;0;0;;;;;4;0;0;0;0
15/06/2015;06:49:00;57;Acidente sem Vítima;268,5;BR-101/ES;Sul;Colisão Traseira;2;0;0;0;0;0;;;;;3;0;0;0;0
15/06/2015;22:00:00;316;Acidente com vítima;269;BR-101/ES;Sul;Colisão Traseira;0;0;2;1;0;0;;;;;1;0;0;1;0
15/06/2015;07:16:00;63;Acidente sem Vítima;269,8;BR-101/ES;Norte;Colisão Traseira;2;0;0;0;0;0;;;;;3;0;0;0;0
15/06/2015;07:40:00;70;Acidente com vítima;274;BR-101/ES;Sul;Queda de Moto;0;0;0;1;0;0;;;;;0;0;1;0;0
15/06/2015;19:55:00;290;Acidente sem Vítima;291;BR-101/ES;Norte;Colisão Traseira;1;0;0;1;0;0;;;;;3;0;0;0;0
15/06/2015;19:18:00;277;Acidente sem Vítima;353;BR-101/ES;Norte;Engavetamento;4;0;0;0;0;0;;;;;6;0;0;0;0
15/06/2015;17:01:00;243;Acidente com vítima;363;BR-101/ES;Norte;Colisão Frontal;2;0;0;0;0;0;;;;;2;0;1;0;0
15/06/2015;06:47:00;55;Acidente sem Vítima;371;BR-101/ES;Norte;Saída de Pista;1;0;0;0;0;0;;;;;4;0;0;0;0
15/06/2015;18:35:00;265;Acidente sem Vítima;391;BR-101/ES;Norte;Saída de Pista;1;0;0;0;0;0;;;;;1;0;0;0;0
16/06/2015;17:56:00;258;Acidente sem Vítima;153;BR-101/ES;Norte;Engavetamento;2;0;1;0;0;0;;;;;6;0;0;0;0
16/06/2015;18:31:00;267;Acidente sem Vítima;154;BR-101/ES;Norte;Colisão Traseira;1;0;1;0;0;0;;;;;4;0;0;0;0