data;horario;n_da_ocorrencia;tipo_de_ocorrencia;km;trecho;sentido;tipo_de_acidente;automovel;bicicleta;caminhao;moto;onibus;outros;tracao_animal;transporte_de_cargas_especiais;trator_maquinas;utilitarios;ilesos;levemente_feridos;moderadamente_feridos;gravemente_feridos;mortos
16/06/2015;05:34:00;53;Acidente com vítima;271;BR-101/ES;Norte;Colisão Transversal;1;0;0;0;1;0;;;;;1;1;0;0;0
16/06/2015;21:55:00;304;Acidente com vítima;293;BR-101/ES;Sul;Colisão Traseira;1;0;0;1;0;0;;;;;1;1;0;0;0
16/06/2015;15:26:00;219;Acidente sem Vítima;296;BR-101/ES;Norte;Colisão Traseira;1;0;0;1;0;0;;;;;2;0;0;0;0
16/06/2015;06:48:00;61;Acidente sem Vítima;422;BR-101/ES;Sul;Saída de Pista;1;0;0;0;0;0;;;;;1;0;0;0;0
16/06/2015;19:42:00;286;Acidente sem Vítima;451;BR-101/ES;Sul;Colisão Lateral;0;0;3;0;0;0;;;;;1;0;0;0;0
17/06/2015;16:06:00;247;Acidente com vítima;69;BR-101/ES;Norte;Colisão Traseira;1;0;1;0;0;0;;;;;0;2;0;0;0
17/06/2015;20:18:00;318;Atropelamento sem Morte;255;BR-101/ES;Norte;Atropelamento e Fuga;1;0;0;0;0;0;;;;;0;1;0;0;0
17/06/2015;08:05:00;92;Acidente com vítima;266;BR-101/ES;Sul;Colisão Lateral;1;0;0;1;0;0;;;;;1;0;1;0;0
17/06/2015;14:11:00;217;Acidente com vítima;269;BR-101/ES;Sul;Colisão Traseira;0;0;0;0;2;0;;;;;2;1;0;0;0
17/06/2015;06:53:00;70;Acidente sem Vítima;345;BR-101/ES;Norte;Colisão Traseira;0;0;5;0;0;0;;;;;2;0;0;0;0
17/06/2015;07:14:00;73;Acidente com vítima;384;BR-101/ES;Norte;Tombamento;0;0;2;0;0;0;;;;;0;0;1;0;0
17/06/2015;01:38:00;24;Acidente com vítima;455;BR-101/ES;Sul;Colisão Lateral;0;0;3;0;0;0;;;;;2;1;0;0;0
18/06/2015;20:14:00;272;Acidente com vítima;146;BR-101/ES;Sul;Colisão Transversal;1;0;0;1;0;0;;;;;1;1;0;0;0
18/06/2015;13:28:00;181;Acidente sem Vítima;179;BR-101/ES;Norte;Colisão Traseira;2;0;0;0;0;0;;;;;2;0;0;0;0
18/06/2015;10:08:00;104;Acidente sem Vítima;230;BR-101/ES;Sul;Colisão Transversal;2;0;0;0;0;0;;;;;2;0;0;0;0
18/06/2015;04:31:00;28;Acidente com vítima;239;BR-101/ES;Sul;Tombamento;0;0;3;0;0;0;;;;;0;0;1;0;0
18/06/2015;08:54:00;84;Acidente sem Vítima;241;BR-101/ES;Norte;Colisão Lateral;2;0;0;0;0;0;;;;;2;0;0;0;0
18/06/2015;07:43:00;62;Acidente com vítima;276;BR-101/ES;Norte;Capotamento;2;0;0;0;0;0;;;;;1;0;2;0;0
18/06/2015;19:43:00;264;Acidente com vítima;285;BR-101/ES;Norte;Queda de Moto;0;0;0;1;0;0;;;;;1;1;0;0;0
19/06/2015;15:29:00;234;Acidente com vítima;15;BR-101/ES;Norte;Colisão Traseira;1;0;0;1;0;0;;;;;3;1;0;0;0
19/06/2015;16:47:00;262;Acidente com vítima;60,7;BR-101/ES;Sul;Colisão Lateral;2;0;0;0;0;0;;;;;2;2;0;0;0
19/06/2015;19:25:00;303;Acidente sem Vítima;70;BR-101/ES;Sul;Colisão Traseira;2;0;0;0;0;0;;;;;2;0;0;0;0
19/06/2015;11:01:00;143;Acidente com vítima;75;BR-101/ES;Sul;Queda de Moto;0;0;0;1;0;0;;;;;0;1;0;0;0
19/06/2015;08:06:00;86;Acidente sem Vítima;146;BR-101/ES;Norte;Colisão Lateral;2;0;0;0;0;0;;;;;2;0;0;0;0
19/06/2015;07:17:00;72;Acidente com vítima;148;BR-101/ES;Sul;Colisão Transversal;1;0;0;1;0;0;;;;;1;1;0;0;0
19/06/2015;08:38:00;97;Acidente sem Vítima;149;BR-101/ES;Sul;Colisão Transversal;1;0;1;0;0;0;;;;;2;0;0;0;0
19/06/2015;17:51:00;280;Acidente com vítima;151;BR-101/ES;Norte;Engavetamento;1;0;0;0;2;0;;;;;3;2;0;0;0
19/06/2015;05:54:00;49;Acidente sem Vítima;155;BR-101/ES;Sul;Saída de Pista;0;0;1;0;0;0;;;;;2;0;0;0;0
19/06/2015;07:01:00;65;Acidente com vítima;155;BR-101/ES;Sul;Queda de Moto;0;0;0;1;0;0;;;;;1;1;0;0;0
19/06/2015;13:58:00;206;Acidente sem Vítima;176;BR-101/ES;Sul;Colisão Traseira;2;0;0;0;0;0;;;;;10;0;0;0;0
19/06/2015;18:21:00;290;Acidente com vítima;231;BR-101/ES;Sul;Colisão Transversal;1;0;0;1;0;0;;;;;2;0;1;0;0
19/06/2015;15:49:00;245;Acidente com vítima;265;BR-101/ES;Norte;Colisão Traseira;1;0;0;1;0;0;;;;;1;1;0;0;0
19/06/2015;15:15:00;230;Acidente sem Vítima;266;BR-101/ES;Norte;Colisão Lateral;1;0;1;0;0;0;;;;;2;0;0;0;0
19/06/2015;18:31:00;292;Acidente sem Vítima;266;BR-101/ES;Norte;Colisão Traseira;0;0;0;2;0;0;;;;;2;0;0;0;0
19/06/2015;20:01:00;314;Acidente sem Vítima;266;BR-101/ES;Sul;Colisão Traseira;1;0;0;1;0;0;;;;;4;0;0;0;0
19/06/2015;19:27:00;304;Acidente sem Vítima;269;BR-101/ES;Norte;Colisão Traseira;2;0;0;0;0;0;;;;;2;0;0;0;0
19/06/2015;07:15:00;70;Acidente com vítima;292;BR-101/ES;Sul;Colisão Lateral;1;0;0;1;0;0;;;;;2;0;1;0;0
19/06/2015;13:14:00;189;Acidente sem Vítima;376;BR-101/ES;Norte;Colisão Lateral;2;0;0;0;0;0;;;;;3;0;0;0;0
19/06/2015;14:16:00;211;Acidente com vítima;391;BR-101/ES;Norte;Saída de Pista;1;0;0;0;0;0;;;;;0;1;0;0;0
19/06/2015;14:36:00;218;Acidente sem Vítima;393;BR-101/ES;Norte;Colisão Lateral;1;0;2;0;0;0;;;;;3;0;0;0;0
19/06/2015;21:53:00;349;Acidente sem Vítima;948;BR-101/BA;Sul;Colisão Lateral;2;0;0;0;0;0;;;;;5;0;0;0;0
20/06/2015;21:08:00;289;Acidente sem Vítima;124;BR-101/ES;Sul;Tombamento;0;0;3;0;0;0;;;;;1;0;0;0;0
20/06/2015;00:28:00;5;Acidente com vítima;165;BR-101/ES;Sul;Colisão Traseira;0;0;0;1;1;0;;;;;0;1;0;0;0
20/06/2015;22:56:00;313;Acidente sem Vítima;171,2;BR-101/ES;Norte;Colisão Traseira;2;0;0;0;0;0;;;;;2;0;0;0;0
20/06/2015;07:01:00;80;Acidente sem Vítima;188;BR-101/ES;Norte;Capotamento;1;0;0;0;0;0;;;;;1;0;0;0;0
20/06/2015;04:39:00;57;Acidente sem Vítima;262;BR-101/ES;Norte;Engavetamento;1;0;2;0;0;0;;;;;3;0;0;0;0
20/06/2015;05:52:00;70;Acidente sem Vítima;263;BR-101/ES;Sul;Choque com Objeto Fixo;1;0;0;0;0;0;;;;;1;0;0;0;0
20/06/2015;00:58:00;13;Acidente sem Vítima;265;BR-101/ES;Norte;Colisão Traseira;1;0;0;0;1;0;;;;;2;0;0;0;0
20/06/2015;19:03:00;266;Acidente sem Vítima;266;BR-101/ES;Sul;Colisão Traseira;2;0;0;0;0;0;;;;;4;0;0;0;0
20/06/2015;05:54:00;72;Acidente sem Vítima;275;BR-101/ES;Sul;Saída de Pista;1;0;0;0;0;0;;;;;1;0;0;0;0
20/06/2015;07:27:00;86;Acidente sem Vítima;290;BR-101/ES;Norte;Saída de Pista;0;0;1;0;0;0;;;;;1;0;0;0;0
20/06/2015;09:54:00;118;Acidente sem Vítima;358;BR-101/ES;Norte;Saída de Pista;0;0;1;0;0;0;;;;;1;0;0;0;0
20/06/2015;18:34:00;255;Acidente com vítima;376;BR-101/ES;Sul;Colisão Frontal;1;0;0;1;0;0;;;;;1;0;1;0;0
20/06/2015;02:20:00;28;Acidente sem Vítima;378;BR-101/ES;Sul;Queda de Moto;0;0;0;1;0;0;;;;;1;0;0;0;0
20/06/2015;15:06:00;215;Acidente com vítima;383,5;BR-101/ES;Norte;Colisão Lateral;1;0;3;0;0;1;;;;;2;0;0;1;0
20/06/2015;09:58:00;119;Acidente sem Vítima;412;BR-101/ES;Sul;Colisão Lateral;0;0;4;0;0;0;;;;;2;0;0;0;0
20/06/2015;00:37:00;8;Acidente com vítima;451,5;BR-101/ES;Sul;Saída de Pista;0;0;2;0;0;0;;;;;0;1;0;0;0
21/06/2015;18:21:00;236;Acidente com vítima;5;BR-101/ES;Norte;Queda de Moto;0;0;0;1;0;0;;;;;0;0;1;0;0
21/06/2015;11:25:00;127;Acidente com vítima;124;BR-101/ES;Sul;Colisão Traseira;1;0;0;1;0;0;;;;;1;1;1;0;0
21/06/2015;19:41:00;250;Acidente sem Vítima;129;BR-101/ES;Sul;Colisão Traseira;1;0;0;1;0;0;;;;;2;0;0;0;0
21/06/2015;02:17:00;32;Acidente sem Vítima;142;BR-101/ES;Norte;Saída de Pista;1;0;0;0;0;0;;;;;1;0;0;0;0
21/06/2015;16:27:00;211;Acidente sem Vítima;254;BR-101/ES;Sul;Colisão;4;0;0;0;0;0;;;;;5;0;0;0;0
21/06/2015;13:42:00;176;Acidente sem Vítima;263;BR-101/ES;Norte;Colisão Traseira;2;0;0;0;0;0;;;;;2;0;0;0;0
21/06/2015;14:20:00;182;Acidente sem Vítima;263;BR-101/ES;Norte;Colisão Traseira;2;0;0;0;0;0;;;;;2;0;0;0;0
21/06/2015;17:44:00;229;Acidente com vítima;266;BR-101/ES;Norte;Colisão Lateral;0;0;0;2;0;0;;;;;1;1;1;0;0
21/06/2015;19:56:00;253;Acidente com vítima;291;BR-101/ES;Sul;Colisão Transversal;2;0;0;0;0;0;;;;;0;0;3;0;0
21/06/2015;13:01:00;164;Acidente sem Vítima;328;BR-101/ES;Sul;Choque com Objeto Fixo;1;0;0;0;0;0;;;;;1;0;0;0;0
22/06/2015;04:06:00;32;Acidente com Morte;66;BR-101/ES;Norte;Colisão Traseira;1;0;4;0;0;0;;;;;1;0;0;1;1
22/06/2015;11:40:00;150;Acidente sem Vítima;144;BR-101/ES;Norte;Colisão Traseira;2;0;0;0;0;0;;;;;2;0;0;0;0
22/06/2015;17:47:00;255;Acidente com vítima;146;BR-101/ES;Sul;Colisão Transversal;1;0;0;1;0;0;;;;;4;1;0;0;0
22/06/2015;06:34:00;44;Acidente sem Vítima;220;BR-101/ES;Sul;Colisão Lateral;1;0;0;0;1;0;;;;;3;0;0;0;0
22/06/2015;15:32:00;220;Atropelamento sem Morte;229,5;BR-101/ES;Norte;Atropelamento;1;0;0;0;0;0;;;;;1;1;0;0;0
22/06/2015;14:43:00;202;Acidente com vítima;293;BR-101/ES;Sul;Colisão Traseira;2;0;0;0;0;0;;;;;3;0;1;0;0
22/06/2015;07:01:00;49;Acidente com vítima;296;BR-101/ES;Sul;Colisão Traseira;0;0;1;1;0;0;;;;;1;1;0;0;0
22/06/2015;19:51:00;274;Acidente com vítima;300,1;BR-101/ES;Sul;Colisão;0;2;0;0;0;0;;;;;1;0;1;0;0
22/06/2015;15:04:00;212;Acidente sem Vítima;346;BR-101/ES;Norte;Saída de Pista;2;0;1;0;0;0;;;;;3;0;0;0;0
22/06/2015;15:22:00;217;Acidente sem Vítima;385;BR-101/ES;Norte;Choque;1;0;0;0;0;0;;;;;1;0;0;0;0
22/06/2015;04:37:00;34;Acidente sem Vítima;457;BR-101/ES;Norte;Colisão Traseira;0;0;0;1;1;0;;;;;2;0;0;0;0
23/06/2015;20:58:00;301;Acidente com vítima;255;BR-101/ES;Norte;Colisão;1;1;0;0;0;0;;;;;1;1;0;0;0
23/06/2015;20:43:00;297;Acidente com vítima;260;BR-101/ES;Sul;Queda de ciclista;0;1;0;0;0;0;;;;;0;1;0;0;0
23/06/2015;14:41:00;207;Acidente sem Vítima;263;BR-101/ES;Sul;Colisão Traseira;2;0;1;0;0;0;;;;;7;0;0;0;0
23/06/2015;20:32:00;296;Acidente sem Vítima;264;BR-101/ES;Sul;Queda de ciclista;0;1;0;0;0;0;;;;;1;0;0;0;0
23/06/2015;22:14:00;312;Acidente com vítima;274;BR-101/ES;Norte;Colisão Traseira;2;0;0;0;0;0;;;;;1;1;0;0;0
23/06/2015;06:17:00;59;Atropelamento com Morte;283;BR-101/ES;Norte;Atropelamento e Fuga;1;0;0;0;0;0;;;;;0;0;0;0;1
23/06/2015;17:54:00;257;Acidente com vítima;285;BR-101/ES;Sul;Queda de Moto;0;0;0;1;0;0;;;;;0;1;0;0;0
23/06/2015;17:24:00;252;Acidente com vítima;320;BR-101/ES;Norte;Colisão Traseira;0;0;1;1;0;0;;;;;1;0;1;0;0
23/06/2015;16:56:00;244;Acidente sem Vítima;396;BR-101/ES;Norte;Colisão Traseira;1;0;2;0;0;0;;;;;2;0;0;0;0
24/06/2015;16:49:00;232;Acidente sem Vítima;126;BR-101/ES;Sul;Colisão Traseira;1;0;0;0;1;0;;;;;4;0;0;0;0
24/06/2015;17:52:00;244;Acidente sem Vítima;148;BR-101/ES;Sul;Colisão Traseira;1;0;0;0;1;0;;;;;2;0;0;0;0
24/06/2015;16:42:00;229;Acidente sem Vítima;190,5;BR-101/ES;Norte;Colisão Traseira;2;0;0;0;0;0;;;;;2;0;0;0;0
24/06/2015;19:18:00;268;Acidente sem Vítima;259;BR-101/ES;Norte;Choque com Objeto Fixo;1;0;0;0;0;0;;;;;1;0;0;0;0
24/06/2015;11:25:00;158;Acidente com vítima;291;BR-101/ES;Norte;Colisão Traseira;2;0;0;0;0;0;;;;;2;0;2;0;0
24/06/2015;20:44:00;290;Acidente com vítima;297;BR-101/ES;Sul;Colisão Traseira;0;0;1;1;0;0;;;;;1;0;1;0;0
24/06/2015;18:58:00;261;Acidente com Morte;298;BR-101/ES;Sul;Colisão Transversal;0;0;2;1;0;0;;;;;1;0;0;0;1
24/06/2015;15:25:00;210;Acidente sem Vítima;329;BR-101/ES;Norte;Colisão Traseira;1;0;1;0;0;0;;;;;3;0;0;0;0
24/06/2015;18:25:00;255;Acidente sem Vítima;359,9;BR-101/ES;Sul;Choque com Objeto Fixo;1;0;0;0;0;0;;;;;1;0;0;0;0
24/06/2015;00:19:00;5;Acidente sem Vítima;391;BR-101/ES;Sul;Choque;0;0;2;0;1;0;;;;;2;0;0;0;0
24/06/2015;11:16:00;153;Acidente com Morte;394;BR-101/ES;Norte;Colisão Frontal;0;0;1;1;0;0;;;;;0;1;0;0;1
24/06/2015;07:54:00;91;Acidente sem Vítima;398;BR-101/ES;Norte;Colisão Traseira;1;0;1;0;0;0;;;;;4;0;0;0;0
25/06/2015;18:52:00;289;Atropelamento sem Morte;140;BR-101/ES;Norte;Atropelamento;1;0;0;0;0;0;;;;;0;1;0;0;0
25/06/2015;13:21:00;219;Acidente com vítima;146;BR-101/ES;Norte;Colisão Traseira;1;0;0;1;0;0;;;;;1;1;0;0;0
25/06/2015;14:34:00;232;Acidente sem Vítima;162;BR-101/ES;Norte;Colisão Lateral;1;0;1;0;0;0;;;;;3;0;0;0;0
25/06/2015;08:42:00;118;Acidente com vítima;207;BR-101/ES;Norte;Colisão Lateral;1;0;0;1;0;0;;;;;1;2;0;0;0
25/06/2015;13:49:00;223;Acidente sem Vítima;255;BR-101/ES;Sul;Colisão Transversal;2;0;0;0;0;0;;;;;1;0;0;0;0
25/06/2015;09:00:00;124;Acidente sem Vítima;265;BR-101/ES;Sul;Atropelamento - Animal;1;0;0;0;0;0;;;;;1;0;0;0;0
25/06/2015;17:38:00;272;Acidente sem Vítima;283;BR-101/ES;Sul;Colisão Traseira;1;0;1;0;0;0;;;;;2;0;0;0;0
25/06/2015;18:00:00;279;Acidente sem Vítima;283;BR-101/ES;Norte;Tombamento;0;0;1;0;0;0;;;;;1;0;0;0;0
25/06/2015;17:40:00;273;Acidente sem Vítima;358;BR-101/ES;Sul;Colisão Lateral;1;0;2;0;0;0;;;;;2;0;0;0;0
25/06/2015;15:28:00;246;Acidente sem Vítima;401;BR-101/ES;Norte;Colisão Traseira;2;0;0;0;0;0;;;;;4;0;0;0;0
25/06/2015;05:00:00;54;Acidente com Morte;945,6;BR-101/BA;Sul;Colisão Transversal;0;0;1;1;0;0;;;;;0;0;0;0;1
26/06/2015;21:55:00;274;Acidente sem Vítima;1,5;BR-101/ES;Sul;Queda de Moto;0;0;0;1;0;0;;;;;1;0;0;0;0
26/06/2015;15:30:00;205;Atropelamento sem Morte;16;BR-101/ES;Norte;Atropelamento;1;0;0;0;0;0;;;;;4;1;0;0;0
26/06/2015;22:23:00;279;Acidente com vítima;137;BR-101/ES;Sul;Queda de Moto;0;0;0;1;0;0;;;;;0;1;0;0;0
26/06/2015;22:29:00;282;Acidente sem Vítima;145;BR-101/ES;Sul;Colisão Lateral;1;0;2;0;0;0;;;;;2;0;0;0;0
26/06/2015;23:49:00;295;Acidente sem Vítima;146;BR-101/ES;Sul;Colisão Lateral;0;0;3;0;0;0;;;;;2;0;0;0;0
26/06/2015;11:25:00;135;Acidente sem Vítima;149;BR-101/ES;Sul;Colisão Lateral;1;0;1;0;0;0;;;;;4;0;0;0;0
26/06/2015;08:14:00;66;Acidente com vítima;175;BR-101/ES;Norte;Colisão Transversal;2;0;0;0;0;0;;;;;5;1;0;0;0
26/06/2015;13:51:00;185;Acidente sem Vítima;184;BR-101/ES;Sul;Colisão Lateral;2;0;1;0;0;0;;;;;4;0;0;0;0
26/06/2015;14:42:00;198;Acidente com vítima;238;BR-101/ES;Norte;Colisão Traseira;2;0;0;0;0;0;;;;;2;2;0;0;0
26/06/2015;05:12:00;37;Acidente sem Vítima;248;BR-101/ES;Norte;Saída de Pista;1;0;0;0;0;0;;;;;2;0;0;0;0
26/06/2015;12:40:00;162;Acidente sem Vítima;255;BR-101/ES;Sul;Engavetamento;3;0;0;0;0;0;;;;;4;0;0;0;0
26/06/2015;13:41:00;184;Acidente sem Vítima;264;BR-101/ES;Norte;Saída de Pista;0;0;1;0;0;0;;;;;1;0;0;0;0
26/06/2015;17:50:00;234;Acidente sem Vítima;266;BR-101/ES;Norte;Engavetamento;4;0;0;0;0;0;;;;;5;0;0;0;0
26/06/2015;14:51:00;201;Acidente sem Vítima;267;BR-101/ES;Sul;Colisão Traseira;1;0;1;0;0;0;;;;;2;0;0;0;0
26/06/2015;20:42:00;264;Acidente sem Vítima;268,5;BR-101/ES;Sul;Colisão Transversal;2;0;0;1;0;0;;;;;4;0;0;0;0
26/06/2015;08:52:00;82;Acidente sem Vítima;269;BR-101/ES;Sul;Colisão Traseira;2;0;0;0;0;0;;;;;3;0;0;0;0
26/06/2015;14:07:00;188;Acidente sem Vítima;269;BR-101/ES;Sul;Colisão Traseira;2;0;0;0;0;0;;;;;3;0;0;0;0
26/06/2015;14:31:00;197;Acidente sem Vítima;270;BR-101/ES;Norte;Colisão Lateral;1;0;2;0;0;0;;;;;3;0;0;0;0
26/06/2015;19:26:00;250;Acidente sem Vítima;270;BR-101/ES;Sul;Engavetamento;4;0;0;0;0;0;;;;;4;0;0;0;0
26/06/2015;10:00:00;101;Acidente sem Vítima;277;BR-101/ES;Norte;Colisão Lateral;1;0;2;0;0;0;;;;;2;0;0;0;0
26/06/2015;20:07:00;259;Acidente com vítima;296;BR-101/ES;Sul;Colisão;1;1;0;0;0;0;;;;;2;0;1;0;0
26/06/2015;23:59:00;297;Acidente sem Vítima;373;BR-101/ES;Sul;Capotamento;1;0;0;0;0;0;;;;;1;0;0;0;0
26/06/2015;04:37:00;33;Acidente sem Vítima;399;BR-101/ES;Norte;Colisão Traseira;1;0;1;0;0;0;;;;;3;0;0;0;0
27/06/2015;23:17:00;305;Acidente sem Vítima;58;BR-101/ES;Sul;Colisão Traseira;2;0;0;0;0;0;;;;;3;0;0;0;0
27/06/2015;21:09:00;286;Acidente com vítima;127;BR-101/ES;Norte;Colisão Frontal;1;0;0;1;0;0;;;;;0;1;1;0;0
27/06/2015;17:33:00;249;Acidente com vítima;158;BR-101/ES;Sul;Colisão;0;2;0;1;0;0;;;;;2;0;1;0;0
27/06/2015;08:12:00;82;Acidente sem Vítima;187;BR-101/ES;Norte;Colisão Lateral;1;0;1;0;0;0;;;;;6;0;0;0;0
27/06/2015;15:22:00;219;Acidente sem Vítima;203;BR-101/ES;Sul;Colisão Transversal;2;0;0;0;0;0;;;;;6;0;0;0;0
27/06/2015;08:55:00;94;Acidente sem Vítima;224;BR-101/ES;Sul;Colisão Lateral;1;0;1;0;0;0;;;;;3;0;0;0;0
27/06/2015;14:04:00;203;Acidente com vítima;240;BR-101/ES;Sul;Saída de Pista;0;0;0;1;0;0;;;;;0;2;0;0;0
27/06/2015;12:33:00;173;Acidente com vítima;247;BR-101/ES;Sul;Colisão Traseira;1;0;0;1;0;0;;;;;2;1;0;0;0
27/06/2015;05:39:00;54;Acidente sem Vítima;256;BR-101/ES;Sul;Colisão Traseira;2;0;0;0;0;0;;;;;7;0;0;0;0
27/06/2015;13:11:00;191;Acidente sem Vítima;265,5;BR-101/ES;Norte;Colisão Traseira;2;0;0;0;0;0;;;;;2;0;0;0;0
27/06/2015;20:15:00;278;Acidente sem Vítima;272;BR-101/ES;Sul;Choque com Objeto Fixo;3;0;0;0;0;0;;;;;3;0;0;0;0
27/06/2015;19:15:00;270;Acidente com vítima;279;BR-101/ES;Sul;Queda de Moto;0;0;0;1;0;0;;;;;0;1;0;0;0
27/06/2015;20:11:00;277;Acidente sem Vítima;385;BR-101/ES;Sul;Saída de Pista;1;0;0;0;0;0;;;;;1;0;0;0;0
27/06/2015;11:23:00;149;Acidente sem Vítima;395;BR-101/ES;Norte;Colisão Transversal;1;0;1;0;0;0;;;;;5;0;0;0;0
27/06/2015;12:59:00;183;Acidente sem Vítima;420;BR-101/ES;Sul;Colisão Lateral;1;0;1;0;0;0;;;;;5;0;0;0;0
28/06/2015;14:21:00;173;Acidente sem Vítima;68;BR-101/ES;Sul;Colisão Traseira;2;0;0;0;0;0;;;;;3;0;0;0;0
28/06/2015;18:57:00;234;Acidente com vítima;100;BR-101/ES;Sul;Queda de Moto;0;0;0;1;0;0;;;;;0;1;0;0;0
28/06/2015;13:57:00;169;Acidente sem Vítima;127;BR-101/ES;Sul;Colisão Lateral;1;0;0;1;0;0;;;;;3;0;0;0;0
28/06/2015;04:38:00;40;Acidente com vítima;150;BR-101/ES;Sul;Saída de Pista;1;0;0;0;0;0;;;;;0;0;1;0;0
28/06/2015;20:15:00;254;Acidente sem Vítima;238;BR-101/ES;Norte;Colisão Lateral;1;0;1;0;0;0;;;;;4;0;0;0;0
28/06/2015;17:38:00;221;Acidente sem Vítima;246;BR-101/ES;Sul;Colisão Traseira;2;0;0;0;0;0;;;;;1;0;0;0;0
28/06/2015;19:05:00;236;Acidente sem Vítima;251;BR-101/ES;Norte;Colisão Traseira;2;0;0;0;0;0;;;;;4;0;0;0;0
28/06/2015;13:44:00;164;Atropelamento sem Morte;258;BR-101/ES;Sul;Atropelamento;1;0;0;0;0;0;;;;;1;0;1;0;0
28/06/2015;12:21:00;142;Acidente sem Vítima;261;BR-101/ES;Norte;Colisão Lateral;1;0;1;0;0;0;;;;;4;0;0;0;0
28/06/2015;07:35:00;75;Acidente sem Vítima;262;BR-101/ES;Sul;Queda de Moto;0;0;0;1;0;0;;;;;2;0;0;0;0
28/06/2015;09:49:00;102;Acidente com vítima;265,5;BR-101/ES;Norte;Choque com Objeto Fixo;1;0;0;0;0;0;;;;;3;1;0;0;0
28/06/2015;10:16:00;107;Acidente com vítima;415;BR-101/ES;Sul;Queda de Moto;0;0;0;1;0;0;;;;;0;1;0;0;0
29/06/2015;13:54:00;197;Acidente com vítima;120;BR-101/ES;Sul;Queda de Moto;0;0;0;1;0;0;;;;;1;1;0;0;0
29/06/2015;07:16:00;61;Acidente sem Vítima;145;BR-101/ES;Norte;Colisão Lateral;1;0;2;0;0;0;;;;;2;0;0;0;0
29/06/2015;08:08:00;81;Acidente com vítima;145;BR-101/ES;Norte;Colisão;1;1;0;0;0;0;;;;;1;1;0;0;0
29/06/2015;18:16:00;248;Acidente com vítima;147;BR-101/ES;Norte;Colisão Traseira;1;0;0;1;0;0;;;;;1;0;1;0;0
29/06/2015;15:45:00;219;Acidente sem Vítima;230;BR-101/ES;Sul;Colisão Lateral;2;0;0;0;0;0;;;;;2;0;0;0;0
29/06/2015;16:40:00;231;Acidente sem Vítima;250;BR-101/ES;Sul;Colisão Traseira;2;0;0;0;0;0;;;;;7;0;0;0;0
29/06/2015;07:49:00;76;Acidente sem Vítima;269;BR-101/ES;Sul;Colisão Lateral;0;0;3;0;0;0;;;;;2;0;0;0;0
29/06/2015;13:48:00;196;Acidente com vítima;284;BR-101/ES;Norte;Tombamento;0;0;2;0;0;0;;;;;0;0;1;0;0
29/06/2015;14:56:00;210;Acidente sem Vítima;291;BR-101/ES;Sul;Colisão Lateral;1;0;1;0;0;0;;;;;3;0;0;0;0
29/06/2015;15:43:00;218;Acidente sem Vítima;291;BR-101/ES;Norte;Colisão Lateral;2;0;0;0;0;0;;;;;3;0;0;0;0
29/06/2015;16:11:00;224;Acidente sem Vítima;321;BR-101/ES;Sul;Colisão Traseira;1;0;2;0;0;0;;;;;2;0;0;0;0
30/06/2015;09:22:00;115;Acidente sem Vítima;244;BR-101/ES;Norte;Colisão Traseira;1;0;0;1;0;0;;;;;4;0;0;0;0
30/06/2015;18:02:00;267;Acidente sem Vítima;270;BR-101/ES;Norte;Engavetamento;3;0;0;0;0;0;;;;;3;0;0;0;0
30/06/2015;05:44:00;49;Acidente sem Vítima;341;BR-101/ES;Sul;Colisão Traseira;2;0;0;0;0;0;;;;;4;0;0;0;0
30/06/2015;15:12:00;225;Acidente com vítima;953;BR-101/BA;Norte;Colisão Frontal;1;0;1;0;0;0;;;;;2;2;0;0;0
01/07/2015;20:23:00;292;Acidente sem Vítima;144;BR-101/ES;Norte;Colisão Traseira;2;0;0;0;0;0;;;;;2;0;0;0;0
01/07/2015;15:20:00;228;Acidente com vítima;148;BR-101/ES;Sul;Colisão Traseira;0;0;0;0;2;0;;;;;2;2;1;0;0
01/07/2015;19:00:00;275;Acidente sem Vítima;268;BR-101/ES;Sul;Colisão Traseira;2;0;0;0;0;0;;;;;2;0;0;0;0
01/07/2015;08:23:00;100;Acidente sem Vítima;277;BR-101/ES;Sul;Choque com Objeto Fixo;1;;0;0;0;0;0;;;;1;0;0;0;0
01/07/2015;08:47:00;105;Acidente sem Vítima;277;BR-101/ES;Norte;Colisão Traseira;1;;1;0;0;0;0;;;;2;0;0;0;0
01/07/2015;11:37:00;161;Acidente com vítima;291;BR-101/ES;Sul;Colisão Lateral;0;;0;0;1;1;0;;;;1;0;0;1;0
01/07/2015;04:40:00;43;Acidente sem Vítima;323;BR-101/ES;Norte;Saída de Pista;1;0;0;0;0;0;;;;;1;0;0;0;0
01/07/2015;02:56:00;29;Acidente sem Vítima;325;BR-101/ES;Sul;Veículo em Chamas;0;0;2;0;0;0;;;;;1;0;0;0;0
01/07/2015;05:13:00;48;Acidente sem Vítima;442;BR-101/ES;Sul;Veículo em Chamas;0;0;2;0;0;0;;;;;1;0;0;0;0
02/07/2015;20:51:00;296;Atropelamento sem Morte;65;BR-101/ES;Sul;Atropelamento;0;0;0;1;0;0;;;;;0;0;1;1;0
02/07/2015;15:14:00;225;Acidente com vítima;140;BR-101/ES;Sul;Colisão Lateral;1;0;0;1;0;0;;;;;3;2;0;0;0
02/07/2015;21:13:00;302;Acidente com Morte;141;BR-101/ES;Norte;Colisão Transversal;1;0;0;1;0;0;;;;;1;0;0;0;1