data;horario;n_da_ocorrencia;tipo_de_ocorrencia;km;trecho;sentido;tipo_de_acidente;automovel;bicicleta;caminhao;moto;onibus;outros;tracao_animal;transporte_de_cargas_especiais;trator_maquinas;utilitarios;ilesos;levemente_feridos;moderadamente_feridos;gravemente_feridos;mortos
02/07/2015;17:47:00;265;Acidente com vítima;177;BR-101/ES;Norte;Queda de Moto;0;0;0;1;0;0;;;;;0;0;1;0;0
02/07/2015;12:00:00;168;Acidente sem Vítima;267;BR-101/ES;Sul;Colisão Traseira;2;0;0;0;0;0;;;;;2;0;0;0;0
02/07/2015;17:28:00;261;Acidente com vítima;289;BR-101/ES;Sul;Colisão Traseira;1;;0;0;0;1;0;;;;1;0;1;0;0
02/07/2015;11:49:00;165;Acidente com vítima;295;BR-101/ES;Sul;Colisão Lateral;1;;0;0;0;0;1;;;;1;0;1;0;0
02/07/2015;16:55:00;257;Acidente com vítima;319;BR-101/ES;Norte;Colisão Traseira;1;0;2;0;0;0;;;;;3;1;0;0;0
02/07/2015;17:41:00;263;Acidente sem Vítima;391;BR-101/ES;Norte;Saída de Pista;1;0;0;0;0;0;;;;;6;0;0;0;0
03/07/2015;13:55:00;211;Acidente sem Vítima;69;BR-101/ES;Sul;Colisão Lateral;1;0;0;1;0;0;;;;;2;0;0;0;0
03/07/2015;23:26:00;356;Acidente com vítima;117;BR-101/ES;Sul;Saída de Pista;1;0;0;0;0;0;;;;;0;1;0;0;0
03/07/2015;08:12:00;85;Acidente com vítima;160;BR-101/ES;Sul;Colisão Frontal;1;0;0;1;0;0;;;;;1;2;0;0;0
03/07/2015;14:20:00;220;Acidente sem Vítima;164;BR-101/ES;Norte;Colisão Traseira;1;0;1;0;0;0;;;;;5;0;0;0;0
03/07/2015;23:24:00;355;Acidente sem Vítima;193;BR-101/ES;Sul;Veículo em Chamas;1;0;0;0;0;0;;;;;1;0;0;0;0
03/07/2015;16:32:00;256;Acidente com vítima;242;BR-101/ES;Sul;Colisão Lateral;2;0;1;0;0;0;;;;;2;0;3;0;0
03/07/2015;19:08:00;300;Acidente sem Vítima;252;BR-101/ES;Norte;Queda de Moto;0;0;0;1;0;0;;;;;1;0;0;0;0
03/07/2015;10:20:00;127;Acidente sem Vítima;267;BR-101/ES;Sul;Colisão Lateral;2;0;2;0;0;0;;;;;3;0;0;0;0
03/07/2015;17:45:00;283;Acidente com vítima;288;BR-101/ES;Norte;Colisão Lateral;1;;0;0;0;1;0;;;;3;1;1;0;0
03/07/2015;13:29:00;198;Acidente sem Vítima;378;BR-101/ES;Sul;Colisão Traseira;1;0;2;0;0;0;;;;;2;0;0;0;0
04/07/2015;15:58:00;258;Acidente com vítima;68;BR-101/ES;Sul;Colisão Lateral;2;0;0;0;0;0;;;;;2;1;0;0;0
04/07/2015;21:59:00;346;Acidente com vítima;89;BR-101/ES;Sul;Colisão Frontal;1;0;1;0;0;0;;;;;1;0;0;1;0
04/07/2015;22:24:00;349;Acidente com vítima;112;BR-101/ES;Sul;Queda de Moto;0;0;0;1;0;0;;;;;0;0;1;0;0
04/07/2015;14:53:00;237;Acidente sem Vítima;122,2;BR-101/ES;Sul;Saída de Pista;1;0;0;0;0;0;;;;;1;0;0;0;0
04/07/2015;18:47:00;302;Acidente com Morte;161;BR-101/ES;Norte;Colisão Lateral;1;0;0;1;0;0;;;;;1;0;0;1;1
04/07/2015;12:20:00;189;Acidente com vítima;164;BR-101/ES;Norte;Colisão Transversal;1;0;1;0;0;0;;;;;1;1;2;0;0
04/07/2015;04:57:00;53;Acidente sem Vítima;262;BR-101/ES;Sul;Colisão Traseira;1;0;2;0;0;0;;;;;2;0;0;0;0
04/07/2015;17:55:00;291;Atropelamento com Morte;263;BR-101/ES;Norte;Atropelamento;1;0;0;0;0;0;;;;;2;0;0;0;1
04/07/2015;18:44:00;300;Acidente sem Vítima;263;BR-101/ES;Norte;Colisão Traseira;2;0;0;0;0;0;;;;;2;0;0;0;0
04/07/2015;19:46:00;314;Acidente sem Vítima;263;BR-101/ES;Norte;Colisão Traseira;2;0;0;0;0;0;;;;;2;0;0;0;0
04/07/2015;15:18:00;245;Atropelamento sem Morte;268;BR-101/ES;Norte;Atropelamento;1;0;0;0;0;0;;;;;2;0;1;0;0
04/07/2015;18:03:00;293;Acidente sem Vítima;275;BR-101/ES;Norte;Choque com Objeto Fixo;1;;0;0;0;0;0;;;;1;0;0;0;0
04/07/2015;23:38:00;354;Acidente sem Vítima;279;BR-101/ES;Sul;Choque com Objeto Fixo;0;;1;0;0;0;0;;;;1;0;0;0;0
04/07/2015;09:43:00;131;Acidente com vítima;297;BR-101/ES;Sul;Colisão Traseira;0;0;0;2;0;0;;;;;1;1;0;0;0
04/07/2015;09:38:00;129;Acidente sem Vítima;315;BR-101/ES;Norte;Colisão Lateral;1;0;0;1;0;0;;;;;4;0;0;0;0
04/07/2015;05:37:00;58;Acidente com vítima;368;BR-101/ES;Norte;Saída de Pista;1;0;0;0;0;0;;;;;0;1;0;0;0
04/07/2015;19:49:00;316;Acidente com Morte;375;BR-101/ES;Norte;Colisão Frontal;1;0;0;1;0;0;;;;;1;1;0;0;3
04/07/2015;04:42:00;50;Acidente sem Vítima;390;BR-101/ES;Sul;Saída de Pista;1;0;0;0;0;0;;;;;2;0;0;0;0
05/07/2015;12:12:00;140;Acidente sem Vítima;61;BR-101/ES;Sul;Colisão Lateral;1;0;2;0;0;0;;;;;2;0;0;0;0
05/07/2015;11:40:00;131;Acidente com vítima;65;BR-101/ES;Norte;Choque com Objeto Fixo;0;0;0;1;0;0;;;;;0;0;1;0;0
05/07/2015;14:40:00;171;Acidente com vítima;68;BR-101/ES;Norte;Colisão Lateral;2;0;0;0;0;0;;;;;5;1;0;0;0
05/07/2015;11:44:00;134;Acidente com vítima;146;BR-101/ES;Sul;Colisão Transversal;2;0;0;0;0;0;;;;;2;1;0;0;0
05/07/2015;08:55:00;88;Acidente com vítima;160;BR-101/ES;Sul;Queda de Moto;0;0;0;1;0;0;;;;;0;2;0;0;0
05/07/2015;17:49:00;211;Acidente com vítima;210;BR-101/ES;Sul;Colisão Lateral;2;0;0;0;0;0;;;;;5;1;0;0;0
05/07/2015;11:20:00;127;Acidente sem Vítima;255;BR-101/ES;Sul;Colisão Traseira;2;0;0;0;0;0;;;;;2;0;0;0;0
05/07/2015;04:52:00;46;Acidente sem Vítima;302;BR-101/ES;Norte;Saída de Pista;1;0;0;0;0;0;;;;;1;0;0;0;0
06/07/2015;15:48:00;217;Acidente sem Vítima;68;BR-101/ES;Norte;Colisão Lateral;2;0;0;0;0;0;;;;;2;0;0;0;0
06/07/2015;06:17:00;53;Acidente com vítima;87;BR-101/ES;Sul;Queda de Moto;0;0;0;1;0;0;;;;;0;0;1;0;0
06/07/2015;10:39:00;121;Acidente com vítima;130;BR-101/ES;Norte;Saída de Pista;1;0;0;0;0;0;;;;;1;1;0;0;0
06/07/2015;17:53:00;249;Acidente com vítima;131;BR-101/ES;Norte;Queda de Moto;0;0;0;1;0;0;;;;;0;1;1;0;0
06/07/2015;17:33:00;247;Acidente sem Vítima;290,8;BR-101/ES;Norte;Queda de Moto;0;;0;0;0;1;0;;;;1;0;0;0;0
06/07/2015;21:11:00;293;Atropelamento sem Morte;296;BR-101/ES;Norte;Atropelamento e Fuga;1;;0;0;0;0;0;;;;0;1;0;0;0
06/07/2015;09:37:00;107;Acidente sem Vítima;316;BR-101/ES;Norte;Tombamento;0;0;1;0;0;0;;;;;1;0;0;0;0
06/07/2015;14:08:00;190;Acidente sem Vítima;357;BR-101/ES;Sul;Atropelamento - Animal;1;0;0;0;0;0;;;;;1;0;0;0;0
06/07/2015;11:03:00;129;Acidente com vítima;436;BR-101/ES;Sul;Queda de Moto;0;0;0;1;0;0;;;;;0;0;1;0;0
07/07/2015;12:02:00;158;Acidente com vítima;94;BR-101/ES;Sul;Queda de ciclista;0;1;0;0;0;0;;;;;0;1;0;0;0
07/07/2015;11:13:00;146;Acidente com vítima;151;BR-101/ES;Sul;Queda de Moto;0;0;0;1;0;0;;;;;0;1;0;0;0
07/07/2015;19:16:00;260;Acidente com vítima;163;BR-101/ES;Norte;Colisão Transversal;1;0;0;1;0;0;;;;;4;0;0;1;0
07/07/2015;12:42:00;176;Acidente sem Vítima;222,5;BR-101/ES;Sul;Saída de Pista;1;0;0;0;0;0;;;;;1;0;0;0;0
07/07/2015;05:24:00;51;Atropelamento sem Morte;266;BR-101/ES;Sul;Atropelamento;0;0;0;1;0;0;;;;;0;1;1;0;0
07/07/2015;16:50:00;242;Acidente sem Vítima;270;BR-101/ES;Sul;Saída de Pista;0;0;1;0;0;0;;;;;1;0;0;0;0
07/07/2015;20:33:00;272;Acidente sem Vítima;272;BR-101/ES;Norte;Veículo em Chamas;1;;0;0;0;0;0;;;;1;0;0;0;0
07/07/2015;17:29:00;252;Acidente sem Vítima;298;BR-101/ES;Norte;Engavetamento;3;0;0;0;0;0;;;;;5;0;0;0;0
07/07/2015;01:52:00;23;Acidente com vítima;329;BR-101/ES;Sul;Saída de Pista;0;0;1;0;0;0;;;;;0;0;2;0;0
08/07/2015;15:06:00;230;Acidente sem Vítima;50;BR-101/ES;Sul;Queda de Moto;0;0;0;1;0;0;;;;;1;0;0;0;0
08/07/2015;09:40:00;115;Acidente com vítima;161;BR-101/ES;Norte;Colisão Traseira;1;0;0;1;0;0;;;;;1;2;0;0;0
08/07/2015;13:51:00;213;Acidente com Morte;192;BR-101/ES;Sul;Colisão Frontal;1;0;1;0;0;0;;;;;0;1;0;0;1
08/07/2015;16:41:00;263;Acidente sem Vítima;292;BR-101/ES;Sul;Colisão Traseira;1;;2;1;0;0;0;;;;5;0;0;0;0
08/07/2015;16:45:00;264;Acidente sem Vítima;457;BR-101/ES;Sul;Colisão Lateral;2;0;0;0;0;0;;;;;5;0;0;0;0
09/07/2015;09:33:00;122;Acidente com vítima;123;BR-101/ES;Norte;Queda de Moto;0;0;0;1;0;0;;;;;1;1;0;0;0
09/07/2015;15:27:00;253;Acidente com vítima;270;BR-101/ES;Sul;Queda de Moto;0;0;0;1;0;0;;;;;0;1;0;0;0
09/07/2015;00:55:00;7;Acidente com Morte;377;BR-101/ES;Sul;Colisão Frontal;1;0;0;1;0;0;;;;;1;0;0;0;1
09/07/2015;09:39:00;126;Acidente com vítima;380;BR-101/ES;Sul;Colisão Transversal;1;0;0;1;0;0;;;;;1;0;1;0;0
09/07/2015;15:21:00;251;Acidente sem Vítima;451;BR-101/ES;Sul;Colisão Lateral;1;0;2;0;0;0;;;;;2;0;0;0;0
09/07/2015;17:13:00;279;Acidente sem Vítima;452;BR-101/ES;Sul;Colisão Traseira;1;0;2;0;0;0;;;;;5;0;0;0;0
10/07/2015;19:54:00;335;Acidente com vítima;71;BR-101/ES;Sul;Queda de ciclista;0;1;0;0;0;0;;;;;0;0;1;0;0
10/07/2015;17:13:00;301;Acidente com vítima;147;BR-101/ES;Norte;Colisão Traseira;2;0;0;0;0;0;;;;;1;1;0;0;0
10/07/2015;08:55:00;115;Acidente sem Vítima;149;BR-101/ES;Norte;Choque com Objeto Fixo;1;0;0;0;0;0;;;;;1;0;0;0;0
10/07/2015;20:33:00;346;Acidente com vítima;159;BR-101/ES;Norte;Colisão;1;1;0;0;0;0;;;;;1;0;1;0;0
10/07/2015;13:06:00;209;Acidente com vítima;175;BR-101/ES;Sul;Colisão Traseira;1;0;1;0;0;0;;;;;1;1;0;0;0
10/07/2015;19:13:00;323;Acidente com Morte;202;BR-101/ES;Norte;Colisão Transversal;2;0;0;0;0;0;;;;;11;0;3;0;1
10/07/2015;16:29:00;277;Acidente sem Vítima;252,5;BR-101/ES;Sul;Colisão Traseira;1;0;1;0;0;0;;;;;6;0;0;0;0
10/07/2015;16:56:00;290;Acidente com vítima;253;BR-101/ES;Sul;Colisão Traseira;2;0;1;0;0;0;;;;;2;1;0;0;0
10/07/2015;07:18:00;77;Acidente sem Vítima;263;BR-101/ES;Norte;Choque com Objeto Fixo;1;0;0;0;0;0;;;;;1;0;0;0;0
10/07/2015;21:28:00;358;Acidente com vítima;263;BR-101/ES;Norte;Colisão Transversal;1;0;0;1;0;0;;;;;1;2;0;0;0
10/07/2015;13:04:00;208;Acidente com vítima;274;BR-101/ES;Norte;Queda de Moto;0;;0;0;0;1;0;;;;1;1;0;0;0
10/07/2015;06:29:00;58;Atropelamento sem Morte;460;BR-101/ES;Sul;Atropelamento;0;0;2;0;0;0;;;;;0;0;1;0;0
11/07/2015;03:47:00;44;Acidente sem Vítima;38;BR-101/ES;Sul;Choque com Objeto Fixo;1;0;0;0;0;0;;;;;1;0;0;0;0
11/07/2015;15:57:00;228;Acidente sem Vítima;130;BR-101/ES;Sul;Colisão Traseira;2;0;0;0;0;0;;;;;5;0;0;0;0
11/07/2015;23:11:00;331;Acidente sem Vítima;147;BR-101/ES;Norte;Colisão Traseira;1;0;1;0;0;0;;;;;6;0;0;0;0
11/07/2015;16:48:00;239;Acidente sem Vítima;211,8;BR-101/ES;Sul;Veículo em Chamas;1;0;0;0;0;0;;;;;4;0;0;0;0
11/07/2015;20:16:00;295;Acidente com vítima;255;BR-101/ES;Sul;Colisão;0;2;0;0;0;0;;;;;0;2;0;0;0
11/07/2015;14:11:00;197;Acidente sem Vítima;266;BR-101/ES;Norte;Colisão Traseira;1;0;1;0;0;0;;;;;5;0;0;0;0
11/07/2015;08:49:00;92;Acidente com vítima;291;BR-101/ES;Sul;Colisão Traseira;0;;0;0;0;2;0;;;;1;1;0;0;0
11/07/2015;23:25:00;333;Acidente com vítima;296;BR-101/ES;Norte;Choque com Objeto Fixo;1;;0;0;0;0;0;;;;0;0;1;0;0
11/07/2015;10:28:00;115;Acidente sem Vítima;358;BR-101/ES;Sul;Queda de Moto;0;0;0;1;0;0;;;;;1;0;0;0;0
12/07/2015;12:28:00;153;Acidente com vítima;78;BR-101/ES;Norte;Colisão Transversal;2;0;0;0;0;0;;;;;1;2;0;0;0
12/07/2015;10:39:00;118;Acidente com vítima;146;BR-101/ES;Norte;Queda de ciclista;0;1;0;0;0;0;;;;;0;1;0;0;0
12/07/2015;11:02:00;124;Acidente sem Vítima;255;BR-101/ES;Sul;Colisão Traseira;2;0;0;0;0;0;;;;;7;0;0;0;0
12/07/2015;06:12:00;52;Acidente sem Vítima;257,3;BR-101/ES;Norte;Saída de Pista;1;0;0;0;0;0;;;;;1;0;0;0;0
12/07/2015;13:29:00;175;Acidente com vítima;270;BR-101/ES;Sul;Queda de Moto;0;0;0;1;0;0;;;;;0;0;1;0;0
12/07/2015;14:20:00;188;Acidente com vítima;270;BR-101/ES;Norte;Queda de Moto;0;0;0;1;0;0;;;;;0;1;0;0;0
12/07/2015;05:11:00;43;Acidente sem Vítima;291;BR-101/ES;Norte;Choque com Objeto Fixo;1;;0;0;0;0;0;;;;2;0;0;0;0
12/07/2015;21:04:00;282;Acidente com vítima;305;BR-101/ES;Sul;Colisão;0;1;0;0;1;0;;;;;1;0;1;0;0
12/07/2015;13:50:00;183;Acidente com vítima;371;BR-101/ES;Norte;Colisão Transversal;2;0;0;0;0;0;;;;;3;1;1;0;0
13/07/2015;08:00:00;70;Acidente com vítima;127;BR-101/ES;Norte;Colisão Traseira;2;0;0;0;0;0;;;;;4;1;0;0;0
13/07/2015;23:26:00;296;Acidente com vítima;155;BR-101/ES;Norte;Saída de Pista;0;0;0;0;1;0;;;;;0;2;0;0;0
13/07/2015;06:25:00;53;Acidente com vítima;157;BR-101/ES;Sul;Saída de Pista;1;0;0;0;0;0;;;;;0;2;0;0;0
13/07/2015;13:08:00;182;Acidente sem Vítima;230;BR-101/ES;Sul;Colisão Traseira;1;0;1;0;0;0;;;;;2;0;0;0;0
13/07/2015;12:59:00;180;Acidente sem Vítima;253;BR-101/ES;Sul;Colisão Transversal;2;0;0;0;0;0;;;;;5;0;0;0;0
13/07/2015;11:13:00;144;Acidente sem Vítima;264;BR-101/ES;Sul;Engavetamento;4;0;0;0;0;0;;;;;12;0;0;0;0
13/07/2015;08:48:00;94;Acidente sem Vítima;266;BR-101/ES;Norte;Colisão Traseira;2;0;0;0;0;0;;;;;3;0;0;0;0
13/07/2015;19:17:00;262;Acidente com vítima;267,5;BR-101/ES;Norte;Colisão;1;1;0;0;0;0;;;;;0;1;0;1;0
13/07/2015;03:20:00;28;Acidente com vítima;268;BR-101/ES;Norte;Choque com Objeto Fixo;0;0;0;1;0;0;;;;;0;1;1;0;0
13/07/2015;11:20:00;148;Acidente sem Vítima;277,5;BR-101/ES;Sul;Saída de Pista;1;;0;0;0;0;0;;;;1;0;0;0;0
13/07/2015;13:38:00;190;Acidente com vítima;328;BR-101/ES;Norte;Colisão Frontal;2;0;1;0;0;0;;;;;2;0;1;1;0
14/07/2015;13:52:00;217;Acidente sem Vítima;143;BR-101/ES;Norte;Colisão Traseira;2;0;0;0;0;0;;;;;4;0;0;0;0
14/07/2015;20:54:00;304;Acidente sem Vítima;146;BR-101/ES;Norte;Colisão Traseira;1;0;0;0;1;0;;;;;2;0;0;0;0
14/07/2015;12:40:00;196;Acidente com vítima;147;BR-101/ES;Norte;Colisão Transversal;2;0;0;0;0;0;;;;;1;1;0;0;0
14/07/2015;14:10:00;221;Acidente sem Vítima;254;BR-101/ES;Sul;Engavetamento;2;0;1;0;0;0;;;;;7;0;0;0;0
14/07/2015;07:51:00;81;Acidente sem Vítima;285;BR-101/ES;Sul;Colisão Traseira;2;;0;0;0;0;0;;;;3;0;0;0;0
14/07/2015;23:09:00;331;Acidente sem Vítima;340;BR-101/ES;Norte;Colisão Lateral;1;0;2;0;0;0;;;;;2;0;0;0;0
15/07/2015;22:16:00;315;Acidente com vítima;32;BR-101/ES;Norte;Colisão Lateral;0;0;5;0;0;0;;;;;1;2;0;0;0
15/07/2015;18:08:00;266;Acidente com vítima;67;BR-101/ES;Norte;Colisão;1;1;0;0;0;0;;;;;1;0;1;0;0
15/07/2015;20:25:00;296;Acidente sem Vítima;146;BR-101/ES;Norte;Colisão Traseira;2;0;0;0;0;0;;;;;2;0;0;0;0
15/07/2015;18:27:00;270;Acidente sem Vítima;222;BR-101/ES;Sul;Colisão Lateral;1;0;1;0;0;0;;;;;4;0;0;0;0
15/07/2015;05:27:00;43;Acidente sem Vítima;242;BR-101/ES;Sul;Colisão Traseira;1;0;0;0;1;0;;;;;2;0;0;0;0
15/07/2015;13:54:00;199;Acidente sem Vítima;242;BR-101/ES;Norte;Colisão Traseira;2;0;0;0;0;0;;;;;5;0;0;0;0
15/07/2015;22:21:00;316;Acidente com vítima;264;BR-101/ES;Norte;Queda de Moto;0;0;0;1;0;0;;;;;0;1;0;0;0
15/07/2015;21:58:00;312;Atropelamento sem Morte;267;BR-101/ES;Norte;Atropelamento;0;0;0;0;0;1;;;;;0;0;0;1;0
15/07/2015;06:50:00;57;Acidente sem Vítima;269;BR-101/ES;Sul;Engavetamento;1;0;2;0;1;0;;;;;4;0;0;0;0
15/07/2015;19:58:00;287;Acidente sem Vítima;276;BR-101/ES;Norte;Saída de Pista;1;;0;0;0;0;0;;;;1;0;0;0;0
15/07/2015;13:21:00;191;Acidente sem Vítima;314;BR-101/ES;Norte;Saída de Pista;1;0;0;0;0;0;;;;;1;0;0;0;0
16/07/2015;12:27:00;173;Acidente sem Vítima;68;BR-101/ES;Sul;Choque com Objeto Fixo;1;0;0;0;0;0;;;;;1;0;0;0;0
16/07/2015;09:00:00;97;Acidente com vítima;70;BR-101/ES;Sul;Colisão Transversal;1;0;1;0;0;0;;;;;1;4;0;0;0
16/07/2015;18:58:00;268;Acidente com vítima;128;BR-101/ES;Norte;Saída de Pista;1;0;0;0;0;0;;;;;1;0;1;0;0
16/07/2015;12:42:00;177;Acidente com vítima;180;BR-101/ES;Sul;Saída de Pista;1;0;0;0;0;0;;;;;0;1;0;0;0
16/07/2015;08:27:00;87;Acidente com vítima;215;BR-101/ES;Norte;Colisão Lateral;1;0;1;0;0;0;;;;;2;3;0;0;0
16/07/2015;14:55:00;208;Acidente com vítima;260;BR-101/ES;Norte;Queda de Moto;0;0;0;1;0;0;;;;;0;1;0;0;0
16/07/2015;10:44:00;130;Acidente com vítima;265;BR-101/ES;Norte;Tombamento;0;0;1;0;0;0;;;;;1;1;0;0;0
16/07/2015;23:52:00;317;Acidente sem Vítima;270;BR-101/ES;Sul;Saída de Pista;1;0;0;0;0;0;;;;;1;0;0;0;0
16/07/2015;19:58:00;282;Acidente sem Vítima;276;BR-101/ES;Sul;Saída de Pista;1;;0;0;0;0;0;;;;1;0;0;0;0
16/07/2015;16:03:00;229;Acidente sem Vítima;357;BR-101/ES;Norte;Saída de Pista;1;0;0;0;0;0;;;;;1;0;0;0;0
16/07/2015;13:53:00;192;Acidente com vítima;414;BR-101/ES;Norte;Queda de Moto;1;0;0;1;0;0;;;;;1;1;0;0;0
17/07/2015;18:49:00;294;Acidente com vítima;60;BR-101/ES;Norte;Queda de Moto;0;0;0;1;0;0;;;;;1;1;0;0;0
17/07/2015;07:00:00;61;Acidente sem Vítima;146;BR-101/ES;Sul;Colisão Lateral;0;0;4;0;0;0;;;;;1;0;0;0;0
17/07/2015;14:32:00;215;Acidente com vítima;176;BR-101/ES;Norte;Colisão Traseira;2;0;0;0;0;0;;;;;4;2;0;0;0
17/07/2015;14:54:00;222;Acidente sem Vítima;190;BR-101/ES;Norte;Colisão Transversal;2;0;0;0;0;0;;;;;4;0;0;0;0
17/07/2015;12:22:00;172;Acidente sem Vítima;220;BR-101/ES;Norte;Saída de Pista;1;0;0;0;0;0;;;;;3;0;0;0;0
17/07/2015;11:07:00;139;Acidente sem Vítima;229;BR-101/ES;Norte;Saída de Pista;1;0;0;0;0;0;;;;;2;0;0;0;0
17/07/2015;01:03:00;10;Acidente com vítima;263;BR-101/ES;Norte;Choque com Objeto Fixo;1;0;0;0;0;0;;;;;0;2;0;0;0
17/07/2015;10:35:00;130;Acidente sem Vítima;267;BR-101/ES;Norte;Colisão Lateral;1;0;3;0;0;0;;;;;2;0;0;0;0
17/07/2015;02:37:00;19;Acidente sem Vítima;275;BR-101/ES;Norte;Saída de Pista;1;;0;0;0;0;0;;;;1;0;0;0;0
17/07/2015;20:18:00;315;Acidente com vítima;277;BR-101/ES;Norte;Queda de Moto;1;;0;0;0;1;0;;;;1;0;1;0;0
17/07/2015;11:50:00;156;Acidente sem Vítima;291;BR-101/ES;Sul;Colisão Traseira;2;;1;0;0;0;0;;;;3;0;0;0;0
17/07/2015;00:46:00;8;Acidente com vítima;306;BR-101/ES;Sul;Queda de Moto;0;0;0;1;0;0;;;;;1;1;0;0;0
18/07/2015;14:02:00;193;Acidente com vítima;125;BR-101/ES;Sul;Colisão Lateral;0;0;1;1;0;0;;;;;1;0;1;0;0
18/07/2015;05:24:00;46;Acidente sem Vítima;126;BR-101/ES;Sul;Colisão Traseira;1;0;1;0;0;0;;;;;3;0;0;0;0
18/07/2015;07:32:00;79;Acidente sem Vítima;127;BR-101/ES;Norte;Colisão Traseira;2;0;0;0;0;0;;;;;7;0;0;0;0
18/07/2015;05:47:00;53;Atropelamento sem Morte;142;BR-101/ES;Norte;Atropelamento e Fuga;1;0;0;0;0;0;;;;;0;0;1;0;0
18/07/2015;19:25:00;260;Acidente com vítima;143;BR-101/ES;Norte;Colisão Transversal;1;0;0;1;0;0;;;;;0;2;0;0;0
18/07/2015;09:46:00;111;Acidente sem Vítima;144;BR-101/ES;Sul;Colisão Traseira;2;0;0;0;0;0;;;;;8;0;0;0;0
18/07/2015;22:55:00;301;Acidente com vítima;149;BR-101/ES;Sul;Colisão Transversal;1;0;0;1;0;0;;;;;2;1;0;0;0
18/07/2015;12:15:00;161;Acidente sem Vítima;219;BR-101/ES;Sul;Saída de Pista;1;0;0;0;0;0;;;;;1;0;0;0;0
18/07/2015;07:17:00;73;Acidente sem Vítima;270;BR-101/ES;Norte;Engavetamento;3;0;0;0;0;0;;;;;4;0;0;0;0
18/07/2015;13:48:00;189;Acidente com vítima;274;BR-101/ES;Sul;Queda de Moto;0;;0;0;0;1;0;;;;1;1;0;0;0
18/07/2015;03:12:00;30;Acidente com Morte;299;BR-101/ES;Norte;Colisão Traseira;1;0;0;1;0;0;;;;;0;0;1;0;1
18/07/2015;07:31:00;78;Acidente sem Vítima;302;BR-101/ES;Norte;Colisão Traseira;2;0;0;0;0;0;;;;;7;0;0;0;0
18/07/2015;20:14:00;270;Acidente sem Vítima;414;BR-101/ES;Sul;Colisão Traseira;1;0;0;1;0;0;;;;;6;0;0;0;0
18/07/2015;03:16:00;31;Acidente com vítima;939,4;BR-101/BA;Norte;Capotamento;1;0;0;0;0;0;;;;;3;1;0;0;0
19/07/2015;19:48:00;253;Acidente sem Vítima;8;BR-101/ES;Norte;Saída de Pista;1;0;0;0;0;0;;;;;3;0;0;0;0
19/07/2015;18:58:00;240;Acidente sem Vítima;16;BR-101/ES;Sul;Colisão Traseira;2;0;0;0;0;0;;;;;2;0;0;0;0
19/07/2015;21:09:00;271;Acidente sem Vítima;93;BR-101/ES;Sul;Colisão Traseira;2;0;0;0;0;0;;;;;5;0;0;0;0
19/07/2015;17:01:00;211;Acidente sem Vítima;98;BR-101/ES;Sul;Saída de Pista;1;0;0;0;0;0;;;;;2;0;0;0;0
19/07/2015;15:54:00;203;Acidente sem Vítima;107,5;BR-101/ES;Sul;Colisão Traseira;2;0;0;0;0;0;;;;;6;0;0;0;0
19/07/2015;07:18:00;67;Acidente com vítima;112;BR-101/ES;Norte;Queda de Moto;0;0;0;1;0;0;;;;;0;1;0;0;0
19/07/2015;16:06:00;205;Acidente com vítima;144;BR-101/ES;Sul;Colisão Traseira;1;0;0;1;0;0;;;;;2;1;0;0;0
19/07/2015;15:58:00;204;Acidente sem Vítima;171,7;BR-101/ES;Norte;Colisão Traseira;2;0;0;0;0;0;;;;;7;0;0;0;0
19/07/2015;01:24:00;19;Acidente sem Vítima;219;BR-101/ES;Sul;Colisão Transversal;2;0;0;0;0;0;;;;;1;0;0;0;0
19/07/2015;17:24:00;215;Acidente sem Vítima;251;BR-101/ES;Sul;Colisão Traseira;2;0;0;0;0;0;;;;;4;0;0;0;0
19/07/2015;15:09:00;194;Acidente com vítima;255;BR-101/ES;Sul;Engavetamento;5;0;0;0;0;0;;;;;5;0;1;0;0
19/07/2015;06:24:00;61;Acidente sem Vítima;263,7;BR-101/ES;Norte;Saída de Pista;1;0;0;0;0;0;;;;;1;0;0;0;0
19/07/2015;06:07:00;58;Acidente sem Vítima;266;BR-101/ES;Sul;Colisão Traseira;2;0;0;0;0;0;;;;;2;0;0;0;0
19/07/2015;07:31:00;70;Acidente com vítima;271;BR-101/ES;Sul;Colisão Traseira;1;;0;0;0;1;0;;;;1;0;1;0;0
19/07/2015;07:40:00;73;Acidente sem Vítima;271;BR-101/ES;Norte;Saída de Pista;1;;0;0;0;0;0;;;;1;0;0;0;0
19/07/2015;15:05:00;191;Acidente com vítima;291;BR-101/ES;Norte;Queda de Moto;0;;0;0;0;1;0;;;;0;1;0;0;0
19/07/2015;07:47:00;75;Acidente sem Vítima;330;BR-101/ES;Norte;Capotamento;1;0;0;0;0;0;;;;;1;0;0;0;0
19/07/2015;06:41:00;64;Acidente com vítima;331;BR-101/ES;Norte;Colisão Lateral;1;0;0;1;0;0;;;;;5;1;0;0;0
20/07/2015;10:26:00;122;Acidente com vítima;14,2;BR-101/ES;Sul;Capotamento;0;0;1;0;0;0;;;;;0;1;0;0;0
20/07/2015;05:10:00;41;Acidente com vítima;219;BR-101/ES;Norte;Queda de Moto;0;0;0;1;0;0;;;;;0;1;0;0;0
20/07/2015;11:10:00;139;Acidente sem Vítima;222;BR-101/ES;Sul;Saída de Pista;1;0;0;0;0;0;;;;;1;0;0;0;0