data;horario;n_da_ocorrencia;tipo_de_ocorrencia;km;trecho;sentido;tipo_de_acidente;automovel;bicicleta;caminhao;moto;onibus;outros;tracao_animal;transporte_de_cargas_especiais;trator_maquinas;utilitarios;ilesos;levemente_feridos;moderadamente_feridos;gravemente_feridos;mortos
23/08/2015;17:47:00;214;Acidente com vítima;147;BR-101/ES;Sul;Colisão Lateral;2;0;0;0;0;0;;;;;1;1;0;0;0
23/08/2015;05:46:00;51;Acidente sem Vítima;154;BR-101/ES;Norte;Capotamento;1;0;0;0;0;0;;;;;1;0;0;0;0
23/08/2015;06:02:00;53;Acidente com vítima;155;BR-101/ES;Norte;Queda de Moto;0;0;0;1;0;0;;;;;0;1;0;1;0
23/08/2015;13:51:00;170;Acidente com vítima;262;BR-101/ES;Norte;Capotamento;1;0;0;0;0;0;;;;;0;1;0;0;0
23/08/2015;21:26:00;254;Acidente sem Vítima;262;BR-101/ES;Sul;Colisão Traseira;2;0;0;0;0;0;;;;;3;0;0;0;0
23/08/2015;14:17:00;177;Acidente sem Vítima;264;BR-101/ES;Sul;Engavetamento;3;0;0;0;0;0;;;;;17;0;0;0;0
23/08/2015;10:51:00;114;Acidente com vítima;272;BR-101/ES;Sul;Saída de Pista;0;0;2;0;0;0;;;;;0;1;0;0;0
23/08/2015;08:47:00;87;Acidente sem Vítima;298;BR-101/ES;Norte;Colisão Traseira;2;0;0;0;0;0;;;;;4;0;0;0;0
23/08/2015;14:36:00;182;Acidente com vítima;317;BR-101/ES;Norte;Colisão Lateral;2;0;0;0;0;0;;;;;2;0;1;0;0
23/08/2015;00:01:00;1;Acidente sem Vítima;940,8;BR-101/BA;Sul;Atropelamento - Bovino;1;0;0;0;0;0;;;;;1;0;0;0;0
24/08/2015;08:53:00;93;Acidente com vítima;67;BR-101/ES;Norte;Colisão Transversal;1;0;0;1;0;0;;;;;1;1;1;0;0
24/08/2015;17:28:00;236;Acidente com vítima;262;BR-101/ES;Norte;Colisão Transversal;0;0;0;1;1;0;;;;;1;1;0;0;0
24/08/2015;09:31:00;99;Acidente com vítima;270;BR-101/ES;Norte;Colisão Lateral;1;0;0;1;0;0;;;;;0;2;0;0;0
24/08/2015;08:48:00;89;Acidente com vítima;292;BR-101/ES;Sul;Colisão Traseira;1;0;0;1;0;0;;;;;1;1;0;0;0
24/08/2015;14:19:00;184;Acidente sem Vítima;372;BR-101/ES;Sul;Saída de Pista;1;0;0;0;0;0;;;;;2;0;0;0;0
24/08/2015;05:54:00;45;Acidente com vítima;377,2;BR-101/ES;Sul;Colisão Lateral;1;0;0;1;0;0;;;;;1;0;1;0;0
25/08/2015;19:00:00;272;Acidente sem Vítima;16;BR-101/ES;Sul;Colisão Traseira;0;0;6;0;0;0;;;;;2;0;0;0;0
25/08/2015;17:28:00;258;Acidente sem Vítima;147;BR-101/ES;Norte;Engavetamento;3;0;0;0;0;0;;;;;3;0;0;0;0
25/08/2015;19:19:00;278;Acidente com vítima;257;BR-101/ES;Sul;Colisão Transversal;0;0;1;1;0;0;;;;;1;0;1;0;0
25/08/2015;15:40:00;237;Acidente sem Vítima;266;BR-101/ES;Norte;Colisão Traseira;2;0;0;0;0;0;;;;;4;0;0;0;0
25/08/2015;10:09:00;130;Acidente com vítima;267;BR-101/ES;Norte;Colisão Traseira;0;0;2;0;0;0;;;;;5;1;0;0;0
25/08/2015;14:15:00;215;Acidente sem Vítima;270;BR-101/ES;Sul;Colisão Lateral;1;0;2;0;0;0;;;;;5;0;0;0;0
25/08/2015;14:58:00;232;Acidente sem Vítima;270;BR-101/ES;Norte;Colisão Lateral;1;0;2;0;0;0;;;;;2;0;0;0;0
25/08/2015;12:40:00;183;Acidente sem Vítima;291;BR-101/ES;Sul;Engavetamento;3;0;0;0;0;0;;;;;5;0;0;0;0
25/08/2015;07:22:00;72;Acidente sem Vítima;298;BR-101/ES;Sul;Colisão Traseira;2;0;0;0;0;0;;;;;2;0;0;0;0
25/08/2015;10:25:00;133;Acidente com vítima;377;BR-101/ES;Sul;Choque com Objeto Fixo;1;0;0;0;0;0;;;;;0;1;0;0;0
25/08/2015;10:04:00;128;Acidente sem Vítima;399;BR-101/ES;Sul;Colisão Traseira;1;0;0;0;1;0;;;;;14;0;0;0;0
25/08/2015;08:04:00;84;Acidente sem Vítima;402;BR-101/ES;Sul;Colisão Transversal;1;0;2;0;0;0;;;;;2;0;0;0;0
26/08/2015;00:30:00;6;Acidente sem Vítima;160;BR-101/ES;Sul;Colisão Frontal;1;0;0;0;1;0;;;;;3;0;0;0;0
26/08/2015;19:24:00;277;Acidente sem Vítima;183;BR-101/ES;Sul;Colisão Lateral;1;0;0;1;0;0;;;;;7;0;0;0;0
26/08/2015;15:04:00;217;Acidente com vítima;213;BR-101/ES;Norte;Capotamento;1;0;0;0;0;0;;;;;0;0;1;0;0
26/08/2015;07:38:00;71;Acidente com vítima;243;BR-101/ES;Sul;Queda de Moto;0;0;0;1;0;0;;;;;0;1;0;0;0
26/08/2015;20:15:00;288;Acidente com Morte;258;BR-101/ES;Sul;Colisão Traseira;2;0;0;0;0;0;;;;;3;0;0;0;1
26/08/2015;14:48:00;213;Acidente com vítima;264;BR-101/ES;Sul;Colisão Transversal;1;0;0;1;0;0;;;;;1;0;2;0;0
26/08/2015;07:54:00;80;Acidente sem Vítima;270;BR-101/ES;Norte;Colisão Traseira;2;0;1;0;0;0;;;;;3;0;0;0;0
26/08/2015;20:13:00;287;Acidente sem Vítima;270;BR-101/ES;Sul;Colisão Traseira;1;0;0;0;1;0;;;;;2;0;0;0;0
26/08/2015;20:43:00;291;Acidente sem Vítima;270;BR-101/ES;Sul;Colisão Traseira;2;0;0;0;0;0;;;;;2;0;0;0;0
27/08/2015;18:08:00;259;Acidente com vítima;32;BR-101/ES;Sul;Queda de Moto;0;0;0;1;0;0;;;;;0;1;0;0;0
27/08/2015;05:44:00;51;Acidente sem Vítima;49;BR-101/ES;Norte;Saída de Pista;1;0;0;0;0;0;;;;;3;0;0;0;0
27/08/2015;19:38:00;277;Acidente sem Vítima;231;BR-101/ES;Norte;Atropelamento - Animal;1;0;0;0;0;0;;;;;1;0;0;0;0
27/08/2015;18:17:00;261;Acidente sem Vítima;266,3;BR-101/ES;Sul;Colisão Lateral;0;0;1;0;1;0;;;;;4;0;0;0;0
27/08/2015;06:18:00;56;Acidente sem Vítima;267;BR-101/ES;Norte;Colisão Lateral;2;0;0;0;0;0;;;;;2;0;0;0;0
27/08/2015;09:49:00;127;Acidente sem Vítima;270;BR-101/ES;Sul;Colisão Lateral;1;0;2;0;0;0;;;;;3;0;0;0;0
27/08/2015;04:51:00;40;Acidente sem Vítima;279;BR-101/ES;Sul;Veículo em Chamas;0;0;2;0;0;0;;;;;1;0;0;0;0
27/08/2015;18:30:00;264;Acidente com vítima;279;BR-101/ES;Sul;Queda de Moto;0;0;0;1;0;0;;;;;0;0;1;0;0
27/08/2015;14:05:00;201;Acidente com vítima;302;BR-101/ES;Sul;Choque com Objeto Fixo;1;0;0;0;0;0;;;;;1;0;1;0;0
27/08/2015;20:02:00;282;Acidente com vítima;371;BR-101/ES;Norte;Tombamento;1;0;0;0;0;0;;;;;1;1;0;0;0
28/08/2015;19:33:00;265;Acidente com vítima;18;BR-101/ES;Sul;Tombamento;0;0;2;0;0;0;;;;;0;1;0;0;0
28/08/2015;13:23:00;177;Acidente sem Vítima;26;BR-101/ES;Norte;Colisão Traseira;0;0;2;0;0;0;;;;;3;0;0;0;0
28/08/2015;11:49:00;144;Acidente com vítima;133;BR-101/ES;Sul;Queda de Moto;0;0;0;1;0;0;;;;;0;2;0;0;0
28/08/2015;17:48:00;250;Acidente sem Vítima;151;BR-101/ES;Sul;Colisão Traseira;2;0;0;1;0;0;;;;;4;0;0;0;0
28/08/2015;23:37:00;308;Acidente sem Vítima;160,5;BR-101/ES;Norte;Saída de Pista;0;0;1;0;0;0;;;;;1;0;0;0;0
28/08/2015;08:24:00;84;Acidente com vítima;204;BR-101/ES;Sul;Tombamento;0;0;1;0;0;0;;;;;1;1;0;0;0
28/08/2015;18:55:00;257;Acidente sem Vítima;208;BR-101/ES;Sul;Engavetamento;3;0;0;0;0;0;;;;;7;0;0;0;0
28/08/2015;10:24:00;113;Acidente sem Vítima;242;BR-101/ES;Sul;Choque com Objeto Fixo;0;0;2;0;0;0;;;;;1;0;0;0;0
28/08/2015;00:07:00;1;Acidente com vítima;246;BR-101/ES;Norte;Queda de ciclista;0;1;0;0;0;0;;;;;0;1;0;0;0
28/08/2015;08:31:00;88;Acidente sem Vítima;248;BR-101/ES;Norte;Saída de Pista;1;0;0;0;0;0;;;;;1;0;0;0;0
28/08/2015;07:24:00;67;Acidente sem Vítima;264;BR-101/ES;Sul;Colisão Lateral;1;0;0;1;0;0;;;;;2;0;0;0;0
28/08/2015;14:42:00;203;Acidente sem Vítima;264;BR-101/ES;Sul;Colisão Lateral;1;0;0;0;1;0;;;;;3;0;0;0;0
28/08/2015;17:01:00;237;Acidente sem Vítima;269;BR-101/ES;Sul;Engavetamento;4;0;0;0;0;0;;;;;8;0;0;0;0
28/08/2015;07:28:00;69;Acidente sem Vítima;278;BR-101/ES;Sul;Engavetamento;3;0;0;0;0;0;;;;;3;0;0;0;0
28/08/2015;08:35:00;90;Acidente sem Vítima;285;BR-101/ES;Norte;Colisão Traseira;1;0;1;0;0;0;;;;;3;0;0;0;0
28/08/2015;06:50:00;57;Acidente com vítima;311;BR-101/ES;Sul;Queda de Moto;0;0;0;1;0;0;;;;;0;1;0;0;0
28/08/2015;13:58:00;190;Acidente sem Vítima;346;BR-101/ES;Norte;Colisão Traseira;1;0;0;0;1;0;;;;;17;0;0;0;0
28/08/2015;05:15:00;48;Acidente com Morte;400;BR-101/ES;Sul;Colisão Frontal;1;0;1;0;0;0;;;;;1;0;0;0;1
28/08/2015;07:06:00;60;Acidente com Morte;448;BR-101/ES;Sul;Tombamento;0;0;2;0;0;0;;;;;0;0;0;1;1
29/08/2015;10:39:00;104;Acidente sem Vítima;123;BR-101/ES;Sul;Queda de Moto;1;0;0;0;0;0;;;;;2;0;0;0;0
29/08/2015;19:03:00;243;Acidente com vítima;142;BR-101/ES;Sul;Colisão Traseira;1;0;0;1;0;0;;;;;1;1;0;0;0
29/08/2015;23:43:00;291;Acidente sem Vítima;144;BR-101/ES;Sul;Choque com Objeto Fixo;1;0;0;0;0;0;;;;;1;0;0;0;0
29/08/2015;21:12:00;268;Acidente sem Vítima;146;BR-101/ES;Norte;Colisão Traseira;0;0;5;0;0;0;;;;;2;0;0;0;0
29/08/2015;20:47:00;263;Acidente com vítima;155;BR-101/ES;Norte;Choque;0;0;0;1;0;0;;;;;0;1;0;0;0
29/08/2015;16:40:00;213;Acidente com vítima;181,5;BR-101/ES;Norte;Queda de Moto;0;0;0;1;0;0;;;;;0;0;1;0;0
29/08/2015;19:29:00;252;Acidente sem Vítima;219;BR-101/ES;Norte;Saída de Pista;1;0;0;0;0;0;;;;;1;0;0;0;0
29/08/2015;14:49:00;185;Acidente sem Vítima;260;BR-101/ES;Norte;Colisão Traseira;2;0;0;0;0;0;;;;;3;0;0;0;0
29/08/2015;22:03:00;273;Acidente sem Vítima;264;BR-101/ES;Norte;Colisão Traseira;2;0;0;0;0;0;;;;;4;0;0;0;0
29/08/2015;14:30:00;180;Acidente com vítima;286;BR-101/ES;Norte;Choque com Objeto Fixo;0;0;2;1;0;0;;;;;0;1;1;0;0
29/08/2015;11:50:00;127;Acidente sem Vítima;297;BR-101/ES;Norte;Colisão Lateral;1;0;1;0;0;0;;;;;2;0;0;0;0
29/08/2015;12:16:00;137;Acidente com vítima;307;BR-101/ES;Norte;Queda de Moto;0;0;0;1;0;0;;;;;0;0;1;0;0
29/08/2015;15:51:00;197;Acidente sem Vítima;335;BR-101/ES;Norte;Colisão Transversal;2;0;0;0;0;0;;;;;6;0;0;0;0
29/08/2015;07:59:00;63;Acidente sem Vítima;393,5;BR-101/ES;Sul;Queda de Moto;0;0;0;1;0;0;;;;;2;0;0;0;0
29/08/2015;22:53:00;285;Acidente com vítima;945;BR-101/BA;Sul;Queda de Moto;0;0;0;1;0;0;;;;;0;1;0;0;0
29/08/2015;10:02:00;94;Acidente com vítima;951;BR-101/BA;Norte;Saída de Pista;1;0;0;0;0;0;;;;;0;2;0;0;0
30/08/2015;04:08:00;34;Acidente com vítima;93;BR-101/ES;Sul;Queda de Moto;0;0;0;2;0;0;;;;;1;1;0;0;0
30/08/2015;04:31:00;37;Acidente com vítima;143,8;BR-101/ES;Norte;Capotamento;1;0;0;0;0;0;;;;;0;0;1;1;0
30/08/2015;11:07:00;119;Acidente com vítima;256;BR-101/ES;Norte;Queda de ciclista;0;1;0;0;0;0;;;;;1;0;1;0;0
30/08/2015;08:24:00;76;Acidente com vítima;275;BR-101/ES;Sul;Colisão Traseira;2;0;0;0;0;0;;;;;1;1;0;0;0
30/08/2015;23:59:00;305;Acidente sem Vítima;291;BR-101/ES;Sul;Choque com Objeto Fixo;1;0;0;0;0;0;;;;;1;0;0;0;0
30/08/2015;10:42:00;112;Acidente sem Vítima;415;BR-101/ES;Sul;Tombamento;0;0;2;0;0;0;;;;;1;0;0;0;0
30/08/2015;12:00:00;140;Acidente sem Vítima;428;BR-101/ES;Norte;Saída de Pista;1;0;0;0;0;0;;;;;2;0;0;0;0
30/08/2015;14:49:00;195;Acidente com vítima;432;BR-101/ES;Norte;Colisão Frontal;1;0;0;1;0;0;;;;;1;0;1;0;0
31/08/2015;17:43:00;239;Acidente sem Vítima;25,5;BR-101/ES;Sul;Colisão Lateral;1;0;2;0;0;0;;;;;3;0;0;0;0
31/08/2015;15:53:00;204;Acidente sem Vítima;224;BR-101/ES;Norte;Saída de Pista;1;0;0;0;0;0;;;;;2;0;0;0;0
31/08/2015;08:33:00;90;Acidente com vítima;262;BR-101/ES;Sul;Queda de Moto;0;0;0;1;0;0;;;;;0;1;0;0;0
31/08/2015;10:22:00;120;Acidente sem Vítima;267;BR-101/ES;Norte;Colisão Lateral;1;0;0;0;1;0;;;;;4;0;0;0;0
31/08/2015;08:36:00;91;Acidente sem Vítima;269;BR-101/ES;Sul;Colisão Traseira;2;0;0;0;0;0;;;;;2;0;0;0;0
31/08/2015;11:51:00;145;Acidente sem Vítima;306;BR-101/ES;Sul;Colisão Lateral;0;0;4;0;0;0;;;;;2;0;0;0;0
31/08/2015;10:33:00;122;Acidente sem Vítima;399;BR-101/ES;Norte;Colisão Lateral;2;0;0;0;0;0;;;;;3;0;0;0;0
01/09/2015;07:00:00;62;Acidente sem Vítima;213;BR-101/ES;Norte;Saída de Pista;1;0;0;0;0;0;;;;;1;0;0;0;0
01/09/2015;23:05:00;323;Acidente sem Vítima;268;BR-101/ES;Norte;Saída de Pista;1;0;0;0;0;0;;;;;1;0;0;0;0
01/09/2015;14:32:00;216;Acidente sem Vítima;269;BR-101/ES;Norte;Colisão Lateral;1;0;0;0;3;0;;;;;2;0;0;0;0
01/09/2015;15:19:00;233;Acidente com vítima;277;BR-101/ES;Sul;Queda de Moto;0;0;0;1;0;0;;;;;0;0;1;0;0
01/09/2015;10:48:00;134;Acidente sem Vítima;279;BR-101/ES;Sul;Colisão Traseira;1;0;0;1;0;0;;;;;2;0;0;0;0
01/09/2015;08:50:00;97;Acidente sem Vítima;279,3;BR-101/ES;Sul;Colisão Traseira;1;0;0;0;0;0;;;;;2;0;0;0;0
01/09/2015;11:53:00;157;Acidente com vítima;288;BR-101/ES;Norte;Colisão Lateral;1;0;0;1;0;0;;;;;2;1;0;0;0
01/09/2015;18:35:00;285;Acidente com vítima;298,6;BR-101/ES;Sul;Colisão Traseira;1;0;0;1;0;0;;;;;2;0;1;0;0
01/09/2015;15:51:00;243;Acidente com vítima;301;BR-101/ES;Sul;Colisão Lateral;1;0;0;1;0;0;;;;;0;0;1;0;0
02/09/2015;09:27:00;114;Acidente com vítima;69,8;BR-101/ES;Sul;Colisão Frontal;1;0;0;1;0;0;;;;;1;0;2;0;0
02/09/2015;18:02:00;254;Acidente sem Vítima;99;BR-101/ES;Norte;Engavetamento;1;0;0;0;1;0;;;;;4;0;0;0;0
02/09/2015;12:23:00;162;Acidente sem Vítima;137;BR-101/ES;Sul;Colisão Traseira;0;0;0;0;3;0;;;;;3;0;0;0;0
02/09/2015;06:32:00;55;Acidente sem Vítima;189;BR-101/ES;Norte;Colisão Traseira;0;1;0;1;0;0;;;;;2;0;0;0;0
02/09/2015;06:29:00;54;Acidente sem Vítima;235;BR-101/ES;Sul;Colisão Traseira;2;0;0;0;0;0;;;;;4;0;0;0;0
02/09/2015;18:35:00;255;Acidente com vítima;249;BR-101/ES;Sul;Colisão Lateral;2;0;0;0;2;0;;;;;3;6;0;0;0
02/09/2015;17:44:00;248;Acidente sem Vítima;259;BR-101/ES;Sul;Colisão Transversal;2;0;0;0;0;0;;;;;3;0;0;0;0
02/09/2015;21:33:00;287;Acidente com vítima;264;BR-101/ES;Sul;Choque com Objeto Fixo;0;0;0;1;0;0;;;;;0;1;0;0;0
02/09/2015;12:08:00;160;Acidente sem Vítima;265;BR-101/ES;Norte;Engavetamento;3;0;0;0;0;0;;;;;7;0;0;0;0
02/09/2015;14:47:00;199;Acidente sem Vítima;279,5;BR-101/ES;Sul;Colisão Traseira;0;0;0;0;4;0;;;;;2;0;0;0;0
02/09/2015;13:25:00;177;Acidente com vítima;283;BR-101/ES;Norte;Queda de Moto;0;0;0;1;0;0;;;;;0;1;0;0;0
02/09/2015;10:27:00;126;Acidente sem Vítima;304;BR-101/ES;Sul;Colisão Traseira;2;0;0;0;0;0;;;;;3;0;0;0;0
03/09/2015;12:29:00;164;Acidente sem Vítima;146;BR-101/ES;Norte;Colisão Traseira;1;0;0;1;0;0;;;;;2;0;0;0;0
03/09/2015;21:44:00;320;Atropelamento sem Morte;150;BR-101/ES;Sul;Atropelamento e Fuga;1;0;0;0;0;0;;;;;0;0;0;1;0
03/09/2015;08:54:00;101;Acidente com Morte;263;BR-101/ES;Norte;Colisão Frontal;2;0;0;0;0;0;;;;;1;0;1;3;1
03/09/2015;16:02:00;245;Acidente sem Vítima;269;BR-101/ES;Sul;Colisão Traseira;2;0;0;0;0;0;;;;;3;0;0;0;0
03/09/2015;06:35:00;57;Acidente sem Vítima;271;BR-101/ES;Sul;Colisão Transversal;3;0;0;0;0;0;;;;;3;0;0;0;0
03/09/2015;17:29:00;269;Acidente com vítima;291;BR-101/ES;Sul;Colisão Traseira;1;0;0;1;0;0;;;;;1;0;1;0;0
03/09/2015;19:31:00;304;Acidente sem Vítima;337,5;BR-101/ES;Sul;Atropelamento - Animal;1;0;0;0;0;0;;;;;1;0;0;0;0
04/09/2015;18:25:00;285;Acidente com vítima;37;BR-101/ES;Norte;Colisão Frontal;2;0;0;0;0;0;;;;;2;0;1;0;0
04/09/2015;18:26:00;286;Acidente com vítima;50;BR-101/ES;Norte;Colisão Frontal;1;0;0;0;0;0;;;;;2;1;0;0;0
04/09/2015;22:07:00;336;Acidente com vítima;51;BR-101/ES;Sul;Colisão Traseira;1;0;0;0;0;0;;;;;0;1;1;0;0
04/09/2015;08:23:00;96;Acidente com vítima;77;BR-101/ES;Sul;Queda de Moto;0;0;0;1;0;0;;;;;0;0;1;0;0
04/09/2015;18:52:00;291;Acidente sem Vítima;125;BR-101/ES;Sul;Engavetamento;2;0;0;0;0;1;;;;;9;0;0;0;0
04/09/2015;16:52:00;256;Acidente com vítima;134;BR-101/ES;Sul;Queda de Moto;1;0;0;0;0;0;;;;;0;2;0;0;0
04/09/2015;09:41:00;127;Acidente com vítima;171;BR-101/ES;Sul;Colisão Traseira;2;0;0;0;0;0;;;;;3;1;0;0;0
04/09/2015;11:14:00;145;Acidente sem Vítima;186;BR-101/ES;Sul;Colisão Traseira;1;0;0;0;0;0;;;;;3;0;0;0;0
04/09/2015;16:54:00;257;Acidente sem Vítima;215;BR-101/ES;Sul;Colisão Traseira;2;0;0;0;0;0;;;;;3;0;0;0;0
04/09/2015;01:55:00;30;Acidente com vítima;244,8;BR-101/ES;Sul;Saída de Pista;0;0;0;0;0;0;;;;;0;2;1;0;0
04/09/2015;15:07:00;226;Acidente sem Vítima;252;BR-101/ES;Norte;Colisão Traseira;1;0;0;0;0;1;;;;;2;0;0;0;0
04/09/2015;13:32:00;195;Acidente sem Vítima;267;BR-101/ES;Sul;Colisão Lateral;0;0;0;0;0;1;;;;;3;0;0;0;0
04/09/2015;21:46:00;330;Acidente sem Vítima;268;BR-101/ES;Norte;Colisão Traseira;1;0;0;1;0;0;;;;;1;0;0;0;0
04/09/2015;08:24:00;97;Acidente sem Vítima;269;BR-101/ES;Sul;Colisão Traseira;2;0;0;0;0;0;;;;;2;0;0;0;0
04/09/2015;08:25:00;98;Acidente sem Vítima;269,2;BR-101/ES;Sul;Colisão Traseira;2;0;0;0;0;0;;;;;2;0;0;0;0
04/09/2015;20:24:00;316;Acidente sem Vítima;279;BR-101/ES;Norte;Saída de Pista;1;0;0;0;0;0;;;;;4;0;0;0;0
04/09/2015;19:47:00;307;Acidente sem Vítima;292;BR-101/ES;Sul;Engavetamento;3;0;0;0;0;0;;;;;3;0;0;0;0
04/09/2015;08:20:00;95;Acidente com vítima;401;BR-101/ES;Sul;Queda de Moto;0;0;0;1;0;0;;;;;0;1;0;0;0
04/09/2015;06:45:00;66;Acidente sem Vítima;944;BR-101/BA;Norte;Colisão Transversal;1;0;0;0;3;0;;;;;2;0;0;0;0
05/09/2015;17:49:00;263;Acidente com vítima;28;BR-101/ES;Norte;Colisão Frontal;4;0;0;0;0;0;;;;;2;1;4;0;0
05/09/2015;08:31:00;97;Acidente sem Vítima;75;BR-101/ES;Norte;Saída de Pista;1;0;0;0;0;0;;;;;4;0;0;0;0
05/09/2015;11:35:00;144;Acidente sem Vítima;75,5;BR-101/ES;Norte;Colisão Traseira;2;0;0;0;0;0;;;;;8;0;0;0;0
05/09/2015;19:49:00;288;Acidente com vítima;117;BR-101/ES;Sul;Queda de Moto;0;0;0;1;0;0;;;;;0;1;0;0;0
05/09/2015;03:36:00;41;Acidente com vítima;137;BR-101/ES;Sul;Capotamento;1;0;0;0;0;0;;;;;0;0;1;0;0
05/09/2015;21:38:00;316;Acidente com vítima;147;BR-101/ES;Norte;Colisão Traseira;2;0;0;0;0;0;;;;;1;2;0;0;0
05/09/2015;23:40:00;337;Acidente com vítima;208;BR-101/ES;Sul;Queda de Moto;0;0;0;1;0;0;;;;;0;1;0;0;0
05/09/2015;10:09:00;121;Acidente com vítima;240;BR-101/ES;Norte;Colisão Frontal;3;0;0;0;2;0;;;;;6;2;2;0;0
05/09/2015;20:49:00;308;Acidente sem Vítima;282,9;BR-101/ES;Norte;Saída de Pista;0;0;0;0;0;0;;;;;2;0;0;0;0
05/09/2015;15:21:00;209;Acidente com vítima;293;BR-101/ES;Norte;Queda de Moto;0;0;0;1;0;0;;;;;0;0;0;1;0
05/09/2015;04:25:00;51;Acidente sem Vítima;296;BR-101/ES;Sul;Choque com Objeto Fixo;1;0;0;0;0;0;;;;;1;0;0;0;0
05/09/2015;22:18:00;325;Acidente sem Vítima;298;BR-101/ES;Norte;Colisão Transversal;1;0;0;0;0;0;;;;;2;0;0;0;0
05/09/2015;09:15:00;106;Acidente sem Vítima;299;BR-101/ES;Sul;Colisão Traseira;1;1;0;0;0;0;;;;;2;0;0;0;0
05/09/2015;18:02:00;268;Acidente com Morte;303;BR-101/ES;Norte;Queda de Moto;0;0;0;1;0;0;;;;;0;0;0;0;1
05/09/2015;14:26:00;193;Acidente com vítima;395;BR-101/ES;Norte;Colisão Lateral;2;0;0;0;0;0;;;;;1;2;1;0;0
05/09/2015;13:52:00;178;Acidente com vítima;401;BR-101/ES;Norte;Saída de Pista;0;0;0;0;0;0;;;;;1;1;0;0;0
05/09/2015;19:07:00;279;Acidente sem Vítima;416;BR-101/ES;Norte;Saída de Pista;1;0;0;0;0;0;;;;;3;0;0;0;0
05/09/2015;12:28:00;158;Acidente com vítima;422;BR-101/ES;Sul;Colisão Transversal;1;0;0;1;0;0;;;;;1;0;1;0;0
05/09/2015;18:00:00;267;Acidente sem Vítima;450;BR-101/ES;Sul;Saída de Pista;0;0;0;0;0;0;;;;;1;0;0;0;0
05/09/2015;20:25:00;297;Acidente sem Vítima;451;BR-101/ES;Sul;Saída de Pista;1;0;0;0;0;0;;;;;4;0;0;0;0
05/09/2015;14:19:00;189;Acidente com vítima;455;BR-101/ES;Norte;Saída de Pista;1;0;0;0;0;0;;;;;0;0;1;0;0
06/09/2015;10:26:00;122;Acidente com vítima;23;BR-101/ES;Sul;Queda de Moto;0;0;0;1;0;0;;;;;0;0;1;0;0
06/09/2015;00:41:00;7;Acidente com vítima;119;BR-101/ES;Norte;Queda de Moto;0;0;0;1;0;0;;;;;0;1;0;0;0
06/09/2015;18:56:00;252;Acidente com vítima;132;BR-101/ES;Sul;Colisão Lateral;3;0;0;0;0;0;;;;;3;2;0;1;0
06/09/2015;18:48:00;249;Acidente com Morte;146;BR-101/ES;Sul;Saída de Pista;1;0;0;0;0;0;;;;;0;0;0;0;1
06/09/2015;19:33:00;259;Acidente sem Vítima;205;BR-101/ES;Norte;Colisão Traseira;1;0;0;0;1;0;;;;;2;0;0;0;0
06/09/2015;03:49:00;37;Acidente sem Vítima;211,5;BR-101/ES;Sul;Colisão Lateral;1;0;0;1;0;0;;;;;2;0;0;0;0
06/09/2015;20:05:00;266;Acidente sem Vítima;214;BR-101/ES;Sul;Colisão Lateral;1;0;0;0;2;0;;;;;3;0;0;0;0
06/09/2015;04:28:00;44;Acidente sem Vítima;217;BR-101/ES;Sul;Saída de Pista;1;0;0;0;0;0;;;;;2;0;0;0;0
06/09/2015;05:53:00;64;Acidente sem Vítima;219;BR-101/ES;Norte;Saída de Pista;1;0;0;0;0;0;;;;;1;0;0;0;0
06/09/2015;10:03:00;114;Acidente sem Vítima;229;BR-101/ES;Norte;Colisão Traseira;1;0;0;0;0;0;;;;;3;0;0;0;0
06/09/2015;13:53:00;183;Atropelamento sem Morte;254,5;BR-101/ES;Norte;Atropelamento;0;0;0;0;2;0;;;;;1;0;1;0;0
06/09/2015;08:07:00;89;Acidente com vítima;269;BR-101/ES;Norte;Colisão Traseira;2;0;0;0;0;0;;;;;3;1;0;0;0
06/09/2015;23:09:00;296;Acidente sem Vítima;269;BR-101/ES;Sul;Colisão Transversal;2;0;0;0;0;0;;;;;2;0;0;0;0
06/09/2015;17:17:00;233;Acidente com vítima;270;BR-101/ES;Norte;Colisão Traseira;2;0;0;0;0;0;;;;;2;0;1;0;0
06/09/2015;07:11:00;72;Acidente com vítima;271;BR-101/ES;Norte;Saída de Pista;1;0;0;0;0;0;;;;;0;4;1;0;0
06/09/2015;20:54:00;276;Acidente sem Vítima;289;BR-101/ES;Norte;Capotamento;1;0;0;0;0;0;;;;;1;0;0;0;0
06/09/2015;14:42:00;200;Acidente sem Vítima;300;BR-101/ES;Norte;Queda de Moto;1;0;0;1;0;0;;;;;2;0;0;0;0
06/09/2015;19:43:00;261;Acidente sem Vítima;310;BR-101/ES;Sul;Colisão Transversal;1;0;0;1;0;0;;;;;4;0;0;0;0
06/09/2015;00:58:00;12;Acidente sem Vítima;327;BR-101/ES;Norte;Atropelamento - Equino;1;0;0;0;0;0;;;;;1;0;0;0;0
06/09/2015;04:02:00;40;Acidente sem Vítima;427;BR-101/ES;Sul;Capotamento;1;0;0;0;0;0;;;;;2;0;0;0;0
06/09/2015;08:08:00;90;Acidente com vítima;458;BR-101/ES;Norte;Capotamento;1;0;0;0;0;0;;;;;1;1;0;0;0
07/09/2015;12:00:00;129;Acidente com vítima;1;BR-101/ES;Sul;Queda de Moto;0;0;0;1;0;0;;;;;0;1;0;0;0
07/09/2015;06:52:00;59;Acidente com vítima;18,5;BR-101/ES;Norte;Tombamento;0;0;0;0;3;0;;;;;0;1;0;0;0