data;horario;n_da_ocorrencia;tipo_de_ocorrencia;km;trecho;sentido;tipo_de_acidente;automovel;bicicleta;caminhao;moto;onibus;outros;tracao_animal;transporte_de_cargas_especiais;trator_maquinas;utilitarios;ilesos;levemente_feridos;moderadamente_feridos;gravemente_feridos;mortos
07/09/2015;04:27:00;39;Acidente sem Vítima;130;BR-101/ES;Norte;Saída de Pista;1;0;0;0;0;0;;;;;1;0;0;0;0
07/09/2015;15:02:00;202;Acidente com vítima;136;BR-101/ES;Sul;Queda de ciclista;0;0;0;0;0;0;;;;;0;1;0;0;0
07/09/2015;15:43:00;225;Acidente sem Vítima;230;BR-101/ES;Sul;Colisão Traseira;2;0;0;0;0;0;;;;;8;0;0;0;0
07/09/2015;20:01:00;318;Acidente sem Vítima;243;BR-101/ES;Norte;Colisão Traseira;2;0;0;0;0;0;;;;;8;0;0;0;0
07/09/2015;08:58:00;85;Acidente sem Vítima;269;BR-101/ES;Norte;Colisão Lateral;1;0;0;0;2;0;;;;;2;0;0;0;0
07/09/2015;06:20:00;55;Acidente com vítima;296;BR-101/ES;Sul;Capotamento;1;0;0;0;0;0;;;;;2;0;1;0;0
07/09/2015;13:59:00;183;Acidente sem Vítima;358;BR-101/ES;Sul;Colisão Traseira;2;0;0;0;0;0;;;;;7;0;0;0;0
07/09/2015;16:11:00;239;Acidente sem Vítima;402;BR-101/ES;Sul;Saída de Pista;1;0;0;0;0;0;;;;;4;0;0;0;0
07/09/2015;15:37:00;222;Acidente sem Vítima;420;BR-101/ES;Sul;Colisão Traseira;2;1;0;0;0;0;;;;;9;0;0;0;0
08/09/2015;09:20:00;97;Acidente sem Vítima;94;BR-101/ES;Sul;Engavetamento;3;0;0;0;0;0;;;;;9;0;0;0;0
08/09/2015;16:14:00;239;Acidente sem Vítima;206;BR-101/ES;Sul;Colisão Transversal;1;0;0;0;0;1;;;;;3;0;0;0;0
08/09/2015;13:37:00;175;Acidente com vítima;207;BR-101/ES;Sul;Colisão Traseira;1;0;0;0;0;0;;;;;2;1;0;0;0
08/09/2015;16:38:00;248;Acidente com vítima;229;BR-101/ES;Norte;Colisão Traseira;1;0;0;1;0;0;;;;;1;1;1;0;0
08/09/2015;14:32:00;199;Acidente com vítima;230;BR-101/ES;Sul;Colisão Transversal;2;0;0;0;0;0;;;;;4;1;0;0;0
08/09/2015;13:55:00;188;Acidente sem Vítima;239;BR-101/ES;Sul;Colisão Traseira;1;1;0;0;0;0;;;;;6;0;0;0;0
08/09/2015;11:00:00;127;Acidente sem Vítima;242;BR-101/ES;Sul;Colisão Traseira;0;0;0;0;4;0;;;;;3;0;0;0;0
08/09/2015;15:54:00;229;Acidente sem Vítima;255;BR-101/ES;Sul;Engavetamento;3;0;0;0;0;0;;;;;3;0;0;0;0
08/09/2015;11:24:00;135;Acidente com vítima;266;BR-101/ES;Norte;Queda de Moto;0;0;0;1;0;0;;;;;0;0;1;0;0
08/09/2015;13:18:00;171;Acidente sem Vítima;283;BR-101/ES;Sul;Colisão Lateral;1;0;0;0;1;0;;;;;2;0;0;0;0
08/09/2015;08:36:00;77;Acidente sem Vítima;297;BR-101/ES;Norte;Colisão Traseira;1;0;0;0;2;0;;;;;3;0;0;0;0
08/09/2015;19:27:00;288;Acidente sem Vítima;298;BR-101/ES;Sul;Colisão Traseira;1;0;0;0;0;0;;;;;3;0;0;0;0
08/09/2015;14:09:00;192;Acidente com vítima;310;BR-101/ES;Norte;Saída de Pista;1;0;0;0;0;0;;;;;1;0;3;0;0
08/09/2015;21:38:00;322;Acidente com vítima;395;BR-101/ES;Sul;Colisão Lateral;2;0;0;0;0;0;;;;;1;1;0;0;0
09/09/2015;13:23:00;185;Acidente sem Vítima;180;BR-101/ES;Sul;Saída de Pista;1;0;0;0;0;0;;;;;1;0;0;0;0
09/09/2015;11:22:00;149;Acidente sem Vítima;191;BR-101/ES;Norte;Colisão Traseira;2;0;0;0;0;0;;;;;5;0;0;0;0
09/09/2015;06:28:00;55;Acidente com vítima;261;BR-101/ES;Norte;Colisão Transversal;1;0;0;1;0;0;;;;;1;0;1;0;0
09/09/2015;18:20:00;265;Atropelamento sem Morte;263;BR-101/ES;Sul;Atropelamento;0;0;0;1;0;0;;;;;0;0;0;2;0
09/09/2015;08:08:00;82;Acidente com vítima;270;BR-101/ES;Norte;Queda de Moto;0;0;0;1;0;0;;;;;0;1;0;0;0
09/09/2015;18:09:00;263;Acidente com vítima;281;BR-101/ES;Sul;Queda de Moto;0;0;0;1;0;0;;;;;0;0;1;0;0
09/09/2015;07:28:00;64;Acidente com vítima;323;BR-101/ES;Sul;Colisão Traseira;1;0;0;1;0;0;;;;;0;0;1;0;0
09/09/2015;19:28:00;277;Acidente com vítima;395;BR-101/ES;Sul;Colisão;0;0;0;1;0;0;;;;;0;1;0;1;0
10/09/2015;17:01:00;245;Acidente sem Vítima;67;BR-101/ES;Sul;Engavetamento;3;0;0;0;0;0;;;;;5;0;0;0;0
10/09/2015;14:16:00;197;Acidente sem Vítima;269;BR-101/ES;Norte;Colisão Lateral;1;0;0;0;0;0;;;;;5;0;0;0;0
10/09/2015;13:23:00;182;Acidente sem Vítima;277;BR-101/ES;Sul;Colisão Lateral;1;0;0;0;0;0;;;;;3;0;0;0;0
10/09/2015;08:03:00;83;Acidente sem Vítima;292;BR-101/ES;Sul;Colisão Transversal;2;0;0;0;0;0;;;;;2;0;0;0;0
10/09/2015;14:19:00;199;Acidente sem Vítima;293;BR-101/ES;Sul;Engavetamento;1;0;0;0;1;1;;;;;5;0;0;0;0
10/09/2015;15:23:00;218;Acidente sem Vítima;298;BR-101/ES;Sul;Veículo em Chamas;0;1;0;0;0;0;;;;;1;0;0;0;0
11/09/2015;14:12:00;215;Acidente com vítima;38;BR-101/ES;Sul;Colisão Lateral;1;0;0;0;2;0;;;;;1;1;0;0;0
11/09/2015;08:17:00;94;Acidente sem Vítima;264;BR-101/ES;Sul;Colisão Traseira;3;0;0;0;0;0;;;;;3;0;0;0;0
11/09/2015;17:05:00;258;Acidente sem Vítima;268,5;BR-101/ES;Sul;Colisão Traseira;2;0;0;0;0;0;;;;;3;0;0;0;0
11/09/2015;21:02:00;308;Acidente sem Vítima;269,5;BR-101/ES;Norte;Colisão Lateral;1;0;0;0;0;0;;;;;2;0;0;0;0
11/09/2015;08:50:00;104;Acidente sem Vítima;271;BR-101/ES;Norte;Colisão Traseira;1;0;0;0;0;0;;;;;4;0;0;0;0
11/09/2015;07:41:00;74;Acidente sem Vítima;283;BR-101/ES;Sul;Veículo em Chamas;1;0;0;0;0;0;;;;;2;0;0;0;0
11/09/2015;20:25:00;301;Acidente com vítima;331;BR-101/ES;Sul;Queda de Moto;0;0;0;1;0;0;;;;;0;1;0;0;0
11/09/2015;19:34:00;289;Acidente sem Vítima;375;BR-101/ES;Sul;Colisão Transversal;2;0;0;0;0;0;;;;;2;0;0;0;0
12/09/2015;17:53:00;220;Acidente sem Vítima;130;BR-101/ES;Sul;Capotamento;1;0;0;0;0;0;;;;;5;0;0;0;0
12/09/2015;09:21:00;106;Acidente sem Vítima;213;BR-101/ES;Norte;Colisão Transversal;1;0;0;0;0;0;;;;;2;0;0;0;0
12/09/2015;15:39:00;195;Acidente com vítima;213;BR-101/ES;Sul;Colisão Frontal;2;0;0;0;0;0;;;;;0;2;2;0;0
12/09/2015;18:59:00;229;Acidente sem Vítima;255;BR-101/ES;Sul;Colisão Traseira;2;0;0;0;0;0;;;;;3;0;0;0;0
12/09/2015;08:20:00;94;Acidente com vítima;257;BR-101/ES;Sul;Colisão Lateral;1;1;0;0;0;0;;;;;3;1;0;0;0
12/09/2015;17:26:00;216;Acidente com vítima;270;BR-101/ES;Sul;Queda de Moto;0;0;0;1;0;0;;;;;0;0;1;0;0
12/09/2015;19:09:00;232;Acidente com vítima;305,5;BR-101/ES;Norte;Colisão Frontal;1;0;0;1;0;0;;;;;2;0;0;1;0
12/09/2015;09:24:00;109;Acidente sem Vítima;378;BR-101/ES;Sul;Colisão Lateral;1;0;0;1;0;0;;;;;2;0;0;0;0
12/09/2015;08:11:00;91;Acidente sem Vítima;401;BR-101/ES;Sul;Saída de Pista;1;0;0;0;0;0;;;;;2;0;0;0;0
13/09/2015;18:07:00;211;Acidente sem Vítima;73;BR-101/ES;Norte;Saída de Pista;1;0;0;0;0;0;;;;;3;0;0;0;0
13/09/2015;15:37:00;183;Acidente sem Vítima;245;BR-101/ES;Sul;Engavetamento;3;0;0;0;0;0;;;;;5;0;0;0;0
13/09/2015;14:04:00;165;Acidente com vítima;249;BR-101/ES;Sul;Colisão Lateral;3;0;0;0;0;0;;;;;3;1;2;0;0
13/09/2015;22:23:00;261;Acidente sem Vítima;270;BR-101/ES;Norte;Colisão Lateral;1;0;0;0;1;0;;;;;2;0;0;0;0
13/09/2015;15:14:00;179;Acidente sem Vítima;271;BR-101/ES;Norte;Saída de Pista;1;0;0;0;0;0;;;;;4;0;0;0;0
13/09/2015;15:56:00;186;Acidente com vítima;293;BR-101/ES;Norte;Colisão Traseira;1;0;0;1;0;0;;;;;2;1;0;0;0
13/09/2015;13:53:00;163;Acidente sem Vítima;328;BR-101/ES;Sul;Saída de Pista;1;0;0;0;0;0;;;;;1;0;0;0;0
13/09/2015;19:05:00;219;Acidente sem Vítima;399;BR-101/ES;Sul;Colisão Traseira;1;0;0;0;0;0;;;;;3;0;0;0;0
14/09/2015;16:33:00;263;Acidente com vítima;266;BR-101/ES;Norte;Colisão Traseira;0;0;0;1;0;0;;;;;2;0;1;0;0
14/09/2015;17:43:00;279;Acidente com vítima;267;BR-101/ES;Norte;Colisão Traseira;1;0;0;1;0;0;;;;;1;0;1;0;0
14/09/2015;08:33:00;98;Acidente sem Vítima;268;BR-101/ES;Sul;Colisão Traseira;0;1;0;0;2;0;;;;;4;0;0;0;0
14/09/2015;14:56:00;239;Acidente sem Vítima;269;BR-101/ES;Norte;Colisão Traseira;1;0;0;0;2;0;;;;;3;0;0;0;0
14/09/2015;23:45:00;339;Acidente sem Vítima;315;BR-101/ES;Norte;Colisão Lateral;1;0;0;0;0;0;;;;;4;0;0;0;0
14/09/2015;18:54:00;288;Acidente com vítima;335;BR-101/ES;Norte;Queda de ciclista;0;0;0;0;0;0;;;;;0;1;0;0;0
14/09/2015;13:54:00;221;Acidente sem Vítima;399;BR-101/ES;Sul;Colisão Traseira;1;0;0;0;0;0;;;;;2;0;0;0;0
14/09/2015;11:27:00;168;Acidente sem Vítima;417;BR-101/ES;Norte;Colisão Lateral;1;0;0;0;2;0;;;;;3;0;0;0;0
15/09/2015;16:18:00;214;Acidente com vítima;263;BR-101/ES;Sul;Saída de Pista;0;0;0;0;0;0;;;;;1;0;1;0;0
15/09/2015;04:19:00;27;Acidente sem Vítima;269;BR-101/ES;Sul;Saída de Pista;0;0;0;0;1;0;;;;;1;0;0;0;0
15/09/2015;09:23:00;95;Acidente com vítima;297;BR-101/ES;Sul;Colisão Traseira;0;0;0;1;0;0;;;;;1;1;1;0;0
15/09/2015;01:56:00;12;Acidente sem Vítima;360;BR-101/ES;Norte;Saída de Pista;0;0;0;0;0;0;;;;;2;0;0;0;0
15/09/2015;05:27:00;35;Acidente sem Vítima;408;BR-101/ES;Sul;Saída de Pista;0;0;0;0;2;0;;;;;1;0;0;0;0
16/09/2015;14:52:00;206;Acidente com vítima;145;BR-101/ES;Norte;Saída de Pista;1;0;0;0;0;0;;;;;0;1;0;0;0
16/09/2015;18:01:00;260;Acidente sem Vítima;146;BR-101/ES;Sul;Colisão Lateral;2;0;0;0;0;0;;;;;2;0;0;0;0
16/09/2015;09:49:00;123;Atropelamento sem Morte;163;BR-101/ES;Norte;Atropelamento;1;0;0;1;0;0;;;;;2;1;1;1;0
16/09/2015;12:46:00;176;Acidente com vítima;263,8;BR-101/ES;Norte;Colisão Lateral;1;0;0;1;0;0;;;;;2;1;0;0;0
16/09/2015;08:33:00;106;Acidente com vítima;270;BR-101/ES;Norte;Colisão Lateral;0;1;0;1;0;0;;;;;2;1;0;0;0
16/09/2015;19:10:00;268;Acidente sem Vítima;270;BR-101/ES;Sul;Colisão Lateral;1;0;0;0;0;0;;;;;2;0;0;0;0
16/09/2015;21:58:00;307;Atropelamento sem Morte;278;BR-101/ES;Norte;Atropelamento e Fuga;0;0;0;0;2;0;;;;;0;0;1;0;0
16/09/2015;15:11:00;210;Acidente sem Vítima;279,2;BR-101/ES;Norte;Colisão Lateral;1;0;0;0;1;0;;;;;2;0;0;0;0
16/09/2015;13:13:00;184;Acidente com vítima;346;BR-101/ES;Sul;Colisão Frontal;1;0;0;0;0;0;;;;;1;2;0;0;0
16/09/2015;03:01:00;30;Acidente sem Vítima;393;BR-101/ES;Norte;Saída de Pista;0;0;0;0;0;1;;;;;1;0;0;0;0
16/09/2015;07:39:00;78;Acidente com vítima;395;BR-101/ES;Norte;Queda de Moto;0;0;0;1;0;0;;;;;0;1;0;0;0
17/09/2015;15:04:00;212;Acidente com vítima;65;BR-101/ES;Sul;Engavetamento;3;0;0;0;0;0;;;;;6;0;1;0;0
17/09/2015;17:02:00;244;Acidente sem Vítima;146;BR-101/ES;Norte;Colisão Traseira;1;0;0;0;0;0;;;;;4;0;0;0;0
17/09/2015;12:56:00;168;Acidente sem Vítima;171;BR-101/ES;Norte;Colisão Traseira;1;0;0;0;0;0;;;;;3;0;0;0;0
17/09/2015;11:31:00;133;Acidente com vítima;177;BR-101/ES;Norte;Saída de Pista;1;0;0;0;0;0;;;;;0;1;0;0;0
17/09/2015;19:44:00;266;Acidente com vítima;235;BR-101/ES;Norte;Colisão Lateral;0;0;0;1;0;0;;;;;1;0;0;2;0
17/09/2015;15:22:00;215;Acidente com vítima;272;BR-101/ES;Norte;Choque com Objeto Fixo;1;0;0;0;0;0;;;;;0;0;1;0;0
17/09/2015;07:55:00;77;Acidente sem Vítima;301;BR-101/ES;Norte;Engavetamento;3;0;0;0;0;0;;;;;4;0;0;0;0
17/09/2015;15:02:00;211;Acidente sem Vítima;301;BR-101/ES;Sul;Colisão Traseira;2;0;0;0;0;0;;;;;2;0;0;0;0
17/09/2015;09:38:00;102;Acidente sem Vítima;336;BR-101/ES;Sul;Saída de Pista;0;0;0;0;0;0;;;;;1;0;0;0;0
17/09/2015;23:20:00;292;Acidente com vítima;342,8;BR-101/ES;Norte;Capotamento;1;0;0;0;0;0;;;;;0;1;1;0;0
17/09/2015;14:05:00;194;Acidente sem Vítima;453;BR-101/ES;Norte;Colisão Traseira;2;0;0;0;0;0;;;;;2;0;0;0;0
18/09/2015;21:39:00;350;Acidente com vítima;73;BR-101/ES;Norte;Colisão Lateral;1;0;0;0;0;0;;;;;0;0;2;0;0
18/09/2015;07:05:00;60;Acidente sem Vítima;140;BR-101/ES;Norte;Colisão Traseira;2;0;0;0;0;0;;;;;4;0;0;0;0
18/09/2015;14:58:00;233;Acidente com vítima;193;BR-101/ES;Norte;Capotamento;1;0;0;0;0;0;;;;;0;1;1;0;0
18/09/2015;19:09:00;307;Acidente sem Vítima;247;BR-101/ES;Norte;Queda de Moto;0;0;0;1;0;0;;;;;1;0;0;0;0
18/09/2015;17:11:00;274;Acidente sem Vítima;261;BR-101/ES;Norte;Colisão Lateral;1;0;0;0;1;0;;;;;4;0;0;0;0
18/09/2015;13:32:00;204;Acidente sem Vítima;265;BR-101/ES;Sul;Colisão Traseira;2;0;0;0;0;0;;;;;2;0;0;0;0
18/09/2015;09:37:00;122;Acidente sem Vítima;270;BR-101/ES;Norte;Colisão Traseira;1;0;0;0;0;0;;;;;2;0;0;0;0
18/09/2015;08:32:00;95;Acidente sem Vítima;288;BR-101/ES;Sul;Choque com Objeto Fixo;1;0;0;0;0;0;;;;;1;0;0;0;0
18/09/2015;18:06:00;292;Acidente sem Vítima;301;BR-101/ES;Norte;Engavetamento;3;0;0;0;0;0;;;;;8;0;0;0;0
19/09/2015;08:12:00;84;Acidente sem Vítima;71;BR-101/ES;Norte;Colisão Lateral;2;0;0;0;0;0;;;;;2;0;0;0;0
19/09/2015;15:10:00;208;Acidente sem Vítima;118;BR-101/ES;Norte;Colisão Lateral;2;0;0;0;0;0;;;;;4;0;0;0;0
19/09/2015;19:04:00;257;Acidente com vítima;120;BR-101/ES;Sul;Queda de Moto;0;0;0;1;0;0;;;;;0;1;0;0;0
19/09/2015;00:48:00;9;Acidente com vítima;126;BR-101/ES;Sul;Queda de ciclista;0;0;0;0;0;0;;;;;0;1;0;0;0
19/09/2015;19:33:00;265;Atropelamento sem Morte;146;BR-101/ES;Norte;Atropelamento e Fuga;1;0;0;0;0;0;;;;;0;0;1;0;0
19/09/2015;19:56:00;270;Acidente com vítima;147;BR-101/ES;Sul;Colisão Transversal;0;0;0;1;0;0;;;;;1;1;0;0;0
19/09/2015;22:11:00;301;Acidente com vítima;216;BR-101/ES;Sul;Queda de Moto;0;0;0;1;0;0;;;;;0;0;0;1;0
19/09/2015;08:42:00;94;Acidente sem Vítima;257;BR-101/ES;Sul;Colisão Traseira;2;0;0;0;0;0;;;;;4;0;0;0;0
19/09/2015;04:50:00;52;Acidente sem Vítima;259;BR-101/ES;Norte;Colisão Traseira;2;0;0;0;0;0;;;;;2;0;0;0;0
19/09/2015;19:19:00;263;Acidente sem Vítima;260;BR-101/ES;Norte;Colisão Traseira;2;0;0;0;0;0;;;;;2;0;0;0;0
19/09/2015;21:26:00;291;Acidente sem Vítima;269;BR-101/ES;Sul;Colisão Lateral;1;0;0;0;2;0;;;;;2;0;0;0;0
19/09/2015;17:00:00;233;Acidente sem Vítima;295;BR-101/ES;Norte;Choque com Objeto Fixo;1;0;0;0;0;0;;;;;5;0;0;0;0
19/09/2015;13:09:00;174;Acidente com vítima;313;BR-101/ES;Sul;Saída de Pista;1;0;0;0;0;0;;;;;0;1;0;0;0
20/09/2015;18:36:00;234;Acidente sem Vítima;40;BR-101/ES;Sul;Veículo em Chamas;1;0;0;0;0;0;;;;;1;0;0;0;0
20/09/2015;03:12:00;28;Acidente sem Vítima;85;BR-101/ES;Norte;Queda de Moto;0;0;0;1;0;0;;;;;1;0;0;0;0
20/09/2015;11:15:00;122;Acidente com vítima;126,9;BR-101/ES;Sul;Colisão;1;0;0;0;0;0;;;;;5;1;0;0;0
20/09/2015;00:27:00;9;Acidente sem Vítima;159;BR-101/ES;Norte;Colisão Lateral;1;0;0;1;0;0;;;;;3;0;0;0;0
20/09/2015;23:01:00;288;Acidente sem Vítima;246;BR-101/ES;Sul;Capotamento;1;0;0;0;0;0;;;;;1;0;0;0;0
20/09/2015;14:49:00;188;Acidente sem Vítima;257;BR-101/ES;Sul;Choque com Objeto Fixo;1;0;0;0;0;0;;;;;2;0;0;0;0
20/09/2015;11:17:00;123;Acidente com vítima;266;BR-101/ES;Sul;Colisão Lateral;0;0;0;1;2;0;;;;;1;0;1;0;0
20/09/2015;13:34:00;170;Acidente com vítima;267;BR-101/ES;Sul;Choque com Objeto Fixo;1;0;0;0;0;0;;;;;1;0;1;0;0
20/09/2015;21:58:00;276;Acidente sem Vítima;270;BR-101/ES;Sul;Colisão Traseira;0;0;0;0;1;1;;;;;3;0;0;0;0
20/09/2015;09:28:00;89;Acidente sem Vítima;291;BR-101/ES;Sul;Colisão Traseira;1;0;0;1;0;0;;;;;2;0;0;0;0
20/09/2015;18:40:00;236;Acidente sem Vítima;297;BR-101/ES;Sul;Colisão Traseira;1;0;0;0;0;0;;;;;3;0;0;0;0
20/09/2015;21:43:00;274;Acidente sem Vítima;358;BR-101/ES;Norte;Saída de Pista;1;0;0;0;0;0;;;;;1;0;0;0;0
20/09/2015;05:11:00;55;Acidente com vítima;391;BR-101/ES;Norte;Colisão Frontal;1;0;0;0;2;0;;;;;1;0;4;0;0
21/09/2015;19:12:00;288;Acidente com Morte;107;BR-101/ES;Sul;Colisão Transversal;0;0;0;1;2;0;;;;;0;0;1;0;1
21/09/2015;06:44:00;55;Acidente com vítima;141,5;BR-101/ES;Sul;Colisão Transversal;0;0;0;1;0;0;;;;;0;0;2;0;0
21/09/2015;11:02:00;130;Acidente sem Vítima;145;BR-101/ES;Norte;Colisão Lateral;1;0;0;0;3;0;;;;;2;0;0;0;0
21/09/2015;12:59:00;179;Acidente com vítima;179;BR-101/ES;Sul;Colisão Lateral;1;0;0;1;0;0;;;;;3;1;0;0;0
21/09/2015;08:41:00;92;Acidente sem Vítima;232;BR-101/ES;Sul;Colisão Lateral;1;0;0;0;0;1;;;;;3;0;0;0;0
21/09/2015;18:17:00;275;Acidente sem Vítima;264;BR-101/ES;Norte;Colisão Lateral;2;0;0;0;0;0;;;;;2;0;0;0;0
22/09/2015;11:49:00;154;Acidente com vítima;208,9;BR-101/ES;Norte;Colisão Lateral;2;0;0;0;0;0;;;;;1;1;1;0;0
22/09/2015;00:50:00;9;Acidente sem Vítima;254;BR-101/ES;Norte;Veículo em Chamas;0;0;0;0;2;0;;;;;1;0;0;0;0
22/09/2015;17:09:00;267;Acidente sem Vítima;266;BR-101/ES;Sul;Colisão Traseira;1;0;0;1;0;0;;;;;2;0;0;0;0
22/09/2015;03:08:00;29;Acidente sem Vítima;273;BR-101/ES;Norte;Veículo em Chamas;1;0;0;0;0;0;;;;;1;0;0;0;0
23/09/2015;16:44:00;249;Acidente sem Vítima;41;BR-101/ES;Sul;Colisão Lateral;1;0;0;0;1;0;;;;;2;0;0;0;0
23/09/2015;08:28:00;104;Acidente com vítima;147;BR-101/ES;Norte;Colisão Traseira;1;0;0;0;0;0;;;;;8;3;0;0;0
23/09/2015;06:11:00;62;Acidente sem Vítima;168;BR-101/ES;Sul;Colisão Traseira;0;1;0;0;0;0;;;;;2;0;0;0;0
23/09/2015;09:03:00;115;Acidente sem Vítima;212,5;BR-101/ES;Norte;Saída de Pista;1;0;0;0;0;0;;;;;2;0;0;0;0
23/09/2015;15:51:00;238;Acidente sem Vítima;264;BR-101/ES;Sul;Colisão Traseira;2;0;0;0;0;0;;;;;2;0;0;0;0
23/09/2015;18:07:00;270;Acidente com vítima;269;BR-101/ES;Norte;Queda de Moto;0;0;0;1;0;0;;;;;0;0;1;0;0
23/09/2015;07:17:00;73;Acidente sem Vítima;270;BR-101/ES;Sul;Queda de Moto;0;0;0;1;0;0;;;;;1;0;0;0;0
23/09/2015;15:14:00;232;Acidente com vítima;270;BR-101/ES;Norte;Queda de Moto;0;0;0;1;0;0;;;;;0;0;2;0;0
23/09/2015;06:09:00;61;Acidente com vítima;277;BR-101/ES;Norte;Colisão Traseira;0;0;0;1;2;0;;;;;2;1;1;0;0
23/09/2015;20:53:00;304;Acidente sem Vítima;358;BR-101/ES;Sul;Veículo em Chamas;0;0;0;0;2;0;;;;;1;0;0;0;0
24/09/2015;19:53:00;290;Acidente com vítima;118;BR-101/ES;Sul;Colisão Lateral;1;0;0;0;4;0;;;;;1;0;1;0;0
24/09/2015;19:23:00;284;Acidente com vítima;255;BR-101/ES;Norte;Colisão;0;1;0;0;0;0;;;;;1;1;0;0;0
24/09/2015;15:34:00;229;Acidente com vítima;266;BR-101/ES;Norte;Colisão Traseira;2;0;0;0;0;0;;;;;1;0;1;0;0
24/09/2015;14:13:00;208;Acidente sem Vítima;280;BR-101/ES;Norte;Colisão Traseira;0;0;0;1;0;0;;;;;2;0;0;0;0
24/09/2015;09:58:00;127;Acidente sem Vítima;289,5;BR-101/ES;Norte;Colisão Traseira;1;0;0;0;2;0;;;;;3;0;0;0;0
24/09/2015;06:14:00;57;Atropelamento sem Morte;291;BR-101/ES;Norte;Atropelamento e Fuga;1;0;0;0;0;0;;;;;0;0;1;0;0
24/09/2015;16:12:00;242;Acidente sem Vítima;450;BR-101/ES;Sul;Tombamento;0;0;0;0;0;0;;;;;1;0;0;0;0
25/09/2015;09:18:00;136;Acidente sem Vítima;126;BR-101/ES;Norte;Colisão Transversal;0;0;0;1;0;0;;;;;2;0;0;0;0
25/09/2015;00:01:00;1;Acidente sem Vítima;127;BR-101/ES;Norte;Atropelamento - Animal;1;0;0;0;0;0;;;;;1;0;0;0;0
25/09/2015;16:37:00;311;Acidente com vítima;128;BR-101/ES;Norte;Colisão Lateral;1;0;0;1;0;0;;;;;3;0;0;1;0
25/09/2015;20:16:00;359;Acidente com vítima;147;BR-101/ES;Norte;Colisão Lateral;1;0;0;1;0;0;;;;;1;1;0;0;0
25/09/2015;10:30:00;158;Acidente com vítima;148;BR-101/ES;Norte;Colisão Transversal;2;0;0;0;0;0;;;;;3;1;0;0;0
25/09/2015;00:55:00;10;Acidente sem Vítima;149;BR-101/ES;Sul;Colisão Lateral;1;0;0;0;3;0;;;;;3;0;0;0;0
25/09/2015;18:10:00;337;Acidente com vítima;160;BR-101/ES;Sul;Colisão Frontal;1;0;0;1;0;0;;;;;3;0;1;0;0
25/09/2015;18:56:00;347;Acidente sem Vítima;160;BR-101/ES;Norte;Saída de Pista;1;0;0;0;0;0;;;;;1;0;0;0;0
25/09/2015;19:40:00;352;Atropelamento com Morte;201;BR-101/ES;Norte;Atropelamento;0;0;0;0;0;0;;;;;1;0;0;0;1
25/09/2015;23:34:00;401;Acidente com vítima;201;BR-101/ES;Sul;Saída de Pista;1;0;0;0;0;0;;;;;2;1;0;0;0
25/09/2015;16:46:00;315;Acidente com vítima;260;BR-101/ES;Sul;Queda de Moto;0;0;0;1;0;0;;;;;0;1;0;0;0
25/09/2015;15:33:00;288;Acidente com vítima;262;BR-101/ES;Norte;Colisão Traseira;1;0;0;1;0;0;;;;;0;2;0;0;0
25/09/2015;08:32:00;114;Atropelamento sem Morte;270;BR-101/ES;Norte;Atropelamento e Fuga;1;0;0;0;0;0;;;;;0;1;0;0;0
25/09/2015;08:19:00;110;Acidente com vítima;282;BR-101/ES;Norte;Queda de ciclista;0;0;0;0;0;0;;;;;0;0;1;0;0
25/09/2015;05:05:00;53;Acidente sem Vítima;284,5;BR-101/ES;Sul;Choque com Objeto Fixo;1;0;0;0;0;0;;;;;1;0;0;0;0
25/09/2015;11:30:00;182;Acidente com vítima;296;BR-101/ES;Sul;Queda de Moto;0;0;0;1;0;0;;;;;0;1;0;0;0
25/09/2015;07:57:00;97;Acidente sem Vítima;298;BR-101/ES;Sul;Colisão Traseira;1;0;0;0;2;0;;;;;2;0;0;0;0
25/09/2015;15:59:00;299;Acidente com vítima;372;BR-101/ES;Sul;Colisão Transversal;2;0;0;0;0;0;;;;;3;1;0;0;0
26/09/2015;20:18:00;271;Acidente com vítima;90;BR-101/ES;Norte;Queda de Moto;0;0;0;1;0;0;;;;;0;0;1;0;0
26/09/2015;02:59:00;37;Acidente sem Vítima;161;BR-101/ES;Norte;Colisão Transversal;1;0;0;0;2;0;;;;;2;0;0;0;0
26/09/2015;18:14:00;255;Acidente com vítima;170;BR-101/ES;Norte;Colisão Frontal;1;0;0;1;0;0;;;;;1;1;0;1;0
26/09/2015;21:45:00;284;Acidente com vítima;256;BR-101/ES;Norte;Choque com Objeto Fixo;0;0;0;1;0;0;;;;;0;0;1;0;0
26/09/2015;19:17:00;263;Acidente com vítima;264;BR-101/ES;Sul;Saída de Pista;1;0;0;0;0;0;;;;;1;2;1;0;0
26/09/2015;15:55:00;223;Acidente sem Vítima;266;BR-101/ES;Norte;Colisão Traseira;2;0;0;0;0;0;;;;;4;0;0;0;0
26/09/2015;07:55:00;86;Acidente sem Vítima;270;BR-101/ES;Sul;Colisão Traseira;1;0;0;0;0;0;;;;;3;0;0;0;0
26/09/2015;14:53:00;204;Acidente com vítima;272;BR-101/ES;Sul;Saída de Pista;1;0;0;0;0;0;;;;;3;0;1;0;0
26/09/2015;15:46:00;221;Acidente com vítima;290;BR-101/ES;Sul;Queda de Moto;0;0;0;1;0;0;;;;;0;0;1;0;0