data;horario;n_da_ocorrencia;tipo_de_ocorrencia;km;trecho;sentido;tipo_de_acidente;automovel;bicicleta;caminhao;moto;onibus;outros;tracao_animal;transporte_de_cargas_especiais;trator_maquinas;utilitarios;ilesos;levemente_feridos;moderadamente_feridos;gravemente_feridos;mortos
26/09/2015;23:09:00;303;Acidente com vítima;320;BR-101/ES;Sul;Colisão Traseira;1;0;0;1;0;0;;;;;1;0;1;0;0
26/09/2015;08:54:00;106;Acidente sem Vítima;414;BR-101/ES;Sul;Colisão Traseira;2;0;0;0;0;0;;;;;2;0;0;0;0
27/09/2015;17:39:00;239;Acidente com vítima;30;BR-101/ES;Sul;Queda de Moto;0;0;0;1;0;0;;;;;0;1;0;0;0
27/09/2015;07:08:00;63;Acidente com Morte;33;BR-101/ES;Sul;Colisão Transversal;2;0;0;0;0;0;;;;;2;0;1;0;1
27/09/2015;13:39:00;182;Acidente sem Vítima;137;BR-101/ES;Sul;Colisão Traseira;2;0;0;0;0;0;;;;;7;0;0;0;0
27/09/2015;21:06:00;276;Acidente sem Vítima;244;BR-101/ES;Sul;Colisão Traseira;2;0;0;0;0;0;;;;;4;0;0;0;0
27/09/2015;18:32:00;247;Acidente sem Vítima;255;BR-101/ES;Norte;Colisão Frontal;2;0;0;0;0;0;;;;;3;0;0;0;0
27/09/2015;10:27:00;113;Acidente sem Vítima;257,3;BR-101/ES;Norte;Choque com Objeto Fixo;1;0;0;0;0;0;;;;;1;0;0;0;0
27/09/2015;10:11:00;111;Acidente sem Vítima;264;BR-101/ES;Sul;Colisão Traseira;2;0;0;0;0;0;;;;;3;0;0;0;0
27/09/2015;18:37:00;249;Acidente com vítima;269;BR-101/ES;Norte;Queda de Moto;0;0;0;1;0;0;;;;;0;1;1;0;0
27/09/2015;02:00:00;18;Acidente com vítima;300;BR-101/ES;Norte;Capotamento;1;0;0;0;0;0;;;;;0;0;1;0;0
27/09/2015;20:24:00;267;Acidente com vítima;424;BR-101/ES;Sul;Saída de Pista;1;0;0;0;0;0;;;;;3;1;1;0;0
28/09/2015;07:13:00;56;Acidente com vítima;67;BR-101/ES;Sul;Queda de Moto;0;0;0;1;0;0;;;;;0;1;0;0;0
28/09/2015;09:47:00;76;Acidente sem Vítima;69;BR-101/ES;Norte;Colisão Traseira;2;0;0;0;0;0;;;;;1;0;0;0;0
28/09/2015;15:13:00;168;Acidente sem Vítima;107;BR-101/ES;Sul;Colisão Traseira;3;0;0;0;0;0;;;;;8;0;0;0;0
28/09/2015;07:41:00;61;Acidente com vítima;133;BR-101/ES;Sul;Saída de Pista;1;0;0;0;0;0;;;;;2;0;1;0;0
28/09/2015;06:09:00;47;Acidente com vítima;266;BR-101/ES;Sul;Colisão Traseira;0;1;0;0;2;0;;;;;0;36;6;0;0
28/09/2015;12:12:00;115;Acidente sem Vítima;269;BR-101/ES;Sul;Colisão Traseira;3;0;0;0;0;0;;;;;6;0;0;0;0
28/09/2015;04:46:00;39;Acidente sem Vítima;270;BR-101/ES;Sul;Colisão Traseira;1;0;0;0;0;0;;;;;3;0;0;0;0
28/09/2015;07:34:00;60;Acidente com vítima;270;BR-101/ES;Sul;Colisão Lateral;2;0;0;0;0;0;;;;;1;1;1;0;0
28/09/2015;06:40:00;51;Acidente com vítima;273;BR-101/ES;Norte;Capotamento;1;0;0;0;0;0;;;;;0;0;1;0;0
28/09/2015;18:09:00;212;Acidente sem Vítima;277;BR-101/ES;Sul;Saída de Pista;1;0;0;0;0;0;;;;;3;0;0;0;0
28/09/2015;16:32:00;186;Acidente com vítima;335;BR-101/ES;Sul;Colisão Traseira;2;0;0;0;0;0;;;;;2;2;0;0;0
29/09/2015;07:01:00;69;Acidente com Morte;74;BR-101/ES;Sul;Colisão Frontal;0;0;0;1;0;0;;;;;0;1;1;0;1
29/09/2015;10:35:00;145;Acidente sem Vítima;125,5;BR-101/ES;Norte;Colisão Traseira;2;0;0;0;0;0;;;;;6;0;0;0;0
29/09/2015;06:46:00;63;Acidente sem Vítima;128;BR-101/ES;Norte;Colisão Traseira;2;0;0;0;0;0;;;;;2;0;0;0;0
29/09/2015;17:44:00;290;Acidente com vítima;129,5;BR-101/ES;Sul;Colisão Transversal;2;0;0;0;0;0;;;;;1;0;1;0;0
29/09/2015;07:00:00;68;Acidente sem Vítima;251;BR-101/ES;Norte;Colisão Traseira;2;0;0;0;0;0;;;;;2;0;0;0;0
29/09/2015;15:14:00;241;Acidente sem Vítima;269;BR-101/ES;Sul;Colisão Traseira;2;0;0;0;0;0;;;;;3;0;0;0;0
29/09/2015;19:30:00;313;Acidente com vítima;269;BR-101/ES;Sul;Queda de Moto;0;0;0;1;0;0;;;;;0;2;0;0;0
29/09/2015;15:41:00;250;Acidente com vítima;275;BR-101/ES;Norte;Saída de Pista;1;0;0;0;0;0;;;;;0;0;1;0;0
29/09/2015;08:48:00;111;Acidente com vítima;358;BR-101/ES;Sul;Queda de Moto;0;0;0;1;0;0;;;;;1;1;0;0;0
29/09/2015;17:30:00;285;Acidente sem Vítima;374,3;BR-101/ES;Sul;Colisão Transversal;1;0;0;1;0;0;;;;;2;0;0;0;0
30/09/2015;19:33:00;345;Acidente com vítima;69;BR-101/ES;Sul;Colisão Frontal;2;0;0;0;0;0;;;;;1;1;0;0;0
30/09/2015;22:12:00;378;Acidente sem Vítima;145;BR-101/ES;Norte;Saída de Pista;1;0;0;0;0;0;;;;;3;0;0;0;0
30/09/2015;20:54:00;361;Acidente com vítima;147;BR-101/ES;Sul;Colisão Transversal;1;0;0;1;0;0;;;;;1;0;1;0;0
30/09/2015;09:55:00;144;Acidente sem Vítima;149;BR-101/ES;Sul;Colisão Lateral;1;0;0;0;0;0;;;;;2;0;0;0;0
30/09/2015;21:15:00;366;Acidente com vítima;213;BR-101/ES;Norte;Colisão Traseira;1;0;0;1;0;0;;;;;1;1;0;0;0
30/09/2015;16:49:00;306;Acidente sem Vítima;257;BR-101/ES;Sul;Colisão Traseira;2;0;0;0;0;0;;;;;2;0;0;0;0
30/09/2015;12:09:00;197;Acidente sem Vítima;259;BR-101/ES;Sul;Choque com Objeto Fixo;1;0;0;0;0;0;;;;;1;0;0;0;0
30/09/2015;19:10:00;340;Acidente com vítima;264;BR-101/ES;Norte;Colisão Lateral;0;0;0;1;1;0;;;;;2;0;1;0;0
30/09/2015;19:57:00;350;Acidente sem Vítima;266;BR-101/ES;Sul;Engavetamento;3;0;0;0;0;0;;;;;4;0;0;0;0
30/09/2015;04:03:00;41;Acidente com vítima;291;BR-101/ES;Sul;Atropelamento - Equino;0;0;0;1;0;0;;;;;0;1;0;0;0
30/09/2015;10:06:00;149;Acidente com vítima;315;BR-101/ES;Norte;Colisão Transversal;1;0;0;0;2;0;;;;;1;0;2;0;0
30/09/2015;07:00:00;67;Acidente sem Vítima;438;BR-101/ES;Sul;Colisão Traseira;1;0;0;0;3;0;;;;;2;0;0;0;0
01/10/2015;15:24:00;216;Acidente sem Vítima;129;BR-101/ES;Norte;Colisão Traseira;1;0;2;0;0;0;;;;;2;0;0;0;0
01/10/2015;13:31:00;179;Acidente com vítima;147;BR-101/ES;Sul;Colisão Transversal;1;0;1;0;0;0;;;;;1;2;0;0;0
01/10/2015;10:03:00;117;Acidente sem Vítima;166;BR-101/ES;Norte;Colisão Traseira;0;0;3;0;0;0;;;;;4;0;0;0;0
01/10/2015;15:10:00;208;Acidente sem Vítima;267;BR-101/ES;Sul;Queda de Moto;0;0;0;1;0;0;;;;;1;0;0;0;0
01/10/2015;19:30:00;275 - TRECHO CONTORNO;Acidente sem Vítima;270;BR-101/ES;Sul;Colisão Lateral;2;0;1;0;0;0;;;;;4;0;0;0;0
01/10/2015;05:45:00;57 - TRECHO CONTORNO;Acidente sem Vítima;271;BR-101/ES;Norte;Colisão Traseira;2;0;0;0;0;0;;;;;3;0;0;0;0
01/10/2015;06:57:00;67 - TRECHO CONTORNO;Acidente com vítima;280;BR-101/ES;Sul;Choque com Objeto Fixo;0;0;0;0;1;0;;;;;0;0;1;1;0
01/10/2015;01:31:00;14;Acidente sem Vítima;304;BR-101/ES;Sul;Veículo em Chamas;0;0;3;0;0;0;;;;;1;0;0;0;0
01/10/2015;12:36:00;161;Acidente sem Vítima;372,5;BR-101/ES;Sul;Colisão Lateral;1;0;0;1;0;0;;;;;2;0;0;0;0
02/10/2015;16:06:00;214;Acidente com vítima;130;BR-101/ES;Sul;Colisão Traseira;1;0;0;1;0;0;;;;;2;1;0;0;0
02/10/2015;20:21:00;279;Acidente com vítima;162;BR-101/ES;Sul;Colisão Lateral;1;0;1;0;0;0;;;;;4;0;1;0;0
02/10/2015;14:34:00;194;Acidente sem Vítima;187;BR-101/ES;Sul;Colisão Transversal;1;0;1;0;0;0;;;;;3;0;0;0;0
02/10/2015;14:08:00;189;Acidente sem Vítima;244;BR-101/ES;Sul;Veículo em Chamas;1;0;0;0;0;0;;;;;1;0;0;0;0
02/10/2015;10:41:00;127;Acidente sem Vítima;254,5;BR-101/ES;Sul;Colisão Traseira;1;0;1;0;0;0;;;;;2;0;0;0;0
02/10/2015;08:11:00;86 - TRECHO CONTORNO;Acidente sem Vítima;296;BR-101/ES;Norte;Colisão Lateral;1;0;2;0;0;0;;;;;3;0;0;0;0
02/10/2015;15:12:00;204;Acidente com Morte;421;BR-101/ES;Sul;Colisão Transversal;1;0;2;2;0;0;;;;;2;0;0;2;2
03/10/2015;18:12:00;274;Acidente com vítima;69;BR-101/ES;Norte;Colisão Traseira;2;0;0;0;0;0;;;;;2;2;0;0;0
03/10/2015;18:17:00;277;Acidente com vítima;132;BR-101/ES;Norte;Queda de Moto;0;0;0;1;0;0;;;;;0;2;0;0;0
03/10/2015;22:13:00;325;Acidente com vítima;137;BR-101/ES;Sul;Colisão Lateral;1;1;0;0;0;0;;;;;1;0;1;0;0
03/10/2015;23:09:00;334;Acidente com vítima;146;BR-101/ES;Norte;Colisão Lateral;0;1;0;0;1;0;;;;;1;0;1;0;0
03/10/2015;23:01:00;333;Acidente sem Vítima;160;BR-101/ES;Norte;Atropelamento - Equino;1;0;0;0;0;0;;;;;1;0;0;0;0
03/10/2015;12:37:00;169;Acidente com vítima;162;BR-101/ES;Norte;Capotamento;1;0;0;0;0;0;;;;;0;1;0;1;0
03/10/2015;20:22:00;306 - TRECHO CONTORNO;Acidente sem Vítima;278;BR-101/ES;Norte;Capotamento;1;0;0;0;0;0;;;;;1;0;0;0;0
03/10/2015;00:48:00;13;Acidente com vítima;412;BR-101/ES;Sul;Queda de Moto;0;0;0;1;0;0;;;;;1;1;0;0;0
03/10/2015;01:52:00;22;Acidente com Morte;939,4;BR-101/BA;Sul;Colisão Frontal;2;0;0;0;0;0;;;;;0;0;5;0;2
04/10/2015;12:00:00;156;Acidente com vítima;117;BR-101/ES;Sul;Queda de Moto;0;0;0;1;0;0;;;;;0;1;0;0;0
04/10/2015;17:30:00;244;Acidente sem Vítima;145;BR-101/ES;Sul;Colisão Traseira;2;0;0;0;0;0;;;;;4;0;0;0;0
04/10/2015;13:51:00;190;Acidente sem Vítima;174;BR-101/ES;Norte;Choque;1;0;0;0;0;0;;;;;4;0;0;0;0
04/10/2015;19:01:00;264;Acidente sem Vítima;229;BR-101/ES;Norte;Colisão Traseira;1;0;0;1;0;0;;;;;3;0;0;0;0
04/10/2015;07:29:00;74;Acidente sem Vítima;245;BR-101/ES;Norte;Choque com Objeto Fixo;1;0;0;0;0;0;;;;;3;0;0;0;0
04/10/2015;16:56:00;233;Acidente sem Vítima;254;BR-101/ES;Sul;Engavetamento;3;0;0;0;0;0;;;;;5;0;0;0;0
04/10/2015;16:31:00;226;Acidente sem Vítima;255;BR-101/ES;Sul;Colisão Transversal;1;0;0;1;0;0;;;;;2;0;0;0;0
04/10/2015;09:26:00;105;Acidente com vítima;261;BR-101/ES;Sul;Saída de Pista;0;0;0;1;0;0;;;;;0;0;1;0;0
04/10/2015;15:36:00;209 - TRECHO CONTORNO;Acidente com vítima;276;BR-101/ES;Sul;Queda de Moto;1;0;0;0;0;0;;;;;1;0;1;0;0
04/10/2015;03:44:00;43 - TRECHO CONTORNO;Acidente sem Vítima;286;BR-101/ES;Sul;Choque com Objeto Fixo;1;0;0;0;0;0;;;;;1;0;0;0;0
04/10/2015;20:05:00;276 - TRECHO CONTORNO;Acidente sem Vítima;290;BR-101/ES;Norte;Choque;1;0;2;0;0;0;;;;;2;0;0;0;0
04/10/2015;00:36:00;5 - TRECHO CONTORNO;Acidente com vítima;296;BR-101/ES;Norte;Choque com Objeto Fixo;1;0;0;0;0;0;;;;;0;0;0;1;0
04/10/2015;15:16:00;203;Acidente sem Vítima;305;BR-101/ES;Norte;Tombamento;0;0;3;0;0;0;;;;;1;0;0;0;0
04/10/2015;23:27:00;299;Acidente sem Vítima;406;BR-101/ES;Norte;Saída de Pista;1;0;0;0;0;0;;;;;3;0;0;0;0
05/10/2015;15:43:00;193;Acidente sem Vítima;244;BR-101/ES;Sul;Colisão Lateral;1;0;1;0;0;0;;;;;5;0;0;0;0
05/10/2015;15:37:00;189;Acidente sem Vítima;247;BR-101/ES;Sul;Choque com Veículo Estacionado;0;0;2;0;0;0;;;;;2;0;0;0;0
05/10/2015;08:15:00;66;Acidente sem Vítima;267;BR-101/ES;Norte;Colisão Traseira;1;0;0;1;0;0;;;;;2;0;0;0;0
05/10/2015;11:54:00;123;Acidente sem Vítima;268;BR-101/ES;Norte;Colisão Traseira;0;0;4;0;0;0;;;;;3;0;0;0;0
05/10/2015;09:02:00;75;Acidente sem Vítima;298;BR-101/ES;Norte;Colisão Traseira;0;0;2;0;1;0;;;;;2;0;0;0;0
05/10/2015;13:57:00;162;Acidente sem Vítima;298,5;BR-101/ES;Sul;Colisão Lateral;2;0;0;0;0;0;;;;;2;0;0;0;0
05/10/2015;11:31:00;117;Acidente sem Vítima;376;BR-101/ES;Sul;Colisão Transversal;2;0;0;0;0;0;;;;;2;0;0;0;0
05/10/2015;10:05:00;96;Acidente sem Vítima;448;BR-101/ES;Sul;Saída de Pista;1;0;0;0;0;0;;;;;3;0;0;0;0
06/10/2015;21:10:00;259;Acidente sem Vítima;50;BR-101/ES;Norte;Veículo em Chamas;0;0;1;0;0;0;;;;;1;0;0;0;0
06/10/2015;18:11:00;229;Atropelamento sem Morte;142;BR-101/ES;Sul;Atropelamento;1;0;0;0;0;0;;;;;1;1;0;0;0
06/10/2015;10:30:00;104;Acidente com vítima;147;BR-101/ES;Norte;Queda de ciclista;0;1;0;0;0;0;;;;;0;1;0;0;0
06/10/2015;10:52:00;111;Atropelamento sem Morte;149;BR-101/ES;Norte;Atropelamento;0;0;1;0;0;0;;;;;2;0;0;1;0
06/10/2015;10:16:00;99;Acidente sem Vítima;267;BR-101/ES;Sul;Colisão Traseira;2;0;0;0;0;0;;;;;2;0;0;0;0
06/10/2015;10:18:00;101 - TRECHO CONTORNO;Acidente sem Vítima;281;BR-101/ES;Norte;Capotamento;1;0;0;0;0;0;;;;;2;0;0;0;0
06/10/2015;16:50:00;212 - TRECHO CONTORNO;Acidente com vítima;282;BR-101/ES;Sul;Queda de Moto;0;0;0;1;0;0;;;;;0;1;0;0;0
06/10/2015;02:17:00;18;Acidente com vítima;352;BR-101/ES;Norte;Tombamento;0;0;2;0;0;0;;;;;0;1;1;0;0
07/10/2015;06:27:00;64;Acidente sem Vítima;65;BR-101/ES;Norte;Colisão Lateral;1;0;1;0;0;0;;;;;2;0;0;0;0
07/10/2015;20:13:00;312;Acidente com vítima;130;BR-101/ES;Sul;Veículo em Chamas;1;0;0;0;0;0;;;;;0;1;0;0;0
07/10/2015;09:09:00;114;Acidente com vítima;147;BR-101/ES;Sul;Colisão Traseira;0;0;1;0;1;0;;;;;2;1;0;0;0
07/10/2015;22:27:00;342;Acidente com vítima;152;BR-101/ES;Sul;Colisão Transversal;2;0;0;0;0;0;;;;;2;1;0;0;0
07/10/2015;10:43:00;147;Acidente sem Vítima;264;BR-101/ES;Norte;Colisão Traseira;1;0;1;0;0;0;;;;;2;0;0;0;0
07/10/2015;21:54:00;335;Acidente sem Vítima;264;BR-101/ES;Sul;Colisão Traseira;2;0;0;0;0;0;;;;;4;0;0;0;0
07/10/2015;15:44:00;245;Acidente sem Vítima;269;BR-101/ES;Norte;Colisão Lateral;1;0;2;0;0;0;;;;;2;0;0;0;0
07/10/2015;22:49:00;344;Acidente com vítima;298;BR-101/ES;Sul;Colisão Transversal;2;0;0;0;0;0;;;;;1;0;1;0;0
07/10/2015;11:02:00;153;Acidente com vítima;370;BR-101/ES;Sul;Choque;1;0;3;0;0;0;;;;;1;2;0;0;0
08/10/2015;18:45:00;329;Acidente sem Vítima;46;BR-101/ES;Sul;Colisão Traseira;1;0;1;0;0;0;;;;;3;0;0;0;0
08/10/2015;10:14:00;151;Acidente sem Vítima;230,8;BR-101/ES;Sul;Saída de Pista;1;0;0;0;0;0;;;;;1;0;0;0;0
08/10/2015;15:37:00;279;Acidente sem Vítima;262;BR-101/ES;Norte;Colisão Traseira;0;0;1;0;1;0;;;;;2;0;0;0;0
08/10/2015;08:18:00;104;Acidente sem Vítima;269;BR-101/ES;Norte;Colisão Traseira;2;0;0;0;0;0;;;;;2;0;0;0;0
08/10/2015;19:16:00;341 - TRECHO CONTORNO;Acidente com vítima;271;BR-101/ES;Norte;Queda de Moto;0;0;0;1;0;0;;;;;0;0;2;0;0
08/10/2015;20:39:00;359 - TRECHO CONTORNO;Acidente sem Vítima;271;BR-101/ES;Sul;Colisão Traseira;1;0;2;0;0;0;;;;;2;0;0;0;0
08/10/2015;01:08:00;19 - TRECHO CONTORNO;Acidente sem Vítima;288;BR-101/ES;Norte;Saída de Pista;1;0;1;0;0;0;;;;;1;0;0;0;0
08/10/2015;15:07:00;270;Acidente sem Vítima;347;BR-101/ES;Sul;Engavetamento;3;0;0;0;0;0;;;;;6;0;0;0;0
08/10/2015;07:15:00;74;Acidente sem Vítima;452;BR-101/ES;Sul;Colisão Traseira;0;0;3;0;0;0;;;;;2;0;0;0;0
09/10/2015;06:33:00;69;Acidente com vítima;145;BR-101/ES;Norte;Colisão Traseira;1;0;0;1;0;0;;;;;1;1;0;0;0
09/10/2015;19:19:00;304;Acidente com vítima;212;BR-101/ES;Sul;Queda de Moto;1;0;0;0;0;0;;;;;0;1;0;0;0
09/10/2015;02:11:00;33;Acidente com vítima;256;BR-101/ES;Sul;Queda de ciclista;0;1;0;0;0;0;;;;;0;1;0;0;0
09/10/2015;21:50:00;341;Acidente com vítima;259;BR-101/ES;Sul;Queda de Moto;0;0;0;1;0;0;;;;;0;0;1;0;0
09/10/2015;20:30:00;318;Acidente sem Vítima;266;BR-101/ES;Norte;Tombamento;0;0;2;0;0;0;;;;;1;0;0;0;0
09/10/2015;14:30:00;216 - TRECHO CONTORNO;Acidente com vítima;272;BR-101/ES;Sul;Choque com Objeto Fixo;1;0;0;0;0;0;;;;;1;1;0;0;0
09/10/2015;19:50:00;311 - TRECHO CONTORNO;Acidente sem Vítima;283;BR-101/ES;Sul;Saída de Pista;1;0;0;0;0;0;;;;;2;0;0;0;0
09/10/2015;07:50:00;95 - TRECHO CONTORNO;Acidente sem Vítima;290;BR-101/ES;Norte;Colisão Lateral;1;0;1;0;0;0;;;;;4;0;0;0;0
09/10/2015;21:00:00;324;Acidente com vítima;297;BR-101/ES;Norte;Colisão Lateral;1;0;0;1;0;0;;;;;1;1;0;0;0
09/10/2015;15:11:00;231;Acidente com Morte;297,5;BR-101/ES;Sul;Colisão Lateral;0;0;2;1;0;0;;;;;1;0;0;0;1
09/10/2015;16:10:00;248;Acidente sem Vítima;298;BR-101/ES;Norte;Colisão Traseira;3;0;0;0;0;0;;;;;3;0;0;0;0
09/10/2015;18:47:00;295;Acidente sem Vítima;298;BR-101/ES;Sul;Colisão Lateral;1;0;2;0;0;0;;;;;2;0;0;0;0
10/10/2015;15:33:00;265;Acidente com vítima;128,9;BR-101/ES;Sul;Queda de Moto;0;0;0;1;0;0;;;;;0;0;0;1;0
10/10/2015;10:26:00;152;Acidente sem Vítima;151;BR-101/ES;Norte;Colisão Traseira;2;0;0;0;0;0;;;;;3;0;0;0;0
10/10/2015;02:02:00;32;Acidente sem Vítima;219;BR-101/ES;Sul;Saída de Pista;1;0;0;0;0;0;;;;;2;0;0;0;0
10/10/2015;11:55:00;189;Acidente com vítima;264;BR-101/ES;Norte;Colisão;1;1;0;0;0;0;;;;;1;1;0;0;0
10/10/2015;05:34:00;73;Acidente sem Vítima;269;BR-101/ES;Sul;Colisão Traseira;2;0;0;0;0;0;;;;;2;0;0;0;0
10/10/2015;20:56:00;344 - TRECHO CONTORNO;Acidente sem Vítima;295;BR-101/ES;Sul;Colisão Traseira;2;0;0;0;0;0;;;;;2;0;0;0;0
10/10/2015;20:49:00;341;Acidente sem Vítima;337;BR-101/ES;Norte;Colisão Frontal;2;0;0;0;0;0;;;;;6;0;0;0;0
10/10/2015;14:15:00;251;Acidente com vítima;340;BR-101/ES;Sul;Colisão Frontal;2;0;0;0;0;0;;;;;0;0;0;5;0
10/10/2015;09:18:00;128;Acidente com vítima;398;BR-101/ES;Sul;Colisão Transversal;1;0;1;0;0;0;;;;;0;2;0;0;0
10/10/2015;01:58:00;31;Acidente com Morte;441;BR-101/ES;Sul;Colisão Lateral;0;0;0;1;0;0;;;;;0;0;0;0;1
10/10/2015;13:37:00;237;Acidente com vítima;442;BR-101/ES;Norte;Queda de Moto;0;0;0;1;0;0;;;;;0;1;0;0;0
11/10/2015;21:44:00;322;Acidente com vítima;17;BR-101/ES;Sul;Queda de ciclista;0;1;0;0;0;0;;;;;0;1;0;0;0
11/10/2015;16:15:00;245;Acidente com vítima;18;BR-101/ES;Norte;Colisão;0;1;0;1;0;0;;;;;1;1;0;0;0
11/10/2015;04:41:00;60;Acidente sem Vítima;123;BR-101/ES;Sul;Colisão Lateral;1;0;3;0;0;0;;;;;2;0;0;0;0
11/10/2015;00:55:00;18;Acidente com vítima;147;BR-101/ES;Norte;Colisão Transversal;2;0;0;0;0;0;;;;;1;0;1;0;0
11/10/2015;12:15:00;173;Acidente com vítima;147;BR-101/ES;Norte;Colisão Lateral;1;0;0;1;0;0;;;;;5;2;0;0;0
11/10/2015;09:31:00;113;Acidente sem Vítima;172;BR-101/ES;Norte;Colisão Traseira;0;0;6;0;0;0;;;;;2;0;0;0;0
11/10/2015;19:01:00;284;Acidente sem Vítima;244;BR-101/ES;Sul;Saída de Pista;1;0;0;0;0;0;;;;;3;0;0;0;0
11/10/2015;15:46:00;236;Acidente sem Vítima;266;BR-101/ES;Norte;Colisão Traseira;2;0;0;0;0;0;;;;;4;0;0;0;0
11/10/2015;21:15:00;314;Acidente sem Vítima;309;BR-101/ES;Sul;Colisão Traseira;2;0;0;0;0;0;;;;;2;0;0;0;0
12/10/2015;12:50:00;162;Acidente sem Vítima;66;BR-101/ES;Sul;Colisão Traseira;2;0;0;0;0;0;;;;;2;0;0;0;0
12/10/2015;14:15:00;197;Acidente sem Vítima;120;BR-101/ES;Sul;Colisão Traseira;1;0;0;1;0;0;;;;;4;0;0;0;0
12/10/2015;06:30:00;50;Acidente sem Vítima;139;BR-101/ES;Sul;Colisão Traseira;2;0;0;0;0;0;;;;;5;0;0;0;0
12/10/2015;16:54:00;250;Acidente sem Vítima;204;BR-101/ES;Sul;Engavetamento;3;0;0;0;0;0;;;;;10;0;0;0;0
12/10/2015;13:26:00;178;Acidente sem Vítima;234;BR-101/ES;Norte;Choque;1;0;2;0;0;0;;;;;5;0;0;0;0
12/10/2015;16:36:00;245;Acidente com vítima;253;BR-101/ES;Sul;Engavetamento;3;0;0;0;0;0;;;;;5;1;0;0;0
12/10/2015;20:27:00;319;Acidente sem Vítima;253;BR-101/ES;Sul;Engavetamento;2;0;1;0;0;0;;;;;8;0;0;0;0
12/10/2015;19:14:00;300;Acidente com vítima;263;BR-101/ES;Sul;Colisão Traseira;2;0;0;0;0;0;;;;;2;0;1;0;0
12/10/2015;18:17:00;283;Acidente sem Vítima;269;BR-101/ES;Sul;Colisão Lateral;1;0;1;0;0;0;;;;;3;0;0;0;0
12/10/2015;10:58:00;112 - TRECHO CONTORNO;Acidente com vítima;293;BR-101/ES;Sul;Queda de Moto;0;0;0;1;0;0;;;;;0;0;1;0;0
12/10/2015;17:42:00;271 - TRECHO CONTORNO;Acidente sem Vítima;294;BR-101/ES;Sul;Choque com Objeto Fixo;1;0;0;0;0;0;;;;;1;0;0;0;0
12/10/2015;19:08:00;297;Acidente sem Vítima;398;BR-101/ES;Norte;Colisão Traseira;1;0;2;0;0;0;;;;;5;0;0;0;0
13/10/2015;15:46:00;258;Acidente com vítima;67;BR-101/ES;Sul;Engavetamento;4;0;0;0;0;0;;;;;3;1;0;0;0
13/10/2015;18:02:00;302;Acidente sem Vítima;149;BR-101/ES;Sul;Colisão Transversal;1;0;1;0;0;0;;;;;4;0;0;0;0
13/10/2015;08:28:00;99;Acidente sem Vítima;237;BR-101/ES;Sul;Colisão Traseira;3;0;0;0;0;0;;;;;5;0;0;0;0
13/10/2015;18:52:00;317;Acidente com vítima;265;BR-101/ES;Sul;Colisão Traseira;1;0;0;0;1;0;;;;;3;1;0;0;0
13/10/2015;11:51:00;177 - TRECHO CONTORNO;Acidente sem Vítima;271;BR-101/ES;Norte;Colisão Traseira;2;0;0;0;0;0;;;;;3;0;0;0;0
13/10/2015;21:17:00;339 - TRECHO CONTORNO;Acidente sem Vítima;292;BR-101/ES;Sul;Choque com Objeto Fixo;1;0;0;0;0;0;;;;;1;0;0;0;0
13/10/2015;21:57:00;345;Acidente com vítima;298;BR-101/ES;Sul;Colisão Traseira;1;0;0;1;0;0;;;;;1;1;0;0;0
13/10/2015;08:12:00;93;Acidente sem Vítima;308;BR-101/ES;Norte;Saída de Pista;2;0;0;0;0;0;;;;;1;0;0;0;0
13/10/2015;03:59:00;40;Acidente sem Vítima;355;BR-101/ES;Norte;Saída de Pista;0;0;1;0;0;0;;;;;2;0;0;0;0
13/10/2015;11:49:00;176;Acidente sem Vítima;385;BR-101/ES;Sul;Saída de Pista;1;0;0;0;0;0;;;;;1;0;0;0;0
13/10/2015;05:01:00;46;Acidente sem Vítima;417;BR-101/ES;Sul;Atropelamento - Bovino;0;0;2;0;0;0;;;;;1;0;0;0;0
13/10/2015;16:12:00;270;Acidente com vítima;432;BR-101/ES;Norte;Queda de Moto;0;0;0;1;0;0;;;;;0;1;0;0;0
13/10/2015;12:42:00;196;Acidente sem Vítima;947;BR-101/BA;Norte;Veículo em Chamas;0;0;2;0;0;0;;;;;1;0;0;0;0
14/10/2015;19:10:00;301;Acidente com vítima;61;BR-101/ES;Norte;Colisão Lateral;1;0;1;0;0;0;;;;;2;0;1;0;0
14/10/2015;21:46:00;336;Acidente sem Vítima;238;BR-101/ES;Norte;Colisão Traseira;2;0;0;0;0;0;;;;;2;0;0;0;0
14/10/2015;14:57:00;247;Acidente sem Vítima;242;BR-101/ES;Norte;Queda de Moto;0;0;0;1;0;0;;;;;1;0;0;0;0
14/10/2015;19:14:00;302;Acidente sem Vítima;249,6;BR-101/ES;Norte;Colisão Traseira;2;0;0;0;0;0;;;;;3;0;0;0;0
14/10/2015;15:44:00;257;Atropelamento sem Morte;264,5;BR-101/ES;Sul;Atropelamento;1;0;0;0;0;0;;;;;1;1;1;0;0
14/10/2015;08:53:00;128 - TRECHO CONTORNO;Acidente com vítima;292;BR-101/ES;Sul;Queda de Moto;0;0;0;1;0;0;;;;;1;1;0;0;0
14/10/2015;11:05:00;169;Acidente sem Vítima;312;BR-101/ES;Sul;Colisão Traseira;0;0;3;0;0;0;;;;;3;0;0;0;0
15/10/2015;11:56:00;181;Acidente com vítima;213;BR-101/ES;Norte;Colisão Transversal;1;0;0;1;0;0;;;;;2;0;1;0;0
15/10/2015;07:22:00;77;Acidente sem Vítima;258;BR-101/ES;Norte;Colisão Lateral;1;0;2;0;0;0;;;;;2;0;0;0;0