data;horario;n_da_ocorrencia;tipo_de_ocorrencia;km;trecho;sentido;tipo_de_acidente;automovel;bicicleta;caminhao;moto;onibus;outros;tracao_animal;transporte_de_cargas_especiais;trator_maquinas;utilitarios;ilesos;levemente_feridos;moderadamente_feridos;gravemente_feridos;mortos
15/10/2015;19:50:00;321 - TRECHO CONTORNO;Acidente sem Vítima;270;BR-101/ES;Norte;Colisão Traseira;2;0;0;0;0;0;;;;;2;0;0;0;0
15/10/2015;08:43:00;105 - TRECHO CONTORNO;Acidente com vítima;271;BR-101/ES;Norte;Colisão;1;1;0;0;0;0;;;;;2;0;1;0;0
15/10/2015;15:58:00;257 - TRECHO CONTORNO;Acidente com vítima;274;BR-101/ES;Norte;Colisão Traseira;1;0;1;0;0;0;;;;;2;0;2;0;0
15/10/2015;17:28:00;291;Acidente com vítima;409;BR-101/ES;Norte;Queda de Moto;0;0;0;1;0;0;;;;;0;0;1;0;0
16/10/2015;15:14:00;234;Acidente sem Vítima;61;BR-101/ES;Sul;Colisão Traseira;2;0;0;0;0;0;;;;;3;0;0;0;0
16/10/2015;10:12:00;141;Acidente sem Vítima;134;BR-101/ES;Norte;Saída de Pista;1;0;0;0;0;0;;;;;1;0;0;0;0
16/10/2015;00:14:00;3;Acidente sem Vítima;181,5;BR-101/ES;Sul;Saída de Pista;1;0;0;0;0;0;;;;;3;0;0;0;0
16/10/2015;09:55:00;138;Acidente sem Vítima;301;BR-101/ES;Norte;Engavetamento;3;0;0;0;0;0;;;;;4;0;0;0;0
16/10/2015;12:41:00;184;Acidente com vítima;351;BR-101/ES;Sul;Colisão Frontal;1;0;1;0;0;0;;;;;1;0;2;1;0
16/10/2015;05:16:00;49;Acidente sem Vítima;365;BR-101/ES;Sul;Colisão Lateral;1;0;3;0;0;0;;;;;2;0;0;0;0
16/10/2015;17:10:00;271;Acidente com vítima;380;BR-101/ES;Norte;Colisão Transversal;0;0;1;1;0;0;;;;;1;1;0;0;0
17/10/2015;18:57:00;254;Acidente com vítima;17,9;BR-101/ES;Sul;Tombamento;0;0;2;0;0;0;;;;;0;1;0;0;0
17/10/2015;14:04:00;174;Acidente com vítima;184;BR-101/ES;Sul;Colisão Frontal;3;0;0;0;0;0;;;;;2;3;0;0;0
17/10/2015;21:34:00;287;Acidente com vítima;209;BR-101/ES;Sul;Queda de Moto;0;0;0;1;0;0;;;;;0;1;0;0;0
17/10/2015;09:48:00;104;Acidente com vítima;238;BR-101/ES;Norte;Colisão Lateral;2;0;0;0;0;0;;;;;2;1;1;0;0
17/10/2015;14:39:00;186;Acidente com vítima;266;BR-101/ES;Norte;Colisão Transversal;0;0;0;2;0;0;;;;;0;0;2;0;0
17/10/2015;05:17:00;51;Acidente com vítima;335;BR-101/ES;Norte;Tombamento;0;0;2;0;0;0;;;;;1;1;1;0;0
17/10/2015;16:28:00;215;Acidente sem Vítima;369;BR-101/ES;Sul;Saída de Pista;1;0;0;0;0;0;;;;;2;0;0;0;0
17/10/2015;10:21:00;110;Acidente com vítima;386;BR-101/ES;Norte;Saída de Pista;0;0;0;1;0;0;;;;;0;1;0;0;0
17/10/2015;19:56:00;263;Acidente com vítima;394;BR-101/ES;Norte;Queda de Moto;0;0;0;1;0;0;;;;;0;1;0;0;0
18/10/2015;08:50:00;66;Acidente sem Vítima;65,8;BR-101/ES;Sul;Colisão Traseira;0;0;1;1;0;0;;;;;3;0;0;0;0
18/10/2015;04:57:00;41;Acidente sem Vítima;100;BR-101/ES;Norte;Saída de Pista;1;0;0;0;0;0;;;;;1;0;0;0;0
18/10/2015;18:16:00;186;Acidente sem Vítima;124;BR-101/ES;Sul;Queda de ciclista;0;1;0;0;0;0;;;;;1;0;0;0;0
18/10/2015;06:08:00;47;Acidente sem Vítima;148;BR-101/ES;Norte;Choque com Objeto Fixo;1;0;0;0;0;0;;;;;2;0;0;0;0
18/10/2015;20:58:00;213;Acidente com vítima;213;BR-101/ES;Sul;Colisão Frontal;1;0;0;1;0;0;;;;;1;0;0;1;0
18/10/2015;19:43:00;202;Acidente com vítima;214;BR-101/ES;Norte;Queda de Moto;1;0;0;0;0;0;;;;;0;0;1;1;0
18/10/2015;15:57:00;158;Acidente sem Vítima;253;BR-101/ES;Sul;Colisão Traseira;2;0;0;0;0;0;;;;;4;0;0;0;0
18/10/2015;20:49:00;211;Acidente sem Vítima;267;BR-101/ES;Sul;Colisão Traseira;2;0;0;0;0;0;;;;;2;0;0;0;0
18/10/2015;12:47:00;118;Acidente sem Vítima;352;BR-101/ES;Sul;Capotamento;1;0;0;0;0;0;;;;;1;0;0;0;0
18/10/2015;09:24:00;75;Acidente com vítima;369;BR-101/ES;Sul;Queda de Moto;0;0;0;1;0;0;;;;;0;2;0;0;0
18/10/2015;23:47:00;242;Acidente sem Vítima;399;BR-101/ES;Sul;Colisão Traseira;0;0;6;0;0;0;;;;;2;0;0;0;0
19/10/2015;18:25:00;292;Acidente com vítima;8;BR-101/ES;Norte;Queda de Moto;0;0;0;1;0;0;;;;;0;0;2;0;0
19/10/2015;06:34:00;55;Acidente sem Vítima;85;BR-101/ES;Norte;Colisão Traseira;2;0;0;0;0;0;;;;;7;0;0;0;0
19/10/2015;13:09:00;193;Acidente com vítima;146;BR-101/ES;Sul;Queda de Moto;0;0;0;1;0;0;;;;;0;1;0;0;0
19/10/2015;19:29:00;301;Acidente com vítima;147;BR-101/ES;Sul;Colisão Transversal;1;0;0;1;0;0;;;;;1;1;0;0;0
19/10/2015;17:09:00;268;Acidente com vítima;181;BR-101/ES;Norte;Queda de Moto;0;0;0;1;0;0;;;;;1;1;0;0;0
19/10/2015;16:59:00;264;Acidente sem Vítima;216;BR-101/ES;Norte;Saída de Pista;1;0;0;0;0;0;;;;;3;0;0;0;0
19/10/2015;12:03:00;169;Acidente sem Vítima;243;BR-101/ES;Norte;Queda de Moto;0;0;0;1;0;0;;;;;2;0;0;0;0
19/10/2015;12:22:00;176;Acidente com vítima;245;BR-101/ES;Norte;Colisão Traseira;1;0;2;0;0;0;;;;;1;0;2;0;0
19/10/2015;18:20:00;289;Acidente sem Vítima;255;BR-101/ES;Sul;Colisão Transversal;1;0;1;0;0;0;;;;;2;0;0;0;0
19/10/2015;15:38:00;238;Acidente sem Vítima;264;BR-101/ES;Norte;Colisão Traseira;1;0;1;0;0;0;;;;;2;0;0;0;0
19/10/2015;01:40:00;16;Acidente sem Vítima;265;BR-101/ES;Norte;Saída de Pista;1;0;0;0;0;0;;;;;1;0;0;0;0
19/10/2015;08:26:00;94;Acidente sem Vítima;266;BR-101/ES;Sul;Colisão Traseira;2;0;0;0;0;0;;;;;4;0;0;0;0
19/10/2015;17:14:00;271;Acidente sem Vítima;266;BR-101/ES;Norte;Colisão Lateral;2;0;1;0;0;0;;;;;4;0;0;0;0
19/10/2015;08:20:00;93;Acidente com vítima;267,5;BR-101/ES;Sul;Colisão Lateral;0;0;2;1;0;0;;;;;2;1;0;0;0
19/10/2015;17:46:00;282 - TRECHO CONTORNO;Acidente sem Vítima;270;BR-101/ES;Norte;Saída de Pista;1;0;0;0;0;0;;;;;1;0;0;0;0
19/10/2015;11:18:00;153 - TRECHO CONTORNO;Acidente sem Vítima;270,5;BR-101/ES;Sul;Colisão Traseira;2;0;0;0;0;0;;;;;3;0;0;0;0
19/10/2015;12:53:00;187 - TRECHO CONTORNO;Acidente sem Vítima;272;BR-101/ES;Norte;Colisão Traseira;2;0;0;0;0;0;;;;;2;0;0;0;0
19/10/2015;11:46:00;163 - TRECHO CONTORNO;Acidente com vítima;280;BR-101/ES;Sul;Colisão Frontal;1;0;0;1;0;0;;;;;1;0;1;0;0
19/10/2015;08:35:00;103 - TRECHO CONTORNO;Acidente com vítima;292;BR-101/ES;Sul;Saída de Pista;1;0;0;0;0;0;;;;;0;1;0;0;0
19/10/2015;22:42:00;345 - TRECHO CONTORNO;Acidente com Morte;292;BR-101/ES;Sul;Colisão Traseira;2;0;0;1;0;0;;;;;2;0;0;1;1
19/10/2015;18:07:00;288;Acidente com vítima;328;BR-101/ES;Sul;Colisão Frontal;1;0;0;0;1;0;;;;;2;0;2;0;0
19/10/2015;11:07:00;148;Acidente sem Vítima;370;BR-101/ES;Norte;Saída de Pista;0;0;2;0;0;0;;;;;2;0;0;0;0
19/10/2015;10:19:00;130;Acidente com vítima;448;BR-101/ES;Sul;Saída de Pista;1;0;0;0;0;0;;;;;0;0;1;0;0
19/10/2015;13:00:00;189;Acidente com vítima;458;BR-101/ES;Norte;Capotamento;1;0;0;0;0;0;;;;;0;2;2;0;0
19/10/2015;16:49:00;262;Acidente com vítima;459;BR-101/ES;Sul;Saída de Pista;1;0;0;0;0;0;;;;;0;1;0;0;0
20/10/2015;05:13:00;50;Acidente sem Vítima;79;BR-101/ES;Sul;Choque;1;0;4;0;0;0;;;;;4;0;0;0;0
20/10/2015;07:59:00;98;Acidente com vítima;90;BR-101/ES;Norte;Queda de Moto;0;0;0;1;0;0;;;;;1;1;0;0;0
20/10/2015;13:20:00;207;Acidente sem Vítima;142;BR-101/ES;Sul;Colisão Lateral;2;0;0;0;0;0;;;;;3;0;0;0;0
20/10/2015;17:29:00;292;Acidente com vítima;142;BR-101/ES;Norte;Colisão;0;1;0;0;1;0;;;;;1;1;0;0;0
20/10/2015;19:19:00;318;Acidente com vítima;257;BR-101/ES;Norte;Colisão Lateral;2;0;0;0;0;0;;;;;3;1;0;0;0
20/10/2015;05:59:00;61;Acidente com vítima;259;BR-101/ES;Sul;Colisão Transversal;1;0;0;1;0;0;;;;;0;0;0;1;0
20/10/2015;05:03:00;48;Acidente sem Vítima;263;BR-101/ES;Norte;Colisão Lateral;1;0;1;0;0;0;;;;;3;0;0;0;0
20/10/2015;05:44:00;55 - TRECHO CONTORNO;Acidente sem Vítima;270;BR-101/ES;Sul;Colisão Traseira;2;0;0;0;0;0;;;;;3;0;0;0;0
20/10/2015;09:56:00;144;Acidente com vítima;401;BR-101/ES;Sul;Tombamento;0;0;1;0;0;0;;;;;0;1;0;0;0
20/10/2015;04:03:00;37;Acidente com vítima;451;BR-101/ES;Sul;Tombamento;0;0;1;0;0;0;;;;;0;1;0;0;0
21/10/2015;02:11:00;25;Acidente sem Vítima;63;BR-101/ES;Sul;Atropelamento - Bovino;1;0;0;0;0;0;;;;;2;0;0;0;0
21/10/2015;06:30:00;58;Acidente com vítima;86;BR-101/ES;Norte;Colisão Traseira;1;0;0;1;0;0;;;;;3;1;0;0;0
21/10/2015;21:24:00;312;Acidente sem Vítima;261;BR-101/ES;Sul;Colisão Lateral;1;0;1;0;0;0;;;;;4;0;0;0;0
21/10/2015;10:55:00;139;Acidente com vítima;375,2;BR-101/ES;Sul;Colisão Frontal;0;0;2;0;0;0;;;;;1;1;1;0;0
22/10/2015;16:50:00;274;Acidente com vítima;67;BR-101/ES;Sul;Choque com Objeto Fixo;1;0;0;0;0;0;;;;;0;1;1;0;0
22/10/2015;12:13:00;186;Acidente com vítima;164;BR-101/ES;Norte;Colisão Transversal;1;0;0;0;1;0;;;;;3;1;0;0;0
22/10/2015;08:08:00;101;Acidente sem Vítima;166;BR-101/ES;Sul;Colisão Traseira;0;0;5;0;0;0;;;;;3;0;0;0;0
22/10/2015;00:03:00;2;Acidente com vítima;219;BR-101/ES;Norte;Queda de Moto;0;0;0;1;0;0;;;;;1;0;1;0;0
22/10/2015;17:10:00;279;Acidente com vítima;238;BR-101/ES;Sul;Choque;2;0;2;0;0;0;;;;;2;1;0;0;0
22/10/2015;16:30:00;266;Acidente sem Vítima;267;BR-101/ES;Norte;Colisão Transversal;2;0;0;0;0;0;;;;;3;0;0;0;0
22/10/2015;19:50:00;313 - TRECHO CONTORNO;Atropelamento sem Morte;270;BR-101/ES;Norte;Atropelamento e Fuga;0;0;0;0;1;0;;;;;0;0;1;0;0
22/10/2015;00:20:00;9;Acidente com vítima;312;BR-101/ES;Sul;Saída de Pista;1;0;0;0;0;0;;;;;0;0;1;0;0
22/10/2015;07:56:00;96;Acidente sem Vítima;373;BR-101/ES;Sul;Colisão Frontal;2;0;0;0;0;0;;;;;2;0;0;0;0
22/10/2015;08:52:00;117;Acidente sem Vítima;377;BR-101/ES;Sul;Colisão Traseira;1;0;1;0;0;0;;;;;4;0;0;0;0
22/10/2015;06:24:00;72;Acidente sem Vítima;383;BR-101/ES;Norte;Saída de Pista;1;0;0;0;0;0;;;;;1;0;0;0;0
23/10/2015;20:16:00;372;Acidente sem Vítima;146;BR-101/ES;Sul;Colisão Traseira;2;0;0;0;0;0;;;;;3;0;0;0;0
23/10/2015;22:33:00;405;Acidente com vítima;147;BR-101/ES;Sul;Colisão Lateral;1;0;0;1;0;0;;;;;1;1;0;0;0
23/10/2015;16:34:00;298;Acidente com vítima;259;BR-101/ES;Sul;Colisão;1;1;0;0;0;0;;;;;2;0;1;0;0
23/10/2015;23:23:00;415;Acidente com vítima;260;BR-101/ES;Sul;Colisão Frontal;2;0;0;0;0;0;;;;;0;0;2;0;0
23/10/2015;17:06:00;312;Atropelamento sem Morte;262;BR-101/ES;Norte;Atropelamento;1;0;0;0;0;0;;;;;3;0;1;0;0
23/10/2015;15:15:00;276 - TRECHO CONTORNO;Acidente sem Vítima;270;BR-101/ES;Sul;Colisão Traseira;2;0;0;0;0;0;;;;;2;0;0;0;0
23/10/2015;16:09:00;290 - TRECHO CONTORNO;Acidente sem Vítima;270;BR-101/ES;Norte;Colisão Lateral;1;0;1;0;0;0;;;;;6;0;0;0;0
23/10/2015;17:15:00;315;Acidente sem Vítima;376;BR-101/ES;Norte;Engavetamento;3;0;0;0;0;0;;;;;11;0;0;0;0
23/10/2015;20:43:00;379;Acidente com vítima;396;BR-101/ES;Sul;Colisão Transversal;1;0;0;1;0;0;;;;;1;1;0;0;0
24/10/2015;19:10:00;274;Acidente com vítima;60;BR-101/ES;Norte;Colisão Transversal;2;0;0;0;0;0;;;;;3;2;0;0;0
24/10/2015;17:01:00;251;Acidente com vítima;65;BR-101/ES;Norte;Colisão;1;1;0;0;0;0;;;;;1;1;0;1;0
24/10/2015;22:01:00;311;Acidente sem Vítima;149;BR-101/ES;Sul;Colisão Traseira;3;0;0;0;0;0;;;;;3;0;0;0;0
24/10/2015;23:46:00;325;Acidente sem Vítima;256;BR-101/ES;Sul;Colisão Traseira;2;0;0;0;0;0;;;;;6;0;0;0;0
24/10/2015;18:30:00;266;Acidente sem Vítima;258;BR-101/ES;Sul;Colisão Lateral;2;0;0;0;0;0;;;;;2;0;0;0;0
24/10/2015;21:08:00;301;Acidente sem Vítima;267;BR-101/ES;Norte;Colisão Traseira;1;0;0;1;0;0;;;;;5;0;0;0;0
24/10/2015;21:52:00;308;Acidente sem Vítima;267;BR-101/ES;Sul;Saída de Pista;1;0;0;0;0;0;;;;;1;0;0;0;0
24/10/2015;12:06:00;170 - TRECHO CONTORNO;Acidente sem Vítima;270;BR-101/ES;Sul;Colisão Lateral;1;0;4;0;0;0;;;;;2;0;0;0;0
24/10/2015;15:20:00;228;Atropelamento com Morte;304;BR-101/ES;Norte;Atropelamento;1;0;0;0;0;0;;;;;1;0;0;0;1
24/10/2015;16:13:00;240;Acidente com vítima;436;BR-101/ES;Norte;Saída de Pista;1;0;0;0;0;0;;;;;0;1;0;0;0
25/10/2015;18:41:00;219;Acidente com vítima;215;BR-101/ES;Sul;Colisão Lateral;3;0;0;0;0;0;;;;;4;2;2;0;0
25/10/2015;05:18:00;38;Acidente sem Vítima;256;BR-101/ES;Sul;Queda de ciclista;0;1;0;0;0;0;;;;;1;0;0;0;0
25/10/2015;21:42:00;253;Acidente sem Vítima;257;BR-101/ES;Sul;Colisão Traseira;2;0;0;0;0;0;;;;;2;0;0;0;0
25/10/2015;04:20:00;35;Acidente sem Vítima;258;BR-101/ES;Sul;Tombamento;0;0;1;0;0;0;;;;;1;0;0;0;0
25/10/2015;19:57:00;233;Acidente com vítima;259;BR-101/ES;Norte;Queda de Moto;0;0;0;1;0;0;;;;;0;0;0;1;0
25/10/2015;07:11:00;51;Acidente sem Vítima;269;BR-101/ES;Norte;Colisão Traseira;2;0;0;0;0;0;;;;;1;0;0;0;0
25/10/2015;19:19:00;227;Acidente com vítima;269;BR-101/ES;Norte;Colisão Traseira;2;0;0;0;0;0;;;;;2;1;0;0;0
25/10/2015;16:53:00;197 - TRECHO CONTORNO;Acidente sem Vítima;292;BR-101/ES;Sul;Capotamento;1;0;0;0;0;0;;;;;5;0;0;0;0
25/10/2015;18:47:00;222;Acidente sem Vítima;298;BR-101/ES;Sul;Colisão Traseira;2;0;0;0;0;0;;;;;2;0;0;0;0
26/10/2015;10:11:00;131;Acidente sem Vítima;77;BR-101/ES;Norte;Engavetamento;3;0;0;0;0;0;;;;;6;0;0;0;0
26/10/2015;11:25:00;157;Acidente sem Vítima;147;BR-101/ES;Norte;Colisão Transversal;1;0;1;0;0;0;;;;;2;0;0;0;0
26/10/2015;11:20:00;154;Acidente sem Vítima;237;BR-101/ES;Norte;Colisão Lateral;2;0;0;0;0;0;;;;;2;0;0;0;0
26/10/2015;11:22:00;156;Acidente sem Vítima;257;BR-101/ES;Sul;Colisão Lateral;2;0;0;0;0;0;;;;;3;0;0;0;0
26/10/2015;16:57:00;245;Atropelamento sem Morte;298;BR-101/ES;Sul;Atropelamento;1;0;0;0;0;0;;;;;1;0;0;1;0
26/10/2015;13:27:00;193;Acidente sem Vítima;341,5;BR-101/ES;Norte;Colisão Traseira;1;0;1;0;0;0;;;;;3;0;0;0;0
26/10/2015;12:49:00;184;Acidente sem Vítima;342;BR-101/ES;Norte;Saída de Pista;0;0;2;0;0;0;;;;;1;0;0;0;0
26/10/2015;17:36:00;257;Acidente sem Vítima;450;BR-101/ES;Norte;Tombamento;0;0;2;0;0;0;;;;;1;0;0;0;0
26/10/2015;02:39:00;24;Acidente sem Vítima;457;BR-101/ES;Sul;Capotamento;1;0;0;0;0;0;;;;;1;0;0;0;0
27/10/2015;06:58:00;66;Acidente sem Vítima;211;BR-101/ES;Norte;Queda de Moto;0;0;0;1;0;0;;;;;1;0;0;0;0
27/10/2015;15:06:00;223;Acidente sem Vítima;224;BR-101/ES;Norte;Saída de Pista;1;0;0;0;0;0;;;;;1;0;0;0;0
27/10/2015;17:02:00;275;Acidente sem Vítima;257;BR-101/ES;Norte;Queda de Moto;0;0;0;1;0;0;;;;;1;0;0;0;0
27/10/2015;15:32:00;242 - TRECHO CONTORNO;Acidente sem Vítima;275;BR-101/ES;Sul;Colisão Traseira;2;0;0;0;0;0;;;;;3;0;0;0;0
27/10/2015;19:30:00;311;Acidente sem Vítima;297;BR-101/ES;Sul;Engavetamento;2;0;1;0;0;0;;;;;3;0;0;0;0
27/10/2015;06:41:00;60;Acidente sem Vítima;298;BR-101/ES;Norte;Engavetamento;3;0;0;0;0;0;;;;;4;0;0;0;0
27/10/2015;12:15:00;171;Acidente sem Vítima;302;BR-101/ES;Sul;Colisão Traseira;2;0;0;0;0;0;;;;;3;0;0;0;0
27/10/2015;02:10:00;18;Acidente sem Vítima;384;BR-101/ES;Sul;Saída de Pista;1;0;0;0;0;0;;;;;1;0;0;0;0
28/10/2015;07:08:00;70;Acidente sem Vítima;67;BR-101/ES;Sul;Choque com Objeto Fixo;1;0;0;0;0;0;;;;;1;0;0;0;0
28/10/2015;12:11:00;180;Acidente com vítima;94,2;BR-101/ES;Norte;Queda de Moto;0;0;0;1;0;0;;;;;0;0;1;0;0
28/10/2015;09:09:00;111;Acidente sem Vítima;149,3;BR-101/ES;Norte;Colisão Traseira;2;0;0;0;0;0;;;;;2;0;0;0;0
28/10/2015;07:58:00;83;Acidente com vítima;186;BR-101/ES;Sul;Saída de Pista;1;0;0;0;0;0;;;;;0;1;0;0;0
28/10/2015;17:42:00;271;Acidente sem Vítima;256;BR-101/ES;Norte;Colisão Transversal;2;0;0;0;0;0;;;;;3;0;0;0;0
28/10/2015;10:22:00;141 - TRECHO CONTORNO;Acidente sem Vítima;270;BR-101/ES;Norte;Colisão Lateral;1;0;3;0;0;0;;;;;3;0;0;0;0
28/10/2015;18:31:00;281 - TRECHO CONTORNO;Acidente sem Vítima;272;BR-101/ES;Sul;Veículo em Chamas;1;0;0;0;0;0;;;;;1;0;0;0;0
28/10/2015;17:12:00;262 - TRECHO CONTORNO;Acidente com vítima;279;BR-101/ES;Norte;Queda de Moto;0;0;0;1;0;0;;;;;0;2;0;0;0
28/10/2015;19:36:00;293;Acidente com vítima;297;BR-101/ES;Sul;Colisão Traseira;1;0;0;1;0;0;;;;;0;3;0;0;0
28/10/2015;15:35:00;239;Acidente sem Vítima;331;BR-101/ES;Norte;Colisão Lateral;0;0;2;0;0;0;;;;;3;0;0;0;0
28/10/2015;03:47:00;40;Acidente com vítima;370,5;BR-101/ES;Sul;Saída de Pista;0;0;1;0;0;0;;;;;0;1;0;0;0
28/10/2015;22:39:00;320;Acidente com vítima;416;BR-101/ES;Sul;Tombamento;0;0;2;0;0;0;;;;;0;1;0;0;0
28/10/2015;19:55:00;295;Acidente sem Vítima;448;BR-101/ES;Norte;Saída de Pista;1;0;0;0;0;0;;;;;1;0;0;0;0
28/10/2015;07:04:00;66;Acidente sem Vítima;450;BR-101/ES;Sul;Colisão Lateral;1;0;1;0;0;0;;;;;2;0;0;0;0
28/10/2015;04:37:00;45;Acidente sem Vítima;457;BR-101/ES;Sul;Capotamento;1;0;0;0;0;0;;;;;1;0;0;0;0
29/10/2015;13:28:00;172;Acidente sem Vítima;107;BR-101/ES;Norte;Choque com Objeto Fixo;1;0;0;0;0;0;;;;;1;0;0;0;0
29/10/2015;08:04:00;69;Acidente sem Vítima;146;BR-101/ES;Sul;Choque com Objeto Fixo;1;0;0;0;0;0;;;;;1;0;0;0;0
29/10/2015;23:52:00;315;Acidente com vítima;177;BR-101/ES;Sul;Queda de Moto;0;0;0;1;0;0;;;;;0;1;0;0;0
29/10/2015;09:56:00;112;Acidente com vítima;258;BR-101/ES;Norte;Capotamento;1;0;0;0;0;0;;;;;0;0;1;0;0
29/10/2015;09:14:00;100;Atropelamento sem Morte;268;BR-101/ES;Sul;Atropelamento;0;0;1;0;0;0;;;;;1;1;0;0;0
29/10/2015;08:16:00;73 - TRECHO CONTORNO;Acidente sem Vítima;292;BR-101/ES;Norte;Choque com Objeto Fixo;1;0;0;0;0;0;;;;;1;0;0;0;0
29/10/2015;06:21:00;48;Acidente sem Vítima;297;BR-101/ES;Norte;Engavetamento;2;0;3;0;1;0;;;;;6;0;0;0;0
29/10/2015;16:08:00;221;Acidente sem Vítima;298;BR-101/ES;Sul;Colisão Traseira;1;0;1;0;0;0;;;;;5;0;0;0;0
29/10/2015;14:09:00;189;Acidente sem Vítima;430;BR-101/ES;Norte;Saída de Pista;1;0;0;0;0;0;;;;;1;0;0;0;0
29/10/2015;11:29:00;136;Acidente sem Vítima;450;BR-101/ES;Sul;Saída de Pista;0;0;1;0;0;0;;;;;2;0;0;0;0
30/10/2015;15:23:00;230;Acidente com vítima;65;BR-101/ES;Norte;Colisão Transversal;2;0;0;0;0;0;;;;;5;3;1;0;0
30/10/2015;21:01:00;313;Acidente com Morte;118,9;BR-101/ES;Sul;Colisão Frontal;2;0;0;1;0;0;;;;;0;1;1;0;2
30/10/2015;08:26:00;106;Acidente sem Vítima;141;BR-101/ES;Norte;Colisão Lateral;0;0;1;0;1;0;;;;;5;0;0;0;0
30/10/2015;15:55:00;242;Acidente sem Vítima;213,5;BR-101/ES;Sul;Colisão Transversal;2;0;0;0;0;0;;;;;4;0;0;0;0
30/10/2015;15:04:00;224;Acidente sem Vítima;245;BR-101/ES;Norte;Saída de Pista;1;0;0;0;0;0;;;;;1;0;0;0;0
30/10/2015;15:37:00;233;Acidente com vítima;255;BR-101/ES;Sul;Colisão Transversal;1;0;1;0;0;0;;;;;1;2;0;0;0
30/10/2015;07:39:00;91;Acidente com vítima;264,5;BR-101/ES;Sul;Engavetamento;3;0;0;0;0;0;;;;;4;1;0;0;0
30/10/2015;15:41:00;234;Acidente com vítima;265;BR-101/ES;Norte;Colisão Traseira;3;0;0;0;0;0;;;;;3;0;1;0;0
30/10/2015;14:42:00;216;Acidente sem Vítima;269;BR-101/ES;Norte;Colisão Traseira;3;0;0;0;0;0;;;;;3;0;0;0;0
30/10/2015;20:55:00;311;Acidente sem Vítima;269;BR-101/ES;Sul;Engavetamento;3;0;0;0;0;0;;;;;3;0;0;0;0
30/10/2015;11:58:00;177 - TRECHO CONTORNO;Acidente sem Vítima;276;BR-101/ES;Sul;Saída de Pista;0;0;1;0;0;0;;;;;1;0;0;0;0
30/10/2015;11:18:00;161 - TRECHO CONTORNO;Acidente com vítima;277;BR-101/ES;Sul;Tombamento;1;0;0;0;0;0;;;;;0;1;1;0;0
30/10/2015;05:02:00;63 - TRECHO CONTORNO;Acidente sem Vítima;277,5;BR-101/ES;Norte;Choque com Objeto Fixo;1;0;0;0;0;0;;;;;2;0;0;0;0
30/10/2015;18:49:00;280 - TRECHO CONTORNO;Acidente com vítima;282;BR-101/ES;Norte;Choque com Objeto Fixo;0;0;1;0;0;0;;;;;0;0;1;0;0
30/10/2015;20:47:00;308 - TRECHO CONTORNO;Acidente sem Vítima;282;BR-101/ES;Norte;Choque com Objeto Fixo;0;0;1;0;0;0;;;;;1;0;0;0;0
30/10/2015;10:52:00;152 - TRECHO CONTORNO;Acidente com vítima;291;BR-101/ES;Norte;Engavetamento;3;0;0;0;0;0;;;;;3;0;1;0;0
30/10/2015;16:36:00;255 - TRECHO CONTORNO;Acidente sem Vítima;293;BR-101/ES;Norte;Tombamento;0;0;1;0;0;0;;;;;1;0;0;0;0
30/10/2015;11:38:00;170;Acidente sem Vítima;370,4;BR-101/ES;Norte;Saída de Pista;0;0;1;0;0;0;;;;;1;0;0;0;0
30/10/2015;14:58:00;222;Atropelamento com Morte;370,5;BR-101/ES;Norte;Atropelamento;1;0;0;0;0;0;;;;;3;0;0;0;1
30/10/2015;08:05:00;101;Acidente sem Vítima;417;BR-101/ES;Norte;Saída de Pista;0;0;1;0;0;0;;;;;1;0;0;0;0
30/10/2015;10:35:00;147;Acidente sem Vítima;448;BR-101/ES;Sul;Choque com Objeto Fixo;1;0;0;0;0;0;;;;;1;0;0;0;0
30/10/2015;14:28:00;213;Acidente com vítima;450;BR-101/ES;Sul;Saída de Pista;0;0;0;0;1;0;;;;;0;0;4;0;0
30/10/2015;16:19:00;246;Acidente com vítima;459;BR-101/ES;Norte;Saída de Pista;1;0;0;0;0;0;;;;;0;1;1;0;0
30/10/2015;08:36:00;109;Acidente com vítima;460;BR-101/ES;Sul;Colisão Transversal;2;0;0;0;0;0;;;;;0;1;1;0;0
31/10/2015;07:10:00;76;Acidente sem Vítima;107;BR-101/ES;Norte;Colisão Traseira;2;0;0;0;0;0;;;;;2;0;0;0;0
31/10/2015;10:22:00;126;Acidente sem Vítima;130;BR-101/ES;Norte;Saída de Pista;1;0;0;0;0;0;;;;;1;0;0;0;0
31/10/2015;13:49:00;198;Acidente sem Vítima;145;BR-101/ES;Norte;Colisão Traseira;1;0;0;0;1;0;;;;;3;0;0;0;0
31/10/2015;21:04:00;313;Acidente com vítima;164;BR-101/ES;Norte;Colisão Traseira;1;0;0;1;0;0;;;;;1;0;1;1;0
31/10/2015;13:54:00;200 - TRECHO CONTORNO;Acidente sem Vítima;270;BR-101/ES;Norte;Colisão Lateral;1;0;2;0;0;0;;;;;3;0;0;0;0
31/10/2015;19:21:00;289 - TRECHO CONTORNO;Acidente com vítima;271;BR-101/ES;Sul;Colisão Transversal;1;0;0;1;0;0;;;;;1;0;1;0;0
31/10/2015;11:09:00;136 - TRECHO CONTORNO;Acidente sem Vítima;290;BR-101/ES;Norte;Engavetamento;3;0;0;0;0;0;;;;;4;0;0;0;0