data;horario;n_da_ocorrencia;tipo_de_ocorrencia;km;trecho;sentido;tipo_de_acidente;automovel;bicicleta;caminhao;moto;onibus;outros;tracao_animal;transporte_de_cargas_especiais;trator_maquinas;utilitarios;ilesos;levemente_feridos;moderadamente_feridos;gravemente_feridos;mortos
31/10/2015;20:06:00;301 - TRECHO CONTORNO;Acidente com vítima;292;BR-101/ES;Norte;Colisão Transversal;2;0;0;0;0;0;;;;;3;2;2;0;0
31/10/2015;11:46:00;152;Acidente sem Vítima;307;BR-101/ES;Norte;Colisão Traseira;2;0;0;0;0;0;;;;;2;0;0;0;0
31/10/2015;22:10:00;323;Acidente com vítima;315;BR-101/ES;Sul;Queda de Moto;0;0;0;1;0;0;;;;;0;1;0;0;0
31/10/2015;23:35:00;340;Atropelamento sem Morte;384;BR-101/ES;Norte;Atropelamento e Fuga;0;0;0;0;0;1;;;;;0;0;1;0;0
31/10/2015;03:13:00;39;Acidente sem Vítima;428;BR-101/ES;Sul;Saída de Pista;1;0;0;0;0;0;;;;;2;0;0;0;0
01/11/2015;17:06:00;239;Acidente sem Vítima;90;BR-101/ES;Norte;Colisão Traseira;1;0;1;0;0;0;;;;;8;0;0;0;0
01/11/2015;09:12:00;95 - TRECHO CONTORNO;Acidente sem Vítima;271;BR-101/ES;Norte;Colisão Lateral;2;0;0;0;0;0;;;;;5;0;0;0;0
01/11/2015;19:10:00;262;Acidente sem Vítima;298;BR-101/ES;Norte;Saída de Pista;1;0;0;0;0;0;;;;;1;0;0;0;0
01/11/2015;10:10:00;109;Acidente sem Vítima;314;BR-101/ES;Norte;Queda de Moto;1;0;0;1;0;0;;;;;3;0;0;0;0
01/11/2015;21:12:00;285;Acidente com vítima;397;BR-101/ES;Sul;Colisão Lateral;1;0;0;1;0;0;;;;;1;1;1;0;0
01/11/2015;18:08:00;256;Acidente com vítima;400;BR-101/ES;Sul;Colisão Frontal;2;0;0;0;0;0;;;;;0;1;5;2;0
02/11/2015;22:30:00;304;Acidente com vítima;127;BR-101/ES;Sul;Queda de ciclista;0;1;0;0;0;0;;;;;0;1;0;0;0
02/11/2015;19:26:00;261;Acidente sem Vítima;146;BR-101/ES;Norte;Colisão Traseira;2;0;0;0;0;0;;;;;4;0;0;0;0
02/11/2015;01:08:00;13;Acidente sem Vítima;187;BR-101/ES;Norte;Saída de Pista;1;0;0;0;0;0;;;;;2;0;0;0;0
02/11/2015;15:10:00;186;Acidente sem Vítima;189;BR-101/ES;Norte;Colisão Traseira;2;0;0;0;0;0;;;;;7;0;0;0;0
02/11/2015;19:07:00;257;Acidente sem Vítima;255;BR-101/ES;Sul;Engavetamento;3;0;0;0;0;0;;;;;3;0;0;0;0
02/11/2015;06:10:00;57;Acidente com vítima;259,5;BR-101/ES;Norte;Colisão Transversal;0;0;0;1;1;0;;;;;1;0;2;0;0
02/11/2015;12:52:00;155 - TRECHO CONTORNO;Acidente sem Vítima;271;BR-101/ES;Sul;Colisão Traseira;1;0;2;0;0;0;;;;;6;0;0;0;0
02/11/2015;16:26:00;213;Acidente com vítima;298;BR-101/ES;Sul;Colisão Lateral;1;0;0;1;0;0;;;;;2;0;1;0;0
02/11/2015;17:08:00;231;Acidente sem Vítima;336;BR-101/ES;Norte;Engavetamento;3;0;0;0;0;0;;;;;3;0;0;0;0
02/11/2015;06:15:00;58;Acidente com vítima;380;BR-101/ES;Norte;Saída de Pista;1;0;0;0;0;0;;;;;0;1;0;0;0
02/11/2015;22:59:00;312;Acidente sem Vítima;457;BR-101/ES;Sul;Capotamento;1;0;0;0;0;0;;;;;2;0;0;0;0
03/11/2015;12:55:00;200;Acidente sem Vítima;150;BR-101/ES;Sul;Colisão Traseira;2;0;0;0;0;0;;;;;3;0;0;0;0
03/11/2015;05:45:00;64;Acidente com Morte;168;BR-101/ES;Sul;Colisão Frontal;1;0;1;0;0;0;;;;;1;0;0;1;1
03/11/2015;21:39:00;349;Acidente sem Vítima;175;BR-101/ES;Sul;Colisão Traseira;0;0;3;0;0;0;;;;;2;0;0;0;0
03/11/2015;16:59:00;291;Acidente com vítima;202;BR-101/ES;Norte;Colisão Transversal;0;0;1;1;0;0;;;;;1;0;1;0;0
03/11/2015;19:57:00;329;Atropelamento sem Morte;204;BR-101/ES;Sul;Atropelamento e Fuga;1;0;0;0;0;0;;;;;0;0;1;0;0
03/11/2015;13:56:00;223;Acidente com vítima;214;BR-101/ES;Sul;Colisão Transversal;1;0;0;1;0;0;;;;;2;1;0;0;0
03/11/2015;03:39:00;48;Atropelamento com Morte;225;BR-101/ES;Norte;Atropelamento;1;0;0;0;0;0;;;;;0;2;0;0;1
03/11/2015;08:57:00;111;Acidente sem Vítima;238;BR-101/ES;Sul;Colisão Traseira;2;0;0;0;0;0;;;;;2;0;0;0;0
03/11/2015;19:11:00;323;Acidente com vítima;258;BR-101/ES;Norte;Colisão Lateral;1;0;0;1;0;0;;;;;1;1;0;0;0
03/11/2015;08:42:00;106;Acidente sem Vítima;264;BR-101/ES;Sul;Colisão Lateral;1;0;0;1;0;0;;;;;2;0;0;0;0
03/11/2015;09:47:00;126;Atropelamento com Morte;265;BR-101/ES;Norte;Atropelamento;1;0;0;0;0;0;;;;;1;0;0;0;1
03/11/2015;10:37:00;139;Acidente sem Vítima;266;BR-101/ES;Sul;Colisão Lateral;1;0;0;1;0;0;;;;;3;0;0;0;0
03/11/2015;18:13:00;314;Atropelamento sem Morte;268;BR-101/ES;Sul;Atropelamento;1;0;0;1;0;0;;;;;1;0;2;0;0
03/11/2015;09:28:00;118;Acidente sem Vítima;269;BR-101/ES;Sul;Colisão Traseira;3;0;0;0;0;0;;;;;5;0;0;0;0
03/11/2015;20:11:00;331;Acidente com vítima;448;BR-101/ES;Sul;Tombamento;0;0;1;0;0;0;;;;;0;1;0;0;0
04/11/2015;00:00:00;1;Acidente com vítima;29;BR-101/ES;Sul;Tombamento;0;0;4;0;0;0;;;;;0;1;0;0;0
04/11/2015;23:09:00;349;Acidente com vítima;40;BR-101/ES;Sul;Saída de Pista;1;0;0;0;0;0;;;;;0;1;0;0;0
04/11/2015;09:06:00;113;Atropelamento sem Morte;137;BR-101/ES;Sul;Atropelamento;1;0;0;0;0;0;;;;;3;1;0;0;0
04/11/2015;10:31:00;137;Acidente sem Vítima;146;BR-101/ES;Norte;Colisão Lateral;0;0;5;0;0;0;;;;;2;0;0;0;0
04/11/2015;15:26:00;236;Acidente com Morte;188,5;BR-101/ES;Sul;Colisão Frontal;2;0;2;0;0;0;;;;;3;0;0;0;1
04/11/2015;11:44:00;161;Acidente com vítima;256;BR-101/ES;Norte;Queda de Moto;0;0;0;1;0;0;;;;;0;1;0;0;0
04/11/2015;07:15:00;71;Acidente sem Vítima;264;BR-101/ES;Sul;Engavetamento;4;0;0;0;0;0;;;;;4;0;0;0;0
04/11/2015;21:24:00;327 - TRECHO CONTORNO;Acidente sem Vítima;276;BR-101/ES;Sul;Veículo em Chamas;0;0;1;0;0;0;;;;;1;0;0;0;0
04/11/2015;10:51:00;147;Acidente com vítima;297;BR-101/ES;Sul;Choque;1;0;0;0;0;0;;;;;0;1;0;0;0
04/11/2015;06:26:00;50;Acidente sem Vítima;298;BR-101/ES;Norte;Colisão Traseira;0;0;1;1;0;0;;;;;2;0;0;0;0
05/11/2015;22:12:00;349;Acidente sem Vítima;65;BR-101/ES;Norte;Colisão Transversal;1;0;2;0;0;0;;;;;2;0;0;0;0
05/11/2015;18:04:00;296;Acidente com vítima;266;BR-101/ES;Sul;Queda de Moto;0;0;0;1;0;0;;;;;0;1;0;0;0
05/11/2015;11:29:00;176 - TRECHO CONTORNO;Acidente com vítima;270;BR-101/ES;Sul;Queda de Moto;0;0;0;1;0;0;;;;;0;0;1;0;0
05/11/2015;22:44:00;353;Acidente com vítima;435;BR-101/ES;Sul;Tombamento;0;0;1;0;0;0;;;;;0;0;1;0;0
06/11/2015;22:07:00;336;Acidente com vítima;68,5;BR-101/ES;Sul;Choque com Objeto Fixo;1;0;0;0;0;0;;;;;0;2;0;0;0
06/11/2015;19:40:00;307;Acidente com vítima;136;BR-101/ES;Sul;Colisão Traseira;1;0;1;0;0;0;;;;;0;2;0;0;0
06/11/2015;10:00:00;151;Acidente com Morte;222;BR-101/ES;Sul;Colisão Frontal;0;0;2;1;0;0;;;;;1;0;0;0;1
06/11/2015;13:24:00;198;Acidente sem Vítima;245;BR-101/ES;Sul;Choque;1;0;0;0;0;0;;;;;1;0;0;0;0
06/11/2015;20:48:00;321;Acidente com vítima;251;BR-101/ES;Sul;Colisão Lateral;1;0;1;0;0;0;;;;;2;0;1;0;0
06/11/2015;12:13:00;182;Acidente sem Vítima;266;BR-101/ES;Norte;Engavetamento;2;0;1;0;0;0;;;;;3;0;0;0;0
06/11/2015;10:29:00;159;Acidente sem Vítima;267;BR-101/ES;Sul;Colisão Traseira;0;0;2;0;0;0;;;;;2;0;0;0;0
06/11/2015;23:51:00;353;Acidente com vítima;269;BR-101/ES;Sul;Colisão;0;1;1;0;0;0;;;;;0;0;1;0;0
06/11/2015;10:03:00;152 - TRECHO CONTORNO;Acidente sem Vítima;291;BR-101/ES;Sul;Colisão Transversal;2;0;0;0;0;0;;;;;2;0;0;0;0
06/11/2015;20:40:00;320 - TRECHO CONTORNO;Acidente sem Vítima;294;BR-101/ES;Norte;Colisão Traseira;2;0;0;0;0;0;;;;;2;0;0;0;0
06/11/2015;10:40:00;160;Acidente sem Vítima;309;BR-101/ES;Norte;Colisão Traseira;1;0;1;0;0;0;;;;;2;0;0;0;0
06/11/2015;23:42:00;351;Acidente sem Vítima;324,7;BR-101/ES;Sul;Saída de Pista;1;0;0;0;0;0;;;;;1;0;0;0;0
07/11/2015;11:14:00;137;Acidente com vítima;64;BR-101/ES;Norte;Colisão Frontal;2;0;0;0;0;0;;;;;5;1;0;0;0
07/11/2015;05:27:00;53;Acidente sem Vítima;71;BR-101/ES;Sul;Capotamento;1;0;0;0;0;0;;;;;1;0;0;0;0
07/11/2015;19:22:00;263;Acidente com vítima;101;BR-101/ES;Sul;Colisão Lateral;1;0;1;0;0;0;;;;;1;0;1;0;0
07/11/2015;23:13:00;300;Acidente sem Vítima;107;BR-101/ES;Sul;Choque;1;0;0;0;0;0;;;;;2;0;0;0;0
07/11/2015;05:09:00;51;Acidente com vítima;141;BR-101/ES;Norte;Capotamento;1;0;0;0;0;0;;;;;0;0;1;0;0
07/11/2015;23:42:00;304;Atropelamento sem Morte;159;BR-101/ES;Sul;Atropelamento e Fuga;1;0;0;0;0;0;;;;;1;0;1;0;0
07/11/2015;05:40:00;55;Acidente sem Vítima;219;BR-101/ES;Norte;Saída de Pista;1;0;0;0;0;0;;;;;3;0;0;0;0
07/11/2015;20:21:00;272;Acidente com vítima;229,2;BR-101/ES;Norte;Colisão Lateral;2;0;0;0;0;0;;;;;4;1;0;0;0
07/11/2015;18:15:00;250 - TRECHO CONTORNO;Acidente com vítima;270;BR-101/ES;Sul;Colisão;1;1;0;0;0;0;;;;;1;0;1;0;0
07/11/2015;16:01:00;208 - TRECHO CONTORNO;Acidente sem Vítima;290;BR-101/ES;Norte;Colisão Lateral;2;0;0;0;0;0;;;;;3;0;0;0;0
08/11/2015;22:35:00;311;Acidente com vítima;256;BR-101/ES;Sul;Saída de Pista;1;0;0;0;0;0;;;;;0;0;3;0;0
08/11/2015;14:02:00;169;Acidente com vítima;267;BR-101/ES;Norte;Colisão Lateral;0;0;0;2;0;0;;;;;1;0;1;0;0
08/11/2015;19:34:00;272 - TRECHO CONTORNO;Acidente sem Vítima;271;BR-101/ES;Norte;Colisão Lateral;1;0;1;0;0;0;;;;;2;0;0;0;0
08/11/2015;22:36:00;312 - TRECHO CONTORNO;Atropelamento sem Morte;272;BR-101/ES;Norte;Atropelamento;0;0;2;0;0;0;;;;;1;0;0;1;0
08/11/2015;11:59:00;130;Acidente sem Vítima;388;BR-101/ES;Norte;Tombamento;0;0;2;0;0;0;;;;;1;0;0;0;0
08/11/2015;18:27:00;253;Acidente com vítima;393,5;BR-101/ES;Sul;Colisão Transversal;2;0;0;0;0;0;;;;;2;1;0;0;0
08/11/2015;19:44:00;275;Acidente com vítima;944;BR-101/BA;Sul;Saída de Pista;1;0;0;0;0;0;;;;;0;0;2;0;0
09/11/2015;08:18:00;83;Acidente com vítima;24;BR-101/ES;Norte;Capotamento;1;0;0;0;0;0;;;;;0;0;1;0;0
09/11/2015;18:36:00;231;Acidente sem Vítima;266;BR-101/ES;Sul;Colisão Traseira;1;0;1;0;0;0;;;;;2;0;0;0;0
09/11/2015;15:57:00;190;Acidente sem Vítima;268;BR-101/ES;Sul;Colisão Lateral;1;0;1;0;0;0;;;;;2;0;0;0;0
09/11/2015;10:12:00;109 - TRECHO CONTORNO;Acidente sem Vítima;270;BR-101/ES;Norte;Colisão Traseira;2;0;0;0;0;0;;;;;2;0;0;0;0
09/11/2015;16:35:00;201 - TRECHO CONTORNO;Acidente sem Vítima;273;BR-101/ES;Sul;Colisão Traseira;2;0;0;0;0;0;;;;;2;0;0;0;0
09/11/2015;17:40:00;220;Acidente sem Vítima;297,7;BR-101/ES;Sul;Colisão Traseira;2;0;0;0;0;0;;;;;2;0;0;0;0
09/11/2015;07:31:00;71;Acidente sem Vítima;298,5;BR-101/ES;Norte;Colisão Transversal;1;0;0;1;0;0;;;;;1;0;0;0;0
10/11/2015;20:19:00;241;Acidente sem Vítima;69;BR-101/ES;Norte;Colisão Lateral;1;0;0;0;1;0;;;;;2;0;0;0;0
10/11/2015;20:22:00;243;Acidente com vítima;144;BR-101/ES;Norte;Colisão Lateral;0;0;0;2;0;0;;;;;0;2;0;0;0
10/11/2015;09:15:00;92 - TRECHO CONTORNO;Acidente sem Vítima;279;BR-101/ES;Norte;Colisão Traseira;2;0;0;0;0;0;;;;;2;0;0;0;0
10/11/2015;06:57:00;58;Acidente sem Vítima;298;BR-101/ES;Sul;Colisão Traseira;1;0;0;1;0;0;;;;;2;0;0;0;0
10/11/2015;12:43:00;144;Acidente sem Vítima;301;BR-101/ES;Sul;Colisão Transversal;0;0;3;0;0;0;;;;;2;0;0;0;0
10/11/2015;13:57:00;161;Acidente sem Vítima;361;BR-101/ES;Norte;Saída de Pista;1;0;0;0;0;0;;;;;1;0;0;0;0
10/11/2015;19:34:00;228;Acidente sem Vítima;411;BR-101/ES;Sul;Saída de Pista;1;0;0;0;0;0;;;;;3;0;0;0;0
11/11/2015;05:15:00;43;Acidente com vítima;250;BR-101/ES;Norte;Saída de Pista;1;0;0;0;0;0;;;;;0;2;0;0;0
11/11/2015;07:15:00;58;Acidente com vítima;269;BR-101/ES;Norte;Queda de Moto;0;0;0;1;0;0;;;;;0;1;0;0;0
11/11/2015;06:58:00;54 - TRECHO CONTORNO;Acidente com vítima;277;BR-101/ES;Norte;Colisão Traseira;0;0;1;1;0;0;;;;;1;0;1;0;0
11/11/2015;20:10:00;268 - TRECHO CONTORNO;Acidente sem Vítima;289;BR-101/ES;Norte;Colisão Traseira;1;0;1;0;0;0;;;;;2;0;0;0;0
11/11/2015;08:40:00;82;Acidente sem Vítima;395;BR-101/ES;Norte;Colisão Traseira;2;0;0;0;0;0;;;;;2;0;0;0;0
12/11/2015;22:11:00;314;Acidente com vítima;66,5;BR-101/ES;Norte;Colisão Traseira;1;0;0;0;1;0;;;;;1;1;0;0;0
12/11/2015;21:26:00;311;Acidente com vítima;96;BR-101/ES;Norte;Queda de Moto;0;0;0;1;0;0;;;;;0;0;1;0;0
12/11/2015;06:54:00;54;Acidente sem Vítima;266;BR-101/ES;Sul;Engavetamento;3;0;0;0;0;0;;;;;5;0;0;0;0
12/11/2015;19:31:00;294;Acidente sem Vítima;269;BR-101/ES;Sul;Engavetamento;3;0;0;0;0;0;;;;;3;0;0;0;0
12/11/2015;19:33:00;295 - TRECHO CONTORNO;Acidente sem Vítima;270,5;BR-101/ES;Sul;Queda de Moto;0;0;0;1;0;0;;;;;1;0;0;0;0
12/11/2015;17:29:00;276 - TRECHO CONTORNO;Acidente com vítima;276;BR-101/ES;Norte;Saída de Pista;1;0;0;0;0;0;;;;;1;1;0;0;0
12/11/2015;23:44:00;339;Acidente sem Vítima;318;BR-101/ES;Norte;Veículo em Chamas;0;0;2;0;0;0;;;;;1;0;0;0;0
12/11/2015;13:49:00;207;Acidente sem Vítima;329;BR-101/ES;Norte;Saída de Pista;1;0;0;0;0;0;;;;;1;0;0;0;0
13/11/2015;17:06:00;269;Acidente com vítima;131;BR-101/ES;Norte;Capotamento;1;0;0;0;0;0;;;;;0;1;0;0;0
13/11/2015;23:55:00;373;Acidente sem Vítima;144;BR-101/ES;Norte;Saída de Pista;1;0;0;0;0;0;;;;;1;0;0;0;0
13/11/2015;22:38:00;358;Acidente com vítima;161;BR-101/ES;Sul;Colisão Transversal;1;0;0;1;0;0;;;;;1;2;0;0;0
13/11/2015;17:32:00;277;Acidente com vítima;166;BR-101/ES;Norte;Colisão Traseira;0;0;2;0;0;0;;;;;1;1;0;0;0
13/11/2015;14:34:00;208;Acidente com Morte;179;BR-101/ES;Sul;Colisão Transversal;2;0;0;0;0;0;;;;;1;0;0;1;1
13/11/2015;20:24:00;317;Acidente com vítima;209;BR-101/ES;Norte;Colisão Transversal;2;0;0;0;0;0;;;;;2;1;0;0;0
13/11/2015;15:35:00;233 - TRECHO CONTORNO;Acidente sem Vítima;271;BR-101/ES;Norte;Choque com Objeto Fixo;2;0;0;0;0;0;;;;;2;0;0;0;0
13/11/2015;10:19:00;126;Acidente com vítima;309,5;BR-101/ES;Sul;Colisão Traseira;1;0;2;1;0;0;;;;;2;0;1;0;0
13/11/2015;01:18:00;11;Acidente sem Vítima;399;BR-101/ES;Sul;Choque com Objeto Fixo;1;0;0;0;0;0;;;;;1;0;0;0;0
14/11/2015;01:22:00;16;Acidente sem Vítima;17;BR-101/ES;Norte;Saída de Pista;1;0;0;0;0;0;;;;;1;0;0;0;0
14/11/2015;10:56:00;144;Acidente com vítima;25;BR-101/ES;Sul;Colisão Transversal;2;0;0;0;0;0;;;;;0;0;2;0;0
14/11/2015;05:43:00;63;Acidente com vítima;115;BR-101/ES;Sul;Queda de Moto;0;0;0;1;0;0;;;;;0;1;0;0;0
14/11/2015;00:57:00;10;Acidente sem Vítima;148;BR-101/ES;Norte;Colisão Transversal;2;0;0;0;0;0;;;;;2;0;0;0;0
14/11/2015;07:51:00;88;Acidente com vítima;257;BR-101/ES;Norte;Engavetamento;2;0;0;0;1;0;;;;;2;1;0;0;0
14/11/2015;08:43:00;111;Acidente com vítima;266,6;BR-101/ES;Sul;Colisão Traseira;2;0;0;0;0;0;;;;;1;1;0;0;0
14/11/2015;23:15:00;328 - TRECHO CONTORNO;Acidente com vítima;272;BR-101/ES;Sul;Queda de Moto;0;0;0;1;0;0;;;;;1;0;1;0;0
14/11/2015;08:32:00;106 - TRECHO CONTORNO;Acidente sem Vítima;278;BR-101/ES;Norte;Colisão Lateral;2;0;0;0;0;0;;;;;3;0;0;0;0
14/11/2015;09:35:00;121 - TRECHO CONTORNO;Acidente sem Vítima;285;BR-101/ES;Sul;Veículo em Chamas;0;0;0;0;1;0;;;;;1;0;0;0;0
14/11/2015;11:29:00;155;Acidente com vítima;398;BR-101/ES;Norte;Colisão Lateral;1;0;0;1;0;0;;;;;3;0;1;0;0
15/11/2015;15:06:00;222;Acidente com Morte;247;BR-101/ES;Sul;Capotamento;2;0;0;0;0;0;;;;;0;1;3;1;3
15/11/2015;20:01:00;286;Acidente com vítima;252;BR-101/ES;Norte;Colisão Traseira;1;0;0;1;0;0;;;;;1;0;2;0;0
15/11/2015;21:10:00;294;Acidente com vítima;253;BR-101/ES;Sul;Queda de Moto;1;0;0;0;0;0;;;;;1;1;0;0;0
15/11/2015;23:04:00;313 - TRECHO CONTORNO;Acidente sem Vítima;272;BR-101/ES;Sul;Capotamento;1;0;0;0;0;0;;;;;1;0;0;0;0
15/11/2015;10:00:00;121 - TRECHO CONTORNO;Acidente com vítima;273;BR-101/ES;Norte;Choque com Objeto Fixo;0;0;0;1;0;0;;;;;0;0;1;0;0
15/11/2015;18:24:00;265;Acidente sem Vítima;352;BR-101/ES;Sul;Saída de Pista;1;0;0;0;0;0;;;;;2;0;0;0;0
15/11/2015;15:12:00;223;Acidente com vítima;386;BR-101/ES;Norte;Queda de Moto;0;0;0;1;0;0;;;;;0;0;1;0;0
15/11/2015;16:53:00;245;Acidente com vítima;401;BR-101/ES;Sul;Colisão Frontal;2;0;0;0;0;0;;;;;0;6;3;1;0
15/11/2015;17:50:00;259;Acidente com vítima;407;BR-101/ES;Norte;Saída de Pista;1;0;0;0;0;0;;;;;0;1;0;0;0
15/11/2015;19:18:00;279;Acidente com vítima;423;BR-101/ES;Norte;Saída de Pista;1;0;0;0;0;0;;;;;2;0;1;0;0
15/11/2015;23:14:00;316;Acidente com vítima;459,4;BR-101/ES;Sul;Tombamento;0;0;2;0;0;0;;;;;0;1;0;0;0
16/11/2015;09:17:00;130;Acidente sem Vítima;85;BR-101/ES;Sul;Colisão Traseira;1;0;2;0;0;0;;;;;5;0;0;0;0
16/11/2015;02:25:00;21;Acidente com vítima;210;BR-101/ES;Norte;Queda de Moto;0;0;0;1;0;0;;;;;0;0;0;1;0
16/11/2015;12:50:00;196;Acidente sem Vítima;263;BR-101/ES;Sul;Veículo em Chamas;1;0;0;0;0;0;;;;;1;0;0;0;0
16/11/2015;22:21:00;331;Acidente sem Vítima;266;BR-101/ES;Sul;Colisão Traseira;2;0;0;0;0;0;;;;;2;0;0;0;0
16/11/2015;18:07:00;300 - TRECHO CONTORNO;Acidente sem Vítima;279;BR-101/ES;Norte;Colisão Traseira;0;0;2;0;0;0;;;;;3;0;0;0;0
16/11/2015;11:13:00;164;Acidente com vítima;300;BR-101/ES;Norte;Colisão Traseira;0;0;2;1;0;0;;;;;1;1;0;0;0
16/11/2015;16:26:00;265;Acidente com vítima;304;BR-101/ES;Sul;Colisão Lateral;0;0;2;0;1;0;;;;;7;1;0;0;0
17/11/2015;18:42:00;281;Acidente com Morte;96;BR-101/ES;Sul;Colisão Frontal;0;0;0;2;0;0;;;;;0;0;0;2;1
17/11/2015;15:48:00;229;Acidente sem Vítima;152,5;BR-101/ES;Sul;Colisão Transversal;2;0;0;0;0;0;;;;;4;0;0;0;0
17/11/2015;18:59:00;283;Acidente com vítima;182,5;BR-101/ES;Sul;Colisão Traseira;2;0;0;0;0;0;;;;;3;1;0;0;0
17/11/2015;17:04:00;260;Acidente sem Vítima;190;BR-101/ES;Sul;Colisão Transversal;2;0;0;0;0;0;;;;;3;0;0;0;0
17/11/2015;19:29:00;289;Acidente sem Vítima;209;BR-101/ES;Norte;Saída de Pista;1;0;0;0;0;0;;;;;1;0;0;0;0
17/11/2015;11:54:00;155;Acidente com vítima;212;BR-101/ES;Norte;Queda de Moto;1;0;1;1;0;0;;;;;2;1;0;0;0
17/11/2015;16:35:00;250;Acidente com vítima;222;BR-101/ES;Norte;Saída de Pista;1;0;0;0;0;0;;;;;0;0;2;0;0
17/11/2015;13:25:00;185 - TRECHO CONTORNO;Acidente sem Vítima;271;BR-101/ES;Norte;Choque com Objeto Fixo;1;0;0;0;0;0;;;;;1;0;0;0;0
17/11/2015;18:41:00;280 - TRECHO CONTORNO;Acidente sem Vítima;273;BR-101/ES;Norte;Choque com Objeto Fixo;1;0;0;0;0;0;;;;;1;0;0;0;0
17/11/2015;20:58:00;307 - TRECHO CONTORNO;Acidente sem Vítima;273;BR-101/ES;Norte;Choque com Objeto Fixo;1;0;0;0;0;0;;;;;2;0;0;0;0
17/11/2015;19:26:00;287 - TRECHO CONTORNO;Acidente com vítima;277;BR-101/ES;Sul;Choque com Objeto Fixo;1;0;0;0;0;0;;;;;0;1;0;0;0
17/11/2015;10:59:00;134 - TRECHO CONTORNO;Acidente sem Vítima;291;BR-101/ES;Sul;Colisão Frontal;2;0;0;0;0;0;;;;;3;0;0;0;0
17/11/2015;15:43:00;228;Acidente com vítima;370;BR-101/ES;Norte;Saída de Pista;0;0;1;0;0;0;;;;;0;2;0;0;0
17/11/2015;18:19:00;276;Acidente sem Vítima;435;BR-101/ES;Sul;Saída de Pista;1;0;0;0;0;0;;;;;1;0;0;0;0
18/11/2015;10:28:00;117;Acidente sem Vítima;143;BR-101/ES;Norte;Colisão Traseira;2;0;0;0;0;0;;;;;2;0;0;0;0
18/11/2015;17:43:00;266;Acidente com vítima;146;BR-101/ES;Norte;Colisão;1;1;0;0;0;0;;;;;1;0;1;0;0
18/11/2015;17:57:00;268;Acidente com vítima;266;BR-101/ES;Norte;Colisão Traseira;1;0;0;1;0;0;;;;;1;0;1;0;0
18/11/2015;16:35:00;239;Acidente sem Vítima;268;BR-101/ES;Norte;Colisão Transversal;2;0;0;0;0;0;;;;;2;0;0;0;0
18/11/2015;07:03:00;54 - TRECHO CONTORNO;Acidente com vítima;285;BR-101/ES;Sul;Queda de Moto;0;0;0;1;0;0;;;;;0;1;0;0;0
18/11/2015;17:24:00;259 - TRECHO CONTORNO;Acidente sem Vítima;291;BR-101/ES;Sul;Colisão Traseira;2;0;0;0;0;0;;;;;2;0;0;0;0
18/11/2015;20:58:00;304 - TRECHO CONTORNO;Acidente com vítima;294;BR-101/ES;Sul;Queda de Moto;0;0;0;1;0;0;;;;;0;2;0;0;0
18/11/2015;09:43:00;104;Acidente com vítima;343;BR-101/ES;Sul;Saída de Pista;1;0;0;0;0;0;;;;;0;1;0;0;0
18/11/2015;18:07:00;272;Acidente com vítima;376;BR-101/ES;Sul;Colisão Lateral;1;0;0;1;0;0;;;;;1;0;1;1;0
18/11/2015;19:16:00;282;Acidente sem Vítima;394;BR-101/ES;Sul;Atropelamento - Equino;1;0;0;0;0;0;;;;;1;0;0;0;0
18/11/2015;15:04:00;213;Acidente sem Vítima;456;BR-101/ES;Sul;Queda de Moto;1;0;0;0;0;0;;;;;1;0;0;0;0
19/11/2015;20:56:00;307;Acidente com vítima;141;BR-101/ES;Norte;Choque com Objeto Fixo;1;0;0;0;0;0;;;;;1;2;0;0;0
19/11/2015;06:14:00;56 - TRECHO CONTORNO;Acidente sem Vítima;273;BR-101/ES;Norte;Colisão Lateral;0;0;3;0;0;0;;;;;3;0;0;0;0
19/11/2015;07:33:00;78 - TRECHO CONTORNO;Acidente com vítima;291;BR-101/ES;Sul;Colisão Lateral;1;0;0;1;0;0;;;;;2;0;1;0;0
19/11/2015;21:04:00;308;Acidente com vítima;321,3;BR-101/ES;Sul;Colisão Frontal;2;0;0;0;0;0;;;;;0;0;2;0;0
19/11/2015;06:14:00;55;Acidente com vítima;451;BR-101/ES;Norte;Colisão Frontal;2;0;0;0;0;0;;;;;1;1;0;0;0
20/11/2015;08:59:00;117;Acidente sem Vítima;69;BR-101/ES;Norte;Colisão Traseira;2;0;0;0;0;0;;;;;5;0;0;0;0
20/11/2015;16:34:00;275;Acidente com vítima;102;BR-101/ES;Norte;Queda de Moto;0;0;0;1;0;0;;;;;0;1;0;0;0
20/11/2015;12:18:00;191;Acidente com vítima;146;BR-101/ES;Sul;Capotamento;1;0;0;0;0;0;;;;;0;1;0;0;0
20/11/2015;21:40:00;355;Acidente com vítima;147;BR-101/ES;Sul;Colisão Transversal;1;0;0;1;0;0;;;;;1;0;1;0;0
20/11/2015;07:53:00;95;Acidente sem Vítima;247;BR-101/ES;Norte;Colisão Lateral;1;0;2;0;0;0;;;;;2;0;0;0;0
20/11/2015;20:42:00;340;Acidente sem Vítima;249;BR-101/ES;Sul;Colisão Lateral;2;0;1;0;0;0;;;;;3;0;0;0;0
20/11/2015;07:06:00;77;Acidente com vítima;264;BR-101/ES;Sul;Colisão Lateral;0;0;0;2;0;0;;;;;1;2;0;0;0