data;horario;n_da_ocorrencia;tipo_de_ocorrencia;km;trecho;sentido;tipo_de_acidente;automovel;bicicleta;caminhao;moto;onibus;outros;tracao_animal;transporte_de_cargas_especiais;trator_maquinas;utilitarios;ilesos;levemente_feridos;moderadamente_feridos;gravemente_feridos;mortos
19/12/2015;16:49:00;284;Acidente sem Vítima;266;BR-101/ES;Sul;Engavetamento;3;0;0;0;0;0;;;;;7;0;0;0;0
19/12/2015;17:36:00;305;Acidente sem Vítima;269;BR-101/ES;Sul;Colisão Lateral;2;0;0;0;0;0;;;;;2;0;0;0;0
19/12/2015;08:48:00;103 - TRECHO CONTORNO;Acidente com vítima;294;BR-101/ES;Norte;Saída de Pista;0;0;0;1;0;0;;;;;0;0;0;1;0
19/12/2015;13:08:00;200;Acidente sem Vítima;298;BR-101/ES;Sul;Colisão Traseira;2;0;0;0;0;0;;;;;4;0;0;0;0
19/12/2015;06:55:00;64;Acidente sem Vítima;298,3;BR-101/ES;Norte;Colisão Transversal;0;0;3;0;0;0;;;;;2;0;0;0;0
19/12/2015;16:28:00;276;Acidente com vítima;312;BR-101/ES;Sul;Colisão Transversal;3;0;0;0;0;0;;;;;7;1;1;0;0
19/12/2015;16:29:00;277;Acidente sem Vítima;336;BR-101/ES;Norte;Colisão Traseira;2;0;0;0;0;0;;;;;2;0;0;0;0
19/12/2015;09:30:00;117;Acidente sem Vítima;445;BR-101/ES;Sul;Colisão Transversal;3;0;0;0;0;0;;;;;13;0;0;0;0
19/12/2015;14:52:00;240;Acidente com vítima;946;BR-101/BA;Sul;Colisão Lateral;2;0;0;0;0;0;;;;;0;3;3;0;0
20/12/2015;19:02:00;278;Acidente com vítima;102,7;BR-101/ES;Sul;Colisão Transversal;2;0;0;0;0;0;;;;;1;1;0;0;0
20/12/2015;17:53:00;262;Acidente sem Vítima;113;BR-101/ES;Norte;Colisão Traseira;2;0;0;0;0;0;;;;;7;0;0;0;0
20/12/2015;10:29:00;132;Acidente com vítima;230;BR-101/ES;Norte;Saída de Pista;1;0;0;0;0;0;;;;;1;2;0;0;0
20/12/2015;05:10:00;61;Atropelamento sem Morte;262;BR-101/ES;Sul;Atropelamento e Fuga;1;0;0;0;0;0;;;;;0;0;1;0;0
20/12/2015;13:36:00;187 - TRECHO CONTORNO;Acidente com vítima;273;BR-101/ES;Norte;Capotamento;1;0;0;0;0;0;;;;;0;0;2;0;0
20/12/2015;16:41:00;245 - TRECHO CONTORNO;Acidente sem Vítima;277;BR-101/ES;Sul;Colisão Lateral;2;0;0;0;0;0;;;;;5;0;0;0;0
20/12/2015;21:48:00;318 - TRECHO CONTORNO;Acidente sem Vítima;294;BR-101/ES;Sul;Colisão Transversal;1;0;1;0;0;0;;;;;5;0;0;0;0
20/12/2015;08:40:00;99 - TRECHO CONTORNO;Acidente com vítima;296;BR-101/ES;Sul;Queda de Moto;0;0;0;1;0;0;;;;;0;1;0;0;0
20/12/2015;21:30:00;314;Atropelamento sem Morte;299;BR-101/ES;Norte;Atropelamento;0;0;0;1;0;0;;;;;0;0;2;1;0
21/12/2015;01:34:00;12;Acidente sem Vítima;85;BR-101/ES;Sul;Colisão Traseira;1;0;3;0;0;0;;;;;3;0;0;0;0
21/12/2015;09:33:00;120;Acidente com vítima;116;BR-101/ES;Sul;Colisão Traseira;1;0;0;1;0;0;;;;;3;1;0;0;0
21/12/2015;09:08:00;117;Acidente sem Vítima;146;BR-101/ES;Sul;Colisão Traseira;1;0;0;1;0;0;;;;;2;0;0;0;0
21/12/2015;08:05:00;91;Acidente sem Vítima;148;BR-101/ES;Sul;Colisão Transversal;2;0;0;0;0;0;;;;;2;0;0;0;0
21/12/2015;21:11:00;327;Acidente sem Vítima;148;BR-101/ES;Norte;Colisão Traseira;1;0;1;0;0;0;;;;;4;0;0;0;0
21/12/2015;09:34:00;121;Acidente sem Vítima;229;BR-101/ES;Norte;Colisão Traseira;2;0;0;0;0;0;;;;;3;0;0;0;0
21/12/2015;17:36:00;280;Acidente com vítima;261;BR-101/ES;Sul;Queda de Moto;0;0;0;1;0;0;;;;;0;0;1;0;0
21/12/2015;22:30:00;345;Acidente com vítima;264;BR-101/ES;Norte;Engavetamento;1;0;0;0;3;0;;;;;11;1;2;0;0
21/12/2015;13:55:00;201;Acidente sem Vítima;268;BR-101/ES;Sul;Colisão Lateral;0;0;0;2;0;0;;;;;2;0;0;0;0
21/12/2015;18:00:00;284 - TRECHO CONTORNO;Acidente sem Vítima;296;BR-101/ES;Norte;Choque com Objeto Fixo;1;0;0;0;0;0;;;;;2;0;0;0;0
21/12/2015;17:39:00;281;Acidente com vítima;952;BR-101/BA;Norte;Saída de Pista;0;0;3;0;0;0;;;;;0;1;0;0;0
22/12/2015;20:03:00;327;Acidente sem Vítima;0,8;BR-101/ES;Sul;Colisão Lateral;2;0;0;0;0;0;;;;;3;0;0;0;0
22/12/2015;19:52:00;326;Acidente sem Vítima;21;BR-101/ES;Norte;Atropelamento - Equino;1;0;1;0;0;0;;;;;2;0;0;0;0
22/12/2015;21:03:00;338;Acidente sem Vítima;160;BR-101/ES;Norte;Colisão Lateral;1;0;1;0;0;0;;;;;2;0;0;0;0
22/12/2015;03:27:00;34;Acidente com vítima;181;BR-101/ES;Sul;Tombamento;0;0;1;0;0;0;;;;;0;0;1;0;0
22/12/2015;10:09:00;148;Acidente com vítima;258;BR-101/ES;Sul;Queda de ciclista;0;1;0;0;0;0;;;;;0;1;0;0;0
22/12/2015;11:16:00;174;Acidente sem Vítima;270;BR-101/ES;Norte;Engavetamento;3;0;0;0;0;0;;;;;4;0;0;0;0
22/12/2015;22:12:00;350 - TRECHO CONTORNO;Acidente sem Vítima;279;BR-101/ES;Sul;Saída de Pista;1;0;0;0;0;0;;;;;1;0;0;0;0
22/12/2015;17:52:00;306 - TRECHO CONTORNO;Acidente com vítima;286;BR-101/ES;Sul;Queda de Moto;0;0;0;1;0;0;;;;;0;1;0;0;0
22/12/2015;05:45:00;51;Acidente com vítima;297;BR-101/ES;Norte;Colisão Traseira;1;0;1;0;0;0;;;;;2;4;0;0;0
22/12/2015;04:19:00;43;Acidente sem Vítima;300;BR-101/ES;Norte;Colisão Lateral;2;0;0;0;0;0;;;;;3;0;0;0;0
22/12/2015;19:28:00;322;Acidente sem Vítima;433;BR-101/ES;Sul;Colisão Lateral;1;0;2;0;0;0;;;;;2;0;0;0;0
23/12/2015;05:11:00;52;Acidente com vítima;12;BR-101/ES;Sul;Capotamento;1;0;0;0;0;0;;;;;0;0;1;0;0
23/12/2015;07:48:00;93;Acidente sem Vítima;123;BR-101/ES;Sul;Colisão Traseira;2;0;0;0;0;0;;;;;3;0;0;0;0
23/12/2015;20:11:00;309;Acidente com vítima;125,6;BR-101/ES;Norte;Colisão Transversal;1;1;0;0;0;0;;;;;1;0;1;1;0
23/12/2015;16:48:00;254;Acidente com vítima;135;BR-101/ES;Norte;Queda de Moto;0;0;0;1;0;0;;;;;0;0;1;0;0
23/12/2015;13:27:00;192;Acidente com vítima;143;BR-101/ES;Norte;Colisão Lateral;0;0;1;1;0;0;;;;;1;1;0;0;0
23/12/2015;05:07:00;48;Acidente sem Vítima;212;BR-101/ES;Sul;Engavetamento;2;0;1;0;1;0;;;;;10;0;0;0;0
23/12/2015;09:18:00;120;Acidente com vítima;229;BR-101/ES;Sul;Colisão Lateral;1;0;3;0;0;0;;;;;2;1;0;0;0
23/12/2015;08:02:00;98 - TRECHO CONTORNO;Acidente sem Vítima;274;BR-101/ES;Norte;Choque com Objeto Fixo;5;0;2;0;0;0;;;;;16;0;0;0;0
23/12/2015;12:09:00;163 - TRECHO CONTORNO;Acidente sem Vítima;275,5;BR-101/ES;Sul;Saída de Pista;1;0;0;0;0;0;;;;;1;0;0;0;0
23/12/2015;14:31:00;207 - TRECHO CONTORNO;Acidente sem Vítima;278;BR-101/ES;Norte;Choque com Objeto Fixo;1;0;1;0;0;0;;;;;2;0;0;0;0
23/12/2015;19:35:00;300 - TRECHO CONTORNO;Acidente sem Vítima;290;BR-101/ES;Norte;Saída de Pista;1;0;0;0;0;0;;;;;2;0;0;0;0
23/12/2015;22:27:00;340 - TRECHO CONTORNO;Acidente com vítima;290;BR-101/ES;Sul;Saída de Pista;1;0;0;0;0;0;;;;;0;0;2;0;0
23/12/2015;00:17:00;2 - TRECHO CONTORNO;Acidente sem Vítima;296;BR-101/ES;Sul;Choque com Objeto Fixo;1;0;0;0;0;0;;;;;1;0;0;0;0
23/12/2015;14:33:00;208;Acidente sem Vítima;317;BR-101/ES;Norte;Saída de Pista;1;0;0;0;0;0;;;;;2;0;0;0;0
23/12/2015;11:26:00;148;Acidente com vítima;344,6;BR-101/ES;Norte;Colisão Lateral;3;0;0;0;0;0;;;;;3;0;2;0;0
23/12/2015;03:39:00;36;Acidente sem Vítima;368,5;BR-101/ES;Norte;Saída de Pista;1;0;0;0;0;0;;;;;3;0;0;0;0
23/12/2015;17:44:00;266;Acidente com Morte;379;BR-101/ES;Sul;Colisão Frontal;1;0;0;0;1;0;;;;;19;0;0;0;1
23/12/2015;03:02:00;30;Acidente com vítima;435;BR-101/ES;Norte;Capotamento;1;0;0;0;0;0;;;;;2;0;2;0;0
24/12/2015;21:41:00;359;Acidente sem Vítima;32;BR-101/ES;Sul;Colisão Transversal;2;0;0;0;0;0;;;;;7;0;0;0;0
24/12/2015;19:17:00;322;Acidente com vítima;96;BR-101/ES;Sul;Saída de Pista;1;0;0;0;0;0;;;;;0;1;0;0;0
24/12/2015;14:16:00;224;Acidente sem Vítima;125;BR-101/ES;Norte;Colisão Traseira;2;0;0;0;0;0;;;;;5;0;0;0;0
24/12/2015;20:04:00;334;Acidente sem Vítima;137;BR-101/ES;Norte;Saída de Pista;1;0;0;0;0;0;;;;;1;0;0;0;0
24/12/2015;10:16:00;134;Acidente com vítima;147;BR-101/ES;Norte;Colisão Lateral;1;0;1;0;0;0;;;;;3;1;0;0;0
24/12/2015;12:12:00;178;Acidente sem Vítima;151;BR-101/ES;Norte;Engavetamento;3;0;0;0;0;0;;;;;9;0;0;0;0
24/12/2015;10:32:00;140;Acidente sem Vítima;160;BR-101/ES;Norte;Colisão Lateral;2;0;0;0;0;0;;;;;6;0;0;0;0
24/12/2015;07:09:00;81;Acidente com vítima;211,3;BR-101/ES;Sul;Queda de Moto;0;0;0;1;0;0;;;;;0;1;0;0;0
24/12/2015;09:24:00;122;Acidente com vítima;215;BR-101/ES;Sul;Colisão Lateral;1;0;0;1;0;0;;;;;3;0;1;0;0
24/12/2015;06:08:00;73;Acidente sem Vítima;310;BR-101/ES;Sul;Choque com Objeto Fixo;1;0;0;0;0;0;;;;;1;0;0;0;0
24/12/2015;23:48:00;389;Acidente com vítima;338;BR-101/ES;Sul;Queda de ciclista;0;1;0;0;0;0;;;;;0;1;0;0;0
25/12/2015;18:55:00;265;Acidente com vítima;14;BR-101/ES;Norte;Queda de Moto;0;0;0;1;0;0;;;;;0;0;1;1;0
25/12/2015;05:06:00;33;Acidente com vítima;37;BR-101/ES;Sul;Saída de Pista;0;0;1;0;0;0;;;;;0;1;0;0;0
25/12/2015;05:58:00;42;Acidente sem Vítima;40;BR-101/ES;Norte;Veículo em Chamas;1;0;0;0;0;0;;;;;1;0;0;0;0
25/12/2015;06:15:00;46;Acidente com vítima;113;BR-101/ES;Sul;Saída de Pista;1;0;0;0;0;0;;;;;0;3;1;0;0
25/12/2015;15:37:00;215;Acidente sem Vítima;123;BR-101/ES;Norte;Colisão Lateral;2;0;0;0;0;0;;;;;4;0;0;0;0
25/12/2015;06:13:00;45;Atropelamento sem Morte;135;BR-101/ES;Sul;Atropelamento;0;0;4;0;0;0;;;;;1;0;1;0;0
25/12/2015;11:00:00;124;Acidente sem Vítima;159;BR-101/ES;Norte;Saída de Pista;1;0;0;0;0;0;;;;;2;0;0;0;0
25/12/2015;06:50:00;51;Acidente sem Vítima;179;BR-101/ES;Sul;Colisão Traseira;1;0;0;1;0;0;;;;;5;0;0;0;0
25/12/2015;03:52:00;28;Acidente sem Vítima;265;BR-101/ES;Norte;Capotamento;1;0;0;0;0;0;;;;;1;0;0;0;0
25/12/2015;18:19:00;261;Acidente com vítima;270;BR-101/ES;Norte;Colisão Traseira;1;0;0;1;0;0;;;;;3;0;1;0;0
25/12/2015;18:58:00;267;Acidente com vítima;270;BR-101/ES;Sul;Colisão Traseira;2;0;0;0;0;0;;;;;1;4;1;0;0
25/12/2015;05:40:00;39 - TRECHO CONTORNO;Acidente com vítima;276;BR-101/ES;Sul;Capotamento;1;0;0;0;0;0;;;;;4;0;1;0;0
25/12/2015;20:22:00;280 - TRECHO CONTORNO;Acidente com vítima;277;BR-101/ES;Norte;Queda de Moto;0;0;0;1;0;0;;;;;0;1;1;0;0
25/12/2015;00:21:00;1 - TRECHO CONTORNO;Acidente com vítima;296;BR-101/ES;Sul;Saída de Pista;1;0;0;0;0;0;;;;;0;1;0;0;0
25/12/2015;18:55:00;266;Acidente com vítima;400;BR-101/ES;Sul;Colisão Traseira;0;0;0;2;0;0;;;;;1;2;0;0;0
25/12/2015;01:52:00;12;Acidente sem Vítima;402;BR-101/ES;Sul;Veículo em Chamas;1;0;0;0;0;0;;;;;1;0;0;0;0
26/12/2015;20:29:00;290;Atropelamento sem Morte;61;BR-101/ES;Norte;Atropelamento e Fuga;1;0;0;0;0;0;;;;;0;1;0;0;0
26/12/2015;09:57:00;103;Acidente sem Vítima;216;BR-101/ES;Norte;Colisão Traseira;2;0;0;0;0;0;;;;;7;0;0;0;0
26/12/2015;14:33:00;197;Acidente com vítima;225;BR-101/ES;Sul;Saída de Pista;1;0;0;0;0;0;;;;;0;1;2;0;0
26/12/2015;19:53:00;283;Acidente com vítima;264;BR-101/ES;Norte;Colisão Transversal;1;0;0;1;0;0;;;;;1;0;2;0;0
26/12/2015;15:53:00;219;Acidente sem Vítima;265;BR-101/ES;Sul;Saída de Pista;1;0;0;0;0;0;;;;;1;0;0;0;0
26/12/2015;15:09:00;207;Acidente sem Vítima;268;BR-101/ES;Sul;Saída de Pista;1;0;0;0;0;0;;;;;3;0;0;0;0
26/12/2015;16:38:00;234;Acidente sem Vítima;269;BR-101/ES;Sul;Colisão Traseira;2;0;0;0;0;0;;;;;3;0;0;0;0
26/12/2015;19:33:00;277;Acidente sem Vítima;297;BR-101/ES;Sul;Colisão Lateral;1;0;0;0;1;0;;;;;4;0;0;0;0
27/12/2015;15:21:00;207;Acidente com vítima;34;BR-101/ES;Sul;Tombamento;0;0;4;0;0;0;;;;;0;1;0;0;0
27/12/2015;16:20:00;232;Acidente sem Vítima;52;BR-101/ES;Sul;Colisão Traseira;2;0;0;0;0;0;;;;;10;0;0;0;0
27/12/2015;17:37:00;260;Acidente sem Vítima;61;BR-101/ES;Norte;Colisão Traseira;1;0;1;0;0;0;;;;;2;0;0;0;0
27/12/2015;14:27:00;186;Acidente sem Vítima;66;BR-101/ES;Sul;Colisão Traseira;2;0;0;0;0;0;;;;;5;0;0;0;0
27/12/2015;14:58:00;197;Acidente sem Vítima;103;BR-101/ES;Sul;Colisão Traseira;2;0;0;0;0;0;;;;;7;0;0;0;0
27/12/2015;21:41:00;337;Acidente sem Vítima;125;BR-101/ES;Norte;Engavetamento;4;0;0;0;0;0;;;;;16;0;0;0;0
27/12/2015;23:50:00;374;Acidente sem Vítima;146,6;BR-101/ES;Norte;Colisão Lateral;2;0;0;0;0;0;;;;;3;0;0;0;0
27/12/2015;18:39:00;279;Acidente com vítima;151;BR-101/ES;Sul;Colisão Traseira;3;0;0;0;0;0;;;;;5;0;0;1;0
27/12/2015;16:26:00;233;Acidente com vítima;188;BR-101/ES;Sul;Queda de Moto;0;0;0;1;0;0;;;;;0;1;0;0;0
27/12/2015;14:17:00;184;Acidente sem Vítima;224;BR-101/ES;Sul;Engavetamento;3;0;0;0;0;0;;;;;8;0;0;0;0
27/12/2015;16:33:00;238;Acidente sem Vítima;227,8;BR-101/ES;Sul;Colisão Traseira;2;0;0;0;0;0;;;;;7;0;0;0;0
27/12/2015;17:48:00;264;Acidente sem Vítima;253;BR-101/ES;Sul;Colisão Traseira;2;0;0;0;0;0;;;;;9;0;0;0;0
27/12/2015;18:55:00;288;Acidente sem Vítima;253;BR-101/ES;Sul;Colisão Traseira;2;0;0;0;0;0;;;;;11;0;0;0;0
27/12/2015;16:01:00;222 - TRECHO CONTORNO;Acidente com vítima;289;BR-101/ES;Norte;Queda de Moto;0;0;0;1;0;0;;;;;0;0;1;0;0
27/12/2015;20:05:00;309 - TRECHO CONTORNO;Acidente com vítima;291;BR-101/ES;Sul;Engavetamento;2;0;1;0;0;0;;;;;5;1;1;0;0
27/12/2015;04:29:00;39 - TRECHO CONTORNO;Acidente sem Vítima;292;BR-101/ES;Sul;Choque com Objeto Fixo;1;0;0;0;0;0;;;;;1;0;0;0;0
27/12/2015;19:38:00;301;Acidente com vítima;395;BR-101/ES;Sul;Colisão Transversal;1;0;0;1;0;0;;;;;3;0;1;0;0
27/12/2015;12:53:00;150;Acidente com vítima;457;BR-101/ES;Norte;Colisão Transversal;2;0;0;0;0;0;;;;;4;0;2;0;0
28/12/2015;15:45:00;261;Acidente sem Vítima;77,8;BR-101/ES;Sul;Engavetamento;4;0;0;0;0;0;;;;;13;0;0;0;0
28/12/2015;16:26:00;278;Acidente com vítima;138;BR-101/ES;Norte;Colisão Transversal;2;0;0;0;0;0;;;;;1;1;0;0;0
28/12/2015;11:58:00;175;Acidente sem Vítima;260;BR-101/ES;Norte;Veículo em Chamas;1;0;0;0;0;0;;;;;2;0;0;0;0
28/12/2015;11:54:00;171;Acidente com vítima;265;BR-101/ES;Sul;Colisão Traseira;1;0;0;1;0;0;;;;;5;0;1;0;0
28/12/2015;10:18:00;143;Acidente com vítima;269;BR-101/ES;Norte;Colisão Traseira;1;0;1;0;0;0;;;;;1;1;0;0;0
28/12/2015;11:42:00;166 - TRECHO CONTORNO;Acidente com vítima;295;BR-101/ES;Sul;Queda de Moto;0;0;0;1;0;0;;;;;0;0;1;0;0
28/12/2015;08:02:00;93;Acidente sem Vítima;302;BR-101/ES;Norte;Colisão Traseira;1;0;2;0;0;0;;;;;2;0;0;0;0
28/12/2015;23:37:00;380;Acidente sem Vítima;331;BR-101/ES;Sul;Saída de Pista;1;0;0;0;0;0;;;;;3;0;0;0;0
28/12/2015;12:58:00;205;Acidente sem Vítima;369;BR-101/ES;Norte;Choque;1;0;0;0;0;0;;;;;1;0;0;0;0
29/12/2015;11:12:00;143;Acidente sem Vítima;29;BR-101/ES;Sul;Colisão Traseira;2;0;0;0;0;0;;;;;4;0;0;0;0
29/12/2015;14:58:00;216;Acidente com vítima;66;BR-101/ES;Norte;Engavetamento;2;0;0;1;0;0;;;;;5;0;2;0;0
29/12/2015;10:07:00;128;Acidente com vítima;70;BR-101/ES;Norte;Queda de Moto;0;0;0;1;0;0;;;;;0;0;2;0;0
29/12/2015;23:26:00;326;Acidente com Morte;117,6;BR-101/ES;Norte;Colisão Frontal;1;0;1;0;0;0;;;;;0;1;0;0;1
29/12/2015;05:38:00;49;Acidente com vítima;135;BR-101/ES;Norte;Colisão;0;1;0;1;0;0;;;;;0;0;2;0;0
29/12/2015;09:05:00;109;Acidente com vítima;148;BR-101/ES;Norte;Colisão Transversal;1;0;0;1;0;0;;;;;2;1;0;0;0
29/12/2015;12:43:00;166;Acidente sem Vítima;166;BR-101/ES;Norte;Colisão Traseira;1;0;0;1;0;0;;;;;4;0;0;0;0
29/12/2015;20:31:00;298;Acidente com vítima;187;BR-101/ES;Sul;Tombamento;0;0;1;0;0;0;;;;;0;2;0;0;0
29/12/2015;14:47:00;212;Acidente sem Vítima;255;BR-101/ES;Sul;Colisão Traseira;1;0;3;0;0;0;;;;;4;0;0;0;0
29/12/2015;12:58:00;176;Acidente com vítima;266;BR-101/ES;Norte;Colisão Traseira;2;0;0;0;0;0;;;;;3;3;0;0;0
29/12/2015;12:46:00;168 - TRECHO CONTORNO;Acidente com vítima;271;BR-101/ES;Norte;Colisão Traseira;1;0;2;0;0;0;;;;;2;1;0;0;0
29/12/2015;19:02:00;282 - TRECHO CONTORNO;Acidente sem Vítima;291;BR-101/ES;Sul;Colisão Lateral;1;0;2;0;0;0;;;;;2;0;0;0;0
29/12/2015;18:24:00;276 - TRECHO CONTORNO;Acidente sem Vítima;293;BR-101/ES;Sul;Saída de Pista;1;0;0;0;0;0;;;;;1;0;0;0;0
29/12/2015;09:56:00;124;Acidente sem Vítima;398;BR-101/ES;Sul;Colisão Lateral;2;0;2;0;0;0;;;;;3;0;0;0;0
30/12/2015;10:58:00;166;Acidente sem Vítima;41;BR-101/ES;Norte;Saída de Pista;1;0;0;0;0;0;;;;;2;0;0;0;0
30/12/2015;22:32:00;386;Acidente com vítima;61;BR-101/ES;Norte;Queda de Moto;0;0;0;1;0;0;;;;;0;1;0;0;0
30/12/2015;17:45:00;319;Acidente com vítima;74;BR-101/ES;Norte;Colisão Traseira;1;0;0;1;0;0;;;;;1;1;0;0;0
30/12/2015;16:00:00;286;Acidente sem Vítima;151;BR-101/ES;Norte;Colisão Traseira;1;0;0;1;0;0;;;;;2;0;0;0;0
30/12/2015;11:28:00;174;Acidente com vítima;166;BR-101/ES;Norte;Colisão Transversal;1;0;0;1;0;0;;;;;1;1;0;0;0
30/12/2015;08:45:00;106;Acidente com vítima;261;BR-101/ES;Sul;Colisão Traseira;1;0;0;1;0;0;;;;;1;1;0;0;0
30/12/2015;08:51:00;109 - TRECHO CONTORNO;Acidente com vítima;282;BR-101/ES;Norte;Queda de Moto;0;0;0;1;0;0;;;;;0;0;1;0;0
30/12/2015;22:28:00;385 - TRECHO CONTORNO;Acidente com Morte;290;BR-101/ES;Norte;Colisão Lateral;1;0;1;0;0;0;;;;;0;0;0;0;1
30/12/2015;11:02:00;169;Acidente com vítima;297;BR-101/ES;Norte;Queda de Moto;0;0;0;1;0;0;;;;;0;0;1;0;0
30/12/2015;13:18:00;225;Acidente sem Vítima;298;BR-101/ES;Sul;Colisão Transversal;2;0;0;0;0;0;;;;;2;0;0;0;0
30/12/2015;18:12:00;326;Acidente com vítima;348,3;BR-101/ES;Sul;Queda de ciclista;0;1;0;0;0;0;;;;;0;1;0;0;0
31/12/2015;12:08:00;163;Acidente sem Vítima;60;BR-101/ES;Norte;Saída de Pista;1;0;0;0;0;0;;;;;3;0;0;0;0
31/12/2015;22:03:00;345;Acidente sem Vítima;68;BR-101/ES;Sul;Colisão Traseira;2;0;0;0;0;0;;;;;3;0;0;0;0
31/12/2015;14:56:00;223;Acidente com vítima;90;BR-101/ES;Sul;Queda de Moto;0;0;0;1;0;0;;;;;0;2;0;0;0
31/12/2015;08:44:00;88;Acidente sem Vítima;105;BR-101/ES;Sul;Saída de Pista;1;0;0;0;0;0;;;;;2;0;0;0;0
31/12/2015;08:52:00;90;Acidente sem Vítima;125;BR-101/ES;Norte;Engavetamento;2;0;1;0;0;0;;;;;7;0;0;0;0
31/12/2015;13:13:00;190;Acidente com vítima;174;BR-101/ES;Sul;Colisão Lateral;0;0;4;1;0;0;;;;;1;1;0;0;0
31/12/2015;20:12:00;312;Acidente com vítima;264;BR-101/ES;Sul;Colisão Frontal;1;0;0;1;0;0;;;;;3;0;1;1;0
31/12/2015;14:36:00;213;Acidente sem Vítima;266;BR-101/ES;Sul;Colisão Traseira;2;0;0;0;0;0;;;;;6;0;0;0;0
31/12/2015;15:06:00;226;Acidente sem Vítima;266;BR-101/ES;Sul;Colisão Transversal;2;0;0;0;0;0;;;;;4;0;0;0;0
31/12/2015;12:11:00;165;Acidente sem Vítima;270;BR-101/ES;Norte;Choque com Objeto Fixo;0;0;1;0;0;0;;;;;1;0;0;0;0
31/12/2015;11:44:00;151;Acidente sem Vítima;300;BR-101/ES;Sul;Atropelamento - Bovino;1;0;0;0;0;0;;;;;2;0;0;0;0
31/12/2015;11:57:00;160;Acidente com vítima;304;BR-101/ES;Sul;Colisão Traseira;1;0;1;0;0;0;;;;;2;0;1;0;0
31/12/2015;13:19:00;191;Acidente sem Vítima;307,8;BR-101/ES;Norte;Colisão Traseira;2;0;0;0;0;0;;;;;4;0;0;0;0
31/12/2015;04:36:00;45;Acidente com vítima;325;BR-101/ES;Norte;Colisão Frontal;2;0;1;0;0;0;;;;;3;1;0;1;0
31/12/2015;12:45:00;180;Acidente com vítima;350,4;BR-101/ES;Sul;Colisão Frontal;1;0;1;0;0;0;;;;;1;1;2;2;0
31/12/2015;14:34:00;211;Acidente sem Vítima;355;BR-101/ES;Norte;Colisão Traseira;2;0;0;0;0;0;;;;;4;0;0;0;0
01/01/2016;22:30:00;303;Acidente com vítima;31;BR-101/ES;Norte;Queda de Moto;1;0;0;0;0;0;;;;;0;1;0;1;0
01/01/2016;18:30:00;247;Acidente sem Vítima;188;BR-101/ES;Sul;Choque com Objeto Fixo;0;0;0;0;0;0;;;;;1;0;0;0;0
01/01/2016;03:56:00;41;Acidente com vítima;208;BR-101/ES;Sul;Colisão Lateral;1;1;0;0;0;0;;;;;31;0;1;0;0
01/01/2016;17:14:00;231;Acidente sem Vítima;245;BR-101/ES;Norte;Veículo em Chamas;1;0;0;0;0;0;;;;;1;0;0;0;0
01/01/2016;23:15:00;313;Acidente sem Vítima;255;BR-101/ES;Norte;Colisão Traseira;2;0;0;0;0;0;;;;;5;0;0;0;0
01/01/2016;18:55:00;252;Acidente com vítima;260;BR-101/ES;Sul;Queda de Moto;0;0;0;1;0;0;;;;;0;1;0;0;0
01/01/2016;00:39:00;7;Acidente sem Vítima;263,8;BR-101/ES;Norte;Colisão Traseira;2;0;0;0;0;0;;;;;3;0;0;0;0
01/01/2016;18:41:00;248;Acidente sem Vítima;264;BR-101/ES;Norte;Colisão Traseira;2;0;0;0;0;0;;;;;2;0;0;0;0
01/01/2016;06:44:00;59-TRECHO CONTORNO;Atropelamento sem morte;274;BR-101/ES;Norte;Atropelamento e Fuga;1;0;0;0;0;0;;;;;0;0;1;0;0
01/01/2016;13:30:00;160-TRECHO CONTORNO;Acidente sem Vítima;275,5;BR-101/ES;Norte;Saída de Pista;1;0;0;0;0;0;;;;;2;0;0;0;0
01/01/2016;10:53:00;109;Acidente sem Vítima;353;BR-101/ES;Norte;Queda de Moto;1;0;0;0;0;0;;;;;2;0;0;0;0
01/01/2016;03:24:00;37;Acidente com vítima;447;BR-101/ES;Norte;Colisão Frontal;1;0;0;0;3;0;;;;;2;4;0;1;0
02/01/2016;19:02:00;296;Acidente sem Vítima;232;BR-101/ES;Sul;Colisão Traseira;0;0;2;0;0;0;;;;;2;0;0;0;0
02/01/2016;00:19:00;7;Atropelamento com morte;263,5;BR-101/ES;Norte;Atropelamento;1;0;0;0;0;0;;;;;1;0;1;0;1
02/01/2016;20:09:00;305-TRECHO CONTORNO;Acidente com vítima;287;BR-101/ES;Norte;Queda de Moto;0;0;0;1;0;0;;;;;0;0;1;0;0
02/01/2016;12:10:00;169-TRECHO CONTORNO;Acidente com vítima;288;BR-101/ES;Sul;Choque com Objeto Fixo;0;0;0;1;0;0;;;;;0;1;0;0;0
02/01/2016;06:46:00;67-TRECHO CONTORNO;Acidente com vítima;289;BR-101/ES;Sul;Capotamento;1;0;0;0;0;0;;;;;3;1;0;0;0
02/01/2016;18:02:00;279;Acidente com vítima;378;BR-101/ES;Norte;Colisão Lateral;3;0;0;0;0;0;;;;;3;1;0;0;0
02/01/2016;03:33:00;38;Acidente com vítima;459;BR-101/ES;Sul;Saída de Pista;1;0;0;0;0;0;;;;;0;0;1;0;0
03/01/2016;19:16:00;344;Acidente sem Vítima;3;BR-101/ES;Norte;Saída de Pista;1;0;0;0;0;0;;;;;2;0;0;0;0