data;horario;n_da_ocorrencia;tipo_de_ocorrencia;km;trecho;sentido;tipo_de_acidente;automovel;bicicleta;caminhao;moto;onibus;outros;tracao_animal;transporte_de_cargas_especiais;trator_maquinas;utilitarios;ilesos;levemente_feridos;moderadamente_feridos;gravemente_feridos;mortos
03/01/2016;23:31:00;405;Acidente sem Vítima;14;BR-101/ES;Norte;Colisão Lateral;2;0;0;0;0;0;;;;;10;0;0;0;0
03/01/2016;13:43:00;206;Acidente sem Vítima;66,5;BR-101/ES;Sul;Colisão Traseira;2;0;0;0;0;0;;;;;6;0;0;0;0
03/01/2016;12:40:00;184;Acidente com vítima;66,7;BR-101/ES;Norte;Colisão;0;0;1;1;0;0;;;;;0;2;0;0;0
03/01/2016;09:29:00;111;Acidente com vítima;117;BR-101/ES;Norte;Colisão Traseira;2;0;0;0;0;0;;;;;1;2;0;0;0
03/01/2016;11:23:00;154;Acidente sem Vítima;142;BR-101/ES;Norte;Colisão Traseira;1;0;0;1;0;0;;;;;3;0;0;0;0
03/01/2016;22:36:00;393;Atropelamento sem morte;185;BR-101/ES;Norte;Atropelamento;1;0;0;0;0;0;;;;;1;0;1;0;0
03/01/2016;04:30:00;40;Acidente sem Vítima;203;BR-101/ES;Norte;Saída de Pista;1;0;0;0;0;0;;;;;4;0;0;0;0
03/01/2016;20:20:00;364;Acidente sem Vítima;204;BR-101/ES;Norte;Colisão Lateral;2;0;0;0;0;0;;;;;2;0;0;0;0
03/01/2016;18:51:00;334;Acidente com vítima;205;BR-101/ES;Sul;Colisão Traseira;4;1;0;0;0;0;;;;;5;3;0;0;0
03/01/2016;10:19:00;129;Acidente sem Vítima;225;BR-101/ES;Sul;Colisão Traseira;2;0;0;0;0;0;;;;;2;0;0;0;0
03/01/2016;09:55:00;122;Acidente com vítima;226;BR-101/ES;Norte;Colisão Traseira;1;0;0;1;0;0;;;;;2;1;0;0;0
03/01/2016;19:15:00;342;Acidente sem Vítima;235;BR-101/ES;Norte;Saída de Pista;0;0;1;0;0;0;;;;;3;0;0;0;0
03/01/2016;13:20:00;198;Atropelamento sem morte;241;BR-101/ES;Sul;Atropelamento;1;0;0;0;0;0;;;;;2;0;1;0;0
03/01/2016;11:25:00;156;Acidente com vítima;251;BR-101/ES;Sul;Colisão Transversal;2;0;0;0;0;0;;;;;3;0;3;0;0
03/01/2016;23:54:00;411;Acidente sem Vítima;261;BR-101/ES;Sul;Saída de Pista;0;0;1;0;1;0;;;;;1;0;0;0;0
03/01/2016;22:10:00;389;Acidente sem Vítima;262;BR-101/ES;Norte;Colisão Traseira;1;0;1;0;0;0;;;;;3;0;0;0;0
03/01/2016;10:43:00;140;Acidente com vítima;264;BR-101/ES;Norte;Colisão Transversal;2;0;0;1;0;0;;;;;2;1;0;0;0
03/01/2016;15:56:00;269;Acidente sem Vítima;264;BR-101/ES;Norte;Colisão Traseira;2;0;0;0;0;0;;;;;2;0;0;0;0
03/01/2016;19:36:00;353;Acidente com vítima;264;BR-101/ES;Sul;Engavetamento;5;0;0;0;0;0;;;;;8;1;1;0;0
03/01/2016;04:05:00;35;Acidente sem Vítima;265;BR-101/ES;Norte;Colisão Traseira;2;0;0;0;0;0;;;;;4;0;0;0;0
03/01/2016;02:47:00;24;Acidente com vítima;266;BR-101/ES;Norte;Colisão Traseira;2;0;0;0;0;0;;;;;1;1;0;0;0
03/01/2016;15:44:00;262-TRECHO CONTORNO;Acidente sem Vítima;271;BR-101/ES;Norte;Saída de Pista;1;0;0;0;0;0;;;;;1;0;0;0;0
03/01/2016;09:39:00;117-TRECHO CONTORNO;Acidente com vítima;272;BR-101/ES;Sul;Saída de Pista;1;0;0;0;0;0;;;;;0;0;1;0;0
03/01/2016;16:40:00;284-TRECHO CONTORNO;Acidente com vítima;272;BR-101/ES;Sul;Capotamento;1;0;0;0;0;0;;;;;0;2;2;0;0
03/01/2016;16:45:00;287-TRECHO CONTORNO;Acidente sem Vítima;272;BR-101/ES;Norte;Colisão Traseira;2;0;0;0;0;0;;;;;2;0;0;0;0
03/01/2016;18:10:00;322-TRECHO CONTORNO;Acidente sem Vítima;273;BR-101/ES;Sul;Saída de Pista;1;0;0;0;0;0;;;;;1;0;0;0;0
03/01/2016;23:30:00;404-TRECHO CONTORNO;Acidente sem Vítima;277;BR-101/ES;Sul;Saída de Pista;1;0;0;0;0;0;;;;;1;0;0;0;0
03/01/2016;17:21:00;304-TRECHO CONTORNO;Acidente sem Vítima;282;BR-101/ES;Norte;Saída de Pista;1;0;0;0;0;0;;;;;6;0;0;0;0
03/01/2016;22:37:00;394-TRECHO CONTORNO;Acidente sem Vítima;288;BR-101/ES;Norte;Saída de Pista;1;0;0;0;0;0;;;;;2;0;0;0;0
03/01/2016;14:40:00;234-TRECHO CONTORNO;Acidente com vítima;291;BR-101/ES;Norte;Colisão Traseira;1;0;1;0;0;0;;;;;5;0;2;0;0
03/01/2016;18:23:00;325-TRECHO CONTORNO;Acidente com vítima;291;BR-101/ES;Norte;Colisão Transversal;1;0;1;0;1;0;;;;;1;2;0;0;0
03/01/2016;16:50:00;289;Acidente sem Vítima;365;BR-101/ES;Norte;Engavetamento;3;0;0;0;0;0;;;;;9;0;0;0;0
03/01/2016;17:11:00;299;Acidente sem Vítima;365;BR-101/ES;Sul;Colisão Lateral;2;0;0;0;0;0;;;;;6;0;0;0;0
03/01/2016;20:21:00;365;Acidente sem Vítima;371;BR-101/ES;Sul;Saída de Pista;1;0;0;0;0;0;;;;;2;0;0;0;0
03/01/2016;19:58:00;359;Acidente sem Vítima;377;BR-101/ES;Sul;Colisão Transversal;2;0;0;0;0;0;;;;;6;0;0;0;0
03/01/2016;20:26:00;368;Acidente sem Vítima;394;BR-101/ES;Sul;Colisão Traseira;2;0;0;0;0;0;;;;;7;0;0;0;0
03/01/2016;17:43:00;310;Acidente sem Vítima;401;BR-101/ES;Sul;Colisão Lateral;2;0;0;0;0;0;;;;;9;0;0;0;0
03/01/2016;20:47:00;373;Acidente sem Vítima;438;BR-101/ES;Norte;Saída de Pista;1;0;0;0;0;0;;;;;4;0;0;0;0
03/01/2016;17:03:00;297;Acidente com vítima;440;BR-101/ES;Sul;Saída de Pista;1;0;0;0;0;0;;;;;0;2;0;0;0
03/01/2016;15:18:00;253;Acidente com vítima;448;BR-101/ES;Sul;Capotamento;3;0;0;1;0;0;;;;;9;0;1;0;0
03/01/2016;14:37:00;232;Acidente sem Vítima;450;BR-101/ES;Sul;Colisão Traseira;2;0;0;0;0;0;;;;;6;0;0;0;0
04/01/2016;03:50:00;35;Acidente sem Vítima;86;BR-101/ES;Sul;Choque com Objeto Fixo;0;0;0;0;1;0;;;;;1;0;0;0;0
04/01/2016;17:43:00;307;Acidente sem Vítima;110;BR-101/ES;Sul;Engavetamento;4;0;0;0;0;0;;;;;16;0;0;0;0
04/01/2016;06:08:00;55;Acidente sem Vítima;122;BR-101/ES;Norte;Saída de Pista;0;0;1;0;0;0;;;;;2;0;0;0;0
04/01/2016;07:03:00;64;Acidente sem Vítima;125;BR-101/ES;Sul;Colisão Lateral;2;0;0;0;0;0;;;;;2;0;0;0;0
04/01/2016;17:23:00;303;Acidente sem Vítima;202;BR-101/ES;Sul;Atropelamento - Animal;1;0;0;0;0;0;;;;;1;0;0;0;0
04/01/2016;13:41:00;222;Acidente sem Vítima;267;BR-101/ES;Norte;Colisão Traseira;2;0;0;0;0;0;;;;;3;0;0;0;0
04/01/2016;19:21:00;328;Acidente sem Vítima;301;BR-101/ES;Norte;Colisão Traseira;1;0;0;0;3;0;;;;;2;0;0;0;0
04/01/2016;03:00:00;28;Acidente sem Vítima;303;BR-101/ES;Sul;Colisão Lateral;0;1;0;0;2;0;;;;;2;0;0;0;0
04/01/2016;13:10:00;209;Acidente com vítima;327;BR-101/ES;Sul;Queda de Moto;0;0;0;1;0;0;;;;;0;2;0;0;0
04/01/2016;13:29:00;219;Acidente sem Vítima;361;BR-101/ES;Norte;Colisão Traseira;2;0;0;0;0;0;;;;;8;0;0;0;0
04/01/2016;10:16:00;145;Acidente com vítima;370;BR-101/ES;Sul;Colisão Transversal;1;0;1;0;1;0;;;;;1;0;1;1;0
05/01/2016;22:57:00;332;Acidente sem Vítima;65;BR-101/ES;Norte;Colisão Traseira;1;0;0;1;0;0;;;;;2;0;0;0;0
05/01/2016;11:49:00;160;Acidente sem Vítima;125;BR-101/ES;Norte;Queda de Moto;1;0;0;0;0;0;;;;;1;0;0;0;0
05/01/2016;15:43:00;224;Acidente sem Vítima;148;BR-101/ES;Norte;Engavetamento;4;0;0;0;0;0;;;;;6;0;0;0;0
05/01/2016;01:24:00;15;Acidente sem Vítima;166;BR-101/ES;Sul;Colisão Traseira;1;0;1;0;0;0;;;;;3;0;0;0;0
05/01/2016;15:25:00;218;Acidente sem Vítima;255;BR-101/ES;Sul;Colisão Traseira;2;0;0;0;0;0;;;;;2;0;0;0;0
05/01/2016;13:25:00;186;Acidente com vítima;265;BR-101/ES;Norte;Colisão Traseira;2;0;0;0;0;0;;;;;2;0;1;0;0
05/01/2016;05:18:00;47;Acidente sem Vítima;268;BR-101/ES;Norte;Atropelamento - Equino;0;0;1;0;0;0;;;;;2;0;0;0;0
05/01/2016;17:37:00;261;Acidente sem Vítima;269;BR-101/ES;Norte;Colisão Lateral;1;0;0;0;2;0;;;;;3;0;0;0;0
05/01/2016;05:14:00;46;Acidente sem Vítima;303;BR-101/ES;Sul;Saída de Pista;1;0;0;0;0;0;;;;;1;0;0;0;0
05/01/2016;12:14:00;167;Acidente sem Vítima;335;BR-101/ES;Sul;Colisão Traseira;1;0;1;0;0;0;;;;;5;0;0;0;0
06/01/2016;00:07:00;1;Acidente com vítima;69;BR-101/ES;Sul;Queda de ciclista;0;0;1;0;0;0;;;;;0;1;0;0;0
06/01/2016;23:16:00;339;Acidente com vítima;128;BR-101/ES;Norte;Queda de Moto;0;0;0;1;0;0;;;;;0;0;1;0;0
06/01/2016;14:32:00;213;Acidente sem Vítima;213;BR-101/ES;Norte;Colisão Traseira;1;0;1;0;0;0;;;;;2;0;0;0;0
06/01/2016;13:58:00;207;Acidente sem Vítima;267;BR-101/ES;Sul;Colisão Traseira;2;0;0;0;0;0;;;;;2;0;0;0;0
06/01/2016;21:12:00;311;Acidente sem Vítima;270;BR-101/ES;Sul;Colisão;1;0;1;0;0;0;;;;;2;0;0;0;0
06/01/2016;15:08:00;219;Acidente com vítima;393;BR-101/ES;Norte;Veículo em Chamas;0;0;0;0;2;0;;;;;0;1;0;0;0
07/01/2016;08:34:00;92;Acidente sem Vítima;54;BR-101/ES;Sul;Engavetamento;2;0;1;0;0;0;;;;;3;0;0;0;0
07/01/2016;14:43:00;204;Acidente sem Vítima;85;BR-101/ES;Norte;Colisão Traseira;1;0;1;0;0;0;;;;;3;0;0;0;0
07/01/2016;09:14:00;103;Acidente com vítima;205;BR-101/ES;Sul;Choque com Objeto Fixo;1;0;1;0;0;0;;;;;2;1;0;0;0
07/01/2016;09:37:00;116;Acidente sem Vítima;250;BR-101/ES;Norte;Saída de Pista;1;0;0;0;0;0;;;;;2;0;0;0;0
07/01/2016;08:41:00;95;Acidente com Morte;258,5;BR-101/ES;Sul;Queda de Moto;0;0;0;1;0;0;;;;;0;0;0;0;1
07/01/2016;13:49:00;189;Acidente sem Vítima;269;BR-101/ES;Sul;Engavetamento;3;0;0;0;0;0;;;;;4;0;0;0;0
07/01/2016;18:00:00;271-TRECHO CONTORNO;Acidente sem Vítima;288;BR-101/ES;Norte;Colisão Lateral;0;1;1;0;1;0;;;;;3;0;0;0;0
07/01/2016;07:20:00;68-TRECHO CONTORNO;Acidente sem Vítima;291,5;BR-101/ES;Sul;Colisão Traseira;1;0;1;0;0;0;;;;;3;0;0;0;0
07/01/2016;16:59:00;250;Acidente sem Vítima;373,8;BR-101/ES;Sul;Colisão Traseira;2;0;0;0;0;0;;;;;7;0;0;0;0
07/01/2016;15:00:00;211;Acidente sem Vítima;375;BR-101/ES;Sul;Colisão Traseira;0;0;0;0;6;0;;;;;2;0;0;0;0
08/01/2016;14:25:00;245;Acidente com vítima;79,4;BR-101/ES;Sul;Queda de Moto;0;0;0;1;0;0;;;;;0;1;0;0;0
08/01/2016;06:04:00;67;Acidente sem Vítima;126,9;BR-101/ES;Norte;Colisão Traseira;2;0;0;0;0;0;;;;;2;0;0;0;0
08/01/2016;09:28:00;137;Acidente sem Vítima;149;BR-101/ES;Sul;Colisão Traseira;1;0;0;0;3;0;;;;;3;0;0;0;0
08/01/2016;21:10:00;359;Acidente sem Vítima;259;BR-101/ES;Norte;Choque com Objeto Fixo;1;0;0;0;0;0;;;;;1;0;0;0;0
08/01/2016;22:53:00;393;Acidente com vítima;266;BR-101/ES;Sul;Colisão Transversal;2;0;0;0;0;0;;;;;1;1;0;0;0
08/01/2016;23:40:00;411;Acidente sem Vítima;270;BR-101/ES;Norte;Colisão Transversal;2;0;0;0;0;0;;;;;2;0;0;0;0
08/01/2016;14:28:00;246-TRECHO CONTORNO;Acidente sem Vítima;274;BR-101/ES;Sul;Colisão Traseira;2;0;0;0;0;0;;;;;2;0;0;0;0
08/01/2016;20:54:00;357-TRECHO CONTORNO;Acidente sem Vítima;277;BR-101/ES;Norte;Choque com Objeto Fixo;1;0;0;0;0;0;;;;;2;0;0;0;0
08/01/2016;07:52:00;99-TRECHO CONTORNO;Acidente sem Vítima;277,5;BR-101/ES;Norte;Choque com Objeto Fixo;0;0;1;0;0;0;;;;;3;0;0;0;0
08/01/2016;12:19:00;196-TRECHO CONTORNO;Acidente sem Vítima;291;BR-101/ES;Norte;Colisão Lateral;2;0;0;0;0;0;;;;;3;0;0;0;0
08/01/2016;14:07:00;235-TRECHO CONTORNO;Acidente sem Vítima;291;BR-101/ES;Sul;Saída de Pista;1;0;0;0;0;0;;;;;5;0;0;0;0
08/01/2016;23:10:00;397-TRECHO CONTORNO;Acidente sem Vítima;291;BR-101/ES;Sul;Veículo em Chamas;1;0;0;0;0;0;;;;;1;0;0;0;0
08/01/2016;04:11:00;51;Acidente sem Vítima;358;BR-101/ES;Sul;Tombamento;0;0;0;0;2;0;;;;;1;0;0;0;0
09/01/2016;19:56:00;336;Acidente com vítima;67;BR-101/ES;Norte;Colisão Traseira;1;0;0;1;0;0;;;;;3;0;1;0;0
09/01/2016;10:22:00;148;Acidente sem Vítima;124;BR-101/ES;Sul;Choque;1;0;0;0;1;0;;;;;3;0;0;0;0
09/01/2016;10:31:00;151;Acidente sem Vítima;124;BR-101/ES;Norte;Choque;1;0;0;0;1;0;;;;;6;0;0;0;0
09/01/2016;18:16:00;312;Acidente com vítima;126;BR-101/ES;Norte;Colisão Traseira;2;0;0;0;0;0;;;;;1;2;0;0;0
09/01/2016;22:13:00;359;Acidente com vítima;132;BR-101/ES;Sul;Colisão Lateral;1;0;0;1;0;0;;;;;1;1;1;0;0
09/01/2016;20:24:00;342;Acidente com vítima;144;BR-101/ES;Norte;Colisão Traseira;2;0;0;0;0;0;;;;;1;2;0;0;0
09/01/2016;12:18:00;185;Atropelamento sem morte;150;BR-101/ES;Sul;Atropelamento;1;0;0;0;0;0;;;;;1;0;0;1;0
09/01/2016;07:07:00;81;Acidente com vítima;189;BR-101/ES;Sul;Saída de Pista;0;0;1;0;0;0;;;;;0;0;1;0;0
09/01/2016;15:36:00;251;Acidente com vítima;213;BR-101/ES;Sul;Choque com Objeto Fixo;1;0;0;0;0;0;;;;;4;0;1;0;0
09/01/2016;10:31:00;153;Acidente sem Vítima;253;BR-101/ES;Sul;Queda de Moto;0;0;0;1;0;0;;;;;2;0;0;0;0
09/01/2016;22:39:00;372;Acidente sem Vítima;308;BR-101/ES;Sul;Atropelamento - Bovino;0;0;0;0;0;0;;;;;1;0;0;0;0
09/01/2016;08:46:00;111;Acidente com vítima;414;BR-101/ES;Sul;Queda de Moto;0;0;0;1;0;0;;;;;0;0;1;0;0
10/01/2016;15:54:00;232;Acidente com vítima;61;BR-101/ES;Norte;Saída de Pista;1;0;0;0;0;0;;;;;0;1;0;0;0
10/01/2016;16:54:00;253;Acidente sem Vítima;116;BR-101/ES;Sul;Engavetamento;3;0;1;0;0;0;;;;;7;0;0;0;0
10/01/2016;07:39:00;72;Acidente sem Vítima;204;BR-101/ES;Norte;Colisão Traseira;2;0;0;0;0;0;;;;;3;0;0;0;0
10/01/2016;16:27:00;245;Acidente sem Vítima;298;BR-101/ES;Norte;Engavetamento;4;0;0;0;0;0;;;;;8;0;0;0;0
10/01/2016;15:34:00;222;Acidente sem Vítima;373;BR-101/ES;Norte;Saída de Pista;1;0;0;0;0;0;;;;;4;0;0;0;0
11/01/2016;20:34:00;355;Acidente com vítima;49;BR-101/ES;Sul;Colisão Frontal;2;0;0;0;0;0;;;;;0;5;0;1;0
11/01/2016;19:48:00;348;Acidente com vítima;81;BR-101/ES;Norte;Colisão Frontal;3;1;0;0;0;0;;;;;3;3;4;1;0
11/01/2016;20:24:00;352;Acidente sem Vítima;86;BR-101/ES;Sul;Colisão Transversal;2;0;0;0;0;0;;;;;3;0;0;0;0
11/01/2016;11:20:00;180;Acidente sem Vítima;127;BR-101/ES;Norte;Colisão Transversal;2;0;0;0;0;0;;;;;5;0;0;0;0
11/01/2016;10:28:00;149;Acidente sem Vítima;259;BR-101/ES;Norte;Colisão Traseira;0;1;0;0;2;0;;;;;3;0;0;0;0
11/01/2016;22:44:00;380;Acidente com vítima;264;BR-101/ES;Norte;Colisão Transversal;1;0;0;1;0;0;;;;;0;1;0;1;0
11/01/2016;06:18:00;68;Acidente sem Vítima;266;BR-101/ES;Sul;Colisão Transversal;2;0;1;0;0;0;;;;;4;0;0;0;0
11/01/2016;17:18:00;314;Acidente com vítima;266;BR-101/ES;Sul;Queda de Moto;0;0;0;1;0;0;;;;;0;0;1;0;0
11/01/2016;13:41:00;246-TRECHO CONTORNO;Acidente sem Vítima;291;BR-101/ES;Sul;Colisão Traseira;1;0;0;1;0;0;;;;;2;0;0;0;0
12/01/2016;21:33:00;371;Acidente sem Vítima;70;BR-101/ES;Norte;Saída de Pista;1;0;0;0;0;0;;;;;1;0;0;0;0
12/01/2016;20:04:00;355;Acidente sem Vítima;149;BR-101/ES;Sul;Colisão Transversal;1;0;1;0;0;0;;;;;2;0;0;0;0
12/01/2016;13:58:00;262;Acidente com vítima;269;BR-101/ES;Norte;Colisão Traseira;1;0;0;1;0;0;;;;;2;1;0;0;0
12/01/2016;11:08:00;200-TRECHO CONTORNO;Acidente sem Vítima;271;BR-101/ES;Sul;Colisão Lateral;1;0;1;0;0;0;;;;;5;0;0;0;0
12/01/2016;16:36:00;308-TRECHO CONTORNO;Acidente sem Vítima;296;BR-101/ES;Sul;Saída de Pista;1;0;0;0;0;0;;;;;1;0;0;0;0
12/01/2016;16:03:00;300;Acidente sem Vítima;329;BR-101/ES;Norte;Saída de Pista;1;0;0;0;2;0;;;;;3;0;0;0;0
12/01/2016;20:33:00;359;Acidente sem Vítima;332,8;BR-101/ES;Sul;Choque com Objeto Fixo;1;0;0;0;0;0;;;;;4;0;0;0;0
12/01/2016;16:52:00;312;Acidente sem Vítima;360;BR-101/ES;Norte;Saída de Pista;1;0;0;0;0;0;;;;;1;0;0;0;0
12/01/2016;15:37:00;294;Acidente sem Vítima;361;BR-101/ES;Norte;Saída de Pista;1;0;0;0;0;0;;;;;1;0;0;0;0
12/01/2016;14:54:00;283;Acidente sem Vítima;371;BR-101/ES;Sul;Colisão Lateral;0;0;2;0;0;0;;;;;2;0;0;0;0
12/01/2016;14:23:00;274;Acidente sem Vítima;430;BR-101/ES;Norte;Saída de Pista;1;0;0;0;0;0;;;;;1;0;0;0;0
13/01/2016;20:37:00;340;Acidente sem Vítima;16;BR-101/ES;Norte;Colisão Transversal;1;0;0;0;0;0;;;;;3;0;0;0;0
13/01/2016;09:23:00;127;Acidente sem Vítima;142;BR-101/ES;Norte;Colisão Transversal;1;0;1;0;0;0;;;;;2;0;0;0;0
13/01/2016;22:27:00;360;Acidente com vítima;162;BR-101/ES;Norte;Colisão Transversal;1;0;1;0;0;0;;;;;1;1;0;0;0
13/01/2016;19:22:00;320;Acidente com vítima;262;BR-101/ES;Sul;Queda de Moto;0;0;0;1;0;0;;;;;0;1;0;0;0
13/01/2016;07:25:00;85;Atropelamento sem morte;270;BR-101/ES;Sul;Atropelamento e Fuga;0;0;1;0;0;0;;;;;0;0;1;0;0
13/01/2016;00:31:00;8-TRECHO CONTORNO;Acidente com vítima;291;BR-101/ES;Sul;Queda de Moto;0;0;0;1;0;0;;;;;0;1;0;0;0
13/01/2016;19:39:00;328;Acidente sem Vítima;299;BR-101/ES;Sul;Colisão Traseira;2;0;0;0;0;0;;;;;6;0;0;0;0
13/01/2016;20:43:00;343;Acidente com vítima;331;BR-101/ES;Norte;Colisão Transversal;2;0;0;0;0;0;;;;;2;0;2;0;0
13/01/2016;16:13:00;265;Acidente sem Vítima;456;BR-101/ES;Sul;Saída de Pista;1;0;0;0;0;0;;;;;2;0;0;0;0
14/01/2016;12:28:00;178;Acidente com vítima;148;BR-101/ES;Sul;Colisão Traseira;1;0;0;1;0;0;;;;;1;0;1;0;0
14/01/2016;20:40:00;280;Acidente sem Vítima;231;BR-101/ES;Sul;Saída de Pista;1;0;0;0;0;0;;;;;1;0;0;0;0
14/01/2016;06:59:00;67;Acidente com vítima;259,5;BR-101/ES;Norte;Saída de Pista;1;0;0;0;0;0;;;;;0;0;1;0;0
14/01/2016;11:04:00;148;Acidente sem Vítima;266;BR-101/ES;Norte;Colisão Traseira;2;0;0;0;0;0;;;;;6;0;0;0;0
14/01/2016;06:10:00;57;Acidente sem Vítima;268;BR-101/ES;Norte;Colisão Traseira;1;1;0;0;0;0;;;;;3;0;0;0;0
14/01/2016;13:33:00;200;Acidente com vítima;270;BR-101/ES;Sul;Colisão Lateral;0;0;1;1;0;0;;;;;0;0;1;0;0
14/01/2016;19:04:00;266-TRECHO CONTORNO;Acidente sem Vítima;291;BR-101/ES;Sul;Colisão Traseira;2;0;0;0;0;0;;;;;2;0;0;0;0
14/01/2016;11:40:00;164-TRECHO CONTORNO;Acidente com Morte;292;BR-101/ES;Sul;Colisão Lateral;0;0;0;1;0;0;;;;;0;0;0;0;1
14/01/2016;12:24:00;177;Acidente com vítima;298;BR-101/ES;Norte;Colisão Traseira;2;0;0;0;0;0;;;;;1;1;0;0;0
15/01/2016;14:41:00;255;Acidente sem Vítima;23;BR-101/ES;Sul;Colisão Traseira;0;0;1;0;3;0;;;;;2;0;0;0;0
15/01/2016;17:48:00;326;Acidente sem Vítima;264;BR-101/ES;Norte;Colisão Lateral;0;0;1;1;0;0;;;;;3;0;0;0;0
15/01/2016;13:38:00;229;Acidente sem Vítima;270;BR-101/ES;Sul;Colisão Traseira;1;0;1;0;0;0;;;;;5;0;0;0;0
15/01/2016;18:41:00;337;Acidente sem Vítima;270;BR-101/ES;Sul;Colisão Lateral;1;0;1;0;0;0;;;;;2;0;0;0;0
15/01/2016;10:13:00;149-TRECHO CONTORNO;Acidente com vítima;280;BR-101/ES;Norte;Colisão Lateral;1;0;0;1;0;0;;;;;2;0;2;0;0
15/01/2016;19:14:00;349;Acidente sem Vítima;304;BR-101/ES;Sul;Colisão Traseira;2;0;0;0;0;0;;;;;2;0;0;0;0
15/01/2016;06:18:00;70;Atropelamento sem morte;309,5;BR-101/ES;Norte;Atropelamento;1;0;0;0;0;0;;;;;1;1;0;0;0
15/01/2016;19:12:00;346;Acidente sem Vítima;320;BR-101/ES;Sul;Colisão Traseira;1;0;1;0;0;0;;;;;3;0;0;0;0
15/01/2016;23:06:00;395;Acidente sem Vítima;335;BR-101/ES;Sul;Saída de Pista;0;0;1;0;0;0;;;;;1;0;0;0;0
16/01/2016;18:32:00;308;Acidente com vítima;66;BR-101/ES;Sul;Queda de Moto;0;0;0;1;0;0;;;;;0;0;1;0;0
16/01/2016;10:17:00;131;Acidente com vítima;67;BR-101/ES;Sul;Colisão Lateral;2;0;0;0;0;0;;;;;2;1;0;0;0
16/01/2016;17:42:00;300;Acidente com vítima;70;BR-101/ES;Sul;Saída de Pista;1;0;0;0;0;0;;;;;0;0;2;0;0
16/01/2016;19:42:00;325;Acidente com vítima;79,9;BR-101/ES;Norte;Atropelamento - Equino;2;0;0;1;0;0;;;;;2;0;1;0;0
16/01/2016;16:42:00;284;Acidente sem Vítima;126;BR-101/ES;Norte;Colisão Traseira;2;0;0;0;0;0;;;;;5;0;0;0;0
16/01/2016;00:42:00;14;Acidente sem Vítima;131;BR-101/ES;Norte;Queda de ciclista;0;0;1;0;0;0;;;;;1;0;0;0;0
16/01/2016;09:18:00;116;Acidente com vítima;150;BR-101/ES;Norte;Saída de Pista;1;0;0;0;0;0;;;;;3;1;0;0;0
16/01/2016;17:21:00;295;Acidente sem Vítima;165;BR-101/ES;Norte;Engavetamento;3;0;0;0;0;0;;;;;8;0;0;0;0
16/01/2016;00:25:00;5;Atropelamento com morte;206;BR-101/ES;Norte;Atropelamento e Fuga;0;0;1;0;0;0;;;;;0;0;0;0;1
16/01/2016;00:31:00;8;Acidente com vítima;211,9;BR-101/ES;Sul;Colisão Lateral;1;0;1;0;0;0;;;;;3;0;2;0;0
16/01/2016;23:04:00;377;Acidente com vítima;219;BR-101/ES;Norte;Queda de Moto;0;0;0;1;0;0;;;;;0;0;1;0;0
16/01/2016;08:15:00;96;Acidente com vítima;221;BR-101/ES;Norte;Colisão Lateral;2;0;0;0;3;0;;;;;3;1;0;0;0
16/01/2016;09:53:00;124;Acidente com vítima;222;BR-101/ES;Norte;Colisão Traseira;1;0;0;1;0;0;;;;;2;1;0;0;0
16/01/2016;23:26:00;381;Acidente sem Vítima;264;BR-101/ES;Norte;Colisão Lateral;1;0;0;0;0;0;;;;;2;0;0;0;0
16/01/2016;14:26:00;230;Acidente sem Vítima;265;BR-101/ES;Sul;Colisão Traseira;1;0;1;0;0;0;;;;;6;0;0;0;0
16/01/2016;21:15:00;345;Atropelamento sem morte;270;BR-101/ES;Norte;Atropelamento;1;0;0;0;0;0;;;;;1;1;0;0;0
16/01/2016;22:41:00;367;Acidente com vítima;270;BR-101/ES;Norte;Colisão Traseira;2;1;0;1;0;0;;;;;4;1;0;0;0
16/01/2016;21:04:00;342-TRECHO CONTORNO;Acidente sem Vítima;283;BR-101/ES;Norte;Choque com Objeto Fixo;1;0;0;0;0;0;;;;;1;0;0;0;0
16/01/2016;11:23:00;153;Acidente com vítima;323;BR-101/ES;Norte;Saída de Pista;1;0;0;0;0;0;;;;;1;1;0;0;0
16/01/2016;01:25:00;20;Acidente sem Vítima;442;BR-101/ES;Sul;Colisão Transversal;1;0;0;1;0;0;;;;;4;0;0;0;0
16/01/2016;14:59:00;244;Acidente sem Vítima;448;BR-101/ES;Sul;Saída de Pista;1;0;0;0;0;0;;;;;1;0;0;0;0
16/01/2016;16:13:00;274;Acidente sem Vítima;450;BR-101/ES;Norte;Saída de Pista;0;0;0;0;0;0;;;;;1;0;0;0;0
16/01/2016;12:02:00;167;Acidente com vítima;457;BR-101/ES;Sul;Colisão Transversal;2;0;0;0;0;0;;;;;5;0;2;0;0
17/01/2016;22:47:00;306;Acidente com vítima;65;BR-101/ES;Norte;Colisão Lateral;2;0;0;0;0;0;;;;;1;0;0;1;0
17/01/2016;06:50:00;65;Acidente sem Vítima;102;BR-101/ES;Norte;Saída de Pista;0;0;0;0;0;0;;;;;1;0;0;0;0
17/01/2016;18:44:00;245;Acidente com vítima;137;BR-101/ES;Sul;Colisão Lateral;1;0;0;1;0;0;;;;;1;1;0;0;0
17/01/2016;08:57:00;86;Acidente sem Vítima;172;BR-101/ES;Norte;Colisão Lateral;1;0;0;0;2;0;;;;;5;0;0;0;0
17/01/2016;06:47:00;64;Acidente com vítima;213;BR-101/ES;Norte;Colisão Traseira;1;0;0;1;0;0;;;;;1;1;1;0;0