data;horario;n_da_ocorrencia;tipo_de_ocorrencia;km;trecho;sentido;tipo_de_acidente;automovel;bicicleta;caminhao;moto;onibus;outros;tracao_animal;transporte_de_cargas_especiais;trator_maquinas;utilitarios;ilesos;levemente_feridos;moderadamente_feridos;gravemente_feridos;mortos
17/01/2016;07:07:00;71;Acidente sem Vítima;221;BR-101/ES;Sul;Saída de Pista;1;0;0;0;0;0;;;;;3;0;0;0;0
17/01/2016;16:06:00;198;Acidente sem Vítima;254;BR-101/ES;Sul;Colisão Traseira;2;0;0;0;0;0;;;;;8;0;0;0;0
17/01/2016;22:44:00;304;Acidente com vítima;267;BR-101/ES;Sul;Choque com Objeto Fixo;1;0;0;0;0;0;;;;;0;0;0;1;0
17/01/2016;18:28:00;242;Acidente sem Vítima;268;BR-101/ES;Norte;Colisão Traseira;2;0;0;0;0;0;;;;;2;0;0;0;0
17/01/2016;20:51:00;271-TRECHO CONTORNO;Acidente sem Vítima;282;BR-101/ES;Sul;Choque com Objeto Fixo;1;0;0;0;0;0;;;;;1;0;0;0;0
17/01/2016;00:33:00;12-TRECHO CONTORNO;Acidente com vítima;287;BR-101/ES;Sul;Colisão Transversal;2;0;0;0;0;0;;;;;0;4;1;0;0
17/01/2016;23:06:00;314-TRECHO CONTORNO;Acidente sem Vítima;288;BR-101/ES;Norte;Saída de Pista;1;0;0;0;0;0;;;;;2;0;0;0;0
17/01/2016;16:33:00;209-TRECHO CONTORNO;Acidente sem Vítima;292;BR-101/ES;Sul;Saída de Pista;0;0;0;0;0;0;;;;;1;0;0;0;0
17/01/2016;14:30:00;173-TRECHO CONTORNO;Acidente sem Vítima;294;BR-101/ES;Norte;Colisão Traseira;0;0;1;0;2;0;;;;;3;0;0;0;0
17/01/2016;16:07:00;199-TRECHO CONTORNO;Acidente sem Vítima;294;BR-101/ES;Sul;Colisão Traseira;2;0;0;0;0;0;;;;;3;0;0;0;0
17/01/2016;15:37:00;190;Acidente sem Vítima;298;BR-101/ES;Norte;Colisão Traseira;2;0;0;0;0;0;;;;;2;0;0;0;0
17/01/2016;16:13:00;202;Acidente sem Vítima;313;BR-101/ES;Norte;Saída de Pista;1;0;0;0;0;0;;;;;2;0;0;0;0
17/01/2016;16:27:00;207;Acidente sem Vítima;313,5;BR-101/ES;Norte;Engavetamento;5;0;0;0;0;0;;;;;8;0;0;0;0
17/01/2016;15:51:00;193;Acidente sem Vítima;317;BR-101/ES;Sul;Colisão Lateral;2;0;0;0;0;0;;;;;5;0;0;0;0
17/01/2016;06:11:00;61;Acidente sem Vítima;400,5;BR-101/ES;Norte;Colisão Lateral;2;0;0;0;0;0;;;;;5;0;0;0;0
17/01/2016;05:03:00;51;Acidente com vítima;459;BR-101/ES;Sul;Saída de Pista;1;0;0;0;0;0;;;;;0;1;0;0;0
18/01/2016;12:08:00;172;Acidente sem Vítima;65;BR-101/ES;Norte;Colisão Lateral;1;0;1;0;0;0;;;;;2;0;0;0;0
18/01/2016;12:50:00;188;Acidente sem Vítima;135;BR-101/ES;Norte;Colisão Transversal;2;0;0;0;0;0;;;;;5;0;0;0;0
18/01/2016;09:15:00;122;Acidente sem Vítima;137;BR-101/ES;Sul;Colisão Traseira;2;0;0;0;0;0;;;;;2;0;0;0;0
18/01/2016;09:35:00;126;Acidente sem Vítima;148;BR-101/ES;Sul;Colisão Lateral;1;1;0;0;0;0;;;;;6;0;0;0;0
18/01/2016;15:19:00;236;Acidente sem Vítima;264;BR-101/ES;Norte;Colisão Transversal;1;0;0;0;0;0;;;;;3;0;0;0;0
18/01/2016;15:30:00;240;Acidente sem Vítima;266;BR-101/ES;Sul;Colisão Traseira;2;0;0;0;0;0;;;;;2;0;0;0;0
18/01/2016;22:50:00;350;Acidente sem Vítima;266;BR-101/ES;Norte;Saída de Pista;1;0;0;0;0;0;;;;;2;0;0;0;0
18/01/2016;06:08:00;65;Acidente com vítima;267;BR-101/ES;Norte;Colisão Transversal;1;0;0;0;2;0;;;;;1;0;0;1;0
18/01/2016;07:30:00;82-TRECHO CONTORNO;Acidente sem Vítima;271;BR-101/ES;Norte;Saída de Pista;1;0;0;0;0;0;;;;;1;0;0;0;0
18/01/2016;05:48:00;62-TRECHO CONTORNO;Acidente com vítima;282;BR-101/ES;Norte;Saída de Pista;1;0;0;0;0;0;;;;;2;0;1;0;0
18/01/2016;08:41:00;107-TRECHO CONTORNO;Acidente sem Vítima;292,2;BR-101/ES;Sul;Saída de Pista;0;0;1;0;0;0;;;;;2;0;0;0;0
18/01/2016;07:59:00;90-TRECHO CONTORNO;Acidente com vítima;296;BR-101/ES;Norte;Colisão Lateral;2;0;0;0;0;0;;;;;1;0;0;1;0
18/01/2016;09:10:00;119;Acidente sem Vítima;451;BR-101/ES;Sul;Colisão Traseira;2;0;0;0;0;0;;;;;9;0;0;0;0
19/01/2016;19:39:00;313;Acidente sem Vítima;24;BR-101/ES;Norte;Atropelamento - Bovino;0;0;0;0;2;0;;;;;1;0;0;0;0
19/01/2016;09:07:00;125;Acidente com vítima;140;BR-101/ES;Sul;Queda de Moto;0;0;0;1;0;0;;;;;1;1;0;0;0
19/01/2016;10:04:00;146;Acidente sem Vítima;176;BR-101/ES;Norte;Engavetamento;3;0;0;0;0;0;;;;;9;0;0;0;0
19/01/2016;05:25:00;61;Acidente sem Vítima;205;BR-101/ES;Sul;Saída de Pista;1;0;0;0;0;0;;;;;2;0;0;0;0
19/01/2016;14:02:00;236;Acidente sem Vítima;222;BR-101/ES;Norte;Choque com Objeto Fixo;0;0;1;0;0;0;;;;;1;0;0;0;0
19/01/2016;13:55:00;233;Acidente com vítima;258;BR-101/ES;Sul;Colisão;0;0;2;0;0;0;;;;;0;1;1;0;0
19/01/2016;11:29:00;172;Acidente sem Vítima;262;BR-101/ES;Sul;Colisão Traseira;1;0;1;0;0;0;;;;;2;0;0;0;0
19/01/2016;09:18:00;133;Acidente com vítima;270;BR-101/ES;Norte;Colisão Lateral;1;0;0;0;2;0;;;;;1;1;0;0;0
19/01/2016;10:50:00;163;Acidente com vítima;270;BR-101/ES;Norte;Colisão Traseira;0;0;0;2;0;0;;;;;1;1;0;0;0
19/01/2016;21:14:00;328;Acidente sem Vítima;352;BR-101/ES;Sul;Colisão Lateral;2;0;0;0;0;0;;;;;5;0;0;0;0
19/01/2016;23:49:00;368;Acidente sem Vítima;353;BR-101/ES;Sul;Saída de Pista;1;0;0;0;0;0;;;;;1;0;0;0;0
19/01/2016;14:27:00;237;Acidente sem Vítima;431;BR-101/ES;Norte;Saída de Pista;1;0;0;0;0;0;;;;;2;0;0;0;0
19/01/2016;06:52:00;75;Acidente com vítima;450,9;BR-101/ES;Norte;Saída de Pista;1;0;0;0;0;0;;;;;0;0;1;0;0
19/01/2016;06:44:00;73;Acidente sem Vítima;458;BR-101/ES;Sul;Saída de Pista;0;0;1;0;0;0;;;;;1;0;0;0;0
20/01/2016;03:32:00;41;Acidente sem Vítima;126;BR-101/ES;Sul;Colisão Traseira;1;0;1;0;0;0;;;;;2;0;0;0;0
20/01/2016;22:57:00;337;Acidente com vítima;147,4;BR-101/ES;Norte;Colisão Traseira;1;0;0;0;2;0;;;;;1;1;0;0;0
20/01/2016;08:09:00;90;Acidente com vítima;178;BR-101/ES;Norte;Saída de Pista;1;0;0;0;0;0;;;;;0;0;1;0;0
20/01/2016;06:44:00;69;Acidente sem Vítima;262;BR-101/ES;Norte;Colisão Traseira;2;0;0;0;0;0;;;;;3;0;0;0;0
20/01/2016;09:32:00;113;Acidente sem Vítima;264;BR-101/ES;Norte;Colisão Traseira;2;0;0;0;0;0;;;;;2;0;0;0;0
20/01/2016;11:28:00;143-TRECHO CONTORNO;Acidente sem Vítima;282;BR-101/ES;Norte;Saída de Pista;1;0;0;0;0;0;;;;;2;0;0;0;0
20/01/2016;19:39:00;297;Acidente com vítima;458;BR-101/ES;Sul;Colisão Transversal;1;0;1;0;0;0;;;;;1;2;0;0;0
21/01/2016;08:22:00;102;Acidente com vítima;13,9;BR-101/ES;Sul;Capotamento;1;0;0;0;0;0;;;;;2;0;1;0;0
21/01/2016;12:13:00;172;Acidente sem Vítima;66,2;BR-101/ES;Sul;Colisão Traseira;1;0;0;0;1;0;;;;;4;0;0;0;0
21/01/2016;11:20:00;157;Acidente com vítima;107;BR-101/ES;Norte;Colisão Traseira;1;0;0;1;0;0;;;;;5;0;1;0;0
21/01/2016;15:26:00;218;Acidente sem Vítima;263;BR-101/ES;Norte;Colisão Traseira;1;0;1;0;0;0;;;;;2;0;0;0;0
21/01/2016;17:54:00;257;Acidente sem Vítima;265;BR-101/ES;Sul;Colisão Traseira;2;0;0;0;0;0;;;;;2;0;0;0;0
21/01/2016;23:21:00;329;Acidente sem Vítima;269;BR-101/ES;Norte;Colisão Traseira;1;0;1;0;0;0;;;;;2;0;0;0;0
21/01/2016;09:57:00;136-TRECHO CONTORNO;Acidente com vítima;272;BR-101/ES;Norte;Queda de Moto;0;0;0;1;0;0;;;;;0;1;0;0;0
21/01/2016;11:47:00;168-TRECHO CONTORNO;Acidente sem Vítima;278;BR-101/ES;Sul;Colisão Lateral;1;0;1;0;0;0;;;;;2;0;0;0;0
21/01/2016;08:35:00;107-TRECHO CONTORNO;Acidente sem Vítima;281;BR-101/ES;Norte;Choque com Objeto Fixo;1;0;0;0;0;0;;;;;1;0;0;0;0
21/01/2016;08:03:00;96-TRECHO CONTORNO;Acidente com vítima;287;BR-101/ES;Sul;Queda de Moto;0;0;0;1;0;0;;;;;0;0;1;0;0
21/01/2016;05:51:00;69;Acidente com vítima;329;BR-101/ES;Sul;Queda de Moto;0;0;0;1;0;0;;;;;0;2;0;0;0
21/01/2016;21:11:00;296;Atropelamento sem morte;411;BR-101/ES;Norte;Atropelamento e Fuga;1;0;0;0;0;0;;;;;0;0;0;1;0
22/01/2016;23:26:00;324;Acidente sem Vítima;138;BR-101/ES;Sul;Saída de Pista;1;0;0;0;0;0;;;;;1;0;0;0;0
22/01/2016;16:58:00;237;Acidente sem Vítima;209;BR-101/ES;Sul;Colisão Traseira;1;0;1;0;0;0;;;;;2;0;0;0;0
22/01/2016;15:43:00;221;Acidente sem Vítima;211;BR-101/ES;Norte;Choque com Objeto Fixo;1;0;0;0;0;0;;;;;2;0;0;0;0
22/01/2016;21:22:00;286;Acidente com vítima;214;BR-101/ES;Sul;Colisão Frontal;3;0;0;0;0;0;;;;;1;1;2;0;0
22/01/2016;15:27:00;212;Acidente sem Vítima;253;BR-101/ES;Sul;Colisão Traseira;1;0;1;0;0;0;;;;;3;0;0;0;0
22/01/2016;15:09:00;209;Acidente sem Vítima;266;BR-101/ES;Norte;Colisão Traseira;2;0;0;0;0;0;;;;;5;0;0;0;0
22/01/2016;02:52:00;37;Acidente sem Vítima;270;BR-101/ES;Sul;Saída de Pista;0;0;0;0;0;0;;;;;1;0;0;0;0
22/01/2016;09:25:00;114;Acidente com vítima;270;BR-101/ES;Norte;Queda de Moto;0;0;0;1;0;0;;;;;0;0;1;0;0
22/01/2016;13:32:00;191-TRECHO CONTORNO;Acidente sem Vítima;276;BR-101/ES;Sul;Saída de Pista;1;0;0;0;0;0;;;;;1;0;0;0;0
22/01/2016;21:04:00;284-TRECHO CONTORNO;Acidente sem Vítima;279;BR-101/ES;Sul;Saída de Pista;0;0;0;0;0;0;;;;;1;0;0;0;0
22/01/2016;10:35:00;138;Atropelamento sem morte;298;BR-101/ES;Sul;Atropelamento;0;0;0;0;2;0;;;;;1;0;0;1;0
22/01/2016;15:57:00;225;Acidente com vítima;298;BR-101/ES;Norte;Colisão Lateral;2;0;0;0;0;0;;;;;1;2;0;0;0
22/01/2016;18:26:00;261;Acidente sem Vítima;368;BR-101/ES;Sul;Saída de Pista;1;0;0;0;0;0;;;;;2;0;0;0;0
22/01/2016;02:55:00;38;Acidente sem Vítima;376;BR-101/ES;Norte;Choque com Objeto Fixo;0;0;1;0;0;0;;;;;1;0;0;0;0
23/01/2016;21:59:00;311;Acidente com vítima;17,4;BR-101/ES;Norte;Choque;1;0;0;0;0;0;;;;;0;0;1;1;0
23/01/2016;14:20:00;212;Acidente sem Vítima;248;BR-101/ES;Norte;Saída de Pista;1;0;0;0;0;0;;;;;1;0;0;0;0
23/01/2016;18:30:00;258;Acidente com vítima;262;BR-101/ES;Norte;Colisão Traseira;2;0;0;0;0;0;;;;;2;2;0;0;0
23/01/2016;20:11:00;283;Acidente com vítima;266;BR-101/ES;Norte;Colisão Transversal;2;0;0;0;0;0;;;;;2;1;0;0;0
23/01/2016;02:17:00;37-TRECHO CONTORNO;Acidente sem Vítima;296;BR-101/ES;Norte;Colisão Lateral;2;0;0;0;0;0;;;;;4;0;0;0;0
23/01/2016;16:22:00;232;Acidente com vítima;342;BR-101/ES;Sul;Colisão Lateral;1;0;0;0;3;0;;;;;2;1;0;0;0
23/01/2016;17:45:00;250;Acidente com vítima;370;BR-101/ES;Norte;Saída de Pista;1;0;0;0;0;0;;;;;1;3;0;0;0
23/01/2016;17:09:00;244;Acidente sem Vítima;423;BR-101/ES;Norte;Saída de Pista;1;0;0;0;0;0;;;;;1;0;0;0;0
23/01/2016;12:45:00;189;Acidente sem Vítima;947;BR-101/BA;Norte;Tombamento;1;0;0;0;2;0;;;;;4;0;0;0;0
24/01/2016;13:23:00;142;Acidente sem Vítima;17;BR-101/ES;Norte;Colisão Traseira;1;0;1;0;0;0;;;;;3;0;0;0;0
24/01/2016;16:14:00;196;Acidente sem Vítima;259;BR-101/ES;Norte;Saída de Pista;1;0;0;0;0;0;;;;;1;0;0;0;0
24/01/2016;14:32:00;167-TRECHO CONTORNO;Acidente sem Vítima;281;BR-101/ES;Norte;Capotamento;1;0;0;0;0;0;;;;;2;0;0;0;0
24/01/2016;13:54:00;153-TRECHO CONTORNO;Acidente sem Vítima;293;BR-101/ES;Norte;Colisão Traseira;2;0;0;0;0;0;;;;;5;0;0;0;0
24/01/2016;09:24:00;86;Acidente sem Vítima;388;BR-101/ES;Norte;Tombamento;0;0;0;0;2;0;;;;;1;0;0;0;0
25/01/2016;09:27:00;129;Acidente sem Vítima;130;BR-101/ES;Norte;Colisão Lateral;2;0;0;0;0;0;;;;;6;0;0;0;0
25/01/2016;00:50:00;19;Acidente com vítima;138;BR-101/ES;Norte;Colisão Frontal;2;0;0;0;0;0;;;;;2;2;1;0;0
25/01/2016;16:46:00;267;Acidente sem Vítima;145;BR-101/ES;Sul;Colisão Traseira;2;0;1;0;0;0;;;;;4;0;0;0;0
25/01/2016;18:01:00;283;Acidente sem Vítima;179;BR-101/ES;Norte;Colisão Traseira;2;0;0;0;0;0;;;;;5;0;0;0;0
25/01/2016;12:34:00;189;Acidente sem Vítima;215;BR-101/ES;Norte;Choque com Objeto Fixo;1;0;0;0;0;0;;;;;2;0;0;0;0
25/01/2016;05:47:00;73;Acidente sem Vítima;219;BR-101/ES;Norte;Queda de Moto;0;0;0;1;0;0;;;;;1;0;0;0;0
25/01/2016;14:04:00;225;Acidente sem Vítima;221;BR-101/ES;Norte;Saída de Pista;0;0;0;0;1;0;;;;;1;0;0;0;0
25/01/2016;09:29:00;131;Acidente sem Vítima;255;BR-101/ES;Sul;Engavetamento;4;0;0;0;0;0;;;;;10;0;0;0;0
25/01/2016;17:43:00;279;Acidente com vítima;263;BR-101/ES;Norte;Colisão Traseira;3;0;1;0;0;0;;;;;2;2;1;0;0
25/01/2016;07:41:00;93;Acidente sem Vítima;266;BR-101/ES;Sul;Engavetamento;2;0;0;0;0;0;;;;;3;0;0;0;0
25/01/2016;13:20:00;208;Acidente sem Vítima;266;BR-101/ES;Sul;Colisão Traseira;2;0;0;0;0;0;;;;;3;0;0;0;0
25/01/2016;08:09:00;97;Acidente sem Vítima;270;BR-101/ES;Norte;Colisão Lateral;1;0;0;0;1;0;;;;;2;0;0;0;0
25/01/2016;14:30:00;232;Acidente sem Vítima;270;BR-101/ES;Sul;Colisão Traseira;2;0;0;0;0;0;;;;;3;0;0;0;0
25/01/2016;17:10:00;275-TRECHO CONTORNO;Acidente com vítima;271;BR-101/ES;Sul;Queda de Moto;0;0;0;1;0;0;;;;;0;0;1;0;0
25/01/2016;07:26:00;86-TRECHO CONTORNO;Acidente sem Vítima;273,5;BR-101/ES;Norte;Saída de Pista;1;0;0;0;0;0;;;;;1;0;0;0;0
25/01/2016;12:39:00;191-TRECHO CONTORNO;Acidente sem Vítima;276;BR-101/ES;Norte;Saída de Pista;0;0;0;0;2;0;;;;;1;0;0;0;0
25/01/2016;14:24:00;231-TRECHO CONTORNO;Acidente sem Vítima;290;BR-101/ES;Sul;Colisão Traseira;2;0;0;0;0;0;;;;;10;0;0;0;0
25/01/2016;16:23:00;262-TRECHO CONTORNO;Acidente sem Vítima;293;BR-101/ES;Sul;Saída de Pista;1;0;0;0;0;0;;;;;1;0;0;0;0
25/01/2016;06:25:00;76;Acidente com vítima;298;BR-101/ES;Norte;Colisão Lateral;1;0;0;1;0;0;;;;;1;1;0;0;0
25/01/2016;17:09:00;274;Acidente sem Vítima;298;BR-101/ES;Norte;Colisão Traseira;0;0;0;0;2;0;;;;;2;0;0;0;0
25/01/2016;15:41:00;257;Acidente sem Vítima;349;BR-101/ES;Sul;Saída de Pista;1;0;0;0;0;0;;;;;1;0;0;0;0
26/01/2016;22:34:00;347;Acidente sem Vítima;3;BR-101/ES;Norte;Colisão Traseira;0;0;1;0;5;0;;;;;2;0;0;0;0
26/01/2016;10:57:00;149;Acidente sem Vítima;146;BR-101/ES;Sul;Colisão Traseira;1;0;1;0;0;0;;;;;4;0;0;0;0
26/01/2016;20:36:00;324;Acidente com vítima;252;BR-101/ES;Norte;Colisão Transversal;1;0;0;1;0;0;;;;;1;1;0;0;0
26/01/2016;15:05:00;247;Acidente com vítima;261;BR-101/ES;Sul;Queda de Moto;0;0;0;1;0;0;;;;;0;1;1;0;0
26/01/2016;16:28:00;268;Acidente com vítima;265;BR-101/ES;Sul;Colisão Traseira;1;0;0;0;0;1;;;;;3;0;1;0;0
26/01/2016;15:21:00;253;Acidente sem Vítima;268;BR-101/ES;Sul;Colisão Traseira;2;0;0;0;0;0;;;;;2;0;0;0;0
26/01/2016;19:02:00;303;Acidente com Morte;307;BR-101/ES;Sul;Colisão Frontal;1;1;0;0;0;0;;;;;32;0;2;0;2
26/01/2016;08:54:00;105;Acidente sem Vítima;360;BR-101/ES;Sul;Colisão Traseira;0;0;0;0;5;0;;;;;2;0;0;0;0
27/01/2016;15:22:00;251;Acidente sem Vítima;107;BR-101/ES;Sul;Colisão Traseira;2;0;0;0;0;0;;;;;3;0;0;0;0
27/01/2016;15:32:00;258;Acidente sem Vítima;132;BR-101/ES;Norte;Queda de Moto;0;0;0;1;0;0;;;;;1;0;0;0;0
27/01/2016;05:42:00;54;Acidente sem Vítima;215;BR-101/ES;Sul;Choque com Objeto Fixo;1;0;0;0;0;0;;;;;1;0;0;0;0
27/01/2016;09:57:00;134;Acidente sem Vítima;269;BR-101/ES;Sul;Colisão Traseira;2;0;0;0;0;0;;;;;3;0;0;0;0
27/01/2016;15:45:00;260;Acidente sem Vítima;269;BR-101/ES;Sul;Colisão Traseira;2;0;0;0;0;0;;;;;4;0;0;0;0
27/01/2016;09:22:00;122;Acidente sem Vítima;270,2;BR-101/ES;Sul;Colisão Traseira;2;0;0;0;0;0;;;;;2;0;0;0;0
27/01/2016;13:22:00;219;Acidente sem Vítima;296,5;BR-101/ES;Sul;Saída de Pista;0;0;0;0;1;0;;;;;1;0;0;0;0
27/01/2016;11:31:00;172;Acidente com vítima;377,6;BR-101/ES;Norte;Colisão Transversal;1;0;0;1;0;0;;;;;1;1;0;0;0
28/01/2016;02:35:00;43;Atropelamento com morte;204;BR-101/ES;Norte;Atropelamento e Fuga;0;0;0;0;1;0;;;;;0;0;0;0;1
28/01/2016;13:35:00;241;Acidente sem Vítima;262;BR-101/ES;Sul;Colisão Lateral;1;0;1;0;0;0;;;;;2;0;0;0;0
28/01/2016;09:06:00;138;Acidente com vítima;264;BR-101/ES;Norte;Colisão Traseira;2;0;0;0;0;0;;;;;1;0;1;0;0
28/01/2016;18:38:00;343;Acidente sem Vítima;266;BR-101/ES;Norte;Colisão Traseira;2;0;0;0;0;0;;;;;2;0;0;0;0
28/01/2016;17:41:00;333;Acidente sem Vítima;268;BR-101/ES;Sul;Colisão Lateral;1;0;0;1;0;0;;;;;2;0;0;0;0
28/01/2016;08:28:00;122;Acidente sem Vítima;270;BR-101/ES;Sul;Colisão Traseira;3;0;0;0;0;0;;;;;3;0;0;0;0
28/01/2016;16:44:00;316;Acidente sem Vítima;270;BR-101/ES;Sul;Colisão Traseira;2;0;0;0;0;0;;;;;2;0;0;0;0
28/01/2016;08:38:00;129-TRECHO CONTORNO;Acidente com vítima;273;BR-101/ES;Sul;Choque com Objeto Fixo;1;0;1;0;0;0;;;;;3;0;1;0;0
28/01/2016;18:08:00;338;Acidente com vítima;389;BR-101/ES;Norte;Tombamento;0;0;0;0;2;0;;;;;0;2;0;0;0
29/01/2016;01:27:00;28;Acidente com vítima;70;BR-101/ES;Sul;Colisão Transversal;0;1;1;0;0;0;;;;;14;1;1;0;0
29/01/2016;18:33:00;277;Acidente com vítima;110;BR-101/ES;Sul;Saída de Pista;0;0;0;0;0;0;;;;;0;1;0;0;0
29/01/2016;20:38:00;311;Acidente com vítima;255;BR-101/ES;Norte;Queda de Moto;0;0;0;1;0;0;;;;;0;0;1;0;0
29/01/2016;12:40:00;172;Acidente sem Vítima;269;BR-101/ES;Sul;Engavetamento;4;0;0;0;0;0;;;;;4;0;0;0;0
29/01/2016;13:18:00;181;Acidente sem Vítima;269;BR-101/ES;Sul;Colisão Traseira;2;0;0;0;0;0;;;;;2;0;0;0;0
29/01/2016;15:56:00;233;Acidente sem Vítima;269;BR-101/ES;Norte;Colisão Traseira;1;0;1;0;0;0;;;;;2;0;0;0;0
29/01/2016;14:21:00;197;Acidente com vítima;269,5;BR-101/ES;Sul;Colisão Lateral;0;1;0;1;0;0;;;;;1;0;2;0;0
29/01/2016;11:58:00;161;Acidente sem Vítima;269,8;BR-101/ES;Sul;Engavetamento;3;0;0;0;0;0;;;;;5;0;0;0;0
29/01/2016;13:32:00;184-TRECHO CONTORNO;Acidente sem Vítima;273;BR-101/ES;Norte;Colisão Traseira;2;0;0;0;0;0;;;;;2;0;0;0;0
29/01/2016;15:32:00;221-TRECHO CONTORNO;Acidente com vítima;274;BR-101/ES;Norte;Saída de Pista;1;0;0;0;0;0;;;;;2;2;0;0;0
29/01/2016;01:05:00;19-TRECHO CONTORNO;Acidente sem Vítima;279,5;BR-101/ES;Sul;Capotamento;1;0;0;0;0;0;;;;;1;0;0;0;0
29/01/2016;22:25:00;343;Acidente sem Vítima;377;BR-101/ES;Sul;Choque com Objeto Fixo;1;0;0;0;0;0;;;;;3;0;0;0;0
30/01/2016;09:39:00;127;Acidente com vítima;104,5;BR-101/ES;Norte;Queda de Moto;0;0;0;1;0;0;;;;;0;1;0;0;0
30/01/2016;20:01:00;300;Acidente com vítima;135,6;BR-101/ES;Norte;Colisão Traseira;0;0;1;1;0;0;;;;;1;0;0;1;0
30/01/2016;14:48:00;225;Acidente sem Vítima;262;BR-101/ES;Sul;Colisão Lateral;3;0;0;0;0;0;;;;;3;0;0;0;0
30/01/2016;17:41:00;264;Acidente com vítima;265;BR-101/ES;Norte;Queda de Moto;1;0;0;0;0;0;;;;;0;0;1;0;0
30/01/2016;14:36:00;221;Acidente com vítima;268;BR-101/ES;Norte;Colisão Traseira;1;0;0;1;0;0;;;;;2;0;1;0;0
30/01/2016;06:28:00;73;Acidente sem Vítima;270;BR-101/ES;Sul;Colisão Traseira;2;0;0;0;0;0;;;;;2;0;0;0;0
30/01/2016;10:55:00;150;Acidente com vítima;299;BR-101/ES;Sul;Choque com Objeto Fixo;1;0;0;0;0;0;;;;;0;0;1;0;0
30/01/2016;12:45:00;179;Acidente sem Vítima;321;BR-101/ES;Sul;Colisão Traseira;1;0;0;0;1;0;;;;;6;0;0;0;0
30/01/2016;18:50:00;276;Acidente sem Vítima;331;BR-101/ES;Sul;Choque com Objeto Fixo;1;0;0;0;0;0;;;;;3;0;0;0;0
30/01/2016;01:23:00;32;Acidente sem Vítima;452;BR-101/ES;Norte;Colisão Traseira;0;0;1;0;1;0;;;;;2;0;0;0;0
30/01/2016;12:38:00;178;Acidente com vítima;952;BR-101/BA;Sul;Saída de Pista;1;0;0;0;0;0;;;;;2;2;0;0;0
31/01/2016;16:51:00;234;Acidente com vítima;190;BR-101/ES;Norte;Colisão Traseira;0;0;0;2;0;0;;;;;1;1;0;0;0
31/01/2016;17:51:00;254;Acidente com vítima;250;BR-101/ES;Sul;Queda de Moto;0;0;0;1;0;0;;;;;0;2;0;0;0
31/01/2016;08:01:00;89;Acidente com vítima;255;BR-101/ES;Sul;Engavetamento;4;0;0;0;0;0;;;;;6;0;1;0;0
31/01/2016;13:53:00;199;Acidente com Morte;382;BR-101/ES;Norte;Colisão Lateral;1;0;1;0;0;0;;;;;1;0;2;1;1
31/01/2016;13:14:00;180;Acidente com vítima;460;BR-101/ES;Sul;Tombamento;1;0;0;0;3;0;;;;;3;1;1;0;0
01/02/2016;13:03:00;222;Acidente sem Vítima;61;BR-101/ES;Sul;Colisão Transversal;1;0;2;0;0;0;;;;;2;0;0;0;0
01/02/2016;06:55:00;79;Acidente sem Vítima;220;BR-101/ES;Norte;Colisão Traseira;0;0;2;0;0;0;;;;;3;0;0;0;0
01/02/2016;10:33:00;155;Acidente sem Vítima;224;BR-101/ES;Sul;Colisão Traseira;2;0;0;0;0;0;;;;;3;0;0;0;0
01/02/2016;18:37:00;324;Acidente com vítima;264;BR-101/ES;Sul;Colisão Lateral;1;0;0;1;0;0;;;;;2;1;0;0;0
01/02/2016;14:24:00;252;Acidente sem Vítima;270;BR-101/ES;Sul;Colisão Traseira;2;0;0;0;0;0;;;;;2;0;0;0;0
01/02/2016;07:47:00;95-TRECHO CONTORNO;Acidente com vítima;280;BR-101/ES;Norte;Colisão Traseira;1;0;0;1;0;0;;;;;1;0;1;0;0
01/02/2016;08:35:00;113-TRECHO CONTORNO;Acidente sem Vítima;281,5;BR-101/ES;Norte;Engavetamento;3;0;1;0;0;0;;;;;8;0;0;0;0
01/02/2016;10:25:00;150;Acidente com vítima;436;BR-101/ES;Norte;Queda de Moto;0;0;0;1;0;0;;;;;0;1;0;0;0
01/02/2016;16:42:00;290;Acidente sem Vítima;458;BR-101/ES;Sul;Colisão Lateral;1;0;1;0;0;0;;;;;6;0;0;0;0
02/02/2016;12:41:00;191;Acidente com vítima;129;BR-101/ES;Sul;Queda de Moto;1;0;0;0;0;0;;;;;0;1;0;0;0
02/02/2016;07:07:00;63;Acidente sem Vítima;147;BR-101/ES;Norte;Colisão Traseira;2;0;0;0;0;0;;;;;4;0;0;0;0
02/02/2016;16:08:00;252;Acidente com vítima;260;BR-101/ES;Sul;Queda de Moto;0;0;0;1;0;0;;;;;0;0;2;0;0
02/02/2016;10:32:00;142;Acidente sem Vítima;264;BR-101/ES;Sul;Engavetamento;3;0;1;0;0;0;;;;;12;0;0;0;0
02/02/2016;18:33:00;286;Acidente sem Vítima;270;BR-101/ES;Sul;Colisão Traseira;2;0;0;0;0;0;;;;;2;0;0;0;0
02/02/2016;19:09:00;297;Acidente sem Vítima;270;BR-101/ES;Norte;Colisão Lateral;1;0;2;0;0;0;;;;;3;0;0;0;0
02/02/2016;12:23:00;185-TRECHO CONTORNO;Acidente sem Vítima;275;BR-101/ES;Sul;Colisão Traseira;2;0;0;0;0;0;;;;;3;0;0;0;0
02/02/2016;07:26:00;72;Acidente com vítima;427,9;BR-101/ES;Norte;Capotamento;1;0;0;0;0;0;;;;;0;0;1;0;0