data;horario;n_da_ocorrencia;tipo_de_ocorrencia;km;trecho;sentido;tipo_de_acidente;automovel;bicicleta;caminhao;moto;onibus;outros;tracao_animal;transporte_de_cargas_especiais;trator_maquinas;utilitarios;ilesos;levemente_feridos;moderadamente_feridos;gravemente_feridos;mortos
25/03/2016;19:29:00;258;Acidente com vítima;264;BR-101/ES;Norte;Colisão Lateral;1;;0;0;0;1;0;;;;1;2;0;0;0
25/03/2016;20:33:00;271;Acidente com Morte;148;BR-101/ES;Sul;Choque com Objeto Fixo;0;;0;0;0;1;0;;;;0;0;0;1;1
25/03/2016;21:26:00;275;Acidente com vítima;148;BR-101/ES;Norte;Atropelamento - Animal;0;;0;0;0;1;0;;;;0;1;0;0;0
25/03/2016;09:13:00;109;Acidente com Vítima - TRECHO CONTORNO;296;BR-101/ES;Sul;Queda de Moto;0;;0;0;0;1;0;;;;0;1;1;0;0
26/03/2016;08:32:00;78;Acidente sem Vítima;298;BR-101/ES;Sul;Colisão Traseira;2;;0;0;0;0;0;;;;4;0;0;0;0
26/03/2016;10:02:00;96;Acidente sem Vítima;229,7;BR-101/ES;Norte;Colisão Traseira;1;;0;0;1;0;0;;;;4;0;0;0;0
26/03/2016;10:40:00;104;Acidente sem Vítima;258;BR-101/ES;Sul;Colisão Transversal;2;;0;0;0;0;0;;;;3;0;0;0;0
26/03/2016;19:31:00;214;Acidente com vítima;302;BR-101/ES;Sul;Capotamento;2;;0;0;0;0;0;;;;4;2;0;0;0
27/03/2016;00:14:00;2;Acidente com vítima;213;BR-101/ES;Norte;Colisão Transversal;0;;2;0;0;0;0;;;;0;4;0;0;0
27/03/2016;00:40:00;7;Acidente com vítima;269;BR-101/ES;Norte;Colisão Transversal;2;;0;0;1;0;0;;;;1;0;2;0;0
27/03/2016;06:06:00;53;Acidente sem Vítima;148;BR-101/ES;Sul;Queda de Moto;0;;0;0;0;1;0;;;;1;0;0;0;0
27/03/2016;10:38:00;111;Acidente sem Vítima;254;BR-101/ES;Sul;Colisão Lateral;1;;0;0;0;1;0;;;;5;0;0;0;0
27/03/2016;14:04:00;200;Acidente com vítima;323;BR-101/ES;Sul;Colisão Traseira;1;;0;0;0;1;0;;;;15;2;0;0;0
27/03/2016;14:09:00;203;Acidente sem Vítima;393;BR-101/ES;Sul;Colisão Traseira;2;;0;0;0;0;0;;;;12;0;0;0;0
27/03/2016;14:42:00;213;Acidente com vítima;233;BR-101/ES;Sul;Queda de ciclista;0;;0;0;0;0;1;;;;0;1;0;0;0
27/03/2016;15:34:00;228;Acidente sem Vítima;255;BR-101/ES;Norte;Engavetamento;4;;0;0;0;0;0;;;;8;0;0;0;0
27/03/2016;15:36:00;231;Acidente sem Vítima;255;BR-101/ES;Sul;Engavetamento;5;;1;0;0;0;0;;;;16;0;0;0;0
27/03/2016;15:57:00;239;Acidente sem Vítima;346,5;BR-101/ES;Norte;Colisão Traseira;2;;0;0;0;0;0;;;;4;0;0;0;0
27/03/2016;16:28:00;244;Acidente com vítima;297;BR-101/ES;Norte;Engavetamento;3;;0;0;0;0;0;;;;12;1;0;0;0
27/03/2016;17:01:00;257;Acidente sem Vítima;209;BR-101/ES;Sul;Colisão Traseira;2;;0;0;0;0;0;;;;2;0;0;0;0
27/03/2016;17:41:00;274;Acidente com vítima;207;BR-101/ES;Norte;Colisão Traseira;2;;0;0;0;0;0;;;;5;0;0;1;0
27/03/2016;18:34:00;281;Acidente com vítima;219;BR-101/ES;Norte;Queda de Moto;1;;0;0;0;0;0;;;;0;2;0;0;0
27/03/2016;18:36:00;283;Acidente com vítima;266;BR-101/ES;Sul;Colisão Transversal;2;;0;0;0;0;0;;;;1;1;1;0;0
27/03/2016;18:42:00;285;Acidente sem Vítima;310;BR-101/ES;Norte;Engavetamento;3;;0;0;0;0;0;;;;4;0;0;0;0
27/03/2016;21:27:00;355;Acidente sem Vítima;418;BR-101/ES;Sul;Queda de Moto;0;;0;0;0;1;0;;;;2;0;0;0;0
27/03/2016;22:21:00;365;Acidente com vítima;253;BR-101/ES;Sul;Colisão Traseira;1;;0;0;0;1;0;;;;4;1;0;0;0
27/03/2016;13:39:00;187;Acidente sem Vítima - TRECHO CONTORNO;291;BR-101/ES;Sul;Colisão Traseira;2;;0;0;0;0;0;;;;2;0;0;0;0
27/03/2016;21:16:00;353;Acidente com Vítima - TRECHO CONTORNO;291;BR-101/ES;Norte;Queda de Moto;0;;0;0;0;1;0;;;;0;2;0;0;0
28/03/2016;06:48:00;93;Acidente com vítima;147;BR-101/ES;Sul;Colisão Transversal;1;;0;0;0;1;0;;;;2;1;0;0;0
28/03/2016;07:00:00;95;Acidente sem Vítima;269;BR-101/ES;Norte;Engavetamento;2;;2;0;0;0;0;;;;6;0;0;0;0
28/03/2016;07:09:00;96;Acidente sem Vítima;264;BR-101/ES;Sul;Colisão Traseira;2;;0;0;0;0;0;;;;2;0;0;0;0
28/03/2016;07:36:00;104;Acidente sem Vítima;266;BR-101/ES;Sul;Colisão Traseira;2;;0;0;0;0;0;;;;2;0;0;0;0
28/03/2016;08:41:00;121;Atropelamento sem Morte;269;BR-101/ES;Sul;Atropelamento;0;;0;0;0;1;0;;;;0;0;2;0;0
28/03/2016;10:14:00;150;Acidente sem Vítima;31;BR-101/ES;Norte;Colisão Traseira;2;;0;0;0;0;0;;;;5;0;0;0;0
28/03/2016;11:17:00;171;Acidente sem Vítima;246;BR-101/ES;Norte;Saída de Pista;1;;0;0;0;0;0;;;;1;0;0;0;0
28/03/2016;11:58:00;184;Acidente sem Vítima;264;BR-101/ES;Norte;Colisão Traseira;2;;0;0;0;0;0;;;;9;0;0;0;0
28/03/2016;13:26:00;212;Acidente com vítima;117;BR-101/ES;Sul;Colisão Transversal;2;;0;0;0;0;0;;;;3;1;0;0;0
28/03/2016;15:55:00;253;Acidente com vítima;314;BR-101/ES;Sul;Engavetamento;3;;1;0;0;0;0;;;;7;1;0;0;0
28/03/2016;16:35:00;262;Acidente sem Vítima;265,5;BR-101/ES;Norte;Engavetamento;3;;0;0;0;0;0;;;;4;0;0;0;0
28/03/2016;18:47:00;293;Acidente sem Vítima;145;BR-101/ES;Sul;Colisão Traseira;0;;0;0;1;1;0;;;;3;0;0;0;0
28/03/2016;19:05:00;296;Acidente sem Vítima;241;BR-101/ES;Sul;Colisão Traseira;1;;0;0;0;1;0;;;;7;0;0;0;0
28/03/2016;11:24:00;172;Acidente sem Vítima - TRECHO CONTORNO;292;BR-101/ES;Sul;Colisão Lateral;1;;1;0;0;0;0;;;;2;0;0;0;0
28/03/2016;11:27:00;173;Acidente sem Vítima - TRECHO CONTORNO;296;BR-101/ES;Sul;Tombamento;0;;1;0;0;0;0;;;;2;0;0;0;0
29/03/2016;06:00:00;77;Acidente com vítima;165;BR-101/ES;Sul;Colisão Frontal;1;;0;3;0;0;0;;;;2;1;0;0;0
29/03/2016;07:16:00;92;Acidente com vítima;114;BR-101/ES;Norte;Colisão Lateral;1;;0;2;0;1;0;;;;3;2;0;0;0
29/03/2016;08:49:00;124;Acidente com vítima;204,8;BR-101/ES;Sul;Colisão Lateral;1;;0;0;0;1;0;;;;1;0;1;0;0
29/03/2016;10:50:00;152;Acidente sem Vítima;203,5;BR-101/ES;Norte;Tombamento;0;;1;0;0;0;0;;;;1;0;0;0;0
29/03/2016;16:24:00;247;Acidente com vítima;268,6;BR-101/ES;Norte;Colisão Lateral;1;;0;0;0;1;0;;;;3;0;1;0;0
29/03/2016;17:46:00;270;Atropelamento sem Morte;270;BR-101/ES;Sul;Atropelamento;0;;0;0;0;1;0;;;;1;0;1;0;0
30/03/2016;06:17:00;65;Acidente com vítima;127;BR-101/ES;Norte;Colisão Lateral;0;;1;0;0;1;0;;;;1;0;1;0;0
30/03/2016;08:48:00;110;Acidente sem Vítima;213;BR-101/ES;Sul;Engavetamento;2;;0;0;0;1;0;;;;4;0;0;0;0
30/03/2016;09:48:00;130;Acidente sem Vítima;270;BR-101/ES;Sul;Colisão Lateral;1;;0;0;0;1;0;;;;2;0;0;0;0
30/03/2016;15:32:00;229;Acidente sem Vítima;267;BR-101/ES;Sul;Colisão Traseira;2;;0;0;0;0;0;;;;4;0;0;0;0
30/03/2016;17:39:00;250;Acidente com Morte;137;BR-101/ES;Sul;Colisão Lateral;2;;0;0;0;0;0;;;;0;2;0;0;1
30/03/2016;19:04:00;266;Acidente com vítima;0,8;BR-101/ES;Sul;Queda de Moto;1;;0;0;0;0;0;;;;0;1;0;0;0
30/03/2016;22:22:00;295;Acidente com vítima;147;BR-101/ES;Norte;Queda de Moto;0;;0;0;0;1;0;;;;0;0;1;0;0
30/03/2016;13:02:00;194;Acidente sem Vítima - TRECHO CONTORNO;288;BR-101/ES;Norte;Veículo em Chamas;0;;1;0;0;0;0;;;;1;0;0;0;0
31/03/2016;09:24:00;111;Acidente com Morte;222;BR-101/ES;Norte;Colisão Lateral;0;;1;0;0;1;0;;;;1;0;0;0;1
31/03/2016;10:05:00;128;Acidente com vítima;150;BR-101/ES;Norte;Queda de Moto;0;;0;0;0;1;0;;;;0;1;0;0;0
31/03/2016;15:12:00;225;Acidente sem Vítima;75;BR-101/ES;Norte;Saída de Pista;1;;0;0;0;0;0;;;;1;0;0;0;0
31/03/2016;17:23:00;273;Acidente com vítima;86,5;BR-101/ES;Norte;Queda de Moto;0;;0;0;0;1;0;;;;0;0;1;0;0
31/03/2016;20:46:00;304;Acidente sem Vítima;270;BR-101/ES;Sul;Colisão Lateral;1;;0;2;0;0;0;;;;2;0;0;0;0
31/03/2016;20:53:00;306;Acidente sem Vítima;38;BR-101/ES;Sul;Atropelamento - Bovino;0;;1;0;0;0;0;;;;2;0;0;0;0
31/03/2016;16:11:00;248;Acidente sem Vítima - TRECHO CONTORNO;291;BR-101/ES;Norte;Colisão Traseira;1;;1;0;0;0;0;;;;2;0;0;0;0
01/04/2016;00:28:00;10;Acidente com vítima;332;BR-101/ES;Sul;Queda de Moto;0;0;0;1;0;0;;;;;0;0;0;1;0
01/04/2016;04:22:00;52;Acidente com vítima;18;BR-101/ES;Norte;Queda de Moto;0;0;0;1;0;0;;;;;0;1;1;0;0
01/04/2016;09:29:00;118;Acidente sem Vítima;261;BR-101/ES;Sul;Colisão Lateral;2;0;0;0;0;0;;;;;3;0;0;0;0
01/04/2016;13:00:00;189;Acidente com vítima;80;BR-101/ES;Sul;Capotamento;1;0;0;0;0;0;;;;;0;1;1;0;0
01/04/2016;14:44:00;225;Acidente com Morte;260;BR-101/ES;Norte;Colisão Traseira;0;0;2;2;0;0;;;;;2;0;0;0;1
01/04/2016;15:41:00;243;Acidente com vítima;98;BR-101/ES;Sul;Colisão Transversal;0;0;0;2;0;0;;;;;0;1;2;0;0
01/04/2016;16:58:00;263;Acidente sem Vítima;260;BR-101/ES;Norte;Colisão Traseira;1;0;1;0;0;0;;;;;2;0;0;0;0
01/04/2016;20:50:00;329;Acidente com vítima;262;BR-101/ES;Sul;Colisão Frontal;1;0;0;1;0;0;;;;;1;2;0;0;0
01/04/2016;23:25:00;368;Acidente com vítima;188;BR-101/ES;Sul;Saída de Pista;1;0;0;0;0;0;;;;;1;1;0;0;0
01/04/2016;13:10:00;194;Acidente com vítima;284;BR-101/ES;Sul - TRECHO CONTORNO;Veículo em Chamas;1;0;0;0;0;0;;;;;1;1;0;0;0
01/04/2016;18:35:00;291;Acidente sem Vítima;277;BR-101/ES;Sul - TRECHO CONTORNO;Colisão Traseira;2;0;0;0;0;0;;;;;3;0;0;0;0
02/04/2016;05:42:00;67;Acidente com vítima;13,4;BR-101/ES;Sul;Queda de Moto;0;0;0;1;0;0;;;;;0;0;1;0;0
02/04/2016;07:42:00;90;Acidente com vítima;260;BR-101/ES;Norte;Queda de ciclista;0;1;0;0;0;0;;;;;0;1;0;0;0
02/04/2016;09:47:00;130;Acidente com vítima;35;BR-101/ES;Norte;Colisão Lateral;1;0;0;1;0;0;;;;;4;0;2;0;0
02/04/2016;14:00:00;205;Acidente com vítima;298;BR-101/ES;Norte;Engavetamento;2;0;1;0;0;0;;;;;5;1;0;0;0
02/04/2016;14:01:00;206;Acidente sem Vítima;360;BR-101/ES;Norte;Colisão Traseira;2;0;0;0;0;0;;;;;4;0;0;0;0
02/04/2016;15:40:00;228;Acidente sem Vítima;270;BR-101/ES;Sul;Colisão Traseira;2;0;0;0;0;0;;;;;4;0;0;0;0
02/04/2016;16:08:00;231;Acidente com vítima;263;BR-101/ES;Norte;Colisão Lateral;1;0;0;1;0;0;;;;;3;1;0;0;0
02/04/2016;16:46:00;237;Acidente com vítima;65;BR-101/ES;Norte;Queda de Moto;0;0;0;1;0;0;;;;;0;1;0;0;0
02/04/2016;16:51:00;238;Acidente sem Vítima;125;BR-101/ES;Sul;Colisão Traseira;1;0;1;0;0;0;;;;;2;0;0;0;0
02/04/2016;18:32:00;260;Acidente com vítima;32;BR-101/ES;Norte;Colisão;0;1;0;1;0;0;;;;;0;0;2;0;0
02/04/2016;18:48:00;264;Acidente com vítima;71;BR-101/ES;Norte;Colisão;0;1;0;1;0;0;;;;;0;0;2;0;0
02/04/2016;19:20:00;269;Acidente sem Vítima;263,5;BR-101/ES;Norte;Colisão Lateral;1;0;0;1;0;0;;;;;2;0;0;0;0
02/04/2016;19:24:00;271;Acidente com vítima;269;BR-101/ES;Norte;Colisão Lateral;0;0;1;1;0;0;;;;;1;0;1;0;0
03/04/2016;09:41:00;112;Acidente sem Vítima;452;BR-101/ES;Sul;Colisão Traseira;0;0;4;0;0;0;;;;;2;0;0;0;0
03/04/2016;09:53:00;115;Acidente com vítima;230;BR-101/ES;Norte;Colisão Transversal;2;0;0;0;0;0;;;;;1;0;1;0;0
03/04/2016;13:18:00;171;Acidente com vítima;80;BR-101/ES;Sul;Colisão Lateral;0;0;0;2;0;0;;;;;0;0;4;0;0
03/04/2016;17:44:00;237;Acidente com vítima;130;BR-101/ES;Sul;Queda de Moto;0;0;0;1;0;0;;;;;1;0;1;0;0
03/04/2016;19:01:00;250;Acidente sem Vítima;138;BR-101/ES;Norte;Saída de Pista;1;0;0;0;0;0;;;;;1;0;0;0;0
03/04/2016;19:18:00;259;Acidente com vítima;61;BR-101/ES;Norte;Colisão Frontal;1;0;0;1;0;0;;;;;1;4;0;0;0
03/04/2016;20:23:00;272;Acidente com vítima;143;BR-101/ES;Sul;Queda de Moto;1;0;0;0;0;0;;;;;0;0;1;0;0
03/04/2016;12:09:00;149;Acidente com vítima;276;BR-101/ES;Norte - TRECHO CONTORNO;Queda de Moto;0;0;0;1;0;0;;;;;1;0;1;0;0
03/04/2016;15:43:00;201;Acidente sem Vítima;296;BR-101/ES;Sul - TRECHO CONTORNO;Colisão Traseira;2;0;0;0;0;0;;;;;6;0;0;0;0
03/04/2016;16:32:00;212;Acidente sem Vítima;276;BR-101/ES;Sul - TRECHO CONTORNO;Choque com Objeto Fixo;1;0;0;0;0;0;;;;;1;0;0;0;0
03/04/2016;17:49:00;238;Acidente sem Vítima;279;BR-101/ES;Sul - TRECHO CONTORNO;Veículo em Chamas;1;0;0;0;0;0;;;;;1;0;0;0;0
04/04/2016;00:08:00;2;Acidente com vítima;359;BR-101/ES;Sul;Queda de Moto;0;0;0;1;0;0;;;;;0;2;0;0;0
04/04/2016;10:15:00;132;Acidente com vítima;268;BR-101/ES;Norte;Queda de Moto;0;0;0;1;0;0;;;;;0;1;0;0;0
04/04/2016;13:37:00;205;Acidente com vítima;150;BR-101/ES;Sul;Colisão Transversal;2;0;0;0;0;0;;;;;1;1;0;0;0
04/04/2016;16:59:00;268;Acidente com vítima;150;BR-101/ES;Sul;Queda de Moto;0;0;0;1;0;0;;;;;0;1;0;0;0
04/04/2016;21:30:00;332;Acidente com vítima;262;BR-101/ES;Sul;Colisão Lateral;0;0;3;0;1;0;;;;;3;1;0;0;0
04/04/2016;22:27:00;339;Acidente sem Vítima;264;BR-101/ES;Sul;Colisão Lateral;2;0;0;0;0;0;;;;;4;0;0;0;0
04/04/2016;08:50:00;103;Acidente sem Vítima;294;BR-101/ES;Sul - TRECHO CONTORNO;Colisão Traseira;1;0;1;0;0;0;;;;;2;0;0;0;0
05/04/2016;04:58:00;61;Acidente sem Vítima;350;BR-101/ES;Norte;Saída de Pista;1;0;0;0;0;0;;;;;2;0;0;0;0
05/04/2016;06:31:00;75;Acidente sem Vítima;369,5;BR-101/ES;Sul;Saída de Pista;1;0;0;0;0;0;;;;;1;0;0;0;0
05/04/2016;07:43:00;94;Acidente sem Vítima;258;BR-101/ES;Norte;Choque com Objeto Fixo;1;0;0;0;0;0;;;;;1;0;0;0;0
05/04/2016;07:49:00;97;Acidente sem Vítima;261;BR-101/ES;Norte;Engavetamento;3;0;0;0;0;0;;;;;6;0;0;0;0
05/04/2016;08:19:00;108;Acidente sem Vítima;256;BR-101/ES;Norte;Colisão Lateral;1;0;2;0;0;0;;;;;3;0;0;0;0
05/04/2016;09:08:00;122;Acidente com Morte;3;BR-101/ES;Norte;Colisão Frontal;1;0;1;0;0;0;;;;;1;0;0;1;1
05/04/2016;09:10:00;124;Acidente com vítima;250;BR-101/ES;Sul;Colisão Traseira;2;0;0;0;0;0;;;;;2;1;0;0;0
05/04/2016;09:22:00;128;Acidente sem Vítima;250;BR-101/ES;Sul;Choque com Objeto Fixo;1;0;0;0;0;0;;;;;2;0;0;0;0
05/04/2016;09:46:00;137;Acidente sem Vítima;270;BR-101/ES;Sul;Colisão Lateral;1;0;1;0;0;0;;;;;2;0;0;0;0
05/04/2016;12:06:00;189;Acidente sem Vítima;303;BR-101/ES;Norte;Choque com Objeto Fixo;1;0;0;0;0;0;;;;;1;0;0;0;0
05/04/2016;14:46:00;232;Acidente com vítima;458;BR-101/ES;Norte;Colisão Lateral;2;0;0;0;0;0;;;;;2;2;0;0;0
05/04/2016;17:22:00;282;Acidente com vítima;270;BR-101/ES;Sul;Colisão Traseira;1;0;0;1;0;0;;;;;1;0;1;0;0
05/04/2016;17:26:00;284;Acidente com vítima;179;BR-101/ES;Norte;Queda de Moto;0;0;0;1;0;0;;;;;0;2;0;0;0
05/04/2016;18:45:00;298;Acidente sem Vítima;269;BR-101/ES;Sul;Engavetamento;3;0;0;0;0;0;;;;;3;0;0;0;0
05/04/2016;18:56:00;301;Acidente sem Vítima;205;BR-101/ES;Norte;Colisão Transversal;1;0;1;0;0;0;;;;;2;0;0;0;0
05/04/2016;23:27:00;360;Acidente com vítima;389;BR-101/ES;Sul;Queda de Moto;0;0;0;1;0;0;;;;;0;0;1;0;0
06/04/2016;04:15:00;61;Acidente sem Vítima;311;BR-101/ES;Sul;Choque;1;0;0;0;0;0;;;;;2;0;0;0;0
06/04/2016;05:10:00;68;Acidente sem Vítima;329,5;BR-101/ES;Norte;Saída de Pista;0;0;2;0;0;0;;;;;1;0;0;0;0
06/04/2016;06:26:00;79;Acidente sem Vítima;242;BR-101/ES;Norte;Colisão Traseira;2;0;0;0;0;0;;;;;3;0;0;0;0
06/04/2016;18:44:00;294;Acidente sem Vítima;268;BR-101/ES;Norte;Queda de Moto;0;0;0;1;0;0;;;;;1;0;0;0;0
06/04/2016;19:19:00;302;Acidente sem Vítima;269;BR-101/ES;Sul;Colisão Traseira;2;0;0;0;0;0;;;;;2;0;0;0;0
06/04/2016;19:13:00;301;Acidente sem Vítima;271;BR-101/ES;Sul - TRECHO CONTORNO;Colisão Traseira;0;0;4;0;0;0;;;;;2;0;0;0;0
07/04/2016;00:24:00;3;Acidente sem Vítima;241;BR-101/ES;Sul;Colisão Traseira;0;0;4;0;0;0;;;;;2;0;0;0;0
07/04/2016;04:09:00;53;Acidente com vítima;270;BR-101/ES;Norte;Choque com Objeto Fixo;1;0;0;0;0;0;;;;;0;2;0;0;0
07/04/2016;08:22:00;100;Acidente com Morte;270;BR-101/ES;Sul;Colisão Lateral;1;0;0;0;0;0;;;;;0;0;0;0;1
07/04/2016;12:21:00;175;Acidente sem Vítima;269;BR-101/ES;Sul;Colisão Traseira;3;0;0;0;0;0;;;;;6;0;0;0;0
07/04/2016;13:15:00;190;Acidente sem Vítima;270;BR-101/ES;Norte;Colisão Lateral;2;0;0;0;0;0;;;;;2;0;0;0;0
07/04/2016;18:50:00;290;Acidente com vítima;17;BR-101/ES;Norte;Colisão;1;1;0;0;0;0;;;;;1;1;0;0;0
07/04/2016;22:34:00;327;Acidente com vítima;337;BR-101/ES;Sul;Saída de Pista;1;0;0;0;0;0;;;;;0;3;0;0;0
07/04/2016;19:13:00;295;Acidente sem Vítima;277;BR-101/ES;Norte - TRECHO CONTORNO;Colisão Lateral;1;0;0;1;0;0;;;;;3;0;0;0;0
08/04/2016;05:05:00;52;Acidente sem Vítima;80;BR-101/ES;Sul;Choque com Objeto Fixo;0;0;1;0;0;0;;;;;1;0;0;0;0
08/04/2016;05:51:00;56;Acidente sem Vítima;222;BR-101/ES;Norte;Tombamento;1;0;0;0;0;0;;;;;3;0;0;0;0
08/04/2016;06:38:00;62;Acidente com vítima;222;BR-101/ES;Norte;Colisão Traseira;2;0;0;0;0;0;;;;;1;1;0;0;0
08/04/2016;12:49:00;201;Acidente com vítima;435;BR-101/ES;Norte;Tombamento;0;0;3;0;0;0;;;;;0;0;1;0;0
08/04/2016;13:42:00;214;Acidente com vítima;135;BR-101/ES;Sul;Colisão Lateral;2;0;0;0;0;0;;;;;5;1;0;0;0
08/04/2016;15:29:00;248;Acidente com vítima;227;BR-101/ES;Sul;Colisão Transversal;1;0;0;1;0;0;;;;;1;0;1;0;0
08/04/2016;15:44:00;253;Acidente sem Vítima;265;BR-101/ES;Sul;Colisão Lateral;0;0;3;0;0;0;;;;;3;0;0;0;0
08/04/2016;16:53:00;283;Acidente sem Vítima;383;BR-101/ES;Norte;Choque;1;0;2;0;0;0;;;;;6;0;0;0;0
08/04/2016;17:38:00;296;Acidente sem Vítima;266;BR-101/ES;Norte;Colisão Lateral;1;0;0;1;0;0;;;;;3;0;0;0;0
08/04/2016;18:06:00;304;Acidente sem Vítima;171;BR-101/ES;Sul;Colisão Traseira;2;0;0;0;0;0;;;;;4;0;0;0;0
08/04/2016;18:18:00;307;Acidente com Morte;168;BR-101/ES;Norte;Colisão Transversal;1;0;0;1;0;0;;;;;1;0;0;0;1
08/04/2016;18:42:00;310;Acidente sem Vítima;316;BR-101/ES;Sul;Choque;1;0;2;1;0;0;;;;;4;0;0;0;0
08/04/2016;22:38:00;374;Acidente sem Vítima;358,5;BR-101/ES;Sul;Saída de Pista;1;0;0;0;0;0;;;;;5;0;0;0;0
08/04/2016;21:31:00;348;Acidente sem Vítima;286;BR-101/ES;Norte - TRECHO CONTORNO;Colisão Lateral;2;0;0;0;0;0;;;;;2;0;0;0;0
09/04/2016;02:14:00;36;Acidente com vítima;300;BR-101/ES;Sul;Queda de Moto;0;0;0;1;0;0;;;;;0;0;1;0;0
09/04/2016;04:16:00;53;Acidente sem Vítima;268;BR-101/ES;Sul;Saída de Pista;1;0;0;0;0;0;;;;;1;0;0;0;0
09/04/2016;06:09:00;80;Acidente com vítima;308;BR-101/ES;Sul;Queda de Moto;0;0;0;1;0;0;;;;;0;1;0;0;0
09/04/2016;06:14:00;83;Acidente com vítima;150;BR-101/ES;Sul;Colisão Transversal;1;0;0;1;0;0;;;;;1;1;0;0;0
09/04/2016;06:48:00;86;Acidente com vítima;146;BR-101/ES;Sul;Queda de Moto;0;0;0;1;0;0;;;;;0;1;0;0;0
09/04/2016;10:28:00;147;Acidente com vítima;164;BR-101/ES;Sul;Queda de Moto;0;0;0;1;0;0;;;;;0;0;1;0;0
09/04/2016;10:46:00;158;Acidente com vítima;311;BR-101/ES;Norte;Colisão Lateral;0;0;1;1;0;0;;;;;1;2;0;0;0
09/04/2016;12:13:00;189;Acidente sem Vítima;398,9;BR-101/ES;Norte;Choque com Objeto Fixo;0;0;2;0;0;0;;;;;2;0;0;0;0
09/04/2016;16:51:00;250;Acidente sem Vítima;153;BR-101/ES;Norte;Saída de Pista;1;0;0;0;0;0;;;;;1;0;0;0;0
09/04/2016;17:31:00;262;Acidente com vítima;148;BR-101/ES;Sul;Colisão Traseira;1;0;0;0;1;0;;;;;2;1;0;0;0
09/04/2016;18:32:00;280;Acidente sem Vítima;259;BR-101/ES;Sul;Colisão Traseira;2;0;0;0;0;0;;;;;3;0;0;0;0
09/04/2016;22:27:00;331;Acidente sem Vítima;269;BR-101/ES;Sul;Saída de Pista;1;0;0;0;0;0;;;;;2;0;0;0;0
09/04/2016;22:54:00;338;Acidente sem Vítima;150;BR-101/ES;Sul;Queda de Moto;0;0;0;1;0;0;;;;;1;0;0;0;0
09/04/2016;21:09:00;315;Acidente sem Vítima;285;BR-101/ES;Sul - TRECHO CONTORNO;Queda de Moto;0;0;0;1;0;0;;;;;1;0;0;0;0
10/04/2016;09:18:00;117;Acidente sem Vítima;337;BR-101/ES;Norte;Colisão Lateral;1;0;2;0;0;0;;;;;5;0;0;0;0
10/04/2016;09:27:00;121;Acidente com vítima;135;BR-101/ES;Norte;Queda de Moto;0;0;0;1;0;0;;;;;0;2;0;0;0
10/04/2016;12:52:00;189;Acidente sem Vítima;262;BR-101/ES;Norte;Engavetamento;3;0;0;0;0;0;;;;;5;0;0;0;0
10/04/2016;14:49:00;223;Acidente sem Vítima;301;BR-101/ES;Norte;Colisão Traseira;2;0;0;0;0;0;;;;;3;0;0;0;0
10/04/2016;16:26:00;248;Acidente sem Vítima;134,9;BR-101/ES;Sul;Colisão Transversal;1;0;1;0;0;0;;;;;4;0;0;0;0
10/04/2016;18:48:00;286;Atropelamento sem Morte;263,5;BR-101/ES;Sul;Atropelamento;1;0;0;0;0;0;;;;;1;0;0;1;0
10/04/2016;19:39:00;302;Acidente sem Vítima;216;BR-101/ES;Sul;Colisão Lateral;2;0;1;0;0;0;;;;;5;0;0;0;0
10/04/2016;19:53:00;305;Acidente sem Vítima;372;BR-101/ES;Norte;Colisão Lateral;2;0;0;0;0;0;;;;;3;0;0;0;0
10/04/2016;20:50:00;318;Acidente com vítima;350;BR-101/ES;Sul;Queda de Moto;0;0;0;1;0;0;;;;;0;1;0;0;0
10/04/2016;22:05:00;323;Acidente sem Vítima;143;BR-101/ES;Sul;Colisão Traseira;2;0;0;0;0;0;;;;;2;0;0;0;0
10/04/2016;20:42:00;315;Acidente com vítima;291;BR-101/ES;Sul - TRECHO CONTORNO;Queda de Moto;0;0;0;1;0;0;;;;;0;1;0;0;0
11/04/2016;00:16:00;1;Acidente com vítima;298;BR-101/ES;Sul;Colisão Transversal;1;0;0;0;1;0;;;;;1;1;0;0;0
11/04/2016;06:15:00;64;Acidente sem Vítima;298;BR-101/ES;Norte;Colisão Traseira;1;0;2;0;0;0;;;;;2;0;0;0;0
11/04/2016;07:06:00;76;Acidente com vítima;147;BR-101/ES;Norte;Colisão Transversal;1;0;3;0;0;0;;;;;1;0;3;0;0
11/04/2016;12:15:00;179;Acidente sem Vítima;264;BR-101/ES;Norte;Engavetamento;3;0;0;0;0;0;;;;;4;0;0;0;0
11/04/2016;12:25:00;183;Acidente com vítima;347;BR-101/ES;Sul;Engavetamento;1;0;4;0;0;0;;;;;4;1;0;0;0
11/04/2016;14:11:00;217;Acidente com vítima;364,1;BR-101/ES;Norte;Colisão Lateral;2;0;1;0;0;0;;;;;2;4;0;0;0
11/04/2016;15:51:00;246;Acidente com vítima;266;BR-101/ES;Norte;Colisão Transversal;2;0;0;0;0;0;;;;;1;0;2;0;0
11/04/2016;22:07:00;329;Acidente sem Vítima;275;BR-101/ES;Sul - TRECHO CONTORNO;Queda de Moto;0;0;0;1;0;0;;;;;1;0;0;0;0
12/04/2016;06:54:00;78;Acidente sem Vítima;228;BR-101/ES;Norte;Choque;1;0;2;0;0;0;;;;;3;0;0;0;0