data;horario;n_da_ocorrencia;tipo_de_ocorrencia;km;trecho;sentido;tipo_de_acidente;automovel;bicicleta;caminhao;moto;onibus;outros;tracao_animal;transporte_de_cargas_especiais;trator_maquinas;utilitarios;ilesos;levemente_feridos;moderadamente_feridos;gravemente_feridos;mortos
12/04/2016;07:04:00;83;Acidente sem Vítima;270;BR-101/ES;Norte;Colisão Lateral;1;0;2;0;0;0;;;;;2;0;0;0;0
12/04/2016;08:31:00;115;Acidente sem Vítima;242;BR-101/ES;Norte;Choque com Veículo Estacionado;1;0;1;0;0;0;;;;;2;0;0;0;0
12/04/2016;12:34:00;195;Acidente sem Vítima;399;BR-101/ES;Sul;Choque;1;0;0;0;0;0;;;;;1;0;0;0;0
12/04/2016;13:29:00;214;Acidente sem Vítima;264;BR-101/ES;Norte;Colisão Traseira;1;0;1;0;0;0;;;;;2;0;0;0;0
12/04/2016;14:10:00;223;Acidente sem Vítima;137;BR-101/ES;Norte;Choque;0;0;1;0;0;0;;;;;1;0;0;0;0
12/04/2016;14:12:00;224;Acidente sem Vítima;303;BR-101/ES;Sul;Colisão Lateral;1;0;1;0;0;0;;;;;3;0;0;0;0
12/04/2016;17:23:00;274;Acidente com vítima;156;BR-101/ES;Sul;Colisão Frontal;1;0;0;1;0;0;;;;;2;2;0;0;0
12/04/2016;09:34:00;132;Acidente sem Vítima;279;BR-101/ES;Sul - TRECHO CONTORNO;Colisão Lateral;1;0;0;1;0;0;;;;;3;0;0;0;0
12/04/2016;12:25:00;189;Acidente com vítima;292;BR-101/ES;Sul - TRECHO CONTORNO;Queda de Moto;0;0;0;1;0;0;;;;;0;1;0;0;0
13/04/2016;07:00:00;67;Acidente sem Vítima;266;BR-101/ES;Sul;Colisão Traseira;1;0;1;0;0;0;;;;;2;0;0;0;0
13/04/2016;11:20:00;170;Acidente com vítima;269;BR-101/ES;Norte;Colisão Lateral;1;0;1;0;0;0;;;;;2;1;0;0;0
13/04/2016;16:59:00;276;Acidente sem Vítima;263;BR-101/ES;Norte;Colisão Traseira;2;0;0;0;0;0;;;;;4;0;0;0;0
13/04/2016;17:47:00;288;Acidente sem Vítima;335;BR-101/ES;Norte;Tombamento;0;0;1;0;0;0;;;;;2;0;0;0;0
13/04/2016;17:47:00;289;Acidente sem Vítima;269;BR-101/ES;Sul;Colisão Traseira;2;0;0;0;0;0;;;;;2;0;0;0;0
14/04/2016;07:08:00;92;Acidente com vítima;147;BR-101/ES;Sul;Colisão Traseira;1;0;0;1;0;0;;;;;1;1;0;0;0
14/04/2016;08:58:00;129;Acidente sem Vítima;67;BR-101/ES;Sul;Colisão Traseira;2;0;0;0;0;0;;;;;3;0;0;0;0
14/04/2016;09:20:00;141;Acidente sem Vítima;228;BR-101/ES;Sul;Saída de Pista;1;0;0;0;0;0;;;;;2;0;0;0;0
14/04/2016;13:34:00;229;Acidente com vítima;402;BR-101/ES;Norte;Colisão Traseira;0;0;1;1;0;0;;;;;1;1;0;0;0
14/04/2016;16:26:00;286;Acidente com vítima;31,5;BR-101/ES;Norte;Queda de Moto;1;0;0;0;0;0;;;;;0;0;1;0;0
14/04/2016;21:42:00;354;Acidente com vítima;65;BR-101/ES;Norte;Colisão Traseira;2;0;0;0;0;0;;;;;0;2;0;0;0
14/04/2016;16:34:00;288;Acidente com vítima;276;BR-101/ES;Norte - TRECHO CONTORNO;Colisão Traseira;1;0;0;1;0;0;;;;;1;0;1;0;0
14/04/2016;18:51:00;320;Acidente sem Vítima;291;BR-101/ES;Sul - TRECHO CONTORNO;Choque com Objeto Fixo;1;0;0;0;0;0;;;;;2;0;0;0;0
15/04/2016;03:56:00;60;Acidente sem Vítima;171;BR-101/ES;Norte;Colisão Traseira;2;0;0;0;0;0;;;;;3;0;0;0;0
15/04/2016;10:10:00;144;Acidente com vítima;268,5;BR-101/ES;Norte;Queda de Moto;0;0;0;1;0;0;;;;;0;0;1;0;0
15/04/2016;10:55:00;159;Acidente com vítima;96;BR-101/ES;Sul;Colisão Traseira;2;0;0;0;0;0;;;;;3;1;1;0;0
15/04/2016;12:04:00;177;Acidente com vítima;262;BR-101/ES;Sul;Queda de Moto;0;0;0;1;0;0;;;;;0;2;0;0;0
15/04/2016;13:17:00;205;Acidente sem Vítima;171;BR-101/ES;Norte;Colisão Lateral;1;0;2;0;0;0;;;;;2;0;0;0;0
15/04/2016;14:02:00;216;Acidente sem Vítima;171;BR-101/ES;Sul;Colisão Traseira;2;0;0;0;0;0;;;;;2;0;0;0;0
15/04/2016;14:22:00;222;Acidente sem Vítima;266;BR-101/ES;Norte;Colisão Lateral;1;0;1;0;0;0;;;;;3;0;0;0;0
15/04/2016;15:28:00;244;Acidente sem Vítima;270;BR-101/ES;Sul;Colisão Traseira;2;0;0;0;0;0;;;;;2;0;0;0;0
15/04/2016;18:52:00;293;Acidente sem Vítima;255;BR-101/ES;Sul;Engavetamento;3;0;0;0;0;0;;;;;3;0;0;0;0
15/04/2016;18:55:00;295;Acidente com vítima;270;BR-101/ES;Norte;Queda de Moto;1;0;0;0;0;0;;;;;0;0;2;0;0
15/04/2016;19:36:00;302;Acidente sem Vítima;140;BR-101/ES;Norte;Colisão Lateral;2;0;0;0;0;0;;;;;3;0;0;0;0
15/04/2016;20:44:00;311;Acidente sem Vítima;210;BR-101/ES;Sul;Veículo em Chamas;1;0;0;0;0;0;;;;;3;0;0;0;0
15/04/2016;20:47:00;312;Acidente com vítima;359;BR-101/ES;Sul;Colisão Traseira;1;0;1;0;0;0;;;;;2;1;0;0;0
15/04/2016;21:37:00;319;Acidente sem Vítima;266;BR-101/ES;Norte;Colisão Lateral;1;0;2;0;0;0;;;;;2;0;0;0;0
15/04/2016;22:13:00;327;Acidente sem Vítima;117;BR-101/ES;Norte;Colisão Traseira;2;0;0;0;0;0;;;;;2;0;0;0;0
15/04/2016;23:11:00;341;Acidente sem Vítima;144;BR-101/ES;Sul;Capotamento;1;0;0;0;0;0;;;;;1;0;0;0;0
15/04/2016;08:53:00;127;Acidente com vítima;285;BR-101/ES;Sul - TRECHO CONTORNO;Saída de Pista;1;0;1;0;0;0;;;;;1;0;1;0;0
16/04/2016;03:36:00;45;Acidente sem Vítima;457;BR-101/ES;Sul;Atropelamento - Bovino;1;0;0;0;0;0;;;;;1;0;0;0;0
16/04/2016;08:58:00;98;Acidente com vítima;90;BR-101/ES;Sul;Colisão Transversal;0;0;1;1;0;0;;;;;1;0;1;0;0
16/04/2016;09:09:00;100;Acidente sem Vítima;214;BR-101/ES;Sul;Colisão Transversal;2;0;0;0;0;0;;;;;3;0;0;0;0
16/04/2016;14:05:00;215;Acidente sem Vítima;297;BR-101/ES;Norte;Colisão Traseira;1;0;0;1;0;0;;;;;3;0;0;0;0
16/04/2016;16:34:00;248;Acidente com vítima;389,5;BR-101/ES;Sul;Colisão Lateral;0;0;2;1;0;0;;;;;3;0;0;1;0
16/04/2016;16:45:00;251;Acidente com vítima;189;BR-101/ES;Norte;Queda de Moto;1;0;0;0;0;0;;;;;0;0;0;1;0
16/04/2016;20:00:00;294;Acidente sem Vítima;144;BR-101/ES;Norte;Colisão Traseira;2;0;0;0;0;0;;;;;2;0;0;0;0
16/04/2016;20:22:00;301;Acidente sem Vítima;312;BR-101/ES;Norte;Colisão Lateral;1;0;2;0;0;0;;;;;5;0;0;0;0
16/04/2016;20:24:00;304;Acidente com vítima;145;BR-101/ES;Sul;Queda de Moto;0;0;0;1;0;0;;;;;0;1;0;0;0
16/04/2016;21:40:00;317;Acidente com vítima;83,6;BR-101/ES;Sul;Colisão Traseira;1;0;0;0;0;0;;;;;0;3;0;0;0
16/04/2016;22:49:00;334;Acidente com vítima;297;BR-101/ES;Sul;Queda de Moto;0;0;0;1;0;0;;;;;0;2;0;0;0
16/04/2016;23:17:00;338;Acidente com vítima;143;BR-101/ES;Norte;Saída de Pista;1;0;0;0;0;0;;;;;2;1;0;0;0
16/04/2016;23:40:00;343;Acidente sem Vítima;205;BR-101/ES;Sul;Saída de Pista;1;0;0;0;0;0;;;;;1;0;0;0;0
16/04/2016;06:37:00;69;Acidente com vítima;274;BR-101/ES;Norte - TRECHO CONTORNO;Colisão Traseira;1;0;0;0;1;0;;;;;2;1;0;0;0
17/04/2016;01:55:00;34;Acidente com Morte;396;BR-101/ES;Sul;Saída de Pista;1;0;0;0;0;0;;;;;0;0;0;0;1
17/04/2016;03:43:00;49;Acidente com vítima;268,5;BR-101/ES;Norte;Colisão Frontal;1;0;0;1;0;0;;;;;2;1;0;0;0
17/04/2016;07:18:00;80;Acidente sem Vítima;263;BR-101/ES;Sul;Capotamento;1;0;0;0;0;0;;;;;1;0;0;0;0
17/04/2016;10:43:00;145;Acidente com vítima;67;BR-101/ES;Sul;Queda de Moto;0;0;0;1;0;0;;;;;0;1;0;0;0
17/04/2016;11:02:00;151;Acidente sem Vítima;73;BR-101/ES;Sul;Queda de Moto;0;0;0;1;0;0;;;;;2;0;0;0;0
17/04/2016;13:10:00;200;Acidente sem Vítima;335,4;BR-101/ES;Sul;Colisão Traseira;1;0;1;0;0;0;;;;;2;0;0;0;0
17/04/2016;18:45:00;265;Acidente sem Vítima;318;BR-101/ES;Norte;Colisão Traseira;2;0;1;0;0;0;;;;;3;0;0;0;0
17/04/2016;19:22:00;269;Acidente com vítima;51;BR-101/ES;Norte;Queda de Moto;0;0;0;1;0;0;;;;;0;0;1;0;0
17/04/2016;19:31:00;272;Acidente com vítima;377;BR-101/ES;Sul;Colisão Transversal;2;0;0;0;0;0;;;;;6;1;0;0;0
17/04/2016;12:13:00;182;Acidente sem Vítima;271;BR-101/ES;Sul - TRECHO CONTORNO;Colisão Traseira;2;0;0;0;0;0;;;;;4;0;0;0;0
18/04/2016;06:17:00;66;Acidente com vítima;436;BR-101/ES;Sul;Tombamento;0;0;1;0;0;0;;;;;1;1;0;0;0
18/04/2016;06:28:00;69;Acidente sem Vítima;335,4;BR-101/ES;Norte;Saída de Pista;1;0;0;0;0;0;;;;;1;0;0;0;0
18/04/2016;06:45:00;72;Acidente com Morte;343;BR-101/ES;Norte;Colisão Frontal;1;0;1;0;0;0;;;;;1;0;0;0;1
18/04/2016;07:52:00;97;Acidente sem Vítima;326;BR-101/ES;Norte;Colisão Traseira;2;0;0;0;0;0;;;;;3;0;0;0;0
18/04/2016;11:22:00;160;Acidente com vítima;946;BR-101/BA;Sul;Saída de Pista;1;0;0;0;0;0;;;;;1;1;0;0;0
18/04/2016;11:44:00;166;Atropelamento sem Morte;257;BR-101/ES;Sul;Atropelamento;1;0;0;0;0;0;;;;;1;0;1;0;0
18/04/2016;12:51:00;182;Acidente sem Vítima;270;BR-101/ES;Norte;Capotamento;1;0;0;0;0;0;;;;;2;0;0;0;0
18/04/2016;13:55:00;202;Acidente com vítima;174;BR-101/ES;Sul;Saída de Pista;1;0;0;0;0;0;;;;;0;1;0;0;0
18/04/2016;14:08:00;206;Acidente com vítima;414;BR-101/ES;Norte;Queda de Moto;0;0;0;1;0;0;;;;;0;1;0;0;0
18/04/2016;15:12:00;227;Acidente sem Vítima;264;BR-101/ES;Norte;Colisão Transversal;1;0;0;1;0;0;;;;;2;0;0;0;0
18/04/2016;15:13:00;228;Acidente com vítima;200;BR-101/ES;Norte;Colisão;1;1;0;0;0;0;;;;;1;0;1;0;0
18/04/2016;15:46:00;237;Acidente sem Vítima;266;BR-101/ES;Sul;Colisão Lateral;1;0;1;0;0;0;;;;;5;0;0;0;0
18/04/2016;18:05:00;271;Atropelamento com Morte;299,8;BR-101/ES;Norte;Atropelamento e Fuga;1;0;0;0;0;0;;;;;0;0;0;0;1
18/04/2016;22:50:00;326;Acidente sem Vítima;270;BR-101/ES;Sul;Queda de Moto;0;0;0;1;0;0;;;;;1;0;0;0;0
18/04/2016;11:02:00;156;Acidente sem Vítima;294;BR-101/ES;Sul - TRECHO CONTORNO;Colisão Lateral;1;0;1;0;0;0;;;;;2;0;0;0;0
19/04/2016;00:58:00;22;Acidente sem Vítima;945;BR-101/BA;Sul;Saída de Pista;1;0;0;0;0;0;;;;;2;0;0;0;0
19/04/2016;07:55:00;100;Acidente sem Vítima;446;BR-101/ES;Norte;Saída de Pista;2;0;0;0;0;0;;;;;1;0;0;0;0
19/04/2016;09:08:00;123;Acidente com vítima;261,5;BR-101/ES;Norte;Engavetamento;1;0;2;0;0;0;;;;;4;0;1;0;0
19/04/2016;10:34:00;147;Acidente com vítima;145;BR-101/ES;Sul;Colisão Traseira;0;0;0;1;1;0;;;;;1;0;1;0;0
19/04/2016;11:45:00;172;Acidente com vítima;66;BR-101/ES;Norte;Queda de Moto;0;0;0;1;0;0;;;;;0;1;0;0;0
19/04/2016;15:48:00;237;Acidente sem Vítima;149;BR-101/ES;Sul;Colisão Traseira;1;0;0;0;1;0;;;;;2;0;0;0;0
19/04/2016;17:39:00;265;Acidente com vítima;143;BR-101/ES;Norte;Colisão Lateral;0;0;0;2;0;0;;;;;0;0;3;0;0
19/04/2016;18:27:00;276;Acidente sem Vítima;16,5;BR-101/ES;Norte;Colisão Transversal;2;0;0;0;0;0;;;;;2;0;0;0;0
19/04/2016;18:01:00;272;Acidente sem Vítima;290;BR-101/ES;Sul - TRECHO CONTORNO;Tombamento;0;0;1;0;0;0;;;;;2;0;0;0;0
20/04/2016;08:23:00;104;Acidente sem Vítima;269;BR-101/ES;Sul;Colisão Traseira;0;0;2;0;1;0;;;;;3;0;0;0;0
20/04/2016;08:45:00;112;Acidente sem Vítima;418;BR-101/ES;Sul;Colisão Lateral;0;0;3;0;0;0;;;;;2;0;0;0;0
20/04/2016;11:19:00;175;Acidente com vítima;125;BR-101/ES;Norte;Colisão Traseira;2;0;0;0;0;0;;;;;2;1;0;0;0
20/04/2016;11:39:00;183;Acidente sem Vítima;259;BR-101/ES;Norte;Colisão Lateral;2;0;0;0;0;0;;;;;5;0;0;0;0
20/04/2016;16:26:00;275;Acidente sem Vítima;125;BR-101/ES;Norte;Colisão Traseira;1;0;0;1;0;0;;;;;3;0;0;0;0
20/04/2016;16:29:00;278;Acidente sem Vítima;235;BR-101/ES;Norte;Saída de Pista;1;0;0;0;0;0;;;;;2;0;0;0;0
20/04/2016;17:34:00;297;Acidente sem Vítima;148;BR-101/ES;Sul;Colisão Lateral;1;0;1;0;0;0;;;;;3;0;0;0;0
20/04/2016;20:25:00;344;Acidente com vítima;269;BR-101/ES;Norte;Colisão Traseira;1;0;0;1;0;0;;;;;1;0;1;0;0
20/04/2016;22:50:00;385;Acidente sem Vítima;186;BR-101/ES;Norte;Colisão Traseira;2;0;0;0;0;0;;;;;4;0;0;0;0
21/04/2016;11:46:00;173;Acidente sem Vítima;323;BR-101/ES;Norte;Saída de Pista;1;0;0;0;0;0;;;;;1;0;0;0;0
21/04/2016;15:57:00;255;Acidente sem Vítima;302;BR-101/ES;Norte;Colisão Lateral;3;0;0;0;0;0;;;;;3;0;0;0;0
21/04/2016;19:41:00;315;Acidente com vítima;401;BR-101/ES;Sul;Saída de Pista;1;0;0;0;0;0;;;;;0;1;0;0;0
21/04/2016;20:10:00;325;Acidente sem Vítima;145;BR-101/ES;Sul;Engavetamento;3;0;0;0;0;0;;;;;5;0;0;0;0
21/04/2016;22:12:00;355;Acidente sem Vítima;172;BR-101/ES;Norte;Saída de Pista;0;0;2;0;0;0;;;;;1;0;0;0;0
22/04/2016;06:57:00;76;Acidente com vítima;261;BR-101/ES;Norte;Queda de Moto;0;0;0;1;0;0;;;;;0;0;1;0;0
22/04/2016;10:18:00;139;Acidente com vítima;133;BR-101/ES;Norte;Queda de Moto;1;0;0;0;0;0;;;;;0;2;0;0;0
22/04/2016;10:21:00;140;Acidente com vítima;31;BR-101/ES;Norte;Choque com Objeto Fixo;1;0;0;0;0;0;;;;;1;0;2;0;0
22/04/2016;12:55:00;192;Acidente sem Vítima;266;BR-101/ES;Sul;Engavetamento;3;0;0;0;0;0;;;;;4;0;0;0;0
22/04/2016;13:40:00;203;Acidente com vítima;266;BR-101/ES;Sul;Colisão Traseira;0;0;1;0;1;0;;;;;2;0;1;0;0
22/04/2016;14:21:00;215;Acidente com vítima;241;BR-101/ES;Norte;Colisão Transversal;2;0;0;0;0;0;;;;;0;2;0;0;0
22/04/2016;19:20:00;281;Acidente com vítima;129;BR-101/ES;Norte;Queda de Moto;0;0;0;1;0;0;;;;;1;1;0;0;0
22/04/2016;19:25:00;283;Acidente com vítima;451;BR-101/ES;Norte;Queda de Moto;0;0;0;1;0;0;;;;;0;0;2;0;0
22/04/2016;22:00:00;318;Acidente sem Vítima;206;BR-101/ES;Norte;Queda de Moto;0;0;0;1;0;0;;;;;2;0;0;0;0
22/04/2016;12:56:00;193;Acidente sem Vítima;276;BR-101/ES;Norte - TRECHO CONTORNO;Colisão Lateral;2;0;0;0;0;0;;;;;4;0;0;0;0
23/04/2016;06:36:00;59;Acidente sem Vítima;230;BR-101/ES;Sul;Saída de Pista;1;0;0;0;0;0;;;;;5;0;0;0;0
23/04/2016;07:12:00;67;Acidente sem Vítima;298;BR-101/ES;Sul;Engavetamento;3;0;0;0;0;0;;;;;2;0;0;0;0
23/04/2016;08:12:00;82;Acidente sem Vítima;9;BR-101/ES;Norte;Queda de Moto;0;0;0;1;0;0;;;;;2;0;0;0;0
23/04/2016;13:50:00;206;Acidente com Morte;947,3;BR-101/BA;Norte;Colisão Frontal;2;0;0;0;0;0;;;;;0;3;0;1;1
23/04/2016;18:25:00;253;Acidente sem Vítima;370;BR-101/ES;Sul;Queda de Moto;0;0;0;1;0;0;;;;;1;0;0;0;0
23/04/2016;23:05:00;298;Acidente sem Vítima;394;BR-101/ES;Sul;Saída de Pista;1;0;0;0;0;0;;;;;3;0;0;0;0
23/04/2016;23:30:00;306;Acidente sem Vítima;31;BR-101/ES;Norte;Colisão Transversal;3;0;0;0;0;0;;;;;6;0;0;0;0
24/04/2016;06:16:00;52;Acidente com vítima;258;BR-101/ES;Norte;Saída de Pista;1;0;0;0;0;0;;;;;0;1;0;0;0
24/04/2016;08:21:00;68;Acidente sem Vítima;242;BR-101/ES;Sul;Colisão Traseira;2;0;0;0;0;0;;;;;6;0;0;0;0
24/04/2016;11:29:00;139;Acidente sem Vítima;149,5;BR-101/ES;Norte;Colisão Lateral;2;0;0;0;0;0;;;;;6;0;0;0;0
24/04/2016;12:32:00;163;Acidente sem Vítima;254;BR-101/ES;Sul;Engavetamento;3;0;0;0;0;0;;;;;5;0;0;0;0
24/04/2016;15:20:00;217;Acidente com vítima;130;BR-101/ES;Norte;Queda de Moto;0;0;0;1;0;0;;;;;0;2;0;0;0
24/04/2016;15:43:00;229;Acidente sem Vítima;130;BR-101/ES;Sul;Saída de Pista;1;0;0;0;0;0;;;;;5;0;0;0;0
24/04/2016;16:00:00;234;Acidente sem Vítima;248;BR-101/ES;Sul;Colisão Traseira;5;0;0;0;0;0;;;;;13;0;0;0;0
24/04/2016;17:50:00;278;Acidente sem Vítima;189;BR-101/ES;Sul;Veículo em Chamas;1;0;0;0;0;0;;;;;3;0;0;0;0
24/04/2016;18:05:00;283;Acidente com vítima;267;BR-101/ES;Sul;Colisão Transversal;0;1;0;1;0;0;;;;;1;0;1;0;0
24/04/2016;20:15:00;315;Acidente sem Vítima;175;BR-101/ES;Sul;Queda de Moto;0;0;0;1;0;0;;;;;2;0;0;0;0
24/04/2016;20:25:00;318;Acidente com vítima;141;BR-101/ES;Sul;Queda de Moto;0;0;0;1;0;0;;;;;0;1;0;0;0
24/04/2016;20:44:00;324;Acidente sem Vítima;254;BR-101/ES;Sul;Colisão Traseira;2;0;0;0;0;0;;;;;2;0;0;0;0
24/04/2016;21:16:00;333;Acidente sem Vítima;167,8;BR-101/ES;Sul;Colisão Lateral;2;0;0;0;0;0;;;;;2;0;0;0;0
24/04/2016;21:41:00;338;Acidente sem Vítima;238;BR-101/ES;Sul;Colisão Lateral;2;0;0;0;0;0;;;;;5;0;0;0;0
24/04/2016;22:48:00;354;Acidente com vítima;140;BR-101/ES;Sul;Queda de Moto;0;0;0;1;0;0;;;;;0;0;1;0;0
24/04/2016;16:11:00;238;Acidente com vítima;287;BR-101/ES;Sul - TRECHO CONTORNO;Colisão Traseira;1;0;0;1;0;0;;;;;1;0;1;0;0
24/04/2016;19:12:00;302;Acidente com vítima;289,8;BR-101/ES;Sul - TRECHO CONTORNO;Queda de Moto;0;0;0;1;0;0;;;;;0;1;0;0;0
24/04/2016;21:34:00;336;Acidente sem Vítima;288;BR-101/ES;Sul - TRECHO CONTORNO;Colisão Traseira;1;0;1;0;0;0;;;;;1;0;0;0;0
24/04/2016;22:25:00;344;Acidente com vítima;296;BR-101/ES;Norte - TRECHO CONTORNO;Colisão Lateral;2;0;0;0;0;0;;;;;0;0;1;0;0
25/04/2016;00:39:00;10;Acidente sem Vítima;458;BR-101/ES;Norte;Capotamento;1;0;0;0;0;0;;;;;3;0;0;0;0
25/04/2016;02:07:00;38;Acidente sem Vítima;210;BR-101/ES;Sul;Veículo em Chamas;0;0;1;0;0;0;;;;;2;0;0;0;0
25/04/2016;04:44:00;63;Acidente sem Vítima;59;BR-101/ES;Sul;Colisão Traseira;1;0;0;1;0;0;;;;;2;0;0;0;0
25/04/2016;06:02:00;74;Acidente com vítima;73;BR-101/ES;Sul;Queda de Moto;0;0;0;1;0;0;;;;;0;1;1;0;0
25/04/2016;06:20:00;77;Acidente com vítima;54;BR-101/ES;Norte;Queda de Moto;0;0;0;1;0;0;;;;;0;2;0;0;0
25/04/2016;06:49:00;82;Acidente sem Vítima;311,8;BR-101/ES;Norte;Queda de Moto;0;0;0;1;0;0;;;;;2;0;0;0;0
25/04/2016;09:46:00;138;Acidente com vítima;179;BR-101/ES;Sul;Queda de Moto;0;0;0;1;0;0;;;;;0;0;1;0;0
25/04/2016;09:53:00;141;Atropelamento sem Morte;266;BR-101/ES;Norte;Atropelamento;0;0;1;0;0;0;;;;;1;0;1;0;0
25/04/2016;16:56:00;300;Acidente sem Vítima;147;BR-101/ES;Sul;Colisão Traseira;2;0;0;0;0;0;;;;;1;0;0;0;0
25/04/2016;17:02:00;304;Acidente sem Vítima;269;BR-101/ES;Norte;Colisão Lateral;1;0;2;0;0;0;;;;;3;0;0;0;0
25/04/2016;18:37:00;326;Acidente sem Vítima;153;BR-101/ES;Sul;Saída de Pista;1;0;1;0;0;0;;;;;2;0;0;0;0
25/04/2016;04:08:00;53;Atropelamento com Morte;274,5;BR-101/ES;Sul - TRECHO CONTORNO;Atropelamento e Fuga;1;0;0;0;0;0;;;;;0;0;0;0;1
25/04/2016;16:06:00;276;Acidente sem Vítima;292;BR-101/ES;Norte - TRECHO CONTORNO;Colisão Lateral;1;0;0;0;1;0;;;;;3;0;0;0;0
26/04/2016;02:29:00;34;Acidente sem Vítima;270;BR-101/ES;Norte;Tombamento;0;0;1;0;0;0;;;;;2;0;0;0;0
26/04/2016;08:52:00;134;Acidente sem Vítima;66,5;BR-101/ES;Sul;Choque com Objeto Fixo;1;0;0;0;0;0;;;;;1;0;0;0;0
26/04/2016;09:21:00;143;Acidente sem Vítima;126,5;BR-101/ES;Sul;Colisão Traseira;2;0;0;0;0;0;;;;;3;0;0;0;0
26/04/2016;16:04:00;268;Acidente sem Vítima;267;BR-101/ES;Norte;Colisão Traseira;0;0;3;0;0;0;;;;;2;0;0;0;0
26/04/2016;16:37:00;282;Acidente com vítima;267;BR-101/ES;Norte;Queda de Moto;2;0;0;0;0;0;;;;;1;0;2;0;0
26/04/2016;21:51:00;353;Acidente sem Vítima;261;BR-101/ES;Sul;Queda de Moto;1;0;0;0;0;0;;;;;1;0;0;0;0
27/04/2016;08:09:00;98;Acidente com vítima;66;BR-101/ES;Sul;Engavetamento;1;0;1;1;0;0;;;;;2;2;0;0;0
27/04/2016;09:23:00;120;Acidente sem Vítima;68,3;BR-101/ES;Norte;Colisão Traseira;2;0;0;0;0;0;;;;;3;0;0;0;0
27/04/2016;09:54:00;127;Acidente sem Vítima;44;BR-101/ES;Norte;Tombamento;0;0;0;0;0;1;;;;;1;0;0;0;0
27/04/2016;14:42:00;214;Acidente sem Vítima;264;BR-101/ES;Norte;Colisão Lateral;1;0;2;0;0;0;;;;;6;0;0;0;0
27/04/2016;18:22:00;262;Acidente com vítima;264;BR-101/ES;Norte;Colisão Lateral;1;0;0;1;0;0;;;;;1;0;1;0;0
27/04/2016;19:59:00;284;Acidente sem Vítima;168;BR-101/ES;Norte;Saída de Pista;1;0;0;0;0;0;;;;;1;0;0;0;0
28/04/2016;12:36:00;183;Acidente sem Vítima;456;BR-101/ES;Norte;Saída de Pista;0;0;1;0;0;0;;;;;1;0;0;0;0
28/04/2016;16:27:00;244;Acidente sem Vítima;301;BR-101/ES;Norte;Colisão Lateral;2;0;0;0;0;0;;;;;2;0;0;0;0
28/04/2016;18:59:00;276;Acidente com vítima;81;BR-101/ES;Sul;Queda de Moto;1;0;0;0;0;0;;;;;0;2;0;0;0
28/04/2016;21:07:00;311;Acidente sem Vítima;424,5;BR-101/ES;Sul;Saída de Pista;1;0;0;0;0;0;;;;;2;0;0;0;0
28/04/2016;23:14:00;341;Acidente sem Vítima;264;BR-101/ES;Sul;Choque com Objeto Fixo;1;0;0;0;0;0;;;;;1;0;0;0;0
28/04/2016;06:43:00;58;Acidente sem Vítima;276;BR-101/ES;Norte - TRECHO CONTORNO;Saída de Pista;1;0;0;0;0;0;;;;;2;0;0;0;0
29/04/2016;04:52:00;48;Acidente sem Vítima;436;BR-101/ES;Sul;Saída de Pista;1;0;0;0;0;0;;;;;3;0;0;0;0
29/04/2016;09:50:00;114;Acidente sem Vítima;269;BR-101/ES;Sul;Colisão Traseira;2;0;0;0;0;0;;;;;2;0;0;0;0
29/04/2016;13:53:00;198;Acidente sem Vítima;130;BR-101/ES;Norte;Choque;1;0;2;0;0;0;;;;;3;0;0;0;0
29/04/2016;14:35:00;214;Atropelamento sem Morte;270;BR-101/ES;Sul;Atropelamento;1;0;0;0;0;0;;;;;1;0;1;0;0
29/04/2016;17:24:00;259;Acidente com vítima;269;BR-101/ES;Sul;Colisão Lateral;1;0;0;1;0;0;;;;;1;0;1;0;0
29/04/2016;18:25:00;274;Acidente sem Vítima;147;BR-101/ES;Sul;Colisão Traseira;2;0;0;0;0;0;;;;;2;0;0;0;0
29/04/2016;18:55:00;279;Acidente sem Vítima;242;BR-101/ES;Sul;Colisão Traseira;2;0;0;0;0;0;;;;;1;0;0;0;0
29/04/2016;19:23:00;289;Acidente sem Vítima;233;BR-101/ES;Norte;Colisão Traseira;1;0;1;0;0;0;;;;;3;0;0;0;0
29/04/2016;19:47:00;294;Acidente sem Vítima;210;BR-101/ES;Norte;Choque com Veículo Estacionado;2;0;0;0;0;0;;;;;4;0;0;0;0
29/04/2016;20:39:00;311;Acidente sem Vítima;268;BR-101/ES;Sul;Colisão Transversal;1;0;3;0;0;0;;;;;2;0;0;0;0
29/04/2016;22:52:00;345;Acidente com vítima;20;BR-101/ES;Sul;Queda de Moto;0;0;0;1;0;0;;;;;0;1;0;0;0
29/04/2016;23:34:00;359;Acidente sem Vítima;266;BR-101/ES;Norte;Colisão Traseira;1;0;2;0;0;0;;;;;2;0;0;0;0
30/04/2016;06:10:00;74;Acidente sem Vítima;265;BR-101/ES;Norte;Saída de Pista;1;0;0;0;0;0;;;;;1;0;0;0;0
30/04/2016;08:10:00;95;Acidente com vítima;350;BR-101/ES;Sul;Queda de Moto;0;0;0;1;0;0;;;;;0;1;0;0;0
30/04/2016;10:17:00;125;Acidente com vítima;80;BR-101/ES;Norte;Queda de ciclista;0;1;0;0;0;0;;;;;0;1;0;0;0
30/04/2016;11:11:00;145;Acidente sem Vítima;270;BR-101/ES;Norte;Colisão Traseira;1;0;2;0;0;0;;;;;3;0;0;0;0