data;horario;n_da_ocorrencia;tipo_de_ocorrencia;km;trecho;sentido;tipo_de_acidente;automovel;bicicleta;caminhao;moto;onibus;outros;tracao_animal;transporte_de_cargas_especiais;trator_maquinas;utilitarios;ilesos;levemente_feridos;moderadamente_feridos;gravemente_feridos;mortos
30/04/2016;15:45:00;215;Atropelamento com Morte;32;BR-101/ES;Norte;Atropelamento;0;0;3;0;0;0;;;;;1;0;0;0;1
30/04/2016;16:18:00;222;Acidente com Morte;25;BR-101/ES;Sul;Colisão Frontal;2;0;1;0;0;0;;;;;4;0;1;0;1
30/04/2016;17:05:00;232;Acidente sem Vítima;322;BR-101/ES;Sul;Colisão Transversal;2;0;0;0;0;0;;;;;2;0;0;0;0
30/04/2016;18:13:00;254;Acidente sem Vítima;188;BR-101/ES;Norte;Saída de Pista;1;0;0;0;0;0;;;;;1;0;0;0;0
30/04/2016;18:34:00;257;Acidente sem Vítima;117;BR-101/ES;Norte;Colisão Lateral;2;0;0;0;0;0;;;;;6;0;0;0;0
30/04/2016;19:43:00;264;Acidente sem Vítima;265,5;BR-101/ES;Norte;Colisão Traseira;2;0;0;0;0;0;;;;;4;0;0;0;0
30/04/2016;20:28:00;271;Acidente sem Vítima;265;BR-101/ES;Sul;Queda de Moto;1;0;0;0;0;0;;;;;2;0;0;0;0
30/04/2016;21:44:00;283;Acidente sem Vítima;377;BR-101/ES;Norte;Colisão Lateral;2;0;0;0;0;0;;;;;3;0;0;0;0
30/04/2016;23:52:00;321;Acidente com vítima;269;BR-101/ES;Norte;Colisão Traseira;2;0;0;0;0;0;;;;;2;1;0;0;0
30/04/2016;18:51:00;260;Acidente sem Vítima;291;BR-101/ES;Sul - TRECHO CONTORNO;Saída de Pista;1;0;0;0;0;0;;;;;1;0;0;0;0
30/04/2016;23:46:00;318;Acidente com vítima;288;BR-101/ES;Sul - TRECHO CONTORNO;Saída de Pista;1;0;0;0;0;0;;;;;0;2;0;1;0
01/05/2016;16:00:00;203;Acidente sem Vítima;239;BR-101/ES;Sul;Saída de Pista;1;0;0;0;0;0;;;;;2;0;0;0;0
01/05/2016;16:04:00;204;Acidente sem Vítima;100;BR-101/ES;Sul;Colisão Transversal;2;0;0;0;0;0;;;;;6;0;0;0;0
01/05/2016;17:09:00;216;Acidente sem Vítima;239;BR-101/ES;Sul;Saída de Pista;1;0;0;0;0;0;;;;;1;0;0;0;0
01/05/2016;21:11:00;264;Acidente com vítima;144;BR-101/ES;Norte;Queda de Moto;0;0;0;1;0;0;;;;;0;0;1;0;0
01/05/2016;22:17:00;274;Acidente com vítima;236;BR-101/ES;Sul;Colisão Frontal;2;0;0;0;0;0;;;;;0;3;4;0;0
01/05/2016;12:48:00;149;Acidente com vítima;294;BR-101/ES;Norte - TRECHO CONTORNO;Colisão Traseira;1;0;0;1;0;0;;;;;3;0;1;0;0
02/05/2016;02:50:00;42;Acidente com vítima;203;BR-101/ES;Norte;Choque com Objeto Fixo;1;0;0;0;0;0;;;;;2;0;1;0;0
02/05/2016;09:10:00;107;Acidente com vítima;267;BR-101/ES;Sul;Colisão Traseira;1;0;0;0;1;0;;;;;2;0;1;0;0
02/05/2016;12:02:00;168;Acidente sem Vítima;254;BR-101/ES;Sul;Colisão Traseira;2;0;0;0;0;0;;;;;2;0;0;0;0
02/05/2016;12:56:00;188;Acidente com vítima;128;BR-101/ES;Sul;Colisão Transversal;2;0;0;0;0;0;;;;;1;1;0;0;0
02/05/2016;13:09:00;192;Acidente com vítima;260;BR-101/ES;Sul;Queda de Moto;0;0;0;1;0;0;;;;;0;1;1;0;0
02/05/2016;16:14:00;247;Acidente sem Vítima;242;BR-101/ES;Norte;Choque com Objeto Fixo;1;0;0;0;0;0;;;;;1;0;0;0;0
02/05/2016;18:14:00;275;Acidente sem Vítima;299;BR-101/ES;Norte;Saída de Pista;1;0;0;0;0;0;;;;;1;0;0;0;0
02/05/2016;08:00:00;91;Acidente sem Vítima;280;BR-101/ES;Sul - TRECHO CONTORNO;Queda de Moto;0;0;0;1;0;0;;;;;1;0;0;0;0
02/05/2016;08:13:00;98;Acidente com vítima;281;BR-101/ES;Sul - TRECHO CONTORNO;Colisão Lateral;2;0;0;0;0;0;;;;;2;0;1;0;0
03/05/2016;02:26:00;37;Acidente sem Vítima;411;BR-101/ES;Sul;Atropelamento - Bovino;0;0;1;0;0;0;;;;;1;0;0;0;0
03/05/2016;05:51:00;59;Acidente com vítima;270;BR-101/ES;Sul;Queda de Moto;0;0;0;1;0;0;;;;;0;0;1;0;0
03/05/2016;06:04:00;63;Acidente sem Vítima;259;BR-101/ES;Sul;Saída de Pista;3;0;0;0;0;0;;;;;8;0;0;0;0
03/05/2016;08:32:00;113;Atropelamento sem Morte;262;BR-101/ES;Sul;Atropelamento;0;0;0;1;0;0;;;;;1;1;0;0;0
03/05/2016;09:35:00;133;Acidente com vítima;319;BR-101/ES;Norte;Colisão Lateral;1;0;2;0;0;0;;;;;1;1;0;0;0
03/05/2016;09:37:00;134;Acidente sem Vítima;298;BR-101/ES;Norte;Colisão Lateral;1;0;2;0;0;0;;;;;2;0;0;0;0
03/05/2016;10:51:00;158;Acidente sem Vítima;142;BR-101/ES;Sul;Colisão Traseira;1;0;0;1;0;0;;;;;2;0;0;0;0
03/05/2016;13:10:00;212;Acidente sem Vítima;146;BR-101/ES;Norte;Colisão Traseira;1;0;1;0;0;0;;;;;2;0;0;0;0
03/05/2016;15:27:00;255;Acidente sem Vítima;259;BR-101/ES;Sul;Colisão Transversal;1;0;0;0;1;0;;;;;4;0;0;0;0
03/05/2016;16:08:00;264;Acidente sem Vítima;267;BR-101/ES;Sul;Colisão Traseira;2;0;0;0;0;0;;;;;4;0;0;0;0
03/05/2016;17:41:00;289;Acidente com vítima;125;BR-101/ES;Norte;Queda de Moto;0;0;0;1;0;0;;;;;0;1;0;0;0
03/05/2016;21:01:00;337;Acidente sem Vítima;276;BR-101/ES;Sul - TRECHO CONTORNO;Saída de Pista;0;0;1;0;0;0;;;;;1;0;0;0;0
04/05/2016;06:06:00;70;Acidente sem Vítima;270;BR-101/ES;Sul;Engavetamento;2;0;0;0;1;0;;;;;4;0;0;0;0
04/05/2016;06:35:00;72;Acidente com vítima;140;BR-101/ES;Sul;Colisão Traseira;1;0;1;0;0;0;;;;;2;1;2;0;0
04/05/2016;06:50:00;76;Acidente sem Vítima;361;BR-101/ES;Sul;Tombamento;0;0;2;0;0;0;;;;;1;0;0;0;0
04/05/2016;07:07:00;84;Acidente com vítima;267;BR-101/ES;Sul;Colisão;1;1;0;0;0;0;;;;;1;0;1;0;0
04/05/2016;07:51:00;98;Acidente com vítima;300,5;BR-101/ES;Norte;Queda de Moto;0;0;0;1;0;0;;;;;0;1;0;0;0
04/05/2016;09:29:00;129;Acidente sem Vítima;323,5;BR-101/ES;Norte;Colisão Traseira;2;0;0;0;0;0;;;;;2;0;0;0;0
04/05/2016;15:38:00;221;Acidente sem Vítima;235;BR-101/ES;Norte;Saída de Pista;1;0;0;0;0;0;;;;;1;0;0;0;0
04/05/2016;16:04:00;231;Acidente sem Vítima;8,7;BR-101/ES;Sul;Saída de Pista;0;0;3;0;0;0;;;;;1;0;0;0;0
04/05/2016;17:15:00;259;Acidente com vítima;145;BR-101/ES;Sul;Queda de ciclista;0;1;0;0;0;0;;;;;0;0;1;0;0
04/05/2016;21:29:00;310;Acidente com vítima;297;BR-101/ES;Norte;Queda de Moto;0;0;0;1;0;0;;;;;0;0;1;0;0
04/05/2016;18:36:00;283;Acidente sem Vítima;274;BR-101/ES;Sul - TRECHO CONTORNO;Queda de Moto;0;0;0;1;0;0;;;;;2;0;0;0;0
05/05/2016;04:40:00;63;Acidente com vítima;176;BR-101/ES;Sul;Atropelamento - Animal;0;0;0;1;0;0;;;;;0;1;0;0;0
05/05/2016;05:23:00;74;Acidente sem Vítima;266;BR-101/ES;Sul;Colisão Lateral;1;0;1;0;0;0;;;;;2;0;0;0;0
05/05/2016;10:16:00;160;Acidente sem Vítima;19;BR-101/ES;Sul;Queda de Moto;0;0;0;1;0;0;;;;;2;0;0;0;0
05/05/2016;14:56:00;232;Acidente com vítima;65;BR-101/ES;Norte;Colisão Traseira;1;0;0;1;0;0;;;;;1;1;0;0;0
05/05/2016;16:52:00;251;Acidente com vítima;141;BR-101/ES;Norte;Colisão Traseira;2;0;0;0;0;0;;;;;2;1;0;0;0
05/05/2016;17:50:00;267;Acidente com vítima;267;BR-101/ES;Norte;Colisão Traseira;3;0;0;0;0;0;;;;;2;0;1;0;0
05/05/2016;20:15:00;290;Acidente sem Vítima;270;BR-101/ES;Norte;Colisão Lateral;1;0;2;0;0;0;;;;;2;0;0;0;0
05/05/2016;22:32:00;327;Acidente sem Vítima;1;BR-101/ES;Norte;Choque com Objeto Fixo;0;0;2;0;0;0;;;;;1;0;0;0;0
05/05/2016;08:53:00;144;Acidente sem Vítima;294,5;BR-101/ES;Norte - TRECHO CONTORNO;Colisão Traseira;1;0;1;0;0;0;;;;;3;0;0;0;0
06/05/2016;07:02:00;86;Acidente sem Vítima;269;BR-101/ES;Sul;Engavetamento;3;0;0;0;0;0;;;;;4;0;0;0;0
06/05/2016;07:08:00;89;Acidente com vítima;65;BR-101/ES;Sul;Atropelamento - Animal;0;0;0;1;0;0;;;;;0;0;2;0;0
06/05/2016;07:50:00;104;Acidente com vítima;265;BR-101/ES;Sul;Colisão Lateral;0;0;1;1;0;0;;;;;1;1;0;0;0
06/05/2016;08:02:00;107;Acidente sem Vítima;300;BR-101/ES;Sul;Saída de Pista;1;0;0;0;0;0;;;;;1;0;0;0;0
06/05/2016;09:20:00;136;Acidente sem Vítima;212;BR-101/ES;Sul;Colisão Lateral;1;0;1;0;0;0;;;;;2;0;0;0;0
06/05/2016;09:26:00;138;Acidente com vítima;334;BR-101/ES;Norte;Queda de Moto;0;0;0;1;0;0;;;;;0;1;0;0;0
06/05/2016;14:24:00;248;Acidente com vítima;65;BR-101/ES;Norte;Queda de Moto;1;0;0;1;0;0;;;;;1;0;1;0;0
06/05/2016;16:16:00;269;Acidente com vítima;128;BR-101/ES;Norte;Colisão Lateral;0;1;1;0;0;0;;;;;1;0;1;0;0
06/05/2016;18:41:00;312;Acidente com vítima;129;BR-101/ES;Sul;Queda de Moto;0;0;0;1;0;0;;;;;0;2;0;0;0
06/05/2016;19:35:00;324;Acidente sem Vítima;269;BR-101/ES;Norte;Queda de Moto;0;0;0;1;0;0;;;;;1;0;0;0;0
06/05/2016;19:38:00;325;Acidente sem Vítima;216;BR-101/ES;Norte;Colisão Traseira;2;0;0;0;0;0;;;;;3;0;0;0;0
06/05/2016;19:50:00;328;Acidente com vítima;214;BR-101/ES;Sul;Colisão Lateral;1;0;0;1;0;0;;;;;3;0;1;0;0
06/05/2016;21:51:00;358;Acidente sem Vítima;3;BR-101/ES;Sul;Saída de Pista;1;0;0;0;0;0;;;;;1;0;0;0;0
06/05/2016;22:45:00;380;Acidente com vítima;396;BR-101/ES;Sul;Colisão Frontal;1;0;2;0;0;0;;;;;1;0;0;1;0
06/05/2016;16:44:00;278;Acidente sem Vítima;293;BR-101/ES;Norte - TRECHO CONTORNO;Choque com Objeto Fixo;0;0;1;0;0;0;;;;;3;0;0;0;0
07/05/2016;03:51:00;62;Acidente com vítima;219;BR-101/ES;Norte;Queda de Moto;0;0;0;1;0;0;;;;;0;0;1;0;0
07/05/2016;04:06:00;65;Acidente com vítima;226;BR-101/ES;Norte;Queda de Moto;0;0;0;1;0;0;;;;;0;0;1;0;0
07/05/2016;04:55:00;73;Acidente com vítima;253;BR-101/ES;Sul;Saída de Pista;0;0;0;1;0;0;;;;;0;0;1;0;0
07/05/2016;08:08:00;115;Acidente sem Vítima;419;BR-101/ES;Norte;Engavetamento;0;0;5;0;0;0;;;;;3;0;0;0;0
07/05/2016;09:01:00;131;Acidente com vítima;402;BR-101/ES;Sul;Queda de Moto;0;0;2;1;0;0;;;;;1;1;0;0;0
07/05/2016;10:37:00;159;Acidente sem Vítima;260;BR-101/ES;Norte;Colisão;1;1;0;0;0;0;;;;;3;0;0;0;0
07/05/2016;11:23:00;171;Acidente sem Vítima;300;BR-101/ES;Norte;Choque com Objeto Fixo;1;0;0;0;0;0;;;;;1;0;0;0;0
07/05/2016;11:32:00;178;Acidente sem Vítima;146;BR-101/ES;Sul;Colisão Traseira;2;0;0;0;0;0;;;;;2;0;0;0;0
07/05/2016;12:11:00;191;Acidente com vítima;255;BR-101/ES;Sul;Colisão Lateral;1;0;0;1;0;0;;;;;1;1;0;0;0
07/05/2016;12:14:00;193;Acidente com vítima;265;BR-101/ES;Sul;Colisão Traseira;2;0;0;0;0;0;;;;;3;1;0;0;0
07/05/2016;14:50:00;252;Acidente sem Vítima;335;BR-101/ES;Norte;Colisão Transversal;2;0;0;0;0;0;;;;;8;0;0;0;0
07/05/2016;15:37:00;263;Acidente com vítima;140;BR-101/ES;Norte;Colisão Traseira;1;0;0;1;0;0;;;;;2;1;0;0;0
07/05/2016;15:51:00;269;Acidente com vítima;69;BR-101/ES;Sul;Colisão Lateral;1;0;2;0;0;0;;;;;3;2;0;0;0
07/05/2016;15:53:00;270;Acidente com vítima;203;BR-101/ES;Norte;Tombamento;0;0;2;0;0;0;;;;;0;0;2;0;0
07/05/2016;18:14:00;300;Acidente com vítima;144;BR-101/ES;Sul;Colisão Transversal;0;1;0;1;0;0;;;;;0;1;0;1;0
07/05/2016;18:36:00;303;Acidente com vítima;99,9;BR-101/ES;Norte;Queda de Moto;0;0;0;1;0;0;;;;;0;0;1;0;0
07/05/2016;18:59:00;313;Acidente com vítima;413,5;BR-101/ES;Norte;Saída de Pista;1;0;0;0;0;0;;;;;0;0;1;0;0
07/05/2016;20:38:00;334;Acidente sem Vítima;72;BR-101/ES;Norte;Saída de Pista;1;0;0;0;0;0;;;;;3;0;0;0;0
07/05/2016;23:43:00;397;Acidente sem Vítima;288;BR-101/ES;Sul - TRECHO CONTORNO;Saída de Pista;1;0;0;0;0;0;;;;;1;0;0;0;0
08/05/2016;02:29:00;35;Acidente sem Vítima;145;BR-101/ES;Norte;Queda de Moto;0;0;0;1;0;0;;;;;1;0;0;0;0
08/05/2016;03:15:00;43;Atropelamento sem Morte;956;BR-101/BA;Norte;Atropelamento e Fuga;0;0;0;1;0;0;;;;;0;0;2;0;0
08/05/2016;03:28:00;44;Acidente com vítima;147;BR-101/ES;Norte;Queda de Moto;0;0;0;1;0;0;;;;;0;1;0;0;0
08/05/2016;04:00:00;48;Acidente sem Vítima;372;BR-101/ES;Sul;Capotamento;1;0;0;0;0;0;;;;;1;0;0;0;0
08/05/2016;04:32:00;51;Acidente sem Vítima;110;BR-101/ES;Norte;Queda de Moto;0;0;0;1;0;0;;;;;1;0;0;0;0
08/05/2016;09:52:00;109;Acidente com vítima;246;BR-101/ES;Sul;Choque;1;0;0;0;0;0;;;;;0;1;0;1;0
08/05/2016;10:53:00;120;Acidente com vítima;335;BR-101/ES;Norte;Colisão Traseira;1;0;0;1;0;0;;;;;1;1;0;0;0
08/05/2016;11:55:00;137;Acidente sem Vítima;264;BR-101/ES;Sul;Engavetamento;3;0;0;0;0;0;;;;;8;0;0;0;0
08/05/2016;14:03:00;176;Acidente sem Vítima;267;BR-101/ES;Norte;Colisão Traseira;0;0;0;1;0;0;;;;;1;0;0;0;0
08/05/2016;14:12:00;178;Acidente com vítima;219;BR-101/ES;Norte;Colisão Traseira;2;0;0;0;0;0;;;;;4;0;1;0;0
08/05/2016;14:23:00;179;Acidente com vítima;207;BR-101/ES;Norte;Saída de Pista;1;0;0;0;0;0;;;;;0;0;1;0;0
08/05/2016;17:11:00;220;Acidente com vítima;310,5;BR-101/ES;Norte;Colisão Traseira;1;0;0;1;0;0;;;;;2;1;0;0;0
08/05/2016;17:51:00;233;Acidente com vítima;302;BR-101/ES;Norte;Queda de Moto;0;0;0;1;0;0;;;;;0;1;0;0;0
08/05/2016;18:26:00;242;Acidente com vítima;458;BR-101/ES;Sul;Queda de Moto;0;0;0;1;0;0;;;;;0;0;1;0;0
08/05/2016;18:28:00;243;Acidente sem Vítima;108;BR-101/ES;Sul;Colisão Traseira;2;0;0;0;0;0;;;;;5;0;0;0;0
08/05/2016;18:35:00;246;Acidente com vítima;117;BR-101/ES;Norte;Colisão Lateral;1;0;0;1;0;0;;;;;1;1;0;0;0
08/05/2016;18:51:00;248;Acidente sem Vítima;108;BR-101/ES;Sul;Colisão Traseira;2;0;0;0;0;0;;;;;4;0;0;0;0
08/05/2016;20:00:00;268;Acidente com vítima;241;BR-101/ES;Sul;Colisão Traseira;2;0;0;0;0;0;;;;;7;1;0;0;0
08/05/2016;21:32:00;280;Acidente com vítima;174;BR-101/ES;Norte;Colisão Transversal;2;0;0;1;0;0;;;;;2;1;0;0;0
08/05/2016;22:21:00;288;Acidente sem Vítima;322;BR-101/ES;Norte;Saída de Pista;1;0;0;0;0;0;;;;;1;0;0;0;0
08/05/2016;02:06:00;30;Acidente sem Vítima;293;BR-101/ES;Norte - TRECHO CONTORNO;Saída de Pista;1;0;0;0;0;0;;;;;1;0;0;0;0
08/05/2016;10:55:00;122;Acidente sem Vítima;294;BR-101/ES;Norte - TRECHO CONTORNO;Colisão Traseira;2;0;1;0;0;0;;;;;6;0;0;0;0
09/05/2016;03:56:00;49;Acidente sem Vítima;361;BR-101/ES;Sul;Saída de Pista;1;0;0;0;0;0;;;;;6;0;0;0;0
09/05/2016;05:44:00;62;Acidente sem Vítima;455;BR-101/ES;Sul;Colisão Traseira;0;0;3;0;0;0;;;;;3;0;0;0;0
09/05/2016;07:22:00;86;Acidente sem Vítima;266;BR-101/ES;Sul;Colisão Traseira;0;0;0;2;0;0;;;;;3;0;0;0;0
09/05/2016;09:09:00;118;Acidente com vítima;147;BR-101/ES;Sul;Colisão Traseira;1;0;0;1;0;0;;;;;1;0;1;0;0
09/05/2016;09:12:00;119;Acidente sem Vítima;208;BR-101/ES;Sul;Colisão Transversal;2;0;0;0;0;0;;;;;2;0;0;0;0
09/05/2016;11:29:00;167;Acidente sem Vítima;262;BR-101/ES;Sul;Engavetamento;3;0;0;0;0;0;;;;;4;0;0;0;0
09/05/2016;11:29:00;168;Acidente sem Vítima;214;BR-101/ES;Norte;Colisão Lateral;2;0;0;0;0;0;;;;;2;0;0;0;0
09/05/2016;12:11:00;180;Acidente com vítima;50;BR-101/ES;Sul;Colisão Traseira;1;0;0;1;0;0;;;;;1;0;1;0;0
09/05/2016;13:20:00;209;Acidente sem Vítima;269;BR-101/ES;Norte;Engavetamento;5;0;0;0;0;0;;;;;8;0;0;0;0
09/05/2016;13:54:00;222;Acidente sem Vítima;269,8;BR-101/ES;Norte;Colisão Lateral;1;0;2;0;0;0;;;;;2;0;0;0;0
09/05/2016;14:43:00;231;Acidente com vítima;267;BR-101/ES;Norte;Colisão Lateral;1;0;2;0;0;0;;;;;2;1;0;0;0
09/05/2016;16:54:00;274;Acidente com vítima;311;BR-101/ES;Norte;Saída de Pista;1;0;0;0;0;0;;;;;0;1;1;1;0
09/05/2016;18:38:00;293;Acidente com vítima;266;BR-101/ES;Sul;Queda de Moto;0;0;0;1;0;0;;;;;0;2;0;0;0
10/05/2016;07:40:00;84;Acidente sem Vítima;165;BR-101/ES;Sul;Saída de Pista;0;0;1;0;0;0;;;;;2;0;0;0;0
10/05/2016;12:10:00;180;Acidente com vítima;255;BR-101/ES;Sul;Engavetamento;2;0;2;0;0;0;;;;;14;2;0;0;0
10/05/2016;14:39:00;231;Acidente sem Vítima;262;BR-101/ES;Norte;Colisão Traseira;2;0;0;0;0;0;;;;;5;0;0;0;0
10/05/2016;15:45:00;248;Acidente sem Vítima;267;BR-101/ES;Norte;Colisão Transversal;1;0;1;0;0;0;;;;;2;0;0;0;0
10/05/2016;07:51:00;90;Acidente sem Vítima;271;BR-101/ES;Sul - TRECHO CONTORNO;Colisão Lateral;1;0;2;0;0;0;;;;;2;0;0;0;0
10/05/2016;15:38:00;243;Acidente sem Vítima;292;BR-101/ES;Sul - TRECHO CONTORNO;Colisão Traseira;2;0;0;0;0;0;;;;;2;0;0;0;0
11/05/2016;05:31:00;68;Acidente sem Vítima;266;BR-101/ES;Norte;Colisão Traseira;2;0;2;0;0;0;;;;;4;0;0;0;0
11/05/2016;05:46:00;73;Atropelamento sem Morte;266;BR-101/ES;Sul;Atropelamento;0;0;0;1;0;0;;;;;0;2;0;0;0
11/05/2016;07:04:00;85;Acidente com vítima;391;BR-101/ES;Sul;Queda de Moto;0;0;0;1;0;0;;;;;0;1;0;0;0
11/05/2016;08:29:00;108;Acidente sem Vítima;245;BR-101/ES;Norte;Saída de Pista;1;0;0;0;0;0;;;;;1;0;0;0;0
11/05/2016;09:44:00;129;Acidente com vítima;398;BR-101/ES;Sul;Queda de Moto;0;0;0;1;0;0;;;;;0;1;0;0;0
11/05/2016;11:06:00;157;Acidente sem Vítima;208;BR-101/ES;Sul;Colisão Traseira;1;0;3;0;0;0;;;;;2;0;0;0;0
11/05/2016;11:51:00;173;Acidente com vítima;162;BR-101/ES;Norte;Colisão Traseira;1;0;0;1;0;0;;;;;1;1;0;0;0
11/05/2016;21:37:00;348;Acidente sem Vítima;419;BR-101/ES;Sul;Saída de Pista;1;0;0;0;0;0;;;;;2;0;0;0;0
11/05/2016;10:18:00;143;Acidente com vítima;293;BR-101/ES;Sul - TRECHO CONTORNO;Queda de Moto;0;0;0;1;0;0;;;;;0;1;0;0;0
12/05/2016;06:04:00;60;Acidente com vítima;316;BR-101/ES;Norte;Tombamento;0;0;0;0;1;0;;;;;22;8;4;0;0
12/05/2016;11:52:00;168;Acidente sem Vítima;269;BR-101/ES;Sul;Saída de Pista;1;0;0;0;0;0;;;;;1;0;0;0;0
12/05/2016;16:52:00;247;Acidente sem Vítima;382;BR-101/ES;Sul;Saída de Pista;1;0;0;0;0;0;;;;;1;0;0;0;0
12/05/2016;17:35:00;258;Acidente com vítima;147;BR-101/ES;Sul;Queda de Moto;0;0;0;1;0;0;;;;;0;2;0;0;0
12/05/2016;18:35:00;268;Acidente sem Vítima;79;BR-101/ES;Norte;Colisão Lateral;0;0;2;0;1;0;;;;;3;0;0;0;0
12/05/2016;18:45:00;269;Acidente com vítima;265;BR-101/ES;Norte;Queda de Moto;0;0;0;1;0;0;;;;;0;1;0;0;0
12/05/2016;16:26:00;243;Acidente sem Vítima;291;BR-101/ES;Norte - TRECHO CONTORNO;Saída de Pista;0;0;1;0;0;0;;;;;2;0;0;0;0
12/05/2016;18:46:00;270;Acidente sem Vítima;288;BR-101/ES;Sul - TRECHO CONTORNO;Colisão Traseira;1;0;1;0;0;0;;;;;3;0;0;0;0
12/05/2016;19:04:00;277;Acidente sem Vítima;285;BR-101/ES;Norte - TRECHO CONTORNO;Saída de Pista;0;0;1;0;0;0;;;;;2;0;0;0;0
12/05/2016;19:14:00;280;Acidente com vítima;296;BR-101/ES;Norte - TRECHO CONTORNO;Capotamento;1;0;0;0;0;0;;;;;2;1;0;0;0
13/05/2016;04:38:00;44;Acidente sem Vítima;112;BR-101/ES;Norte;Atropelamento - Animal;1;0;0;0;0;0;;;;;1;0;0;0;0
13/05/2016;08:27:00;93;Acidente com vítima;263;BR-101/ES;Sul;Engavetamento;4;0;1;0;0;0;;;;;6;1;0;0;0
13/05/2016;14:04:00;191;Acidente sem Vítima;209;BR-101/ES;Sul;Engavetamento;3;0;0;0;0;0;;;;;9;0;0;0;0
13/05/2016;15:10:00;205;Acidente sem Vítima;269;BR-101/ES;Norte;Colisão Traseira;2;0;0;0;0;0;;;;;2;0;0;0;0
13/05/2016;16:17:00;232;Acidente com vítima;217;BR-101/ES;Norte;Queda de Moto;0;0;0;1;0;0;;;;;0;0;1;0;0
13/05/2016;16:24:00;237;Atropelamento sem Morte;397;BR-101/ES;Norte;Atropelamento;0;0;2;0;0;0;;;;;1;0;0;1;0
13/05/2016;20:02:00;285;Acidente com vítima;142;BR-101/ES;Norte;Queda de Moto;0;0;0;1;0;0;;;;;0;1;0;0;0
13/05/2016;17:41:00;256;Acidente sem Vítima;293;BR-101/ES;Norte - TRECHO CONTORNO;Colisão Traseira;2;0;0;0;0;0;;;;;2;0;0;0;0
13/05/2016;18:10:00;262;Acidente sem Vítima;293;BR-101/ES;Norte - TRECHO CONTORNO;Colisão Traseira;2;0;0;0;0;0;;;;;2;0;0;0;0
14/05/2016;09:57:00;115;Acidente com vítima;189;BR-101/ES;Sul;Colisão Frontal;0;0;0;2;0;0;;;;;0;2;0;0;0
14/05/2016;10:02:00;117;Acidente com vítima;61;BR-101/ES;Sul;Colisão Lateral;1;0;0;1;0;0;;;;;1;0;1;0;0
14/05/2016;12:22:00;161;Acidente sem Vítima;270;BR-101/ES;Norte;Colisão Transversal;2;0;0;0;0;0;;;;;2;0;0;0;0
14/05/2016;12:29:00;164;Acidente com vítima;377;BR-101/ES;Sul;Colisão Lateral;1;0;0;1;0;0;;;;;2;0;1;0;0
14/05/2016;16:50:00;222;Acidente com Morte;101;BR-101/ES;Sul;Colisão Transversal;0;0;1;1;0;0;;;;;1;0;0;0;2
14/05/2016;18:05:00;237;Acidente sem Vítima;86;BR-101/ES;Sul;Saída de Pista;1;0;0;0;0;0;;;;;1;0;0;0;0
14/05/2016;18:45:00;244;Acidente com vítima;264,8;BR-101/ES;Sul;Queda de Moto;0;0;0;1;0;0;;;;;0;1;0;0;0
14/05/2016;21:18:00;272;Acidente sem Vítima;264;BR-101/ES;Norte;Colisão Transversal;2;0;0;0;0;0;;;;;4;0;0;0;0
14/05/2016;22:21:00;288;Acidente sem Vítima;407;BR-101/ES;Norte;Saída de Pista;1;0;0;0;0;0;;;;;3;0;0;0;0
14/05/2016;23:48:00;316;Acidente sem Vítima;267;BR-101/ES;Sul;Queda de Moto;1;0;0;0;0;0;;;;;1;0;0;0;0
14/05/2016;10:26:00;122;Acidente sem Vítima;287;BR-101/ES;Sul - TRECHO CONTORNO;Colisão Traseira;2;0;0;0;0;0;;;;;4;0;0;0;0
14/05/2016;18:28:00;238;Acidente com vítima;285;BR-101/ES;Norte - TRECHO CONTORNO;Queda de Moto;0;0;0;1;0;0;;;;;0;2;0;0;0
15/05/2016;01:37:00;32;Acidente sem Vítima;400;BR-101/ES;Norte;Saída de Pista;1;0;0;0;0;0;;;;;1;0;0;0;0
15/05/2016;04:50:00;60;Acidente com vítima;122;BR-101/ES;Norte;Saída de Pista;1;0;0;0;0;0;;;;;0;1;1;0;0
15/05/2016;09:06:00;100;Acidente sem Vítima;270;BR-101/ES;Sul;Colisão Traseira;0;0;0;2;0;0;;;;;2;0;0;0;0
15/05/2016;11:01:00;137;Acidente com vítima;145;BR-101/ES;Norte;Colisão Traseira;1;0;0;1;0;0;;;;;1;1;0;0;0
15/05/2016;11:44:00;156;Acidente sem Vítima;298;BR-101/ES;Norte;Veículo em Chamas;0;0;3;0;0;0;;;;;1;0;0;0;0
15/05/2016;14:42:00;213;Acidente com vítima;135;BR-101/ES;Norte;Colisão Traseira;1;0;0;1;0;0;;;;;1;2;0;0;0
15/05/2016;17:01:00;242;Acidente sem Vítima;310;BR-101/ES;Norte;Colisão Transversal;3;0;0;0;0;0;;;;;3;0;0;0;0
15/05/2016;18:59:00;270;Acidente sem Vítima;255;BR-101/ES;Norte;Engavetamento;3;0;0;0;0;0;;;;;10;0;0;0;0
15/05/2016;19:35:00;281;Acidente com Morte;129;BR-101/ES;Sul;Saída de Pista;1;0;0;0;0;0;;;;;0;0;0;0;1
15/05/2016;20:37:00;293;Acidente com Morte;109;BR-101/ES;Sul;Colisão Frontal;2;0;0;0;0;0;;;;;0;0;0;3;3
15/05/2016;21:19:00;304;Atropelamento com Morte;125;BR-101/ES;Sul;Atropelamento e Fuga;0;1;1;0;0;0;;;;;0;0;0;0;1