data;horario;n_da_ocorrencia;tipo_de_ocorrencia;km;trecho;sentido;tipo_de_acidente;automovel;bicicleta;caminhao;moto;onibus;outros;tracao_animal;transporte_de_cargas_especiais;trator_maquinas;utilitarios;ilesos;levemente_feridos;moderadamente_feridos;gravemente_feridos;mortos
20/06/2016;20:44:00;337;Acidente sem Vítima;265;BR-101/ES;Sul;Colisão Traseira;1;0;1;0;0;0;;;;;2;0;0;0;0
20/06/2016;21:47:00;349;Acidente sem Vítima;298;BR-101/ES;Sul;Colisão Lateral;2;0;0;0;0;0;;;;;3;0;0;0;0
21/06/2016;00:49:00;16;Acidente com vítima;29;BR-101/ES;Sul;Tombamento;0;0;2;0;0;0;;;;;0;1;0;0;0
21/06/2016;05:40:00;59;Acidente sem Vítima;138;BR-101/ES;Norte;Colisão Traseira;1;0;1;0;0;0;;;;;3;0;0;0;0
21/06/2016;05:50:00;62;Acidente sem Vítima;435;BR-101/ES;Sul;Saída de Pista;1;0;0;0;0;0;;;;;1;0;0;0;0
21/06/2016;08:58:00;132;Acidente sem Vítima;63;BR-101/ES;Norte;Colisão Traseira;2;0;0;0;0;0;;;;;3;0;0;0;0
21/06/2016;10:31:00;165;Acidente com vítima;29;BR-101/ES;Norte;Queda de Moto;0;0;0;1;0;0;;;;;0;1;0;0;0
21/06/2016;19:29:00;304;Acidente com vítima;266;BR-101/ES;Norte;Colisão;0;1;0;1;0;0;;;;;0;0;2;0;0
21/06/2016;21:20:00;319;Acidente com Morte;292;BR-101/ES;Norte;Colisão Transversal;2;0;0;0;0;0;;;;;4;0;1;1;1
22/06/2016;06:08:00;67;Acidente com vítima;147;BR-101/ES;Sul;Queda de Moto;0;0;0;1;0;0;;;;;1;1;0;0;0
22/06/2016;08:37:00;105;Acidente sem Vítima;137;BR-101/ES;Sul;Colisão Traseira;2;0;0;0;0;0;;;;;3;0;0;0;0
22/06/2016;10:14:00;129;Acidente sem Vítima;262;BR-101/ES;Sul;Queda de Moto;0;0;0;1;0;0;;;;;1;0;0;0;0
22/06/2016;12:36:00;180;Acidente com vítima;189;BR-101/ES;Norte;Colisão Transversal;2;0;0;0;0;0;;;;;4;1;0;0;0
22/06/2016;13:43:00;212;Acidente com Morte;338;BR-101/ES;Sul;Saída de Pista;1;0;0;0;0;0;;;;;0;0;0;0;1
22/06/2016;17:43:00;267;Acidente com vítima;270;BR-101/ES;Sul;Colisão Traseira;1;0;0;1;0;0;;;;;1;0;1;0;0
22/06/2016;18:14:00;277;Acidente sem Vítima;948;BR-101/BA;Norte;Colisão Traseira;2;0;0;0;0;0;;;;;2;0;0;0;0
22/06/2016;18:58:00;283;Atropelamento sem Morte;200,8;BR-101/ES;Norte;Atropelamento;1;0;0;0;0;0;;;;;1;0;1;0;0
22/06/2016;19:20:00;288;Acidente com vítima;127;BR-101/ES;Norte;Queda de ciclista;0;1;0;0;0;0;;;;;0;1;0;0;0
22/06/2016;19:53:00;296;Acidente com vítima;148;BR-101/ES;Norte;Colisão Traseira;1;0;0;1;0;0;;;;;1;1;0;0;0
22/06/2016;21:35:00;310;Acidente com vítima;264;BR-101/ES;Sul;Queda de Moto;0;0;0;1;0;0;;;;;0;0;1;0;0
22/06/2016;08:07:00;93;Acidente sem Vítima;284;BR-101/ES;Norte;Saída de Pista;1;0;0;0;0;0;;;;;1;0;0;0;0
22/06/2016;10:39:00;135;Acidente sem Vítima;279,3;BR-101/ES;Sul;Saída de Pista;0;0;2;0;0;0;;;;;1;0;0;0;0
22/06/2016;13:03:00;198;Acidente sem Vítima;276;BR-101/ES;Sul;Saída de Pista;1;0;0;0;0;0;;;;;1;0;0;0;0
22/06/2016;14:00:00;216;Acidente sem Vítima;272;BR-101/ES;Sul;Choque com Objeto Fixo;1;0;0;0;0;0;;;;;1;0;0;0;0
22/06/2016;14:23:00;220;Acidente sem Vítima;289;BR-101/ES;Sul;Colisão Traseira;1;0;1;0;0;0;;;;;3;0;0;0;0
22/06/2016;15:40:00;238;Acidente sem Vítima;272;BR-101/ES;Sul;Saída de Pista;1;0;0;0;0;0;;;;;1;0;0;0;0
23/06/2016;06:59:00;75;Acidente com vítima;401,5;BR-101/ES;Sul;Queda de Moto;0;0;0;1;0;0;;;;;0;0;1;0;0
23/06/2016;11:40:00;189;Acidente sem Vítima;264;BR-101/ES;Norte;Colisão Transversal;2;0;1;0;0;0;;;;;4;0;0;0;0
23/06/2016;17:43:00;307;Acidente sem Vítima;269;BR-101/ES;Sul;Colisão Lateral;1;0;0;1;0;0;;;;;2;0;0;0;0
23/06/2016;19:23:00;327;Acidente com vítima;7;BR-101/ES;Sul;Tombamento;0;0;1;0;0;0;;;;;0;1;0;0;0
23/06/2016;20:02:00;335;Acidente sem Vítima;98;BR-101/ES;Sul;Colisão Traseira;1;0;0;0;0;1;;;;;3;0;0;0;0
23/06/2016;05:58:00;66;Acidente com vítima;283;BR-101/ES;Norte;Queda de Moto;0;0;0;1;0;0;;;;;1;1;0;0;0
23/06/2016;11:30:00;182;Acidente sem Vítima;295;BR-101/ES;Sul;Colisão Traseira;1;0;2;0;0;0;;;;;2;0;0;0;0
23/06/2016;16:23:00;281;Acidente com vítima;278;BR-101/ES;Sul;Queda de Moto;0;0;0;1;0;0;;;;;0;1;0;0;0
23/06/2016;18:13:00;311;Acidente sem Vítima;278;BR-101/ES;Sul;Choque com Objeto Fixo;0;0;1;0;0;0;;;;;2;0;0;0;0
24/06/2016;00:23:00;10;Acidente sem Vítima;451;BR-101/ES;Sul;Saída de Pista;1;0;0;0;0;0;;;;;1;0;0;0;0
24/06/2016;06:40:00;67;Acidente sem Vítima;351;BR-101/ES;Norte;Saída de Pista;1;0;0;0;0;0;;;;;1;0;0;0;0
24/06/2016;14:56:00;250;Acidente com vítima;244;BR-101/ES;Sul;Colisão Traseira;2;0;0;0;0;0;;;;;3;0;1;0;0
24/06/2016;15:56:00;269;Acidente sem Vítima;206;BR-101/ES;Sul;Colisão Traseira;2;0;0;0;0;0;;;;;6;0;0;0;0
24/06/2016;18:19:00;315;Acidente com vítima;65,3;BR-101/ES;Sul;Colisão Traseira;2;0;0;0;0;0;;;;;4;1;0;0;0
24/06/2016;19:22:00;322;Acidente sem Vítima;150;BR-101/ES;Sul;Colisão Traseira;2;0;0;0;0;0;;;;;3;0;0;0;0
24/06/2016;05:47:00;63;Acidente com vítima;273;BR-101/ES;Sul;Queda de Moto;0;0;0;1;0;0;;;;;0;1;0;0;0
25/06/2016;02:21:00;43;Acidente com vítima;449;BR-101/ES;Sul;Tombamento;0;0;1;0;0;0;;;;;0;1;0;0;0
25/06/2016;02:42:00;49;Acidente sem Vítima;264;BR-101/ES;Norte;Choque com Objeto Fixo;1;0;0;0;0;0;;;;;1;0;0;0;0
25/06/2016;03:20:00;57;Acidente com vítima;132;BR-101/ES;Norte;Colisão Traseira;0;0;0;2;0;0;;;;;1;0;1;1;0
25/06/2016;05:25:00;69;Acidente com Morte;298;BR-101/ES;Norte;Colisão Traseira;0;0;0;1;0;0;;;;;0;0;0;0;1
25/06/2016;09:06:00;109;Acidente sem Vítima;269;BR-101/ES;Sul;Colisão Traseira;2;0;0;0;0;0;;;;;2;0;0;0;0
25/06/2016;10:11:00;117;Acidente sem Vítima;263;BR-101/ES;Norte;Colisão Traseira;1;0;0;0;1;0;;;;;4;0;0;0;0
25/06/2016;10:14:00;119;Acidente sem Vítima;371;BR-101/ES;Sul;Colisão Traseira;0;0;0;1;0;0;;;;;1;0;0;0;0
25/06/2016;10:27:00;124;Acidente com vítima;14,1;BR-101/ES;Norte;Tombamento;0;0;2;0;0;0;;;;;0;1;0;0;0
25/06/2016;19:27:00;273;Acidente sem Vítima;209;BR-101/ES;Norte;Atropelamento - Animal;1;0;0;0;0;0;;;;;2;0;0;0;0
25/06/2016;20:35:00;288;Acidente com vítima;265;BR-101/ES;Sul;Colisão Transversal;0;0;0;2;0;0;;;;;0;1;0;1;0
25/06/2016;20:49:00;291;Acidente com Morte;176;BR-101/ES;Norte;Colisão Frontal;1;0;1;1;0;0;;;;;2;0;0;0;1
25/06/2016;20:58:00;292;Acidente com vítima;232;BR-101/ES;Norte;Queda de Moto;0;0;0;1;0;0;;;;;0;0;1;0;0
25/06/2016;22:50:00;317;Acidente sem Vítima;381;BR-101/ES;Norte;Colisão Traseira;2;0;0;0;0;0;;;;;2;0;0;0;0
25/06/2016;10:51:00;131;Acidente sem Vítima;284;BR-101/ES;Norte;Choque com Objeto Fixo;1;0;0;0;0;0;;;;;4;0;0;0;0
25/06/2016;12:32:00;167;Acidente sem Vítima;284;BR-101/ES;Norte;Choque com Objeto Fixo;1;0;0;0;0;0;;;;;4;0;0;0;0
25/06/2016;21:35:00;297;Acidente com vítima;296;BR-101/ES;Norte;Colisão Lateral;0;0;2;1;0;0;;;;;1;1;0;0;0
25/06/2016;22:43:00;316;Acidente com vítima;295,8;BR-101/ES;Sul;Colisão;1;1;0;0;0;0;;;;;1;0;1;0;0
25/06/2016;23:56:00;332;Acidente com vítima;278;BR-101/ES;Norte;Colisão Transversal;0;0;2;1;0;0;;;;;1;0;0;1;0
26/06/2016;03:51:00;50;Acidente com vítima;301;BR-101/ES;Sul;Colisão Transversal;1;0;1;0;0;0;;;;;1;0;1;1;0
26/06/2016;04:21:00;53;Acidente com vítima;952;BR-101/BA;Sul;Queda de Moto;0;0;0;1;0;0;;;;;0;1;0;0;0
26/06/2016;06:22:00;63;Acidente com vítima;384;BR-101/ES;Norte;Saída de Pista;1;0;0;0;0;0;;;;;3;1;0;0;0
26/06/2016;10:13:00;113;Acidente sem Vítima;262;BR-101/ES;Sul;Engavetamento;3;0;0;0;0;0;;;;;4;0;0;0;0
26/06/2016;13:59:00;191;Acidente com vítima;416,5;BR-101/ES;Norte;Saída de Pista;1;0;0;0;0;0;;;;;0;2;0;0;0
26/06/2016;17:56:00;261;Acidente sem Vítima;49;BR-101/ES;Sul;Saída de Pista;1;0;0;0;0;0;;;;;2;0;0;0;0
26/06/2016;19:00:00;273;Acidente com vítima;139;BR-101/ES;Sul;Colisão Transversal;1;0;4;0;0;0;;;;;1;0;1;1;0
26/06/2016;19:15:00;276;Acidente sem Vítima;263;BR-101/ES;Norte;Engavetamento;2;0;0;0;1;0;;;;;6;0;0;0;0
26/06/2016;19:45:00;282;Acidente com vítima;61;BR-101/ES;Norte;Colisão Traseira;2;0;0;0;0;0;;;;;3;2;0;0;0
26/06/2016;19:59:00;286;Acidente com vítima;69;BR-101/ES;Norte;Colisão Lateral;2;0;0;0;0;0;;;;;1;4;0;0;0
26/06/2016;20:16:00;289;Acidente com vítima;257;BR-101/ES;Norte;Colisão;0;1;0;1;0;0;;;;;1;0;1;0;0
27/06/2016;03:25:00;43;Acidente com vítima;370;BR-101/ES;Sul;Choque com Objeto Fixo;0;0;0;1;0;0;;;;;0;0;2;0;0
27/06/2016;03:36:00;45;Acidente sem Vítima;78;BR-101/ES;Norte;Saída de Pista;1;0;0;0;0;0;;;;;5;0;0;0;0
27/06/2016;07:46:00;94;Acidente com vítima;141;BR-101/ES;Norte;Colisão Traseira;0;0;2;1;0;0;;;;;1;0;0;1;0
27/06/2016;09:57:00;135;Acidente com vítima;128;BR-101/ES;Norte;Colisão Lateral;0;0;2;1;0;0;;;;;1;1;0;0;0
27/06/2016;11:23:00;170;Acidente sem Vítima;147;BR-101/ES;Norte;Colisão Traseira;0;0;5;0;0;0;;;;;2;0;0;0;0
27/06/2016;12:03:00;194;Acidente com vítima;148;BR-101/ES;Sul;Colisão Traseira;1;0;0;1;0;0;;;;;2;1;0;0;0
27/06/2016;13:25:00;220;Acidente sem Vítima;259;BR-101/ES;Sul;Colisão Traseira;2;0;0;0;0;0;;;;;2;0;0;0;0
27/06/2016;14:36:00;242;Acidente com Morte;318;BR-101/ES;Norte;Colisão Frontal;3;0;1;0;0;0;;;;;3;5;0;0;2
27/06/2016;17:41:00;285;Acidente com vítima;148;BR-101/ES;Norte;Colisão Lateral;0;1;0;1;0;0;;;;;1;1;0;0;0
27/06/2016;18:42:00;295;Acidente sem Vítima;401;BR-101/ES;Sul;Saída de Pista;0;0;1;0;0;0;;;;;1;0;0;0;0
27/06/2016;22:49:00;361;Acidente sem Vítima;303;BR-101/ES;Sul;Veículo em Chamas;1;0;0;0;0;0;;;;;1;0;0;0;0
27/06/2016;15:24:00;254;Acidente com vítima;289;BR-101/ES;Sul;Capotamento;1;0;0;0;0;0;;;;;2;0;1;0;0
28/06/2016;04:33:00;53;Acidente com Morte;386,6;BR-101/ES;Sul;Saída de Pista;0;0;1;0;0;1;;;;;0;0;0;0;1
28/06/2016;05:11:00;60;Acidente com vítima;217;BR-101/ES;Norte;Colisão Lateral;1;0;2;0;0;0;;;;;1;0;1;0;0
28/06/2016;06:46:00;73;Acidente sem Vítima;219;BR-101/ES;Sul;Engavetamento;3;0;0;0;0;0;;;;;3;0;0;0;0
28/06/2016;07:18:00;80;Acidente com vítima;434;BR-101/ES;Norte;Colisão Traseira;1;0;0;1;0;0;;;;;1;1;0;0;0
28/06/2016;10:19:00;135;Acidente com vítima;74;BR-101/ES;Sul;Saída de Pista;0;0;1;0;0;0;;;;;0;1;1;0;0
28/06/2016;11:08:00;157;Acidente sem Vítima;448;BR-101/ES;Sul;Tombamento;0;0;3;0;0;0;;;;;1;0;0;0;0
28/06/2016;12:09:00;183;Acidente com vítima;125;BR-101/ES;Sul;Queda de Moto;0;0;0;1;0;0;;;;;0;1;0;0;0
28/06/2016;12:36:00;199;Acidente sem Vítima;389;BR-101/ES;Sul;Queda de Moto;0;0;0;1;0;0;;;;;1;0;0;0;0
28/06/2016;12:48:00;210;Acidente sem Vítima;401;BR-101/ES;Sul;Colisão Lateral;1;0;1;0;0;0;;;;;3;0;0;0;0
28/06/2016;13:28:00;226;Acidente sem Vítima;399;BR-101/ES;Sul;Queda de Moto;0;0;0;1;0;0;;;;;1;0;0;0;0
28/06/2016;15:49:00;287;Acidente sem Vítima;213;BR-101/ES;Norte;Colisão Transversal;2;0;0;0;0;0;;;;;18;0;0;0;0
28/06/2016;18:36:00;334;Acidente com vítima;69;BR-101/ES;Sul;Colisão Lateral;1;0;0;1;0;0;;;;;1;1;0;0;0
28/06/2016;22:45:00;380;Acidente sem Vítima;18;BR-101/ES;Sul;Saída de Pista;0;0;1;0;0;0;;;;;1;0;0;0;0
28/06/2016;22:57:00;381;Acidente sem Vítima;293;BR-101/ES;Norte;Colisão Lateral;2;0;0;0;0;0;;;;;2;0;0;0;0
29/06/2016;07:28:00;106;Acidente com vítima;300;BR-101/ES;Norte;Queda de Moto;0;0;0;1;0;0;;;;;0;1;0;0;0
29/06/2016;10:01:00;144;Acidente com vítima;15;BR-101/ES;Sul;Colisão Transversal;1;0;2;0;0;0;;;;;3;1;0;0;0
29/06/2016;13:54:00;230;Acidente sem Vítima;302;BR-101/ES;Norte;Colisão Traseira;1;0;2;0;1;0;;;;;5;0;0;0;0
29/06/2016;15:28:00;252;Acidente sem Vítima;394,8;BR-101/ES;Norte;Queda de Moto;0;0;0;1;0;0;;;;;2;0;0;0;0
29/06/2016;15:38:00;255;Acidente sem Vítima;263;BR-101/ES;Sul;Colisão Traseira;1;0;1;0;0;0;;;;;3;0;0;0;0
29/06/2016;18:01:00;272;Acidente com vítima;131;BR-101/ES;Norte;Queda de Moto;0;0;0;1;0;0;;;;;0;0;0;1;0
29/06/2016;19:09:00;281;Acidente sem Vítima;131;BR-101/ES;Sul;Colisão Traseira;2;0;0;0;0;0;;;;;2;0;0;0;0
29/06/2016;20:56:00;297;Acidente com vítima;238;BR-101/ES;Sul;Tombamento;0;0;3;0;0;0;;;;;0;1;0;0;0
29/06/2016;08:09:00;113;Acidente com vítima;277;BR-101/ES;Sul;Capotamento;1;0;0;0;0;0;;;;;0;0;1;0;0
29/06/2016;10:47:00;166;Acidente sem Vítima;294;BR-101/ES;Sul;Choque com Objeto Fixo;1;0;0;0;0;0;;;;;3;0;0;0;0
29/06/2016;18:25:00;274;Acidente sem Vítima;294;BR-101/ES;Norte;Colisão Transversal;1;0;0;1;0;0;;;;;3;0;0;0;0
30/06/2016;06:45:00;67;Acidente com vítima;268;BR-101/ES;Sul;Queda de Moto;0;0;0;1;0;0;;;;;0;0;1;0;0
30/06/2016;07:14:00;70;Acidente com vítima;84;BR-101/ES;Norte;Queda de Moto;0;0;0;1;0;0;;;;;0;1;1;0;0
30/06/2016;10:07:00;133;Acidente com vítima;268;BR-101/ES;Norte;Colisão Traseira;0;0;1;1;0;0;;;;;1;0;0;1;0
30/06/2016;11:48:00;164;Acidente sem Vítima;265;BR-101/ES;Sul;Colisão Traseira;2;0;0;0;0;0;;;;;5;0;0;0;0
30/06/2016;12:47:00;187;Atropelamento sem Morte;264;BR-101/ES;Sul;Atropelamento;0;0;0;1;0;0;;;;;0;0;2;0;0
30/06/2016;14:01:00;207;Acidente com vítima;299;BR-101/ES;Sul;Colisão Lateral;0;0;2;1;0;0;;;;;1;1;0;0;0
30/06/2016;17:26:00;269;Acidente sem Vítima;149;BR-101/ES;Sul;Colisão Lateral;1;0;0;0;1;0;;;;;3;0;0;0;0
30/06/2016;21:09:00;313;Acidente sem Vítima;147;BR-101/ES;Norte;Colisão Transversal;1;0;1;0;0;0;;;;;2;0;0;0;0
30/06/2016;21:32:00;319;Acidente com vítima;259;BR-101/ES;Sul;Colisão Lateral;1;0;0;1;0;0;;;;;1;0;1;0;0
30/06/2016;22:57:00;335;Acidente sem Vítima;332;BR-101/ES;Norte;Saída de Pista;1;0;0;0;0;0;;;;;1;0;0;0;0
01/07/2016;02:49:00;35;Acidente sem Vítima;426,5;BR-101/ES;Sul;Saída de Pista;1;0;0;0;0;0;;;;;1;0;0;0;0
01/07/2016;06:04:00;61;Acidente com vítima;300;BR-101/ES;Norte;Colisão Traseira;1;0;0;0;1;0;;;;;1;0;1;0;0
01/07/2016;06:45:00;67;Acidente sem Vítima;368;BR-101/ES;Sul;Choque com Objeto Fixo;1;0;0;0;0;0;;;;;1;0;0;0;0
01/07/2016;09:00:00;117;Acidente sem Vítima;270;BR-101/ES;Sul;Choque com Objeto Fixo;1;0;0;0;0;0;;;;;1;0;0;0;0
01/07/2016;13:11:00;212;Acidente sem Vítima;320;BR-101/ES;Norte;Choque;0;0;1;0;0;0;;;;;2;0;0;0;0
01/07/2016;14:25:00;233;Acidente com vítima;265;BR-101/ES;Sul;Colisão Traseira;0;0;1;1;0;0;;;;;1;0;1;0;0
01/07/2016;15:28:00;255;Acidente sem Vítima;402;BR-101/ES;Sul;Saída de Pista;1;0;0;0;0;0;;;;;1;0;0;0;0
01/07/2016;17:34:00;300;Acidente sem Vítima;264;BR-101/ES;Norte;Colisão Traseira;2;0;0;0;0;0;;;;;2;0;0;0;0
01/07/2016;00:40:00;11;Acidente sem Vítima - TRECHO CONTORNO;287;BR-101/ES;Sul;Choque com Objeto Fixo;1;0;0;0;0;0;;;;;1;0;0;0;0
01/07/2016;13:24:00;213;Acidente sem Vítima - TRECHO CONTORNO;271;BR-101/ES;Sul;Choque;1;0;0;0;0;0;;;;;1;0;0;0;0
02/07/2016;06:39:00;88;Acidente sem Vítima;352;BR-101/ES;Norte;Choque;2;0;0;0;0;0;;;;;6;0;0;0;0
02/07/2016;08:30:00;117;Acidente sem Vítima;321;BR-101/ES;Sul;Colisão Transversal;2;0;0;0;0;0;;;;;3;0;0;0;0
02/07/2016;09:21:00;130;Acidente sem Vítima;76;BR-101/ES;Norte;Colisão Traseira;1;0;1;0;0;0;;;;;4;0;0;0;0
02/07/2016;10:41:00;152;Acidente com vítima;376;BR-101/ES;Sul;Queda de Moto;0;0;0;1;0;0;;;;;1;1;1;0;0
02/07/2016;13:34:00;221;Acidente sem Vítima;210;BR-101/ES;Norte;Colisão Traseira;2;0;0;0;0;0;;;;;3;0;0;0;0
02/07/2016;14:07:00;233;Acidente sem Vítima;255;BR-101/ES;Norte;Colisão Traseira;1;0;1;0;0;0;;;;;2;0;0;0;0
02/07/2016;15:50:00;274;Acidente sem Vítima;73;BR-101/ES;Norte;Colisão Traseira;1;0;1;0;0;0;;;;;5;0;0;0;0
02/07/2016;16:01:00;278;Acidente sem Vítima;125;BR-101/ES;Norte;Colisão Traseira;2;0;0;0;0;0;;;;;5;0;0;0;0
02/07/2016;16:42:00;288;Acidente com vítima;140;BR-101/ES;Sul;Colisão Lateral;1;0;0;1;0;0;;;;;2;1;0;0;0
02/07/2016;18:05:00;308;Acidente com vítima;70;BR-101/ES;Norte;Colisão Transversal;0;0;0;2;0;0;;;;;0;0;1;1;0
02/07/2016;18:32:00;313;Atropelamento sem Morte;265,8;BR-101/ES;Sul;Atropelamento e Fuga;1;0;0;0;0;0;;;;;0;0;1;0;0
02/07/2016;18:51:00;316;Acidente com vítima;74,4;BR-101/ES;Norte;Colisão Frontal;2;0;0;0;0;0;;;;;0;0;4;2;0
02/07/2016;10:45:00;153;Acidente sem Vítima - TRECHO CONTORNO;275;BR-101/ES;Norte;Veículo em Chamas;1;0;0;0;0;0;;;;;1;0;0;0;0
02/07/2016;15:10:00;255;Acidente com Vítima - TRECHO CONTORNO;292,5;BR-101/ES;Sul;Colisão Traseira;0;0;1;1;0;0;;;;;1;0;1;0;0
02/07/2016;16:37:00;286;Acidente sem Vítima - TRECHO CONTORNO;293;BR-101/ES;Sul;Colisão Traseira;1;0;1;0;0;0;;;;;4;0;0;0;0
03/07/2016;00:38:00;7;Acidente com vítima;255;BR-101/ES;Sul;Queda de Moto;0;0;0;1;0;0;;;;;0;0;1;0;0
03/07/2016;02:24:00;46;Acidente sem Vítima;247;BR-101/ES;Norte;Atropelamento - Animal;1;0;0;0;0;0;;;;;2;0;0;0;0
03/07/2016;03:13:00;53;Acidente sem Vítima;263;BR-101/ES;Sul;Choque com Objeto Fixo;1;0;0;0;0;0;;;;;1;0;0;0;0
03/07/2016;19:34:00;295;Acidente sem Vítima;111,5;BR-101/ES;Sul;Colisão Traseira;2;0;0;0;0;0;;;;;2;0;0;0;0
03/07/2016;19:40:00;299;Acidente sem Vítima;246;BR-101/ES;Sul;Colisão Traseira;4;0;0;0;0;0;;;;;8;0;0;0;0
03/07/2016;20:47:00;311;Acidente sem Vítima;246;BR-101/ES;Sul;Engavetamento;3;0;0;0;0;0;;;;;10;0;0;0;0
03/07/2016;22:05:00;324;Acidente com vítima;70;BR-101/ES;Sul;Colisão Traseira;0;0;3;1;0;0;;;;;1;0;0;1;0
03/07/2016;01:25:00;27;Atropelamento sem Morte - TRECHO CONTORNO;296;BR-101/ES;Sul;Atropelamento e Fuga;0;0;0;1;0;0;;;;;0;1;0;0;0
04/07/2016;07:49:00;84;Acidente com vítima;269;BR-101/ES;Sul;Colisão Traseira;1;0;0;1;0;0;;;;;1;0;1;0;0
04/07/2016;10:10:00;124;Acidente sem Vítima;147;BR-101/ES;Sul;Engavetamento;3;0;0;0;0;0;;;;;7;0;0;0;0
04/07/2016;16:52:00;275;Acidente sem Vítima - TRECHO CONTORNO;293;BR-101/ES;Norte;Colisão Traseira;3;0;0;0;0;0;;;;;6;0;0;0;0
05/07/2016;06:48:00;63;Acidente com vítima;74;BR-101/ES;Norte;Queda de Moto;0;0;0;1;0;0;;;;;0;0;2;0;0
05/07/2016;07:28:00;81;Acidente sem Vítima;164;BR-101/ES;Sul;Colisão Transversal;3;0;0;0;0;0;;;;;4;0;0;0;0
05/07/2016;08:36:00;107;Acidente com vítima;263;BR-101/ES;Norte;Queda de ciclista;0;1;0;0;0;0;;;;;0;1;0;0;0
05/07/2016;08:37:00;108;Acidente sem Vítima;162;BR-101/ES;Norte;Colisão Transversal;2;0;0;0;0;0;;;;;2;0;0;0;0
05/07/2016;09:04:00;112;Acidente com vítima;149;BR-101/ES;Sul;Colisão Transversal;1;0;0;1;0;0;;;;;4;0;1;0;0
05/07/2016;10:17:00;130;Acidente sem Vítima;301;BR-101/ES;Norte;Colisão Lateral;1;0;2;0;0;0;;;;;4;0;0;0;0
05/07/2016;12:33:00;187;Acidente sem Vítima;137;BR-101/ES;Sul;Colisão Traseira;2;0;0;0;0;0;;;;;3;0;0;0;0
05/07/2016;13:56:00;226;Acidente sem Vítima;267;BR-101/ES;Sul;Colisão Traseira;2;0;0;0;0;0;;;;;7;0;0;0;0
05/07/2016;14:30:00;238;Acidente sem Vítima;85;BR-101/ES;Sul;Colisão Traseira;0;0;4;0;0;0;;;;;2;0;0;0;0
05/07/2016;15:49:00;272;Acidente sem Vítima;299,5;BR-101/ES;Sul;Colisão Traseira;2;0;0;0;0;0;;;;;2;0;0;0;0
05/07/2016;18:45:00;323;Acidente com vítima;146;BR-101/ES;Sul;Colisão Transversal;1;0;0;1;0;0;;;;;1;1;0;0;0
05/07/2016;18:55:00;327;Acidente com vítima;445;BR-101/ES;Norte;Colisão Lateral;1;0;0;1;0;0;;;;;1;0;1;0;0
05/07/2016;20:33:00;351;Acidente sem Vítima;266;BR-101/ES;Sul;Colisão Traseira;2;0;0;0;0;0;;;;;2;0;0;0;0
05/07/2016;21:48:00;368;Acidente com vítima;135;BR-101/ES;Norte;Colisão Transversal;1;0;2;0;0;0;;;;;1;0;1;0;0
05/07/2016;08:24:00;104;Acidente sem Vítima - TRECHO CONTORNO;295;BR-101/ES;Norte;Colisão Traseira;1;0;0;0;1;0;;;;;3;0;0;0;0
05/07/2016;14:32:00;241;Acidente sem Vítima - TRECHO CONTORNO;272;BR-101/ES;Norte;Colisão Traseira;1;0;1;0;0;0;;;;;2;0;0;0;0
06/07/2016;07:35:00;99;Acidente sem Vítima;297,6;BR-101/ES;Sul;Colisão Traseira;1;0;2;0;0;0;;;;;2;0;0;0;0
06/07/2016;08:29:00;127;Acidente sem Vítima;298;BR-101/ES;Norte;Colisão Traseira;1;0;0;1;0;0;;;;;2;0;0;0;0
06/07/2016;09:22:00;138;Acidente sem Vítima;145;BR-101/ES;Norte;Colisão Traseira;0;0;3;0;0;0;;;;;2;0;0;0;0
06/07/2016;09:23:00;139;Acidente com vítima;149;BR-101/ES;Norte;Colisão Traseira;1;0;0;1;0;0;;;;;1;0;1;0;0
06/07/2016;10:38:00;170;Acidente sem Vítima;117;BR-101/ES;Norte;Saída de Pista;1;0;0;0;0;0;;;;;3;0;0;0;0
06/07/2016;11:52:00;205;Acidente sem Vítima;16;BR-101/ES;Sul;Colisão Traseira;2;0;0;0;0;0;;;;;3;0;0;0;0
06/07/2016;12:50:00;236;Acidente sem Vítima;406;BR-101/ES;Norte;Colisão Traseira;2;0;0;0;0;0;;;;;7;0;0;0;0
06/07/2016;13:24:00;245;Acidente sem Vítima;265;BR-101/ES;Sul;Colisão Traseira;2;0;0;0;0;0;;;;;3;0;0;0;0
06/07/2016;14:47:00;273;Acidente com vítima;146;BR-101/ES;Sul;Colisão Traseira;1;0;0;1;0;0;;;;;2;1;0;0;0
06/07/2016;15:11:00;282;Acidente sem Vítima;398;BR-101/ES;Sul;Colisão Traseira;2;0;0;0;0;0;;;;;3;0;0;0;0
06/07/2016;16:31:00;309;Acidente sem Vítima;241;BR-101/ES;Sul;Engavetamento;3;0;0;0;0;0;;;;;6;0;0;0;0
06/07/2016;17:54:00;342;Acidente com vítima;939;BR-101/BA;Norte;Atropelamento - Equino;1;0;0;0;0;0;;;;;0;0;0;1;0
06/07/2016;18:36:00;349;Acidente com vítima;127;BR-101/ES;Norte;Queda de ciclista;0;1;0;0;0;0;;;;;0;1;0;0;0
07/07/2016;02:11:00;34;Acidente sem Vítima;369;BR-101/ES;Sul;Atropelamento - Bovino;0;0;2;0;0;0;;;;;2;0;0;0;0
07/07/2016;04:31:00;54;Atropelamento com Morte;92;BR-101/ES;Sul;Atropelamento e Fuga;0;0;0;0;0;1;;;;;0;0;0;0;1