data;horario;n_da_ocorrencia;tipo_de_ocorrencia;km;trecho;sentido;tipo_de_acidente;automovel;bicicleta;caminhao;moto;onibus;outros;tracao_animal;transporte_de_cargas_especiais;trator_maquinas;utilitarios;ilesos;levemente_feridos;moderadamente_feridos;gravemente_feridos;mortos
10/08/2016;10:05:00;146;Acidente sem vítima - TRECHO CONTORNO;292;BR-101/ES;Norte;Colisão Traseira;1;0;2;0;0;0;;;;;3;0;0;0;0
10/08/2016;15:48:00;291;Acidente com vítima - TRECHO CONTORNO;280;BR-101/ES;Norte;Colisão Traseira;2;0;0;0;0;0;;;;;2;0;1;0;0
10/08/2016;18:58:00;343;Acidente com vítima - TRECHO CONTORNO;278;BR-101/ES;Sul;Colisão Traseira;1;0;0;1;0;0;;;;;3;1;0;0;0
11/08/2016;12:11:00;211;Acidente com vítima;270;BR-101/ES;Sul;Queda de Moto;0;0;0;1;0;0;;;;;0;1;0;0;0
11/08/2016;14:16:00;254;Acidente com vítima;458;BR-101/ES;Norte;Capotamento;1;0;0;0;0;0;;;;;1;4;0;0;0
11/08/2016;15:29:00;270;Acidente sem vítima;395;BR-101/ES;Sul;Choque;1;0;0;0;0;0;;;;;1;0;0;0;0
11/08/2016;16:33:00;285;Acidente sem vítima;399;BR-101/ES;Sul;Colisão Traseira;1;0;1;0;0;0;;;;;2;0;0;0;0
11/08/2016;16:47:00;290;Acidente sem vítima;22;BR-101/ES;Sul;Saída de Pista;0;0;2;0;0;0;;;;;1;0;0;0;0
11/08/2016;19:27:00;319;Acidente com vítima;61;BR-101/ES;Norte;Colisão Transversal;1;0;0;1;0;0;;;;;0;0;1;0;0
11/08/2016;23:33:00;374;Acidente sem vítima;266;BR-101/ES;Norte;Choque com Objeto Fixo;1;0;1;0;0;0;;;;;2;0;0;0;0
11/08/2016;04:46:00;57;Acidente sem vítima - TRECHO CONTORNO;295;BR-101/ES;Sul;Choque com Objeto Fixo;1;0;0;0;0;0;;;;;1;0;0;0;0
11/08/2016;11:49:00;203;Acidente sem vítima - TRECHO CONTORNO;279,8;BR-101/ES;Sul;Colisão Lateral;1;0;1;0;0;0;;;;;2;0;0;0;0
11/08/2016;13:06:00;231;Acidente com morte - TRECHO CONTORNO;289;BR-101/ES;Sul;Colisão Transversal;1;0;1;0;0;0;;;;;1;0;0;1;1
12/08/2016;09:14:00;109;Acidente sem vítima;52;BR-101/ES;Sul;Choque;1;0;0;0;0;0;;;;;1;0;0;0;0
12/08/2016;14:58:00;263;Acidente sem vítima;213;BR-101/ES;Norte;Veículo em Chamas;1;0;0;0;0;0;;;;;1;0;0;0;0
12/08/2016;18:52:00;329;Acidente sem vítima;265;BR-101/ES;Norte;Colisão Traseira;2;0;0;0;0;0;;;;;2;0;0;0;0
12/08/2016;18:55:00;331;Acidente com vítima;265;BR-101/ES;Norte;Queda de Moto;0;0;0;1;0;0;;;;;0;0;1;0;0
12/08/2016;20:28:00;348;Acidente sem vítima;32;BR-101/ES;Norte;Saída de Pista;0;0;1;0;0;0;;;;;1;0;0;0;0
12/08/2016;21:28:00;364;Acidente sem vítima;391;BR-101/ES;Norte;Saída de Pista;1;0;0;0;0;0;;;;;3;0;0;0;0
12/08/2016;21:49:00;365;Acidente sem vítima;26;BR-101/ES;Sul;Atropelamento Animal;1;0;0;0;0;0;;;;;2;0;0;0;0
12/08/2016;23:26:00;390;Acidente sem vítima;374;BR-101/ES;Sul;Saída de Pista;1;0;0;0;0;0;;;;;2;0;0;0;0
12/08/2016;23:59:00;402;Acidente sem vítima;257;BR-101/ES;Norte;Saída de Pista;1;0;0;0;0;0;;;;;1;0;0;0;0
12/08/2016;12:37:00;204;Acidente sem vítima - TRECHO CONTORNO;277;BR-101/ES;Sul;Colisão Traseira;1;0;2;0;0;0;;;;;3;0;0;0;0
12/08/2016;17:10:00;310;Acidente sem vítima - TRECHO CONTORNO;286;BR-101/ES;Sul;Colisão Traseira;2;0;0;0;0;0;;;;;2;0;0;0;0
12/08/2016;18:20:00;319;Acidente sem vítima - TRECHO CONTORNO;288;BR-101/ES;Sul;Saída de Pista;1;0;0;0;0;0;;;;;2;0;0;0;0
13/08/2016;04:05:00;36;Acidente sem vítima;128;BR-101/ES;Norte;Queda de Moto;0;0;0;1;0;0;;;;;1;0;0;0;0
13/08/2016;04:10:00;38;Acidente sem vítima;300;BR-101/ES;Norte;Queda de Moto;0;0;0;1;0;0;;;;;1;0;0;0;0
13/08/2016;08:07:00;85;Acidente com vítima;267;BR-101/ES;Norte;Colisão Transversal;1;0;0;1;0;0;;;;;4;1;0;0;0
13/08/2016;10:08:00;123;Acidente sem vítima;149;BR-101/ES;Sul;Colisão Traseira;2;0;0;0;0;0;;;;;8;0;0;0;0
13/08/2016;14:22:00;243;Acidente sem vítima;391,5;BR-101/ES;Norte;Choque com Objeto Fixo;1;0;0;0;0;0;;;;;1;0;0;0;0
13/08/2016;15:15:00;263;Acidente com vítima;265;BR-101/ES;Norte;Colisão Traseira;1;0;0;1;0;0;;;;;1;0;1;0;0
13/08/2016;19:31:00;327;Acidente com vítima;269;BR-101/ES;Sul;Colisão Traseira;2;0;0;0;0;0;;;;;4;0;1;0;0
13/08/2016;20:35:00;340;Acidente com vítima;160;BR-101/ES;Sul;Colisão Transversal;1;0;4;0;0;0;;;;;1;2;0;0;0
13/08/2016;20:51:00;342;Acidente sem vítima;65;BR-101/ES;Norte;Choque com Objeto Fixo;1;0;0;0;0;0;;;;;1;0;0;0;0
13/08/2016;21:52:00;346;Acidente sem vítima;26;BR-101/ES;Sul;Queda de ciclista;0;1;0;0;0;0;;;;;1;0;0;0;0
13/08/2016;21:57:00;347;Acidente sem vítima;76;BR-101/ES;Norte;Veículo em Chamas;1;0;0;0;0;0;;;;;1;0;0;0;0
13/08/2016;11:47:00;181;Acidente com vítima - TRECHO CONTORNO;288;BR-101/ES;Norte;Queda de Moto;0;0;0;1;0;0;;;;;0;2;0;0;0
14/08/2016;06:12:00;53;Acidente sem vítima;130;BR-101/ES;Sul;Saída de Pista;2;0;0;0;0;0;;;;;2;0;0;0;0
14/08/2016;08:52:00;80;Acidente com vítima;304;BR-101/ES;Sul;Saída de Pista;1;0;0;0;0;0;;;;;2;1;0;0;0
14/08/2016;09:06:00;82;Acidente sem vítima;301;BR-101/ES;Sul;Colisão Lateral;1;0;0;1;0;0;;;;;2;0;0;0;0
14/08/2016;09:26:00;87;Acidente sem vítima;68;BR-101/ES;Sul;Colisão Traseira;2;0;0;0;0;0;;;;;4;0;0;0;0
14/08/2016;12:06:00;152;Acidente sem vítima;298;BR-101/ES;Norte;Engavetamento;3;0;0;0;0;0;;;;;6;0;0;0;0
14/08/2016;12:27:00;158;Acidente sem vítima;225;BR-101/ES;Sul;Queda de Moto;0;0;0;1;0;0;;;;;1;0;0;0;0
14/08/2016;13:06:00;180;Acidente com vítima;215;BR-101/ES;Sul;Saída de Pista;1;0;0;0;0;0;;;;;2;0;1;0;0
14/08/2016;14:41:00;217;Acidente com vítima;144;BR-101/ES;Norte;Queda de Moto;0;0;0;1;0;0;;;;;0;2;0;0;0
14/08/2016;16:07:00;243;Acidente sem vítima;254;BR-101/ES;Sul;Colisão Traseira;2;0;0;0;0;0;;;;;5;0;0;0;0
14/08/2016;16:33:00;251;Acidente sem vítima;301;BR-101/ES;Norte;Colisão Traseira;2;0;0;0;0;0;;;;;8;0;0;0;0
14/08/2016;18:08:00;283;Acidente sem vítima;125;BR-101/ES;Sul;Saída de Pista;1;0;0;0;0;0;;;;;1;0;0;0;0
14/08/2016;18:53:00;295;Acidente sem vítima;375;BR-101/ES;Norte;Queda de Moto;0;0;0;1;0;0;;;;;2;0;0;0;0
14/08/2016;19:39:00;304;Acidente sem vítima;270;BR-101/ES;Sul;Engavetamento;4;0;0;0;0;0;;;;;4;0;0;0;0
14/08/2016;12:42:00;172;Acidente com vítima - TRECHO CONTORNO;296;BR-101/ES;Sul;Colisão Traseira;1;0;0;1;0;0;;;;;1;0;1;0;0
14/08/2016;19:44:00;305;Acidente sem vítima - TRECHO CONTORNO;296;BR-101/ES;Sul;Colisão Traseira;2;0;0;0;0;0;;;;;2;0;0;0;0
15/08/2016;09:18:00;103;Acidente sem vítima;452;BR-101/ES;Sul;Veículo em Chamas;0;0;2;0;0;0;;;;;1;0;0;0;0
15/08/2016;10:57:00;149;Acidente sem vítima;230;BR-101/ES;Norte;Colisão Lateral;1;0;1;0;0;0;;;;;3;0;0;0;0
15/08/2016;12:16:00;186;Acidente sem vítima;270;BR-101/ES;Norte;Colisão Traseira;2;0;0;0;0;0;;;;;2;0;0;0;0
15/08/2016;13:18:00;218;Acidente sem vítima;264,5;BR-101/ES;Norte;Colisão Lateral;1;0;3;0;0;0;;;;;3;0;0;0;0
15/08/2016;16:00:00;266;Acidente sem vítima;335;BR-101/ES;Norte;Colisão Traseira;1;0;1;0;0;0;;;;;3;0;0;0;0
15/08/2016;17:23:00;292;Acidente com vítima;266;BR-101/ES;Sul;Colisão Lateral;1;0;0;1;0;0;;;;;0;0;1;0;0
15/08/2016;17:42:00;300;Acidente com morte;244;BR-101/ES;Norte;Colisão Frontal;0;0;2;1;0;0;;;;;1;0;1;0;1
15/08/2016;20:59:00;349;Acidente com vítima;214;BR-101/ES;Norte;Colisão Traseira;0;0;3;0;0;0;;;;;1;0;1;0;0
15/08/2016;10:17:00;128;Acidente sem vítima - TRECHO CONTORNO;281;BR-101/ES;Sul;Veículo em Chamas;1;0;0;0;0;0;;;;;2;0;0;0;0
15/08/2016;13:21:00;219;Acidente com vítima - TRECHO CONTORNO;295,5;BR-101/ES;Sul;Colisão Traseira;0;0;1;1;0;0;;;;;1;0;2;0;0
16/08/2016;07:34:00;80;Acidente sem vítima;302;BR-101/ES;Sul;Colisão Traseira;2;0;0;0;0;0;;;;;2;0;0;0;0
16/08/2016;07:41:00;84;Acidente sem vítima;338;BR-101/ES;Norte;Saída de Pista;1;0;0;0;0;0;;;;;2;0;0;0;0
16/08/2016;07:50:00;92;Acidente sem vítima;268,8;BR-101/ES;Norte;Colisão Traseira;2;0;0;0;0;0;;;;;3;0;0;0;0
16/08/2016;10:20:00;154;Acidente sem vítima;270;BR-101/ES;Norte;Colisão Lateral;1;0;3;0;0;0;;;;;2;0;0;0;0
16/08/2016;12:33:00;214;Acidente com vítima;125;BR-101/ES;Norte;Colisão;0;1;1;0;0;0;;;;;1;1;0;0;0
16/08/2016;13:09:00;235;Acidente sem vítima;144;BR-101/ES;Norte;Colisão Traseira;1;0;1;0;0;0;;;;;3;0;0;0;0
16/08/2016;14:43:00;278;Acidente sem vítima;149;BR-101/ES;Norte;Colisão Lateral;1;0;1;0;0;0;;;;;3;0;0;0;0
16/08/2016;16:05:00;305;Acidente sem vítima;196;BR-101/ES;Norte;Engavetamento;3;0;0;0;0;0;;;;;6;0;0;0;0
16/08/2016;18:42:00;359;Acidente sem vítima;195;BR-101/ES;Norte;Atropelamento de Bovino;1;0;0;0;0;0;;;;;4;0;0;0;0
16/08/2016;20:12:00;376;Acidente sem vítima;246;BR-101/ES;Norte;Colisão Traseira;0;0;3;0;0;0;;;;;3;0;0;0;0
16/08/2016;09:35:00;131;Acidente com vítima - TRECHO CONTORNO;271;BR-101/ES;Norte;Colisão Transversal;2;0;0;0;0;0;;;;;3;0;1;0;0
16/08/2016;10:06:00;146;Acidente sem vítima - TRECHO CONTORNO;293;BR-101/ES;Sul;Choque com Objeto Fixo;0;0;1;0;0;0;;;;;1;0;0;0;0
16/08/2016;13:13:00;237;Acidente com vítima - TRECHO CONTORNO;285;BR-101/ES;Sul;Queda de Moto;0;0;0;1;0;0;;;;;0;0;1;0;0
17/08/2016;05:53:00;51;Acidente com vítima;143;BR-101/ES;Norte;Colisão Traseira;0;0;0;1;1;0;;;;;1;0;0;1;0
17/08/2016;07:27:00;82;Acidente sem vítima;266;BR-101/ES;Sul;Colisão Traseira;2;0;0;0;0;0;;;;;3;0;0;0;0
17/08/2016;07:51:00;88;Acidente com vítima;267,9;BR-101/ES;Norte;Colisão Lateral;0;0;2;1;0;0;;;;;1;0;1;0;0
17/08/2016;09:52:00;134;Acidente sem vítima;446;BR-101/ES;Norte;Colisão Lateral;1;0;3;0;0;0;;;;;4;0;0;0;0
17/08/2016;12:19:00;187;Acidente sem vítima;266;BR-101/ES;Sul;Colisão Traseira;2;0;0;0;0;0;;;;;2;0;0;0;0
17/08/2016;13:33:00;213;Acidente sem vítima;441;BR-101/ES;Sul;Saída de Pista;1;0;0;0;0;0;;;;;1;0;0;0;0
17/08/2016;20:01:00;304;Acidente com vítima;153;BR-101/ES;Sul;Colisão;0;1;0;1;0;0;;;;;0;2;0;0;0
17/08/2016;22:00:00;324;Atropelamento sem morte;298;BR-101/ES;Sul;Atropelamento;1;0;0;0;0;0;;;;;2;0;1;0;0
17/08/2016;17:57:00;280;Acidente sem vítima - TRECHO CONTORNO;295;BR-101/ES;Sul;Colisão Lateral;1;0;2;0;0;0;;;;;2;0;0;0;0
18/08/2016;02:49:00;35;Acidente com vítima;403;BR-101/ES;Norte;Saída de Pista;1;0;0;0;0;0;;;;;1;3;0;0;0
18/08/2016;07:05:00;70;Acidente com vítima;184,5;BR-101/ES;Norte;Capotamento;1;0;0;0;0;0;;;;;0;1;0;0;0
18/08/2016;07:12:00;76;Acidente com vítima;265;BR-101/ES;Norte;Engavetamento;1;0;0;2;0;0;;;;;2;0;1;0;0
18/08/2016;08:57:00;109;Acidente com vítima;148;BR-101/ES;Sul;Colisão Transversal;1;0;0;1;0;0;;;;;1;2;0;0;0
18/08/2016;10:09:00;132;Acidente com vítima;143,5;BR-101/ES;Norte;Colisão Transversal;0;0;1;1;0;0;;;;;1;0;0;2;0
18/08/2016;10:26:00;137;Acidente sem vítima;307;BR-101/ES;Norte;Saída de Pista;1;0;0;0;0;0;;;;;1;0;0;0;0
18/08/2016;14:42:00;247;Acidente sem vítima;146;BR-101/ES;Norte;Colisão Traseira;2;0;0;0;0;0;;;;;3;0;0;0;0
18/08/2016;19:06:00;314;Acidente com vítima;299;BR-101/ES;Norte;Colisão Lateral;1;0;0;1;0;0;;;;;1;0;2;0;0
18/08/2016;19:44:00;318;Acidente com vítima;18;BR-101/ES;Norte;Queda de Moto;0;0;0;1;0;0;;;;;0;0;1;0;0
19/08/2016;05:48:00;55;Acidente sem vítima;297,6;BR-101/ES;Sul;Colisão Traseira;2;0;0;0;0;0;;;;;2;0;0;0;0
19/08/2016;08:24:00;111;Acidente sem vítima;298;BR-101/ES;Sul;Engavetamento;3;0;0;0;0;0;;;;;7;0;0;0;0
19/08/2016;08:46:00;116;Acidente sem vítima;458,8;BR-101/ES;Norte;Tombamento;0;0;1;0;0;0;;;;;1;0;0;0;0
19/08/2016;08:53:00;119;Acidente sem vítima;99,5;BR-101/ES;Sul;Colisão Traseira;2;0;0;0;0;0;;;;;6;0;0;0;0
19/08/2016;11:03:00;167;Acidente sem vítima;377;BR-101/ES;Norte;Colisão Traseira;1;0;1;0;0;0;;;;;4;0;0;0;0
19/08/2016;14:51:00;268;Acidente sem vítima;412;BR-101/ES;Norte;Tombamento;0;0;3;0;0;0;;;;;1;0;0;0;0
19/08/2016;15:01:00;271;Acidente sem vítima;125;BR-101/ES;Sul;Colisão Traseira;1;0;1;0;0;0;;;;;3;0;0;0;0
19/08/2016;15:17:00;279;Acidente sem vítima;255;BR-101/ES;Sul;Colisão Traseira;1;0;2;0;0;0;;;;;3;0;0;0;0
19/08/2016;18:24:00;330;Atropelamento sem morte;267;BR-101/ES;Sul;Atropelamento;0;0;0;1;0;0;;;;;0;1;1;0;0
19/08/2016;19:27:00;341;Acidente sem vítima;263;BR-101/ES;Norte;Colisão Lateral;1;0;1;0;0;0;;;;;3;0;0;0;0
19/08/2016;19:49:00;348;Acidente sem vítima;205;BR-101/ES;Sul;Queda de ciclista;0;1;0;0;0;0;;;;;1;0;0;0;0
19/08/2016;21:58:00;380;Acidente sem vítima;147;BR-101/ES;Norte;Queda de Moto;0;0;0;1;0;0;;;;;1;0;0;0;0
19/08/2016;17:15:00;312;Acidente sem vítima - TRECHO CONTORNO;283;BR-101/ES;Norte;Saída de Pista;1;0;0;0;0;0;;;;;1;0;0;0;0
20/08/2016;00:50:00;18;Acidente sem vítima;215;BR-101/ES;Sul;Capotamento;1;0;0;0;0;0;;;;;1;0;0;0;0
20/08/2016;04:35:00;51;Acidente sem vítima;264;BR-101/ES;Norte;Colisão Transversal;1;0;1;0;0;0;;;;;1;0;0;0;0
20/08/2016;05:05:00;55;Acidente sem vítima;259;BR-101/ES;Norte;Saída de Pista;1;0;0;0;0;0;;;;;2;0;0;0;0
20/08/2016;05:39:00;64;Acidente sem vítima;332;BR-101/ES;Sul;Saída de Pista;1;0;0;0;0;0;;;;;1;0;0;0;0
20/08/2016;07:39:00;87;Acidente sem vítima;94;BR-101/ES;Sul;Veículo em Chamas;1;0;0;0;0;0;;;;;2;0;0;0;0
20/08/2016;08:59:00;111;Acidente com vítima;270;BR-101/ES;Sul;Queda de Moto;0;0;0;1;0;0;;;;;1;0;1;0;0
20/08/2016;09:22:00;119;Acidente com vítima;340;BR-101/ES;Norte;Choque com Objeto Fixo;1;0;0;0;0;0;;;;;2;2;1;0;0
20/08/2016;09:55:00;128;Acidente sem vítima;259;BR-101/ES;Sul;Colisão Traseira;1;0;0;1;0;0;;;;;3;0;0;0;0
20/08/2016;14:00:00;238;Acidente com vítima;269;BR-101/ES;Sul;Colisão Transversal;1;0;0;1;0;0;;;;;1;0;1;0;0
20/08/2016;16:33:00;286;Acidente sem vítima;255;BR-101/ES;Sul;Colisão Traseira;2;0;0;0;0;0;;;;;5;0;0;0;0
20/08/2016;17:21:00;300;Acidente com vítima;386;BR-101/ES;Norte;Saída de Pista;0;0;0;1;0;0;;;;;0;0;1;0;0
20/08/2016;23:34:00;377;Acidente com morte;41;BR-101/ES;Sul;Colisão Frontal;1;0;0;1;0;0;;;;;1;1;2;0;1
20/08/2016;00:18:00;4;Acidente sem vítima - TRECHO CONTORNO;286;BR-101/ES;Norte;Atropelamento Animal;0;0;1;0;0;0;;;;;1;0;0;0;0
21/08/2016;01:00:00;16;Acidente sem vítima;145;BR-101/ES;Norte;Colisão Traseira;1;0;0;1;0;0;;;;;2;0;0;0;0
21/08/2016;01:21:00;18;Acidente com vítima;240;BR-101/ES;Norte;Choque com Objeto Fixo;1;0;0;0;0;0;;;;;1;1;0;0;0
21/08/2016;01:39:00;19;Acidente com vítima;162,5;BR-101/ES;Sul;Colisão Frontal;1;0;0;1;0;0;;;;;0;2;0;2;0
21/08/2016;01:40:00;20;Acidente sem vítima;397;BR-101/ES;Sul;Saída de Pista;1;0;0;0;0;0;;;;;2;0;0;0;0
21/08/2016;02:24:00;26;Acidente sem vítima;212;BR-101/ES;Norte;Saída de Pista;1;0;0;0;0;0;;;;;1;0;0;0;0
21/08/2016;15:20:00;197;Acidente sem vítima;297;BR-101/ES;Norte;Colisão Traseira;2;0;0;0;0;0;;;;;5;0;0;0;0
21/08/2016;16:35:00;218;Acidente sem vítima;266;BR-101/ES;Norte;Colisão Traseira;2;0;0;0;0;0;;;;;4;0;0;0;0
21/08/2016;17:44:00;244;Atropelamento com morte;331;BR-101/ES;Sul;Atropelamento;1;0;0;0;0;0;;;;;0;1;2;0;1
21/08/2016;21:35:00;291;Acidente sem vítima;242;BR-101/ES;Sul;Colisão Traseira;2;0;2;0;0;0;;;;;5;0;0;0;0
21/08/2016;03:19:00;30;Acidente com vítima - TRECHO CONTORNO;289;BR-101/ES;Sul;Queda de Moto;0;0;0;1;0;0;;;;;1;1;0;0;0
21/08/2016;19:05:00;258;Acidente sem vítima - TRECHO CONTORNO;294;BR-101/ES;Sul;Capotamento;1;0;0;0;0;0;;;;;1;0;0;0;0
22/08/2016;06:14:00;42;Acidente sem vítima;263;BR-101/ES;Sul;Colisão Traseira;0;0;2;0;0;0;;;;;2;0;0;0;0
22/08/2016;06:18:00;43;Acidente com morte;306;BR-101/ES;Norte;Colisão Frontal;1;0;0;2;0;0;;;;;1;1;0;1;1
22/08/2016;15:02:00;214;Acidente sem vítima;42;BR-101/ES;Norte;Veículo em Chamas;0;0;1;0;0;0;;;;;2;0;0;0;0
22/08/2016;15:39:00;226;Acidente sem vítima;217;BR-101/ES;Sul;Queda de Moto;0;0;0;1;0;0;;;;;2;0;0;0;0
22/08/2016;17:04:00;252;Acidente sem vítima;230;BR-101/ES;Norte;Colisão Traseira;2;0;0;0;0;0;;;;;5;0;0;0;0
22/08/2016;21:12:00;299;Acidente sem vítima;376,5;BR-101/ES;Sul;Colisão Traseira;0;0;3;0;0;0;;;;;2;0;0;0;0
22/08/2016;10:21:00;107;Acidente com vítima - TRECHO CONTORNO;296;BR-101/ES;Sul;Queda de Moto;0;0;0;1;0;0;;;;;0;1;0;0;0
23/08/2016;04:48:00;46;Acidente sem vítima;238;BR-101/ES;Norte;Colisão Traseira;1;0;0;0;0;1;;;;;4;0;0;0;0
23/08/2016;10:26:00;158;Acidente sem vítima;68;BR-101/ES;Sul;Choque com Objeto Fixo;1;0;0;0;0;0;;;;;2;0;0;0;0
23/08/2016;13:34:00;251;Acidente com vítima;266;BR-101/ES;Sul;Colisão Transversal;0;0;0;1;1;0;;;;;2;0;1;0;0
23/08/2016;18:14:00;315;Acidente com vítima;146;BR-101/ES;Norte;Colisão Transversal;1;0;0;1;0;0;;;;;2;1;0;0;0
23/08/2016;18:30:00;319;Acidente com vítima;117;BR-101/ES;Sul;Queda de Moto;1;0;0;0;0;0;;;;;0;0;1;0;0
23/08/2016;07:23:00;80;Acidente sem vítima - TRECHO CONTORNO;285;BR-101/ES;Norte;Queda de Moto;0;0;0;1;0;0;;;;;1;0;0;0;0
23/08/2016;16:11:00;280;Acidente sem vítima - TRECHO CONTORNO;296;BR-101/ES;Norte;Colisão Lateral;2;0;0;0;0;0;;;;;4;0;0;0;0
24/08/2016;06:50:00;55;Acidente sem vítima;266;BR-101/ES;Sul;Colisão Traseira;2;0;0;0;0;0;;;;;2;0;0;0;0
24/08/2016;11:02:00;163;Acidente com vítima;254;BR-101/ES;Norte;Queda de Moto;0;0;0;1;0;0;;;;;0;2;0;0;0
24/08/2016;14:43:00;250;Acidente com vítima;264;BR-101/ES;Sul;Colisão Transversal;1;0;0;1;0;0;;;;;0;0;1;0;0
24/08/2016;14:56:00;256;Acidente com vítima;236;BR-101/ES;Norte;Colisão Lateral;2;0;2;0;0;0;;;;;4;1;0;0;0
24/08/2016;18:47:00;312;Acidente sem vítima;269;BR-101/ES;Sul;Colisão Traseira;0;0;4;0;0;0;;;;;2;0;0;0;0
24/08/2016;18:51:00;313;Acidente sem vítima;214;BR-101/ES;Norte;Colisão Transversal;1;0;0;1;0;0;;;;;3;0;0;0;0
24/08/2016;10:59:00;161;Acidente com vítima - TRECHO CONTORNO;289;BR-101/ES;Norte;Queda de Moto;0;0;0;1;0;0;;;;;0;0;1;0;0
25/08/2016;01:26:00;22;Acidente sem vítima;458;BR-101/ES;Sul;Saída de Pista;1;0;0;0;0;0;;;;;2;0;0;0;0
25/08/2016;08:00:00;103;Acidente sem vítima;270;BR-101/ES;Sul;Colisão Lateral;0;0;0;1;1;0;;;;;3;0;0;0;0
25/08/2016;08:54:00;124;Acidente com vítima;270;BR-101/ES;Sul;Colisão Lateral;1;0;0;1;0;0;;;;;4;0;1;0;0
25/08/2016;10:41:00;158;Acidente sem vítima;266;BR-101/ES;Sul;Engavetamento;2;0;1;0;0;0;;;;;4;0;0;0;0
25/08/2016;13:28:00;246;Acidente sem vítima;6,5;BR-101/ES;Sul;Saída de Pista;1;0;0;0;0;0;;;;;1;0;0;0;0
25/08/2016;17:00:00;323;Acidente com vítima;67;BR-101/ES;Sul;Colisão Traseira;1;0;0;1;0;0;;;;;1;0;1;0;0
25/08/2016;18:09:00;349;Acidente com vítima;267;BR-101/ES;Sul;Colisão;0;1;0;1;0;0;;;;;0;0;0;2;0
25/08/2016;20:40:00;372;Acidente sem vítima;243;BR-101/ES;Sul;Saída de Pista;1;0;0;0;0;0;;;;;1;0;0;0;0
26/08/2016;05:44:00;46;Acidente sem vítima;255;BR-101/ES;Sul;Colisão Traseira;1;0;1;0;0;0;;;;;2;0;0;0;0
26/08/2016;10:20:00;142;Acidente com vítima;149;BR-101/ES;Sul;Queda de Moto;0;0;0;1;0;0;;;;;0;0;1;0;0
26/08/2016;12:04:00;203;Atropelamento sem morte;270;BR-101/ES;Sul;Atropelamento;1;0;0;0;0;0;;;;;2;1;0;0;0
26/08/2016;13:01:00;228;Acidente sem vítima;270,8;BR-101/ES;Norte;Colisão Traseira;1;0;2;0;0;0;;;;;3;0;0;0;0
26/08/2016;13:04:00;230;Acidente com vítima;66;BR-101/ES;Norte;Queda de Moto;0;0;0;1;0;0;;;;;0;2;0;0;0
26/08/2016;13:58:00;255;Acidente sem vítima;338;BR-101/ES;Norte;Colisão Traseira;2;0;0;0;0;0;;;;;3;0;0;0;0
26/08/2016;14:50:00;275;Acidente sem vítima;263;BR-101/ES;Norte;Colisão Traseira;0;0;1;0;1;0;;;;;3;0;0;0;0
26/08/2016;17:06:00;326;Acidente com vítima;451;BR-101/ES;Sul;Colisão Lateral;1;0;1;0;0;0;;;;;1;2;0;0;0
26/08/2016;17:24:00;337;Acidente sem vítima;230;BR-101/ES;Sul;Colisão Traseira;2;0;0;0;0;0;;;;;3;0;0;0;0
26/08/2016;18:02:00;351;Atropelamento com morte;323;BR-101/ES;Norte;Atropelamento;0;0;0;1;0;0;;;;;0;0;1;0;1
26/08/2016;18:14:00;354;Acidente sem vítima;267,5;BR-101/ES;Norte;Colisão Lateral;1;0;0;1;0;0;;;;;3;0;0;0;0
26/08/2016;18:51:00;360;Acidente sem vítima;160;BR-101/ES;Norte;Saída de Pista;1;0;0;0;0;0;;;;;1;0;0;0;0
26/08/2016;20:21:00;371;Acidente sem vítima;128;BR-101/ES;Norte;Colisão Lateral;2;0;0;0;0;0;;;;;2;0;0;0;0
26/08/2016;22:02:00;395;Atropelamento sem morte;358;BR-101/ES;Sul;Atropelamento e Fuga;1;0;0;0;0;0;;;;;0;0;0;1;0
27/08/2016;03:24:00;33;Acidente com morte;265,4;BR-101/ES;Norte;Colisão Transversal;1;1;0;0;0;0;;;;;1;0;0;0;1
27/08/2016;04:55:00;41;Acidente sem vítima;269;BR-101/ES;Norte;Colisão Transversal;2;0;0;0;0;0;;;;;2;0;0;0;0
27/08/2016;05:01:00;42;Acidente com vítima;233;BR-101/ES;Sul;Colisão Traseira;1;0;2;0;0;0;;;;;1;0;1;0;0
27/08/2016;10:42:00;142;Acidente com vítima;4,5;BR-101/ES;Sul;Queda de Moto;0;0;0;1;0;0;;;;;0;1;0;0;0
27/08/2016;10:51:00;146;Acidente sem vítima;16;BR-101/ES;Norte;Colisão Lateral;1;0;0;0;1;0;;;;;2;0;0;0;0
27/08/2016;12:00:00;184;Acidente com vítima;163;BR-101/ES;Sul;Queda de ciclista;0;1;0;0;0;0;;;;;0;1;0;0;0
27/08/2016;12:55:00;215;Acidente sem vítima;363;BR-101/ES;Norte;Colisão Transversal;1;0;2;0;0;0;;;;;3;0;0;0;0
27/08/2016;14:21:00;244;Acidente com vítima;325;BR-101/ES;Sul;Colisão Traseira;1;0;0;1;0;0;;;;;3;0;1;0;0
27/08/2016;16:35:00;275;Acidente com vítima;144,5;BR-101/ES;Norte;Colisão Lateral;1;0;0;1;0;0;;;;;1;0;1;0;0
27/08/2016;16:40:00;277;Acidente com vítima;362;BR-101/ES;Norte;Colisão Frontal;1;0;2;0;0;0;;;;;2;0;0;1;0