data;horario;n_da_ocorrencia;tipo_de_ocorrencia;km;trecho;sentido;tipo_de_acidente;automovel;bicicleta;caminhao;moto;onibus;outros;tracao_animal;transporte_de_cargas_especiais;trator_maquinas;utilitarios;ilesos;levemente_feridos;moderadamente_feridos;gravemente_feridos;mortos
27/08/2016;16:49:00;281;Acidente com vítima;232;BR-101/ES;Sul;Colisão Transversal;0;0;0;2;0;0;;;;;1;0;1;0;0
27/08/2016;17:42:00;296;Acidente com vítima;69;BR-101/ES;Norte;Colisão Transversal;1;0;0;2;0;0;;;;;4;0;0;1;0
27/08/2016;19:26:00;314;Acidente sem vítima;206;BR-101/ES;Sul;Atropelamento Animal;1;0;0;0;0;0;;;;;3;0;0;0;0
27/08/2016;21:52:00;343;Acidente sem vítima;149;BR-101/ES;Sul;Colisão Lateral;1;0;0;1;0;0;;;;;2;0;0;0;0
27/08/2016;21:54:00;344;Acidente sem vítima;14;BR-101/ES;Sul;Colisão Traseira;2;0;0;0;0;0;;;;;2;0;0;0;0
27/08/2016;08:07:00;85;Acidente com vítima - TRECHO CONTORNO;292;BR-101/ES;Norte;Colisão Transversal;1;0;0;1;0;0;;;;;1;0;1;0;0
28/08/2016;00:02:00;1;Acidente sem vítima;265;BR-101/ES;Norte;Choque com Objeto Fixo;1;0;0;0;0;0;;;;;1;0;0;0;0
28/08/2016;05:18:00;51;Acidente com vítima;147;BR-101/ES;Sul;Colisão Traseira;2;0;0;0;0;0;;;;;0;3;0;0;0
28/08/2016;06:16:00;56;Acidente sem vítima;145;BR-101/ES;Norte;Colisão Lateral;1;0;0;0;1;0;;;;;3;0;0;0;0
28/08/2016;08:28:00;85;Acidente sem vítima;264;BR-101/ES;Norte;Saída de Pista;1;0;0;0;0;0;;;;;1;0;0;0;0
28/08/2016;11:25:00;139;Acidente com vítima;376;BR-101/ES;Norte;Queda de Moto;0;0;0;1;0;0;;;;;0;0;1;0;0
28/08/2016;13:46:00;194;Acidente com vítima;104,5;BR-101/ES;Norte;Saída de Pista;1;0;0;0;0;0;;;;;0;0;1;0;0
28/08/2016;16:08:00;237;Acidente com vítima;31,5;BR-101/ES;Norte;Saída de Pista;1;0;0;0;0;0;;;;;0;0;1;0;0
28/08/2016;16:38:00;250;Acidente sem vítima;307;BR-101/ES;Sul;Queda de Moto;0;0;0;1;0;0;;;;;1;0;0;0;0
28/08/2016;17:51:00;270;Acidente sem vítima;261;BR-101/ES;Norte;Colisão Traseira;2;0;0;0;0;0;;;;;8;0;0;0;0
28/08/2016;14:22:00;210;Acidente sem vítima - TRECHO CONTORNO;287;BR-101/ES;Norte;Colisão Traseira;1;0;3;0;0;0;;;;;4;0;0;0;0
29/08/2016;07:35:00;88;Acidente sem vítima;264,8;BR-101/ES;Sul;Engavetamento;2;0;0;0;0;1;;;;;3;0;0;0;0
29/08/2016;10:39:00;154;Acidente sem vítima;4,5;BR-101/ES;Norte;Saída de Pista;1;0;0;0;0;0;;;;;1;0;0;0;0
29/08/2016;11:08:00;170;Acidente com vítima;220;BR-101/ES;Sul;Queda de Moto;0;0;0;1;0;0;;;;;0;1;0;0;0
29/08/2016;13:00:00;233;Acidente sem vítima;270;BR-101/ES;Norte;Queda de Moto;1;0;0;1;0;0;;;;;2;0;0;0;0
29/08/2016;13:01:00;234;Acidente com morte;376;BR-101/ES;Norte;Queda de ciclista;0;1;2;0;0;0;;;;;0;1;0;0;1
29/08/2016;13:50:00;253;Acidente sem vítima;270;BR-101/ES;Norte;Colisão Traseira;1;0;2;0;0;0;;;;;2;0;0;0;0
29/08/2016;14:30:00;266;Acidente sem vítima;262;BR-101/ES;Norte;Colisão Traseira;2;0;0;0;0;0;;;;;2;0;0;0;0
29/08/2016;19:30:00;339;Acidente sem vítima;230;BR-101/ES;Sul;Colisão Traseira;1;0;2;0;0;0;;;;;2;0;0;0;0
29/08/2016;19:49:00;344;Acidente sem vítima;461;BR-101/ES;Sul;Saída de Pista;1;0;0;0;0;0;;;;;1;0;0;0;0
29/08/2016;20:14:00;348;Acidente com vítima;125;BR-101/ES;Norte;Queda de Moto;0;0;0;1;0;0;;;;;0;0;1;0;0
29/08/2016;07:43:00;91;Acidente com vítima - TRECHO CONTORNO;287;BR-101/ES;Norte;Colisão Lateral;0;0;1;1;0;0;;;;;0;0;1;0;0
29/08/2016;08:11:00;106;Acidente sem vítima - TRECHO CONTORNO;287;BR-101/ES;Norte;Colisão Traseira;2;0;0;0;0;0;;;;;2;0;0;0;0
29/08/2016;13:25:00;239;Acidente com vítima - TRECHO CONTORNO;277;BR-101/ES;Norte;Queda de Moto;0;0;0;1;0;0;;;;;0;0;1;0;0
30/08/2016;10:10:00;132;Acidente sem vítima;265;BR-101/ES;Norte;Colisão Lateral;1;0;2;0;0;0;;;;;3;0;0;0;0
30/08/2016;11:23:00;169;Acidente com vítima;345,5;BR-101/ES;Norte;Saída de Pista;0;0;0;1;0;0;;;;;0;1;0;0;0
30/08/2016;13:57:00;230;Acidente com vítima;98,2;BR-101/ES;Norte;Colisão Lateral;1;0;4;0;0;0;;;;;1;0;1;0;0
30/08/2016;14:57:00;244;Acidente sem vítima;297,5;BR-101/ES;Norte;Choque;4;0;0;0;0;0;;;;;6;0;0;0;0
30/08/2016;18:18:00;302;Acidente sem vítima;146;BR-101/ES;Norte;Colisão Transversal;0;0;0;2;0;0;;;;;2;0;0;0;0
30/08/2016;18:40:00;306;Acidente com vítima;146;BR-101/ES;Sul;Queda de Moto;0;0;0;1;0;0;;;;;0;1;0;0;0
30/08/2016;19:38:00;317;Acidente com vítima;266;BR-101/ES;Norte;Colisão Transversal;0;1;0;1;0;0;;;;;0;0;2;0;0
30/08/2016;22:02:00;348;Acidente sem vítima;452;BR-101/ES;Norte;Colisão Traseira;0;0;4;0;0;0;;;;;2;0;0;0;0
30/08/2016;22:16:00;349;Acidente com vítima;147;BR-101/ES;Norte;Colisão Transversal;1;0;0;1;0;0;;;;;1;2;0;0;0
30/08/2016;23:08:00;360;Acidente sem vítima;270;BR-101/ES;Norte;Choque com Objeto Fixo;1;0;0;0;0;0;;;;;1;0;0;0;0
30/08/2016;00:34:00;10;Acidente com vítima - TRECHO CONTORNO;286;BR-101/ES;Sul;Queda de Moto;0;0;0;1;0;0;;;;;0;2;0;0;0
30/08/2016;08:08:00;90;Acidente sem vítima - TRECHO CONTORNO;295,5;BR-101/ES;Norte;Capotamento;1;0;0;0;0;0;;;;;1;0;0;0;0
30/08/2016;16:18:00;269;Acidente sem vítima - TRECHO CONTORNO;290;BR-101/ES;Norte;Colisão Traseira;1;0;0;1;0;0;;;;;3;0;0;0;0
31/08/2016;06:46:00;62;Acidente com vítima;243,5;BR-101/ES;Sul;Colisão Traseira;2;0;0;0;0;0;;;;;3;0;1;0;0
31/08/2016;07:03:00;64;Acidente com vítima;140;BR-101/ES;Sul;Queda de Moto;0;0;0;1;0;0;;;;;0;1;0;0;0
31/08/2016;10:35:00;145;Acidente sem vítima;184;BR-101/ES;Norte;Saída de Pista;1;0;1;0;0;0;;;;;3;0;0;0;0
31/08/2016;12:25:00;213;Acidente sem vítima;939;BR-101/BA;Norte;Colisão Traseira;2;0;0;0;0;0;;;;;4;0;0;0;0
31/08/2016;12:37:00;219;Acidente sem vítima;184;BR-101/ES;Norte;Colisão Lateral;1;0;2;0;0;0;;;;;2;0;0;0;0
31/08/2016;17:40:00;319;Acidente com vítima;142;BR-101/ES;Norte;Queda de Moto;0;0;0;1;0;0;;;;;0;1;0;0;0
31/08/2016;18:12:00;325;Acidente com vítima;299;BR-101/ES;Norte;Choque com Objeto Fixo;0;0;0;1;0;0;;;;;0;0;0;1;0
31/08/2016;19:14:00;331;Acidente com vítima;149,5;BR-101/ES;Sul;Colisão Transversal;0;0;0;2;0;0;;;;;1;2;0;0;0
31/08/2016;19:43:00;336;Acidente sem vítima;69;BR-101/ES;Sul;Colisão Transversal;2;0;2;0;0;0;;;;;3;0;0;0;0
31/08/2016;20:14:00;342;Acidente sem vítima;346;BR-101/ES;Sul;Saída de Pista;1;0;0;0;0;0;;;;;1;0;0;0;0
31/08/2016;22:19:00;364;Acidente com vítima;316;BR-101/ES;Sul;Saída de Pista;1;0;0;0;0;0;;;;;0;2;0;0;0
31/08/2016;22:23:00;365;Acidente com vítima;266;BR-101/ES;Sul;Colisão Transversal;2;0;0;0;0;0;;;;;3;1;0;0;0
31/08/2016;09:18:00;117;Acidente com vítima - TRECHO CONTORNO;285;BR-101/ES;Norte;Capotamento;1;0;0;0;0;0;;;;;4;0;1;0;0
01/09/2016;05:09:00;46;Acidente sem vítima;55;BR-101/ES;Sul;Colisão Traseira;0;0;5;0;0;0;;;;;2;0;0;0;0
01/09/2016;08:16:00;94;Acidente sem vítima;260;BR-101/ES;Norte;Colisão Traseira;2;0;0;0;0;0;;;;;3;0;0;0;0
01/09/2016;09:01:00;107;Acidente sem vítima;448;BR-101/ES;Norte;Saída de Pista;1;0;0;0;0;0;;;;;2;0;0;0;0
01/09/2016;09:12:00;112;Acidente sem vítima;434;BR-101/ES;Norte;Colisão Lateral;2;0;0;0;0;0;;;;;3;0;0;0;0
01/09/2016;09:43:00;123;Acidente sem vítima;458;BR-101/ES;Norte;Saída de Pista;0;0;2;0;0;0;;;;;1;0;0;0;0
01/09/2016;13:25:00;214;Acidente sem vítima;264;BR-101/ES;Sul;Engavetamento;3;0;0;0;0;0;;;;;4;0;0;0;0
01/09/2016;14:28:00;237;Acidente sem vítima;371;BR-101/ES;Norte;Colisão Transversal;2;0;0;0;0;0;;;;;3;0;0;0;0
01/09/2016;16:37:00;280;Acidente sem vítima;66;BR-101/ES;Norte;Colisão Transversal;1;0;1;0;0;0;;;;;2;0;0;0;0
01/09/2016;17:30:00;297;Acidente sem vítima;75;BR-101/ES;Sul;Saída de Pista;1;0;0;0;0;0;;;;;2;0;0;0;0
01/09/2016;17:36:00;300;Acidente com vítima;153,8;BR-101/ES;Norte;Colisão Traseira;1;0;0;1;0;0;;;;;1;0;2;0;0
01/09/2016;18:23:00;310;Acidente com vítima;268;BR-101/ES;Norte;Colisão;0;1;0;1;0;0;;;;;0;0;2;0;0
01/09/2016;18:55:00;321;Acidente com vítima;395;BR-101/ES;Sul;Colisão Transversal;1;0;0;1;0;0;;;;;1;0;1;1;0
01/09/2016;17:23:00;291;Acidente com vítima;279;BR-101/ES;Norte;Queda de Moto;0;0;0;1;0;0;;;;;0;0;1;0;0
02/09/2016;00:42:00;13;Acidente sem vítima;194;BR-101/ES;Norte;Veículo em Chamas;0;0;2;0;0;0;;;;;1;0;0;0;0
02/09/2016;13:26:00;236;Acidente sem vítima;213;BR-101/ES;Sul;Colisão Lateral;2;0;0;0;0;0;;;;;2;0;0;0;0
02/09/2016;14:12:00;252;Acidente com vítima;181;BR-101/ES;Norte;Colisão Transversal;0;0;0;2;0;0;;;;;0;2;0;0;0
02/09/2016;17:13:00;334;Acidente com vítima;253;BR-101/ES;Sul;Colisão Transversal;1;0;0;1;0;0;;;;;4;0;1;0;0
02/09/2016;18:01:00;351;Acidente com vítima;299;BR-101/ES;Sul;Colisão Traseira;1;0;0;2;0;0;;;;;3;0;1;0;0
02/09/2016;18:09:00;353;Acidente sem vítima;371;BR-101/ES;Sul;Saída de Pista;1;0;0;0;0;0;;;;;1;0;0;0;0
02/09/2016;18:36:00;357;Acidente sem vítima;266;BR-101/ES;Sul;Colisão Lateral;1;0;0;1;0;0;;;;;4;0;0;0;0
02/09/2016;22:56:00;418;Acidente sem vítima;270;BR-101/ES;Sul;Choque com Objeto Fixo;1;0;0;0;0;0;;;;;3;0;0;0;0
02/09/2016;06:01:00;60;Acidente sem vítima;271;BR-101/ES;Sul;Colisão;0;1;0;0;1;0;;;;;3;0;0;0;0
03/09/2016;00:52:00;23;Acidente sem vítima;92;BR-101/ES;Sul;Colisão Frontal;2;0;0;0;0;0;;;;;2;0;0;0;0
03/09/2016;01:21:00;27;Acidente com vítima;20;BR-101/ES;Sul;Queda de Moto;0;0;0;1;0;0;;;;;0;1;0;0;0
03/09/2016;04:10:00;49;Acidente sem vítima;238;BR-101/ES;Sul;Saída de Pista;1;0;0;0;0;0;;;;;1;0;0;0;0
03/09/2016;05:07:00;55;Acidente com vítima;265;BR-101/ES;Sul;Engavetamento;3;0;0;0;0;0;;;;;8;0;1;0;0
03/09/2016;05:41:00;60;Acidente sem vítima;213;BR-101/ES;Sul;Colisão Transversal;2;0;0;0;0;0;;;;;7;0;0;0;0
03/09/2016;06:17:00;62;Acidente sem vítima;342,5;BR-101/ES;Sul;Saída de Pista;1;0;0;0;0;0;;;;;1;0;0;0;0
03/09/2016;11:16:00;147;Acidente sem vítima;298,5;BR-101/ES;Sul;Colisão Traseira;2;0;0;0;0;0;;;;;7;0;0;0;0
03/09/2016;11:53:00;173;Acidente sem vítima;301;BR-101/ES;Sul;Colisão Traseira;2;0;0;0;0;0;;;;;2;0;0;0;0
03/09/2016;13:24:00;221;Acidente com vítima;265,5;BR-101/ES;Sul;Colisão Traseira;1;0;0;1;0;0;;;;;1;0;1;0;0
03/09/2016;14:23:00;244;Acidente com vítima;299;BR-101/ES;Sul;Colisão Traseira;0;0;0;2;0;0;;;;;1;0;1;0;0
03/09/2016;18:17:00;310;Acidente com vítima;269;BR-101/ES;Norte;Colisão Transversal;1;0;0;1;0;0;;;;;3;1;1;0;0
03/09/2016;18:34:00;312;Acidente com vítima;148;BR-101/ES;Norte;Colisão Traseira;2;0;0;0;0;0;;;;;0;1;1;0;0
03/09/2016;19:39:00;321;Acidente com vítima;62;BR-101/ES;Sul;Colisão;0;1;1;0;0;0;;;;;1;0;0;1;0
03/09/2016;19:59:00;325;Acidente sem vítima;62;BR-101/ES;Sul;Colisão Lateral;1;0;3;0;0;0;;;;;2;0;0;0;0
03/09/2016;21:45:00;342;Acidente sem vítima;0,1;BR-101/ES;Sul;Colisão Transversal;1;0;4;0;0;0;;;;;2;0;0;0;0
03/09/2016;22:48:00;357;Acidente sem vítima;125;BR-101/ES;Norte;Queda de Moto;1;0;0;0;0;0;;;;;1;0;0;0;0
03/09/2016;07:11:00;68;Acidente sem vítima;271;BR-101/ES;Norte;Colisão Traseira;2;0;0;0;0;0;;;;;3;0;0;0;0
04/09/2016;00:22:00;5;Acidente com vítima;300;BR-101/ES;Norte;Queda de Moto;0;0;0;1;0;0;;;;;0;1;0;0;0
04/09/2016;00:34:00;14;Acidente com morte;299;BR-101/ES;Norte;Choque com Objeto Fixo;1;0;0;0;0;0;;;;;0;0;1;0;1
04/09/2016;09:21:00;89;Acidente com morte;446;BR-101/ES;Norte;Colisão Frontal;1;0;1;0;0;0;;;;;1;0;0;0;1
04/09/2016;13:08:00;163;Atropelamento com morte;258;BR-101/ES;Norte;Atropelamento;1;0;0;0;0;0;;;;;1;0;0;0;1
04/09/2016;15:03:00;198;Acidente com vítima;34;BR-101/ES;Norte;Saída de Pista;1;0;0;0;0;0;;;;;0;0;0;1;0
04/09/2016;15:51:00;211;Acidente sem vítima;139;BR-101/ES;Norte;Saída de Pista;1;0;0;0;0;0;;;;;2;0;0;0;0
04/09/2016;19:48:00;264;Acidente com vítima;214;BR-101/ES;Norte;Queda de Moto;0;0;0;1;0;0;;;;;0;0;1;0;0
04/09/2016;20:26:00;270;Acidente sem vítima;315;BR-101/ES;Norte;Colisão Lateral;2;0;0;0;0;0;;;;;8;0;0;0;0
04/09/2016;22:51:00;294;Acidente com vítima;144;BR-101/ES;Norte;Queda de Moto;0;0;0;1;0;0;;;;;0;1;0;0;0
04/09/2016;23:40:00;304;Acidente com vítima;258;BR-101/ES;Norte;Atropelamento de Equino;1;0;0;0;0;0;;;;;2;1;0;0;0
04/09/2016;09:24:00;90;Acidente sem vítima;271;BR-101/ES;Norte;Colisão Traseira;2;0;0;0;0;0;;;;;3;0;0;0;0
04/09/2016;09:34:00;91;Acidente sem vítima;286;BR-101/ES;Norte;Choque com Objeto Fixo;1;0;0;0;1;0;;;;;2;0;0;0;0
04/09/2016;10:01:00;93;Acidente sem vítima;289;BR-101/ES;Sul;Choque com Objeto Fixo;1;0;0;0;0;0;;;;;1;0;0;0;0
05/09/2016;08:16:00;99;Acidente sem vítima;377;BR-101/ES;Norte;Saída de Pista;1;0;0;0;0;0;;;;;1;0;0;0;0
05/09/2016;10:06:00;134;Acidente sem vítima;299;BR-101/ES;Norte;Colisão Traseira;2;0;0;0;0;0;;;;;6;0;0;0;0
05/09/2016;11:42:00;188;Acidente com vítima;425;BR-101/ES;Sul;Queda de Moto;0;0;0;1;0;0;;;;;0;0;1;0;0
05/09/2016;13:24:00;231;Acidente com vítima;269;BR-101/ES;Sul;Colisão;1;1;1;1;0;0;;;;;2;0;2;0;0
05/09/2016;18:32:00;317;Acidente com vítima;169;BR-101/ES;Sul;Atropelamento Animal;1;0;0;0;0;0;;;;;0;1;0;0;0
05/09/2016;20:47:00;350;Acidente com vítima;264;BR-101/ES;Sul;Colisão Transversal;1;0;0;1;0;0;;;;;2;0;1;0;0
05/09/2016;07:56:00;90;Acidente com vítima;296;BR-101/ES;Sul;Colisão Traseira;1;0;0;1;0;0;;;;;2;0;1;0;0
05/09/2016;12:04:00;196;Acidente com vítima;288;BR-101/ES;Norte;Queda de Moto;0;0;0;1;0;0;;;;;0;0;1;0;0
05/09/2016;14:35:00;251;Acidente com vítima;293;BR-101/ES;Norte;Choque com Objeto Fixo;1;0;0;0;0;0;;;;;0;0;1;0;0
05/09/2016;21:53:00;357;Acidente com vítima;293;BR-101/ES;Sul;Queda de ciclista;0;1;0;0;0;0;;;;;0;0;1;0;0
06/09/2016;08:16:00;127;Acidente com vítima;313,4;BR-101/ES;Sul;Queda de Moto;0;0;0;1;0;0;;;;;0;0;2;0;0
06/09/2016;12:05:00;233;Acidente sem vítima;229;BR-101/ES;Norte;Queda de Moto;0;0;0;1;0;0;;;;;1;0;0;0;0
06/09/2016;13:30:00;281;Acidente sem vítima;399;BR-101/ES;Norte;Colisão Traseira;2;0;0;0;0;0;;;;;4;0;0;0;0
06/09/2016;15:26:00;334;Acidente sem vítima;69;BR-101/ES;Norte;Colisão Traseira;2;0;0;0;0;0;;;;;6;0;0;0;0
06/09/2016;19:13:00;411;Acidente com vítima;69;BR-101/ES;Norte;Colisão;0;2;0;0;0;0;;;;;1;0;1;0;0
06/09/2016;19:15:00;412;Acidente com vítima;120;BR-101/ES;Norte;Colisão Lateral;3;0;1;0;0;0;;;;;7;1;0;0;0
06/09/2016;19:50:00;421;Acidente com vítima;147;BR-101/ES;Sul;Colisão Transversal;0;0;1;1;0;0;;;;;0;2;1;0;0
06/09/2016;15:35:00;340;Acidente com vítima;290;BR-101/ES;Sul;Colisão Traseira;1;0;0;1;0;0;;;;;0;0;1;0;0
07/09/2016;08:49:00;111;Acidente sem vítima;68;BR-101/ES;Norte;Engavetamento;2;0;1;0;0;0;;;;;8;0;0;0;0
07/09/2016;10:45:00;146;Acidente com vítima;203;BR-101/ES;Sul;Colisão Traseira;1;0;0;1;0;0;;;;;1;0;1;0;0
07/09/2016;11:55:00;178;Acidente sem vítima;195,5;BR-101/ES;Norte;Queda de Moto;0;0;0;1;0;0;;;;;1;0;0;0;0
07/09/2016;17:39:00;291;Acidente com vítima;187;BR-101/ES;Sul;Colisão Traseira;1;0;0;1;0;0;;;;;0;0;1;0;0
07/09/2016;18:42:00;305;Acidente sem vítima;206;BR-101/ES;Norte;Colisão Transversal;1;0;1;0;0;0;;;;;3;0;0;0;0
07/09/2016;10:54:00;149;Acidente sem vítima;271;BR-101/ES;Sul;Queda de Moto;0;0;0;1;0;0;;;;;1;0;0;0;0
08/09/2016;08:32:00;110;Acidente com vítima;414;BR-101/ES;Sul;Colisão Frontal;1;0;1;0;0;0;;;;;2;0;1;0;0
08/09/2016;09:25:00;127;Acidente sem vítima;230;BR-101/ES;Norte;Colisão Lateral;2;0;0;0;0;0;;;;;6;0;0;0;0
08/09/2016;10:48:00;176;Acidente sem vítima;377;BR-101/ES;Sul;Colisão Traseira;1;0;1;0;0;0;;;;;3;0;0;0;0
08/09/2016;11:54:00;208;Acidente sem vítima;264;BR-101/ES;Sul;Saída de Pista;0;0;1;0;0;0;;;;;1;0;0;0;0
08/09/2016;12:55:00;246;Acidente com vítima;953;BR-101/BA;Norte;Colisão Traseira;0;0;0;1;1;0;;;;;1;0;0;1;0
08/09/2016;16:25:00;313;Acidente com vítima;380;BR-101/ES;Sul;Colisão Traseira;0;0;6;0;0;0;;;;;3;1;0;0;0
08/09/2016;19:32:00;371;Atropelamento sem morte;270;BR-101/ES;Norte;Atropelamento;0;0;0;1;0;0;;;;;1;0;1;0;0
08/09/2016;21:40:00;389;Acidente sem vítima;259;BR-101/ES;Sul;Saída de Pista;1;0;0;0;0;0;;;;;1;0;0;0;0
08/09/2016;18:15:00;351;Acidente sem vítima;292;BR-101/ES;Norte;Choque com Objeto Fixo;1;0;0;0;0;0;;;;;1;0;0;0;0
08/09/2016;19:13:00;363;Acidente sem vítima;292;BR-101/ES;Norte;Queda de Moto;0;0;0;1;0;0;;;;;2;0;0;0;0
08/09/2016;19:17:00;365;Acidente sem vítima;292;BR-101/ES;Norte;Queda de Moto;1;0;0;0;0;0;;;;;2;0;0;0;0
09/09/2016;02:20:00;35;Acidente sem vítima;105;BR-101/ES;Norte;Saída de Pista;0;0;1;0;0;0;;;;;1;0;0;0;0
09/09/2016;07:09:00;80;Acidente sem vítima;118;BR-101/ES;Sul;Queda de Moto;0;0;0;1;0;0;;;;;2;0;0;0;0
09/09/2016;07:55:00;99;Acidente sem vítima;113;BR-101/ES;Norte;Colisão Traseira;2;0;0;0;0;0;;;;;3;0;0;0;0
09/09/2016;10:12:00;161;Acidente com vítima;145;BR-101/ES;Sul;Queda de Moto;0;0;0;1;0;0;;;;;0;1;0;0;0
09/09/2016;10:37:00;176;Acidente sem vítima;145;BR-101/ES;Sul;Colisão Traseira;2;0;0;0;0;0;;;;;6;0;0;0;0
09/09/2016;11:42:00;202;Acidente com vítima;65;BR-101/ES;Norte;Colisão Transversal;1;0;0;1;0;0;;;;;1;2;0;0;0
09/09/2016;16:07:00;322;Acidente com vítima;146;BR-101/ES;Norte;Colisão Transversal;1;0;1;0;0;0;;;;;1;2;0;0;0
09/09/2016;17:32:00;347;Acidente sem vítima;269;BR-101/ES;Norte;Colisão Lateral;1;0;3;0;0;0;;;;;3;0;0;0;0
09/09/2016;18:20:00;359;Acidente sem vítima;146;BR-101/ES;Norte;Colisão Traseira;2;0;0;0;0;0;;;;;2;0;0;0;0
09/09/2016;18:34:00;363;Acidente com vítima;90;BR-101/ES;Norte;Colisão Frontal;1;0;0;1;0;0;;;;;2;0;1;0;0
09/09/2016;19:26:00;377;Acidente com vítima;341;BR-101/ES;Norte;Queda de Moto;1;0;0;0;0;0;;;;;0;1;0;0;0
09/09/2016;19:35:00;380;Acidente com vítima;451;BR-101/ES;Sul;Queda de Moto;0;0;0;1;0;0;;;;;0;1;0;0;0
09/09/2016;19:51:00;382;Acidente sem vítima;212;BR-101/ES;Sul;Colisão Traseira;1;0;2;0;0;0;;;;;2;0;0;0;0
09/09/2016;16:16:00;328;Acidente com vítima;277;BR-101/ES;Norte;Queda de Moto;0;0;0;1;0;0;;;;;0;1;0;0;0
10/09/2016;01:57:00;31;Acidente sem vítima;140;BR-101/ES;Sul;Choque com Objeto Fixo;1;0;0;0;0;0;;;;;1;0;0;0;0
10/09/2016;06:46:00;67;Acidente com vítima;363,7;BR-101/ES;Sul;Saída de Pista;1;0;0;0;0;0;;;;;1;3;0;0;0
10/09/2016;10:06:00;138;Acidente sem vítima;80;BR-101/ES;Norte;Queda de Moto;0;0;0;1;0;0;;;;;2;0;0;0;0
10/09/2016;10:57:00;155;Acidente sem vítima;147;BR-101/ES;Norte;Colisão Lateral;1;0;0;0;1;0;;;;;2;0;0;0;0
10/09/2016;11:16:00;168;Acidente sem vítima;264;BR-101/ES;Norte;Colisão Lateral;2;0;0;0;0;0;;;;;2;0;0;0;0
10/09/2016;11:24:00;171;Acidente sem vítima;146;BR-101/ES;Norte;Colisão;1;1;0;0;0;0;;;;;2;0;0;0;0
10/09/2016;11:48:00;187;Acidente sem vítima;147;BR-101/ES;Sul;Colisão Traseira;0;0;0;0;2;0;;;;;8;0;0;0;0
10/09/2016;14:16:00;244;Acidente sem vítima;264;BR-101/ES;Norte;Colisão Traseira;1;0;1;0;0;0;;;;;4;0;0;0;0
10/09/2016;14:16:00;245;Acidente sem vítima;66;BR-101/ES;Sul;Colisão Traseira;2;0;0;0;0;0;;;;;4;0;0;0;0
10/09/2016;19:32:00;324;Acidente com vítima;329;BR-101/ES;Sul;Colisão Lateral;2;0;0;0;0;0;;;;;1;5;1;0;0
10/09/2016;22:22:00;359;Acidente com vítima;208;BR-101/ES;Sul;Saída de Pista;1;0;0;0;0;0;;;;;0;0;1;0;0
11/09/2016;01:17:00;24;Acidente sem vítima;254;BR-101/ES;Norte;Queda de Moto;0;0;0;1;0;0;;;;;1;0;0;0;0
11/09/2016;09:31:00;97;Acidente sem vítima;150;BR-101/ES;Sul;Saída de Pista;1;0;0;0;0;0;;;;;2;0;0;0;0
11/09/2016;10:23:00;111;Acidente sem vítima;385;BR-101/ES;Sul;Saída de Pista;1;0;0;0;0;0;;;;;1;0;0;0;0
11/09/2016;11:22:00;141;Acidente com vítima;23,3;BR-101/ES;Sul;Queda de Moto;0;0;0;1;0;0;;;;;0;0;2;0;0
11/09/2016;12:49:00;183;Acidente com vítima;270;BR-101/ES;Sul;Queda de Moto;0;0;0;1;0;0;;;;;0;0;1;0;0
11/09/2016;14:19:00;216;Acidente com vítima;316;BR-101/ES;Norte;Saída de Pista;1;0;0;0;0;0;;;;;1;2;0;0;0
11/09/2016;15:55:00;244;Acidente sem vítima;249;BR-101/ES;Norte;Engavetamento;3;0;0;0;0;0;;;;;9;0;0;0;0
11/09/2016;16:40:00;261;Acidente sem vítima;237;BR-101/ES;Norte;Saída de Pista;1;0;0;0;0;0;;;;;3;0;0;0;0
11/09/2016;17:03:00;270;Acidente sem vítima;210;BR-101/ES;Sul;Colisão Traseira;2;0;0;0;0;0;;;;;5;0;0;0;0
11/09/2016;18:06:00;286;Acidente sem vítima;247;BR-101/ES;Sul;Colisão Traseira;2;0;0;0;0;0;;;;;4;0;0;0;0
11/09/2016;19:50:00;312;Acidente sem vítima;262;BR-101/ES;Norte;Engavetamento;3;0;0;0;0;0;;;;;8;0;0;0;0
11/09/2016;20:32:00;320;Acidente sem vítima;247;BR-101/ES;Sul;Colisão Traseira;2;0;0;0;0;0;;;;;6;0;0;0;0
11/09/2016;21:28:00;331;Acidente sem vítima;266;BR-101/ES;Norte;Colisão Traseira;2;0;0;0;0;0;;;;;4;0;0;0;0
12/09/2016;02:50:00;37;Acidente com vítima;359;BR-101/ES;Sul;Saída de Pista;1;0;0;0;0;0;;;;;4;0;1;0;0
12/09/2016;07:52:00;96;Acidente com vítima;66;BR-101/ES;Sul;Colisão Lateral;0;0;0;2;0;0;;;;;1;0;2;0;0
12/09/2016;11:05:00;164;Acidente sem vítima;256,5;BR-101/ES;Norte;Colisão Lateral;1;0;2;0;0;0;;;;;2;0;0;0;0
12/09/2016;13:54:00;254;Acidente sem vítima;262;BR-101/ES;Sul;Colisão Traseira;2;0;0;0;0;0;;;;;2;0;0;0;0
13/09/2016;03:40:00;40;Acidente sem vítima;267;BR-101/ES;Sul;Colisão Traseira;0;0;7;0;0;0;;;;;4;0;0;0;0