data;horario;n_da_ocorrencia;tipo_de_ocorrencia;km;trecho;sentido;tipo_de_acidente;automovel;bicicleta;caminhao;moto;onibus;outros;tracao_animal;transporte_de_cargas_especiais;trator_maquinas;utilitarios;ilesos;levemente_feridos;moderadamente_feridos;gravemente_feridos;mortos
07/12/2016;18:30:00;379;Acidente sem vítima;325;BR-101/ES;Sul;Colisão Frontal;1;0;0;0;1;0;0;;;;2;0;0;0;0
07/12/2016;20:00:00;393;Acidente com vítima;37;BR-101/ES;Sul;Queda de Moto;0;0;0;0;1;0;0;;;;0;1;0;0;0
07/12/2016;20:03:00;395;Acidente sem vítima;168;BR-101/ES;Sul;Colisão Traseira;2;0;0;0;0;0;0;;;;5;0;0;0;0
07/12/2016;21:46:00;415;Acidente com vítima;266;BR-101/ES;Sul;Colisão Lateral;1;1;0;0;0;0;0;;;;4;1;0;0;0
07/12/2016;23:15:00;433;Acidente sem vítima;288;BR-101/ES;Sul;Choque com Objeto Fixo;1;0;0;0;0;0;0;;;;1;0;0;0;0
08/12/2016;05:13:00;64;Acidente com vítima;294;BR-101/ES;Sul;Choque com Objeto Fixo;1;0;0;0;0;0;0;;;;0;0;2;0;0
08/12/2016;10:43:00;243;Acidente sem vítima;255;BR-101/ES;Sul;Colisão Traseira;1;1;0;0;0;0;0;;;;4;0;0;0;0
08/12/2016;13:01:00;304;Acidente sem vítima;107;BR-101/ES;Norte;Colisão Traseira;0;2;0;0;0;0;0;;;;2;0;0;0;0
08/12/2016;15:05:00;355;Acidente com vítima;147;BR-101/ES;Norte;Colisão Traseira;1;0;0;0;1;0;0;;;;1;0;0;1;0
08/12/2016;15:55:00;372;Acidente sem vítima;223;BR-101/ES;Sul;Saída de Pista;0;1;0;0;0;0;0;;;;1;0;0;0;0
08/12/2016;18:56:00;419;Acidente com vítima;255;BR-101/ES;Sul;Colisão Transversal;0;0;0;1;2;0;0;;;;23;1;0;0;0
08/12/2016;19:03:00;423;Acidente com vítima;270;BR-101/ES;Sul;Queda de Moto;0;0;0;0;1;0;0;;;;0;1;0;0;0
08/12/2016;22:27:00;470;Acidente com vítima;146;BR-101/ES;Norte;Colisão Traseira;1;0;0;0;1;0;0;;;;1;0;1;0;0
09/12/2016;05:32:00;67;Acidente com vítima;447;BR-101/ES;Norte;Queda de Moto;0;0;0;0;1;0;0;;;;0;1;1;0;0
09/12/2016;06:04:00;75;Acidente com vítima;102;BR-101/ES;Sul;Colisão Traseira;2;0;0;0;0;0;0;;;;0;4;2;0;0
09/12/2016;07:28:00;102;Acidente com vítima;352;BR-101/ES;Sul;Queda de Moto;0;0;0;0;1;0;0;;;;0;1;0;0;0
09/12/2016;08:31:00;138;Acidente sem vítima;91;BR-101/ES;Sul;Colisão Traseira;0;1;0;0;1;0;0;;;;2;0;0;0;0
09/12/2016;10:36:00;201;Acidente sem vítima;147;BR-101/ES;Norte;Colisão Transversal;1;1;0;0;0;0;0;;;;3;0;0;0;0
09/12/2016;12:07:00;259;Acidente sem vítima;150;BR-101/ES;Sul;Colisão Traseira;2;0;0;0;0;0;0;;;;3;0;0;0;0
09/12/2016;14:48:00;348;Acidente sem vítima;287,5;BR-101/ES;Sul;Saída de Pista;1;0;0;0;0;0;0;;;;2;0;0;0;0
09/12/2016;17:05:00;407;Acidente com vítima;242;BR-101/ES;Norte;Colisão Lateral;1;0;4;0;0;0;0;;;;2;1;0;0;0
09/12/2016;18:04:00;420;Acidente com vítima;268;BR-101/ES;Norte;Colisão Traseira;2;0;0;0;0;0;0;;;;1;0;2;0;0
09/12/2016;18:44:00;433;Acidente sem vítima;289;BR-101/ES;Sul;Saída de Pista;1;0;0;0;0;0;0;;;;2;0;0;0;0
09/12/2016;19:28:00;446;Acidente com vítima;215;BR-101/ES;Norte;Colisão Transversal;1;0;0;0;1;0;0;;;;1;0;1;0;0
09/12/2016;20:26:00;464;Acidente sem vítima;296,9;BR-101/ES;Sul;Colisão Traseira;2;0;0;0;0;0;0;;;;2;0;0;0;0
09/12/2016;20:48:00;469;Acidente com vítima;425;BR-101/ES;Norte;Choque com Objeto Fixo;1;0;0;0;0;0;0;;;;2;2;0;0;0
09/12/2016;21:29:00;484;Acidente sem vítima;430;BR-101/ES;Norte;Saída de Pista;1;0;0;0;0;0;0;;;;3;0;0;0;0
09/12/2016;22:19:00;505;Acidente sem vítima;226;BR-101/ES;Norte;Colisão Lateral;1;1;1;0;0;0;0;;;;2;0;0;0;0
09/12/2016;22:59:00;515;Acidente sem vítima;218;BR-101/ES;Norte;Choque com Objeto Fixo;1;0;0;0;0;0;0;;;;5;0;0;0;0
10/12/2016;00:06:00;1;Acidente sem vítima;155;BR-101/ES;Sul;Queda de Moto;0;0;0;0;1;0;0;;;;2;0;0;0;0
10/12/2016;00:43:00;18;Acidente sem vítima;269;BR-101/ES;Norte;Colisão Traseira;1;1;0;0;0;0;0;;;;5;0;0;0;0
10/12/2016;00:46:00;21;Acidente sem vítima;313;BR-101/ES;Sul;Saída de Pista;1;0;0;0;0;0;0;;;;2;0;0;0;0
10/12/2016;02:18:00;49;Acidente sem vítima;146,5;BR-101/ES;Norte;Colisão Traseira;2;0;0;0;0;0;0;;;;3;0;0;0;0
10/12/2016;06:06:00;82;Acidente sem vítima;218,9;BR-101/ES;Norte;Saída de Pista;3;0;0;0;0;0;0;;;;9;0;0;0;0
10/12/2016;09:21:00;141;Acidente com vítima;212;BR-101/ES;Norte;Colisão Transversal;2;0;0;0;0;0;0;;;;5;0;2;0;0
10/12/2016;15:14:00;266;Acidente com vítima;458;BR-101/ES;Norte;Colisão Transversal;2;0;0;0;0;0;0;;;;4;0;1;1;0
10/12/2016;15:24:00;268;Acidente sem vítima;358;BR-101/ES;Norte;Choque com Objeto Fixo;1;0;0;0;0;0;0;;;;1;0;0;0;0
10/12/2016;15:46:00;273;Acidente com vítima;297;BR-101/ES;Norte;Atropelamento Animal;0;0;0;0;1;0;0;;;;0;0;1;0;0
10/12/2016;17:19:00;296;Acidente sem vítima;271;BR-101/ES;Norte;Colisão Lateral;3;0;0;0;0;0;0;;;;4;0;0;0;0
10/12/2016;17:21:00;298;Acidente sem vítima;286;BR-101/ES;Norte;Queda de Moto;0;0;0;0;1;0;0;;;;2;0;0;0;0
10/12/2016;18:17:00;307;Acidente sem vítima;251;BR-101/ES;Sul;Colisão Transversal;1;0;0;1;0;0;0;;;;13;0;0;0;0
10/12/2016;19:17:00;318;Acidente com vítima;149;BR-101/ES;Sul;Colisão Traseira;2;0;0;0;0;0;0;;;;0;3;4;0;0
10/12/2016;22:18:00;347;Acidente com vítima;255;BR-101/ES;Sul;Queda de Moto;1;0;0;0;0;0;0;;;;1;0;1;0;0
10/12/2016;22:44:00;354;Acidente sem vítima;219;BR-101/ES;Sul;Choque com Objeto Fixo;0;0;0;0;1;0;0;;;;1;0;0;0;0
11/12/2016;00:17:00;3;Acidente com vítima;144;BR-101/ES;Sul;Colisão Traseira;1;0;0;0;1;0;0;;;;5;0;2;0;0
11/12/2016;00:24:00;4;Acidente com vítima;211,1;BR-101/ES;Norte;Queda de Moto;0;0;0;0;1;0;0;;;;0;1;0;0;0
11/12/2016;02:13:00;31;Acidente com vítima;298;BR-101/ES;Norte;Colisão Frontal;1;1;0;0;0;0;0;;;;2;0;0;1;0
11/12/2016;03:52:00;62;Acidente com vítima;157;BR-101/ES;Sul;Queda de Moto;0;0;0;0;1;0;0;;;;0;1;0;0;0
11/12/2016;06:03:00;77;Acidente sem vítima;351;BR-101/ES;Sul;Choque com Objeto Fixo;1;0;0;0;0;0;0;;;;1;0;0;0;0
11/12/2016;07:59:00;98;Acidente com vítima;302;BR-101/ES;Sul;Queda de Moto;0;0;0;0;1;0;0;;;;0;0;1;0;0
11/12/2016;09:50:00;127;Acidente com vítima;372;BR-101/ES;Sul;Queda de Moto;0;0;0;0;1;0;0;;;;0;0;1;0;0
11/12/2016;10:17:00;132;Acidente sem vítima;337;BR-101/ES;Sul;Colisão Traseira;3;0;0;0;0;0;0;;;;8;0;0;0;0
11/12/2016;12:47:00;192;Acidente sem vítima;268;BR-101/ES;Sul;Colisão Traseira;2;0;0;0;0;0;0;;;;3;0;0;0;0
11/12/2016;13:46:00;221;Acidente sem vítima;254,8;BR-101/ES;Sul;Engavetamento;3;0;0;0;0;0;0;;;;6;0;0;0;0
11/12/2016;14:19:00;226;Acidente sem vítima;423;BR-101/ES;Sul;Colisão Lateral;0;0;2;0;0;0;0;;;;1;0;0;0;0
11/12/2016;17:19:00;292;Acidente com vítima;146;BR-101/ES;Sul;Colisão Traseira;2;0;0;0;0;0;0;;;;1;2;0;0;0
11/12/2016;18:35:00;317;Acidente sem vítima;267;BR-101/ES;Sul;Colisão Traseira;2;0;0;0;0;0;0;;;;3;0;0;0;0
11/12/2016;18:56:00;321;Acidente sem vítima;367;BR-101/ES;Sul;Veículo em Chamas;0;0;0;0;1;0;0;;;;1;0;0;0;0
11/12/2016;19:01:00;322;Acidente sem vítima;324;BR-101/ES;Norte;Colisão Traseira;2;0;0;1;0;0;0;;;;36;0;0;0;0
11/12/2016;19:57:00;333;Acidente sem vítima;3;BR-101/ES;Norte;Atropelamento de Bovino;0;0;3;0;0;0;0;;;;2;0;0;0;0
11/12/2016;22:13:00;362;Acidente com vítima;399;BR-101/ES;Norte;Colisão Traseira;1;0;2;0;0;0;0;;;;4;0;1;0;0
12/12/2016;00:08:00;2;Acidente com morte;954;BR-101/BA;Sul;Tombamento;0;0;3;0;0;0;0;;;;0;0;0;0;1
12/12/2016;03:57:00;55;Acidente sem vítima;29;BR-101/ES;Sul;Tombamento;0;0;2;0;0;0;0;;;;1;0;0;0;0
12/12/2016;08:09:00;107;Acidente com vítima;102;BR-101/ES;Sul;Colisão Lateral;1;0;0;0;1;0;0;;;;1;0;1;0;0
12/12/2016;08:22:00;124;Acidente sem vítima;266;BR-101/ES;Sul;Colisão Lateral;1;1;0;0;0;0;0;;;;2;0;0;0;0
12/12/2016;08:58:00;132;Acidente com vítima;68;BR-101/ES;Sul;Colisão Lateral;1;0;0;0;1;0;0;;;;1;0;1;0;0
12/12/2016;09:29:00;145;Acidente sem vítima;126,6;BR-101/ES;Sul;Colisão Traseira;2;0;0;0;0;0;0;;;;3;0;0;0;0
12/12/2016;14:58:00;315;Acidente com morte;28,2;BR-101/ES;Sul;Engavetamento;4;0;0;0;0;0;0;;;;4;0;2;1;1
12/12/2016;15:56:00;335;Acidente sem vítima;229;BR-101/ES;Sul;Colisão Lateral;2;0;0;0;0;0;0;;;;3;0;0;0;0
12/12/2016;17:39:00;370;Acidente sem vítima;211;BR-101/ES;Sul;Colisão Traseira;0;1;2;0;0;0;0;;;;2;0;0;0;0
12/12/2016;18:20:00;377;Acidente sem vítima;269;BR-101/ES;Norte;Colisão Lateral;1;0;0;0;1;0;0;;;;2;0;0;0;0
12/12/2016;20:59:00;410;Acidente com vítima;272;BR-101/ES;Norte;Queda de ciclista;0;0;0;0;0;1;0;;;;0;0;0;1;0
13/12/2016;01:44:00;25;Atropelamento sem morte;300;BR-101/ES;Sul;Atropelamento e Fuga;1;0;0;0;0;0;0;;;;0;0;1;0;0
13/12/2016;02:39:00;32;Acidente com vítima;47;BR-101/ES;Norte;Queda de Moto;1;0;0;0;0;0;0;;;;0;0;1;0;0
13/12/2016;05:16:00;48;Acidente sem vítima;113;BR-101/ES;Norte;Atropelamento Animal;1;0;0;0;0;0;0;;;;1;0;0;0;0
13/12/2016;09:42:00;151;Acidente sem vítima;301;BR-101/ES;Sul;Capotamento;1;0;0;0;0;0;0;;;;1;0;0;0;0
13/12/2016;11:12:00;220;Acidente sem vítima;312;BR-101/ES;Sul;Colisão Traseira;1;1;0;0;0;0;0;;;;3;0;0;0;0
13/12/2016;11:14:00;224;Acidente com vítima;126;BR-101/ES;Sul;Colisão Transversal;1;1;0;0;0;0;0;;;;1;1;0;0;0
13/12/2016;14:07:00;312;Acidente sem vítima;254;BR-101/ES;Norte;Colisão Lateral;1;1;0;0;0;0;0;;;;3;0;0;0;0
13/12/2016;15:54:00;340;Acidente sem vítima;123;BR-101/ES;Sul;Saída de Pista;0;0;2;0;0;0;0;;;;1;0;0;0;0
13/12/2016;18:03:00;378;Acidente sem vítima;258;BR-101/ES;Sul;Colisão Lateral;1;0;0;0;1;0;0;;;;4;0;0;0;0
13/12/2016;22:43:00;430;Acidente com vítima;198;BR-101/ES;Sul;Queda de Moto;0;0;0;0;1;0;0;;;;0;0;2;0;0
14/12/2016;07:52:00;91;Acidente sem vítima;371;BR-101/ES;Norte;Saída de Pista;1;0;0;0;0;0;0;;;;3;0;0;0;0
14/12/2016;11:15:00;182;Acidente sem vítima;206;BR-101/ES;Norte;Colisão Traseira;1;0;2;0;0;0;0;;;;2;0;0;0;0
14/12/2016;13:17:00;228;Acidente com vítima;266;BR-101/ES;Sul;Queda de Moto;0;0;0;0;1;0;0;;;;0;1;0;0;0
14/12/2016;14:55:00;264;Acidente sem vítima;261;BR-101/ES;Sul;Saída de Pista;0;0;0;0;1;0;0;;;;1;0;0;0;0
14/12/2016;16:43:00;305;Acidente com vítima;396,5;BR-101/ES;Sul;Saída de Pista;1;0;0;0;0;0;0;;;;4;1;0;1;0
14/12/2016;16:52:00;309;Acidente com vítima;436;BR-101/ES;Norte;Colisão Transversal;2;0;0;0;0;0;0;;;;1;0;2;0;0
14/12/2016;17:37:00;320;Acidente sem vítima;396,5;BR-101/ES;Norte;Colisão Traseira;2;0;0;0;0;0;0;;;;5;0;0;0;0
14/12/2016;19:04:00;332;Acidente com vítima;401;BR-101/ES;Sul;Choque com Objeto Fixo;0;0;2;0;0;0;0;;;;2;0;1;1;0
14/12/2016;19:18:00;338;Acidente com vítima;149;BR-101/ES;Sul;Colisão Lateral;1;0;0;0;1;0;0;;;;1;2;0;0;0
14/12/2016;20:10:00;346;Acidente sem vítima;269;BR-101/ES;Sul;Colisão Traseira;1;0;2;0;0;0;0;;;;2;0;0;0;0
14/12/2016;20:29:00;350;Acidente com vítima;358;BR-101/ES;Sul;Colisão Traseira;0;2;0;0;0;0;0;;;;1;0;0;1;0
14/12/2016;22:35:00;368;Acidente com vítima;189;BR-101/ES;Norte;Colisão Traseira;0;0;0;0;2;0;0;;;;0;0;2;0;0
15/12/2016;02:38:00;43;Atropelamento com morte;67;BR-101/ES;Norte;Atropelamento;0;1;0;0;0;0;0;;;;2;0;0;0;1
15/12/2016;06:14:00;83;Acidente com vítima;296;BR-101/ES;Norte;Queda de Moto;0;0;0;0;1;0;0;;;;0;0;1;0;0
15/12/2016;11:49:00;217;Acidente sem vítima;262;BR-101/ES;Norte;Colisão Lateral;1;1;0;0;0;0;0;;;;4;0;0;0;0
15/12/2016;12:50:00;241;Acidente com vítima;264;BR-101/ES;Sul;Queda de Moto;0;0;0;0;1;0;0;;;;0;1;0;0;0
15/12/2016;15:49:00;301;Acidente com morte;374;BR-101/ES;Norte;Colisão Lateral;0;1;5;0;0;0;0;;;;2;0;0;0;1
15/12/2016;16:36:00;312;Acidente com vítima;268;BR-101/ES;Norte;Colisão Lateral;3;0;0;0;0;0;0;;;;3;0;1;0;0
15/12/2016;17:37:00;333;Acidente com vítima;254;BR-101/ES;Norte;Queda de Moto;0;0;0;0;1;0;0;;;;0;1;0;0;0
15/12/2016;22:11:00;392;Acidente com vítima;295;BR-101/ES;Norte;Colisão Traseira;2;0;0;0;0;0;0;;;;1;0;1;0;0
16/12/2016;07:36:00;95;Acidente com vítima;257;BR-101/ES;Sul;Queda de Moto;0;0;0;0;1;0;0;;;;0;1;0;0;0
16/12/2016;10:44:00;171;Acidente sem vítima;264;BR-101/ES;Norte;Colisão Traseira;0;0;2;0;1;0;0;;;;2;0;0;0;0
16/12/2016;13:15:00;249;Acidente sem vítima;208;BR-101/ES;Sul;Engavetamento;3;0;0;0;0;0;0;;;;8;0;0;0;0
16/12/2016;14:23:00;279;Acidente sem vítima;242;BR-101/ES;Norte;Choque;1;0;2;0;0;0;0;;;;2;0;0;0;0
16/12/2016;17:58:00;346;Acidente sem vítima;266,5;BR-101/ES;Sul;Colisão Traseira;2;0;0;0;0;0;0;;;;5;0;0;0;0
16/12/2016;19:21:00;368;Acidente sem vítima;22;BR-101/ES;Sul;Saída de Pista;1;0;0;0;0;0;0;;;;1;0;0;0;0
16/12/2016;19:51:00;378;Acidente com vítima;290;BR-101/ES;Norte;Colisão Transversal;1;1;0;0;0;0;0;;;;0;0;2;0;0
16/12/2016;21:22:00;401;Acidente sem vítima;212,5;BR-101/ES;Sul;Colisão Traseira;1;1;0;0;0;0;0;;;;5;0;0;0;0
16/12/2016;21:38:00;408;Acidente sem vítima;293;BR-101/ES;Sul;Capotamento;1;0;0;0;0;0;0;;;;2;0;0;0;0
16/12/2016;23:18:00;429;Acidente sem vítima;265;BR-101/ES;Sul;Saída de Pista;1;0;0;0;0;0;0;;;;1;0;0;0;0
17/12/2016;00:08:00;2;Acidente sem vítima;284;BR-101/ES;Sul;Saída de Pista;1;0;0;0;0;0;0;;;;1;0;0;0;0
17/12/2016;05:13:00;54;Acidente com vítima;298;BR-101/ES;Norte;Colisão Traseira;1;0;0;0;1;0;0;;;;1;0;1;0;0
17/12/2016;06:01:00;61;Acidente sem vítima;948;BR-101/BA;Sul;Saída de Pista;0;0;3;0;0;0;0;;;;1;0;0;0;0
17/12/2016;06:42:00;68;Acidente sem vítima;103;BR-101/ES;Sul;Saída de Pista;1;0;0;0;0;0;0;;;;2;0;0;0;0
17/12/2016;10:26:00;148;Acidente com morte;942,6;BR-101/BA;Norte;Colisão Frontal;2;0;0;0;0;0;0;;;;0;0;1;1;5
17/12/2016;10:39:00;154;Acidente sem vítima;209;BR-101/ES;Norte;Colisão Traseira;2;0;0;0;0;0;0;;;;5;0;0;0;0
17/12/2016;11:23:00;175;Acidente sem vítima;107;BR-101/ES;Norte;Colisão Lateral;1;1;0;0;0;0;0;;;;8;0;0;0;0
17/12/2016;12:15:00;199;Acidente com vítima;231;BR-101/ES;Sul;Colisão Transversal;1;0;0;0;1;0;0;;;;1;0;2;0;0
17/12/2016;12:16:00;200;Atropelamento sem morte;212;BR-101/ES;Sul;Atropelamento;1;0;0;0;0;0;0;;;;1;1;0;0;0
17/12/2016;12:53:00;217;Acidente com vítima;70;BR-101/ES;Sul;Colisão Transversal;1;0;0;0;1;0;0;;;;2;0;1;0;0
17/12/2016;16:23:00;288;Acidente sem vítima;125;BR-101/ES;Sul;Colisão;0;0;0;0;1;0;0;;;;1;0;0;0;0
17/12/2016;16:52:00;295;Acidente com morte;408;BR-101/ES;Sul;Saída de Pista;0;1;0;0;0;0;0;;;;0;0;0;0;1
17/12/2016;17:28:00;307;Acidente com vítima;181;BR-101/ES;Sul;Capotamento;1;0;0;0;0;0;0;;;;2;0;2;0;0
17/12/2016;17:43:00;313;Acidente com vítima;376;BR-101/ES;Sul;Queda de Moto;1;0;0;0;0;0;0;;;;0;1;0;0;0
17/12/2016;20:08:00;340;Acidente com vítima;95;BR-101/ES;Norte;Colisão Lateral;0;0;0;0;1;1;0;;;;0;0;2;0;0
17/12/2016;20:32:00;345;Acidente sem vítima;265;BR-101/ES;Sul;Engavetamento;3;0;0;0;0;0;0;;;;10;0;0;0;0
17/12/2016;21:09:00;350;Acidente sem vítima;376;BR-101/ES;Sul;Colisão Transversal;1;0;0;0;1;0;0;;;;4;0;0;0;0
17/12/2016;21:23:00;352;Acidente com vítima;144;BR-101/ES;Norte;Colisão Traseira;1;0;0;0;1;0;0;;;;0;1;0;0;0
17/12/2016;21:36:00;355;Acidente sem vítima;268;BR-101/ES;Norte;Queda de Moto;0;0;0;0;1;0;0;;;;1;0;0;0;0
17/12/2016;21:46:00;356;Acidente sem vítima;280,8;BR-101/ES;Sul;Veículo em Chamas;0;0;2;0;0;0;0;;;;1;0;0;0;0
17/12/2016;22:27:00;365;Acidente sem vítima;294;BR-101/ES;Norte;Colisão Lateral;2;0;0;0;0;0;0;;;;7;0;0;0;0
17/12/2016;22:49:00;375;Acidente sem vítima;270;BR-101/ES;Norte;Choque com Objeto Fixo;1;0;0;0;0;0;0;;;;1;0;0;0;0
17/12/2016;23:53:00;388;Acidente sem vítima;298;BR-101/ES;Sul;Choque com Objeto Fixo;1;0;0;0;0;0;0;;;;1;0;0;0;0
18/12/2016;05:30:00;61;Acidente com vítima;149;BR-101/ES;Norte;Colisão Transversal;2;0;0;0;0;0;0;;;;3;3;0;0;0
18/12/2016;06:03:00;64;Acidente sem vítima;259;BR-101/ES;Sul;Colisão Lateral;1;0;0;1;0;0;0;;;;4;0;0;0;0
18/12/2016;06:11:00;65;Acidente sem vítima;334;BR-101/ES;Norte;Saída de Pista;1;0;0;0;0;0;0;;;;1;0;0;0;0
18/12/2016;06:37:00;66;Acidente sem vítima;162;BR-101/ES;Sul;Saída de Pista;1;0;0;0;0;0;0;;;;3;0;0;0;0
18/12/2016;06:41:00;67;Acidente sem vítima;166;BR-101/ES;Sul;Colisão Traseira;2;0;0;0;0;0;0;;;;3;0;0;0;0
18/12/2016;07:53:00;77;Acidente sem vítima;157;BR-101/ES;Norte;Saída de Pista;1;0;1;0;0;0;0;;;;1;0;0;0;0
18/12/2016;08:10:00;81;Acidente sem vítima;66;BR-101/ES;Norte;Colisão Traseira;2;0;0;0;0;0;0;;;;11;0;0;0;0
18/12/2016;10:49:00;143;Acidente sem vítima;446;BR-101/ES;Sul;Saída de Pista;1;0;0;0;0;0;0;;;;2;0;0;0;0
18/12/2016;22:14:00;340;Acidente sem vítima;155;BR-101/ES;Norte;Saída de Pista;1;0;0;0;0;0;0;;;;1;0;0;0;0
19/12/2016;07:31:00;91;Acidente com vítima;48;BR-101/ES;Norte;Capotamento;1;0;0;0;0;0;0;;;;0;1;1;0;0
19/12/2016;12:00:00;224;Acidente com vítima;319;BR-101/ES;Sul;Tombamento;0;1;0;0;0;0;0;;;;1;0;1;0;0
19/12/2016;12:11:00;228;Acidente sem vítima;296;BR-101/ES;Sul;Veículo em Chamas;0;0;2;0;0;0;0;;;;1;0;0;0;0
19/12/2016;13:23:00;254;Acidente sem vítima;394;BR-101/ES;Sul;Colisão Lateral;1;0;2;0;0;0;0;;;;4;0;0;0;0
19/12/2016;18:09:00;331;Acidente com vítima;146;BR-101/ES;Norte;Colisão Traseira;2;0;0;0;1;0;0;;;;2;1;0;0;0
19/12/2016;19:17:00;347;Acidente sem vítima;264;BR-101/ES;Sul;Colisão Transversal;1;0;0;1;0;0;0;;;;3;0;0;0;0
20/12/2016;04:51:00;72;Acidente sem vítima;221;BR-101/ES;Norte;Engavetamento;1;2;3;0;0;0;0;;;;11;0;0;0;0
20/12/2016;08:16:00;115;Acidente sem vítima;208,7;BR-101/ES;Sul;Colisão Traseira;2;0;0;0;0;0;0;;;;2;0;0;0;0
20/12/2016;09:26:00;144;Acidente sem vítima;209;BR-101/ES;Sul;Colisão Traseira;2;0;0;0;0;0;0;;;;4;0;0;0;0
20/12/2016;15:02:00;305;Acidente sem vítima;270;BR-101/ES;Norte;Colisão Lateral;0;2;0;0;0;0;0;;;;2;0;0;0;0
20/12/2016;15:30:00;313;Acidente sem vítima;321;BR-101/ES;Sul;Colisão Traseira;1;1;1;0;0;0;0;;;;5;0;0;0;0
20/12/2016;16:43:00;341;Acidente com vítima;250;BR-101/ES;Norte;Colisão Traseira;1;0;2;0;0;0;0;;;;2;1;1;0;0
20/12/2016;16:52:00;344;Acidente com vítima;270,3;BR-101/ES;Sul;Queda de Moto;0;0;0;0;1;0;0;;;;0;0;1;0;0
20/12/2016;16:59:00;346;Acidente com vítima;147,5;BR-101/ES;Norte;Colisão Traseira;1;0;0;0;1;0;0;;;;2;1;0;0;0
20/12/2016;20:25:00;397;Acidente sem vítima;270;BR-101/ES;Norte;Colisão Transversal;2;0;0;0;0;0;0;;;;2;0;0;0;0
20/12/2016;23:42:00;421;Acidente sem vítima;148;BR-101/ES;Sul;Veículo em Chamas;1;0;0;0;0;0;0;;;;4;0;0;0;0
21/12/2016;00:11:00;3;Atropelamento sem morte;69;BR-101/ES;Sul;Atropelamento;0;0;0;0;1;0;0;;;;0;0;2;0;0
21/12/2016;03:41:00;67;Acidente sem vítima;219;BR-101/ES;Norte;Saída de Pista;1;0;0;0;0;0;0;;;;4;0;0;0;0
21/12/2016;05:37:00;87;Acidente com vítima;144;BR-101/ES;Norte;Colisão Traseira;1;1;0;1;0;0;0;;;;3;3;0;0;0
21/12/2016;07:50:00;121;Acidente sem vítima;157;BR-101/ES;Sul;Queda de Moto;0;0;0;0;1;0;0;;;;2;0;0;0;0
21/12/2016;16:31:00;359;Acidente com vítima;266;BR-101/ES;Sul;Colisão Lateral;0;0;0;1;1;0;0;;;;1;1;0;0;0
21/12/2016;19:23:00;413;Acidente sem vítima;270;BR-101/ES;Sul;Colisão Traseira;2;0;0;0;0;0;0;;;;2;0;0;0;0
21/12/2016;23:24:00;468;Acidente com vítima;45;BR-101/ES;Norte;Colisão Lateral;1;0;2;0;0;0;0;;;;4;1;1;0;0
22/12/2016;09:50:00;181;Acidente sem vítima;85;BR-101/ES;Norte;Colisão Traseira;2;0;0;0;0;0;0;;;;4;0;0;0;0
22/12/2016;12:03:00;244;Acidente com vítima;229;BR-101/ES;Norte;Colisão Lateral;3;0;0;0;0;0;0;;;;4;3;0;0;0
22/12/2016;14:26:00;300;Acidente sem vítima;257;BR-101/ES;Sul;Colisão Transversal;2;0;0;0;0;0;0;;;;5;0;0;0;0
22/12/2016;14:36:00;303;Acidente com vítima;458;BR-101/ES;Sul;Saída de Pista;1;0;0;0;0;0;0;;;;0;0;1;0;0
22/12/2016;15:20:00;314;Acidente com vítima;145;BR-101/ES;Sul;Colisão Traseira;2;0;0;0;0;0;0;;;;1;1;0;0;0
22/12/2016;16:15:00;341;Acidente sem vítima;337;BR-101/ES;Norte;Colisão Traseira;0;0;4;0;0;0;0;;;;2;0;0;0;0
22/12/2016;17:31:00;371;Acidente com vítima;271;BR-101/ES;Norte;Colisão Lateral;2;0;0;0;0;0;0;;;;4;0;2;0;0
22/12/2016;18:13:00;388;Acidente sem vítima;299;BR-101/ES;Sul;Colisão Lateral;2;0;0;0;0;0;0;;;;6;0;0;0;0
22/12/2016;20:43:00;412;Acidente sem vítima;270;BR-101/ES;Sul;Colisão Traseira;2;0;0;0;0;0;0;;;;2;0;0;0;0
22/12/2016;21:29:00;423;Acidente sem vítima;129;BR-101/ES;Sul;Veículo em Chamas;1;0;0;0;0;0;0;;;;4;0;0;0;0
23/12/2016;06:22:00;104;Acidente com vítima;135;BR-101/ES;Sul;Colisão Traseira;1;0;0;0;1;0;0;;;;1;0;1;0;0
23/12/2016;10:10:00;195;Acidente sem vítima;395;BR-101/ES;Norte;Colisão Transversal;1;0;0;0;1;0;0;;;;3;0;0;0;0
23/12/2016;10:31:00;202;Acidente com vítima;413;BR-101/ES;Norte;Colisão Transversal;2;0;0;0;0;0;0;;;;2;3;0;0;0
23/12/2016;12:01:00;245;Acidente sem vítima;127;BR-101/ES;Sul;Colisão Traseira;2;0;0;0;0;0;0;;;;6;0;0;0;0
23/12/2016;13:54:00;302;Acidente sem vítima;373;BR-101/ES;Sul;Saída de Pista;0;0;2;0;0;0;0;;;;1;0;0;0;0
23/12/2016;15:24:00;345;Acidente sem vítima;194;BR-101/ES;Norte;Choque;1;0;3;0;0;0;0;;;;2;0;0;0;0
23/12/2016;15:26:00;346;Acidente sem vítima;355;BR-101/ES;Norte;Colisão Traseira;2;0;0;0;0;0;0;;;;3;0;0;0;0
23/12/2016;15:37:00;350;Acidente com vítima;117;BR-101/ES;Sul;Queda de Moto;0;0;0;0;1;0;0;;;;0;1;0;0;0