data;horario;n_da_ocorrencia;tipo_de_ocorrencia;km;trecho;sentido;tipo_de_acidente;automovel;bicicleta;caminhao;moto;onibus;outros;tracao_animal;transporte_de_cargas_especiais;trator_maquinas;utilitarios;ilesos;levemente_feridos;moderadamente_feridos;gravemente_feridos;mortos
26/01/2017;17:16:00;453;Acidente sem vítima;270;BR-101/ES;Norte;Colisão Lateral;1;0;0;1;0;0;0;;;;5;0;0;0;0
26/01/2017;18:11:00;478;Acidente sem vítima;285;BR-101/ES;Norte;Colisão Lateral;1;0;0;0;1;0;0;;;;3;0;0;0;0
26/01/2017;20:24:00;534;Acidente sem vítima;288;BR-101/ES;Sul;Saída de Pista;1;0;0;0;0;0;0;;;;1;0;0;0;0
26/01/2017;20:25:00;536;Atropelamento sem morte;147;BR-101/ES;Norte;Atropelamento;1;0;0;0;0;0;0;;;;1;0;0;1;0
26/01/2017;22:50:00;596;Acidente com vítima;269;BR-101/ES;Sul;Colisão Traseira;2;0;0;0;0;0;0;;;;2;0;1;0;0
27/01/2017;02:37:00;64;Acidente com vítima;80,8;BR-101/ES;Sul;Colisão Traseira;1;1;0;0;0;0;0;;;;2;0;0;1;0
27/01/2017;05:05:00;103;Acidente sem vítima;421,4;BR-101/ES;Norte;Colisão Lateral;2;0;0;0;0;0;0;;;;8;0;0;0;0
27/01/2017;06:30:00;119;Acidente com morte;59,5;BR-101/ES;Norte;Colisão Lateral;2;0;0;0;0;0;0;;;;1;0;2;2;2
27/01/2017;08:35:00;174;Acidente sem vítima;395,5;BR-101/ES;Norte;Tombamento;3;0;0;0;0;0;0;;;;5;0;0;0;0
27/01/2017;09:16:00;194;Acidente sem vítima;146,8;BR-101/ES;Sul;Colisão Traseira;2;0;0;0;0;0;0;;;;5;0;0;0;0
27/01/2017;13:25:00;356;Acidente com vítima;246;BR-101/ES;Norte;Saída de Pista;1;0;0;0;0;0;0;;;;2;1;1;0;0
27/01/2017;16:24:00;439;Acidente sem vítima;297;BR-101/ES;Sul;Capotamento;1;0;2;0;0;0;0;;;;3;0;0;0;0
27/01/2017;19:34:00;497;Acidente com vítima;181;BR-101/ES;Sul;Colisão Traseira;1;0;0;0;0;1;0;;;;3;1;0;0;0
27/01/2017;20:20:00;518;Atropelamento sem morte;254;BR-101/ES;Sul;Atropelamento;1;0;0;0;1;0;0;;;;2;3;0;0;0
27/01/2017;23:12:00;594;Acidente com vítima;32;BR-101/ES;Sul;Colisão Traseira;1;1;0;0;0;0;0;;;;2;0;1;1;0
28/01/2017;05:49:00;114;Acidente sem vítima;152;BR-101/ES;Sul;Colisão Traseira;1;1;0;0;0;0;0;;;;2;0;0;0;0
28/01/2017;07:48:00;149;Acidente sem vítima;233;BR-101/ES;Norte;Colisão Traseira;2;0;0;0;0;0;0;;;;6;0;0;0;0
28/01/2017;08:17:00;155;Acidente com morte;439;BR-101/ES;Sul;Colisão Transversal;0;0;2;0;1;0;0;;;;1;0;0;0;1
28/01/2017;09:09:00;176;Acidente com vítima;288;BR-101/ES;Norte;Colisão Lateral;2;0;0;0;0;0;0;;;;2;0;1;0;0
28/01/2017;09:42:00;189;Acidente sem vítima;229;BR-101/ES;Norte;Saída de Pista;1;0;0;0;0;0;0;;;;3;0;0;0;0
28/01/2017;19:28:00;410;Acidente com vítima;274;BR-101/ES;Norte;Queda de Moto;0;0;0;0;1;0;0;;;;0;0;1;0;0
28/01/2017;20:06:00;423;Acidente com vítima;253;BR-101/ES;Sul;Queda de Moto;0;0;0;0;1;0;0;;;;0;1;0;0;0
28/01/2017;21:52:00;465;Acidente com vítima;129;BR-101/ES;Sul;Choque com Objeto Fixo;0;0;0;0;1;0;0;;;;0;0;1;0;0
28/01/2017;23:33:00;493;Acidente sem vítima;272;BR-101/ES;Norte;Saída de Pista;1;0;0;0;0;0;0;;;;2;0;0;0;0
29/01/2017;00:54:00;22;Acidente com vítima;268;BR-101/ES;Sul;Choque com Objeto Fixo;1;0;0;0;0;0;0;;;;0;1;0;0;0
29/01/2017;06:56:00;128;Acidente sem vítima;276;BR-101/ES;Norte;Saída de Pista;1;0;0;0;0;0;0;;;;1;0;0;0;0
29/01/2017;07:25:00;138;Acidente com vítima;376;BR-101/ES;Norte;Colisão Transversal;2;0;0;1;0;0;0;;;;20;0;0;1;0
29/01/2017;11:50:00;236;Acidente sem vítima;295;BR-101/ES;Sul;Colisão Traseira;2;0;0;0;0;0;0;;;;4;0;0;0;0
29/01/2017;12:41:00;264;Acidente com vítima;146;BR-101/ES;Norte;Colisão Traseira;1;0;0;0;1;0;0;;;;4;1;0;0;0
29/01/2017;15:04:00;317;Acidente sem vítima;301;BR-101/ES;Norte;Engavetamento;4;0;0;0;0;0;0;;;;9;0;0;0;0
29/01/2017;15:58:00;331;Acidente sem vítima;457;BR-101/ES;Sul;Colisão Transversal;2;0;0;0;0;0;0;;;;6;0;0;0;0
29/01/2017;16:11:00;338;Acidente sem vítima;329;BR-101/ES;Sul;Saída de Pista;1;0;0;0;0;0;0;;;;2;0;0;0;0
29/01/2017;16:32:00;343;Atropelamento com morte;256;BR-101/ES;Norte;Atropelamento;1;0;0;0;0;0;0;;;;1;0;0;0;1
29/01/2017;17:42:00;368;Acidente sem vítima;458;BR-101/ES;Sul;Colisão Transversal;2;0;0;0;0;0;0;;;;4;0;0;0;0
29/01/2017;19:39:00;403;Acidente com vítima;201,7;BR-101/ES;Sul;Colisão Lateral;1;0;0;0;1;0;0;;;;0;0;1;0;0
29/01/2017;20:34:00;430;Acidente com vítima;332;BR-101/ES;Norte;Atropelamento de Bovino;0;0;0;0;2;0;0;;;;0;1;1;0;0
29/01/2017;20:36:00;432;Acidente com vítima;375,5;BR-101/ES;Norte;Colisão Lateral;2;0;0;0;0;0;0;;;;1;0;1;0;0
29/01/2017;21:59:00;465;Acidente com vítima;203,5;BR-101/ES;Sul;Engavetamento;3;0;0;0;0;0;0;;;;9;1;0;0;0
30/01/2017;00:17:00;9;Acidente sem vítima;46;BR-101/ES;Norte;Saída de Pista;1;0;0;0;0;0;0;;;;3;0;0;0;0
30/01/2017;05:13:00;83;Acidente com vítima;29,3;BR-101/ES;Sul;Tombamento;0;0;4;0;0;0;0;;;;0;0;1;0;0
30/01/2017;05:58:00;88;Acidente sem vítima;265;BR-101/ES;Norte;Colisão Traseira;2;0;0;0;0;0;0;;;;2;0;0;0;0
30/01/2017;07:56:00;115;Acidente com vítima;268;BR-101/ES;Sul;Colisão Traseira;1;0;0;0;1;0;0;;;;2;0;1;0;0
30/01/2017;10:50:00;189;Acidente com vítima;257;BR-101/ES;Norte;Colisão Traseira;1;0;0;0;1;0;0;;;;1;0;1;0;0
30/01/2017;11:16:00;222;Acidente sem vítima;295;BR-101/ES;Norte;Colisão Traseira;2;0;0;0;0;0;0;;;;4;0;0;0;0
30/01/2017;13:22:00;288;Acidente sem vítima;270;BR-101/ES;Norte;Colisão Traseira;2;0;0;0;0;0;0;;;;2;0;0;0;0
30/01/2017;15:20:00;332;Acidente com vítima;203;BR-101/ES;Sul;Colisão Traseira;1;0;0;0;1;0;0;;;;3;0;1;0;0
30/01/2017;15:40:00;335;Acidente sem vítima;265;BR-101/ES;Norte;Colisão Traseira;2;0;0;0;0;0;0;;;;4;0;0;0;0
30/01/2017;16:47:00;352;Acidente sem vítima;293;BR-101/ES;Norte;Colisão Lateral;1;0;1;0;0;0;0;;;;3;0;0;0;0
30/01/2017;17:55:00;388;Acidente com vítima;270;BR-101/ES;Norte;Engavetamento;2;1;1;0;0;0;0;;;;5;0;1;0;0
30/01/2017;18:17:00;393;Acidente sem vítima;269;BR-101/ES;Sul;Engavetamento;3;0;0;0;0;0;0;;;;3;0;0;0;0
31/01/2017;08:02:00;143;Acidente com vítima;268;BR-101/ES;Norte;Queda de Moto;0;0;0;0;1;0;0;;;;0;1;0;0;0
31/01/2017;08:04:00;144;Acidente sem vítima;246;BR-101/ES;Sul;Colisão Traseira;1;0;3;0;0;0;0;;;;2;0;0;0;0
31/01/2017;11:27:00;256;Acidente com vítima;277;BR-101/ES;Norte;Queda de Moto;0;0;0;0;1;0;0;;;;0;0;2;0;0
31/01/2017;13:22:00;316;Acidente sem vítima;242;BR-101/ES;Norte;Colisão Traseira;1;0;0;1;0;0;0;;;;5;0;0;0;0
31/01/2017;15:21:00;356;Acidente sem vítima;234;BR-101/ES;Norte;Colisão Frontal;2;0;0;0;0;0;0;;;;3;0;0;0;0
31/01/2017;16:37:00;393;Acidente com vítima;66;BR-101/ES;Sul;Colisão Lateral;1;0;0;0;1;0;0;;;;1;2;0;0;0
01/02/2017;07:17:00;141;Acidente sem vítima;290;BR-101/ES;Norte;Engavetamento;3;0;0;0;0;0;0;;;;6;0;0;0;0
01/02/2017;07:21:00;143;Acidente com vítima;306;BR-101/ES;Norte;Colisão Lateral;1;1;1;0;0;0;0;;;;0;1;0;1;0
01/02/2017;08:53:00;177;Acidente sem vítima;127,8;BR-101/ES;Sul;Colisão Lateral;2;0;0;0;0;0;0;;;;2;0;0;0;0
01/02/2017;13:31:00;329;Acidente com vítima;400;BR-101/ES;Sul;Capotamento;1;0;0;0;0;0;0;;;;2;0;1;0;0
01/02/2017;20:15:00;470;Acidente sem vítima;321;BR-101/ES;Norte;Colisão Lateral;0;1;2;0;0;0;0;;;;2;0;0;0;0
01/02/2017;20:43:00;479;Acidente com vítima;212;BR-101/ES;Norte;Atropelamento Animal;0;0;0;0;1;0;0;;;;0;1;0;0;0
01/02/2017;23:55:00;563;Acidente com morte;413;BR-101/ES;Norte;Colisão Traseira;0;1;0;0;1;0;0;;;;1;0;0;0;1
02/02/2017;04:35:00;89;Acidente sem vítima;384;BR-101/ES;Sul;Colisão Traseira;1;0;2;0;0;0;0;;;;2;0;0;0;0
02/02/2017;07:45:00;145;Acidente sem vítima;73;BR-101/ES;Sul;Colisão Transversal;2;0;0;0;0;0;0;;;;3;0;0;0;0
02/02/2017;08:24:00;169;Acidente com vítima;146;BR-101/ES;Sul;Queda de ciclista;0;0;0;0;0;1;0;;;;0;0;1;0;0
02/02/2017;08:44:00;180;Acidente com vítima;292;BR-101/ES;Sul;Queda de Moto;0;0;0;0;1;0;0;;;;0;0;2;0;0
02/02/2017;11:47:00;309;Acidente com vítima;147,5;BR-101/ES;Sul;Colisão Traseira;2;0;0;0;0;0;0;;;;2;1;0;0;0
02/02/2017;13:17:00;373;Acidente com vítima;444;BR-101/ES;Norte;Colisão Traseira;1;1;0;0;0;0;0;;;;1;2;0;0;0
02/02/2017;13:50:00;387;Acidente com morte;210;BR-101/ES;Sul;Colisão Traseira;2;0;0;0;0;0;0;;;;0;1;1;0;4
02/02/2017;17:20:00;456;Acidente com vítima;230;BR-101/ES;Norte;Colisão Lateral;0;0;1;0;0;1;0;;;;0;0;1;0;0
02/02/2017;17:42:00;464;Acidente com vítima;248;BR-101/ES;Sul;Colisão Lateral;2;0;0;0;0;0;0;;;;2;1;0;0;0
02/02/2017;18:42:00;477;Acidente sem vítima;223;BR-101/ES;Sul;Colisão Lateral;0;0;4;0;0;1;0;;;;3;0;0;0;0
02/02/2017;21:33:00;540;Atropelamento sem morte;257;BR-101/ES;Sul;Atropelamento e Fuga;1;0;0;0;0;0;0;;;;0;0;1;0;0
03/02/2017;06:15:00;121;Acidente sem vítima;176;BR-101/ES;Norte;Colisão Traseira;1;1;0;0;0;0;0;;;;5;0;0;0;0
03/02/2017;06:51:00;124;Acidente sem vítima;315;BR-101/ES;Sul;Saída de Pista;1;0;0;0;0;0;0;;;;4;0;0;0;0
03/02/2017;06:51:00;125;Acidente sem vítima;264;BR-101/ES;Sul;Colisão Traseira;1;0;0;0;1;0;0;;;;4;0;0;0;0
03/02/2017;07:18:00;133;Acidente sem vítima;264;BR-101/ES;Sul;Colisão Traseira;3;0;0;0;0;0;0;;;;5;0;0;0;0
03/02/2017;13:00:00;320;Acidente sem vítima;283;BR-101/ES;Sul;Queda de Moto;0;0;0;0;1;0;0;;;;1;0;0;0;0
03/02/2017;13:23:00;331;Acidente sem vítima;270;BR-101/ES;Norte;Colisão Traseira;1;1;0;0;0;0;0;;;;2;0;0;0;0
03/02/2017;14:43:00;371;Acidente sem vítima;266;BR-101/ES;Norte;Colisão Traseira;2;0;0;0;0;0;0;;;;5;0;0;0;0
03/02/2017;15:49:00;395;Acidente sem vítima;458;BR-101/ES;Norte;Saída de Pista;1;0;0;0;0;0;0;;;;4;0;0;0;0
03/02/2017;16:33:00;408;Acidente sem vítima;450;BR-101/ES;Sul;Saída de Pista;0;0;2;0;0;0;0;;;;3;0;0;0;0
03/02/2017;17:20:00;424;Acidente sem vítima;394;BR-101/ES;Norte;Colisão Frontal;2;0;0;0;0;0;0;;;;2;0;0;0;0
03/02/2017;18:32:00;442;Acidente com vítima;329;BR-101/ES;Sul;Colisão Lateral;1;0;3;0;0;0;0;;;;2;0;0;1;0
03/02/2017;21:05:00;493;Acidente sem vítima;244;BR-101/ES;Sul;Saída de Pista;1;0;0;0;0;0;0;;;;3;0;0;0;0
03/02/2017;22:09:00;522;Acidente sem vítima;244;BR-101/ES;Sul;Saída de Pista;1;0;0;0;0;0;0;;;;1;0;0;0;0
03/02/2017;23:31:00;550;Acidente sem vítima;238,1;BR-101/ES;Sul;Choque com Objeto Fixo;1;0;0;0;0;0;0;;;;3;0;0;0;0
04/02/2017;00:32:00;15;Acidente sem vítima;461;BR-101/ES;Norte;Choque com Objeto Fixo;1;0;0;0;0;0;0;;;;1;0;0;0;0
04/02/2017;01:40:00;47;Acidente com morte;344;BR-101/ES;Sul;Colisão Frontal;1;1;0;0;0;0;0;;;;1;0;0;1;1
04/02/2017;04:48:00;96;Acidente sem vítima;293;BR-101/ES;Norte;Saída de Pista;1;0;0;0;0;0;0;;;;4;0;0;0;0
04/02/2017;05:10:00;98;Acidente sem vítima;293;BR-101/ES;Sul;Saída de Pista;1;0;0;0;0;0;0;;;;1;0;0;0;0
04/02/2017;09:16:00;159;Acidente com morte;447,9;BR-101/ES;Sul;Tombamento;0;0;2;0;0;0;0;;;;0;0;0;1;1
04/02/2017;11:31:00;217;Acidente com vítima;429;BR-101/ES;Sul;Queda de Moto;0;0;0;0;1;0;0;;;;0;0;1;0;0
04/02/2017;11:51:00;234;Acidente com vítima;359;BR-101/ES;Sul;Colisão Lateral;0;0;0;0;1;0;0;;;;0;0;1;0;0
04/02/2017;14:41:00;310;Acidente sem vítima;345;BR-101/ES;Sul;Colisão Lateral;2;0;0;0;0;0;0;;;;8;0;0;0;0
04/02/2017;14:51:00;318;Acidente com vítima;371;BR-101/ES;Sul;Saída de Pista;0;1;0;0;0;0;0;;;;0;1;0;0;0
04/02/2017;16:01:00;336;Acidente com vítima;257;BR-101/ES;Norte;Queda de Moto;0;0;0;0;1;0;0;;;;0;0;1;0;0
04/02/2017;17:41:00;363;Acidente sem vítima;301;BR-101/ES;Sul;Colisão Traseira;3;0;0;0;0;0;0;;;;7;0;0;0;0
04/02/2017;18:09:00;372;Acidente sem vítima;369;BR-101/ES;Sul;Saída de Pista;1;0;0;0;0;0;0;;;;3;0;0;0;0
04/02/2017;22:15:00;459;Acidente sem vítima;255;BR-101/ES;Sul;Queda de Moto;0;0;0;0;1;0;0;;;;1;0;0;0;0
05/02/2017;03:15:00;73;Acidente com vítima;233;BR-101/ES;Sul;Saída de Pista;1;0;0;0;0;0;0;;;;6;1;0;0;0
05/02/2017;04:31:00;94;Acidente sem vítima;308;BR-101/ES;Sul;Saída de Pista;1;0;0;0;0;0;0;;;;1;0;0;0;0
05/02/2017;11:26:00;195;Acidente sem vítima;254;BR-101/ES;Sul;Colisão Transversal;2;0;0;0;0;0;0;;;;5;0;0;0;0
05/02/2017;12:39:00;234;Acidente com vítima;298,5;BR-101/ES;Norte;Colisão Lateral;2;0;0;0;0;0;0;;;;3;0;1;0;0
05/02/2017;13:09:00;247;Acidente sem vítima;237;BR-101/ES;Sul;Queda de Moto;0;0;0;0;1;0;0;;;;1;0;0;0;0
05/02/2017;15:13:00;291;Acidente com vítima;261;BR-101/ES;Sul;Queda de Moto;0;0;0;0;1;0;0;;;;0;1;0;0;0
05/02/2017;15:24:00;300;Acidente sem vítima;264;BR-101/ES;Norte;Colisão Traseira;1;1;0;0;0;0;0;;;;3;0;0;0;0
05/02/2017;17:05:00;325;Acidente com vítima;65;BR-101/ES;Sul;Colisão Lateral;1;1;0;0;0;0;0;;;;4;0;1;0;0
05/02/2017;22:17:00;432;Acidente com vítima;146;BR-101/ES;Norte;Colisão Transversal;1;0;0;0;1;0;0;;;;1;1;0;0;0
06/02/2017;06:08:00;106;Acidente sem vítima;297;BR-101/ES;Norte;Colisão Traseira;2;0;0;0;0;0;0;;;;2;0;0;0;0
06/02/2017;07:36:00;124;Acidente sem vítima;270;BR-101/ES;Norte;Colisão Traseira;2;0;0;0;0;0;0;;;;2;0;0;0;0
06/02/2017;08:34:00;138;Acidente sem vítima;278;BR-101/ES;Sul;Choque com Objeto Fixo;0;1;0;0;0;0;0;;;;1;0;0;0;0
06/02/2017;12:02:00;265;Acidente sem vítima;359;BR-101/ES;Norte;Saída de Pista;1;0;0;0;0;0;0;;;;5;0;0;0;0
06/02/2017;13:20:00;291;Acidente sem vítima;281;BR-101/ES;Sul;Saída de Pista;0;1;0;0;0;0;0;;;;1;0;0;0;0
06/02/2017;13:40:00;304;Acidente com vítima;267;BR-101/ES;Norte;Colisão Transversal;1;0;0;0;1;0;0;;;;1;0;1;0;0
06/02/2017;13:55:00;310;Acidente com vítima;28;BR-101/ES;Norte;Saída de Pista;1;0;0;0;0;0;0;;;;3;1;0;0;0
06/02/2017;16:26:00;362;Acidente sem vítima;253;BR-101/ES;Norte;Saída de Pista;1;0;0;0;0;0;0;;;;1;0;0;0;0
06/02/2017;16:30:00;363;Acidente sem vítima;273;BR-101/ES;Norte;Colisão Traseira;1;0;2;0;0;0;0;;;;2;0;0;0;0
06/02/2017;21:20:00;433;Acidente sem vítima;458;BR-101/ES;Norte;Saída de Pista;1;0;0;0;0;0;0;;;;2;0;0;0;0
06/02/2017;21:41:00;436;Acidente com vítima;295;BR-101/ES;Sul;Queda de Moto;0;0;0;0;1;0;0;;;;0;0;1;0;0
07/02/2017;06:27:00;90;Acidente sem vítima;301;BR-101/ES;Norte;Colisão Transversal;1;1;0;1;0;0;0;;;;26;0;0;0;0
07/02/2017;13:35:00;276;Acidente sem vítima;265;BR-101/ES;Sul;Engavetamento;3;0;0;0;0;0;0;;;;3;0;0;0;0
07/02/2017;14:33:00;292;Acidente com vítima;295;BR-101/ES;Norte;Colisão Traseira;0;0;0;0;2;0;0;;;;1;0;1;0;0
08/02/2017;03:57:00;61;Acidente sem vítima;945;BR-101/BA;Sul;Choque com Objeto Fixo;1;0;0;0;0;0;0;;;;4;0;0;0;0
08/02/2017;06:18:00;75;Acidente com vítima;216;BR-101/ES;Norte;Colisão Frontal;1;0;0;0;1;0;0;;;;1;0;1;0;0
08/02/2017;06:27:00;76;Acidente com vítima;285;BR-101/ES;Sul;Queda de ciclista;0;0;0;0;0;1;0;;;;0;0;1;0;0
08/02/2017;08:19:00;91;Acidente sem vítima;242;BR-101/ES;Norte;Choque com Objeto Fixo;1;0;0;0;0;0;0;;;;2;0;0;0;0
08/02/2017;09:11:00;101;Acidente sem vítima;270;BR-101/ES;Sul;Colisão Traseira;1;1;0;0;0;0;0;;;;2;0;0;0;0
08/02/2017;09:12:00;103;Acidente sem vítima;383;BR-101/ES;Sul;Colisão Transversal;2;0;0;0;0;0;0;;;;4;0;0;0;0
08/02/2017;13:56:00;249;Acidente com vítima;305;BR-101/ES;Norte;Colisão Transversal;1;0;0;0;1;0;0;;;;4;2;0;0;0
08/02/2017;16:20:00;287;Acidente com vítima;147;BR-101/ES;Sul;Colisão Transversal;1;0;0;0;1;0;0;;;;1;1;0;0;0
08/02/2017;16:23:00;288;Acidente sem vítima;282;BR-101/ES;Sul;Choque com Objeto Fixo;1;0;0;0;0;0;0;;;;3;0;0;0;0
08/02/2017;17:03:00;293;Atropelamento sem morte;219;BR-101/ES;Norte;Atropelamento e Fuga;0;0;0;0;1;0;0;;;;0;0;1;0;0
08/02/2017;18:43:00;312;Acidente sem vítima;257,8;BR-101/ES;Sul;Colisão Traseira;2;0;0;0;0;0;0;;;;3;0;0;0;0
09/02/2017;13:02:00;268;Acidente com vítima;293;BR-101/ES;Sul;Colisão Transversal;1;0;0;0;1;0;0;;;;0;0;0;2;0
09/02/2017;14:44:00;294;Acidente sem vítima;430;BR-101/ES;Sul;Tombamento;1;0;0;0;0;0;0;;;;1;0;0;0;0
09/02/2017;15:31:00;304;Acidente sem vítima;199;BR-101/ES;Norte;Saída de Pista;1;0;0;0;0;0;0;;;;4;0;0;0;0
09/02/2017;17:39:00;346;Acidente sem vítima;138;BR-101/ES;Sul;Queda de Moto;0;0;0;0;1;0;0;;;;1;0;0;0;0
09/02/2017;18:07:00;355;Acidente com vítima;148;BR-101/ES;Norte;Colisão Lateral;0;1;1;0;1;0;0;;;;1;2;0;0;0
09/02/2017;21:15:00;406;Acidente sem vítima;93,3;BR-101/ES;Norte;Veículo em Chamas;1;0;0;0;0;0;0;;;;1;0;0;0;0
09/02/2017;22:16:00;429;Acidente com vítima;66;BR-101/ES;Sul;Choque com Objeto Fixo;1;0;0;0;0;0;0;;;;0;0;1;4;0
10/02/2017;02:21:00;58;Acidente com vítima;296;BR-101/ES;Norte;Choque com Objeto Fixo;1;0;0;0;0;0;0;;;;0;1;0;0;0
10/02/2017;06:07:00;95;Acidente com vítima;213;BR-101/ES;Norte;Queda de Moto;0;0;0;0;1;0;0;;;;0;1;0;0;0
10/02/2017;06:50:00;96;Acidente com vítima;294;BR-101/ES;Sul;Tombamento;0;1;0;0;0;0;0;;;;0;1;0;0;0
10/02/2017;07:41:00;111;Acidente sem vítima;266;BR-101/ES;Sul;Engavetamento;3;0;0;0;0;0;0;;;;4;0;0;0;0
10/02/2017;09:09:00;133;Acidente com vítima;271;BR-101/ES;Norte;Colisão;0;1;0;0;0;1;0;;;;1;0;1;0;0
10/02/2017;11:05:00;185;Acidente com vítima;301,5;BR-101/ES;Norte;Colisão Traseira;2;0;0;0;0;0;0;;;;3;1;0;0;0
10/02/2017;11:51:00;215;Acidente sem vítima;146;BR-101/ES;Norte;Colisão Traseira;1;1;0;0;0;0;0;;;;4;0;0;0;0
10/02/2017;13:36:00;301;Acidente sem vítima;446;BR-101/ES;Sul;Colisão Traseira;2;0;0;0;0;0;0;;;;2;0;0;0;0
10/02/2017;17:06:00;371;Acidente sem vítima;188;BR-101/ES;Sul;Saída de Pista;1;0;0;0;0;0;0;;;;1;0;0;0;0
10/02/2017;17:12:00;373;Acidente com vítima;213;BR-101/ES;Sul;Colisão Frontal;2;0;0;0;0;0;0;;;;0;1;1;1;0
10/02/2017;17:48:00;380;Acidente sem vítima;271;BR-101/ES;Sul;Colisão Transversal;1;0;0;0;1;0;0;;;;2;0;0;0;0
10/02/2017;18:24:00;392;Acidente com vítima;39;BR-101/ES;Sul;Queda de Moto;0;0;0;0;1;0;0;;;;0;0;2;0;0
10/02/2017;21:07:00;434;Acidente com vítima;266;BR-101/ES;Norte;Colisão Transversal;2;0;0;0;0;0;0;;;;1;1;1;0;0
11/02/2017;02:13:00;53;Acidente com morte;149;BR-101/ES;Norte;Colisão Transversal;1;0;2;0;0;0;0;;;;2;1;0;0;1
11/02/2017;02:32:00;60;Acidente com vítima;345;BR-101/ES;Sul;Saída de Pista;0;0;2;0;0;0;0;;;;0;1;0;0;0
11/02/2017;10:17:00;151;Acidente com vítima;3;BR-101/ES;Sul;Saída de Pista;1;0;0;0;0;0;0;;;;1;0;1;0;0
11/02/2017;10:55:00;170;Acidente sem vítima;246;BR-101/ES;Norte;Saída de Pista;1;0;0;0;0;0;0;;;;1;0;0;0;0
11/02/2017;15:29:00;304;Acidente sem vítima;241;BR-101/ES;Sul;Saída de Pista;1;0;0;0;0;0;0;;;;1;0;0;0;0
11/02/2017;18:08:00;344;Acidente sem vítima;280;BR-101/ES;Sul;Capotamento;1;0;0;0;0;0;0;;;;1;0;0;0;0
12/02/2017;11:09:00;167;Acidente com vítima;298;BR-101/ES;Sul;Colisão Traseira;2;0;0;0;0;0;0;;;;2;4;0;0;0
12/02/2017;14:11:00;243;Acidente com vítima;18;BR-101/ES;Norte;Tombamento;0;1;0;0;0;0;0;;;;0;0;2;0;0
12/02/2017;17:51:00;288;Acidente com vítima;261;BR-101/ES;Sul;Queda de Moto;1;0;0;0;0;0;0;;;;0;0;1;0;0
12/02/2017;18:52:00;300;Acidente com vítima;146;BR-101/ES;Norte;Colisão;1;0;0;0;0;1;0;;;;1;0;1;0;0
13/02/2017;06:08:00;105;Acidente sem vítima;144;BR-101/ES;Norte;Engavetamento;0;2;2;0;0;0;0;;;;3;0;0;0;0
13/02/2017;06:14:00;106;Acidente com vítima;380;BR-101/ES;Norte;Colisão Transversal;1;0;2;0;0;0;0;;;;0;2;0;0;0
13/02/2017;07:04:00;112;Acidente sem vítima;247;BR-101/ES;Sul;Colisão Traseira;2;1;0;0;0;0;0;;;;5;0;0;0;0
13/02/2017;07:12:00;116;Acidente sem vítima;146;BR-101/ES;Norte;Colisão Traseira;2;0;0;0;0;0;0;;;;2;0;0;0;0
13/02/2017;08:04:00;125;Acidente sem vítima;279;BR-101/ES;Norte;Saída de Pista;1;0;0;0;0;0;0;;;;1;0;0;0;0
13/02/2017;10:41:00;224;Acidente sem vítima;271;BR-101/ES;Norte;Colisão Lateral;1;0;3;0;0;0;0;;;;2;0;0;0;0
13/02/2017;15:13:00;364;Acidente sem vítima;294;BR-101/ES;Norte;Colisão Traseira;2;0;0;0;0;0;0;;;;2;0;0;0;0
13/02/2017;16:19:00;391;Acidente sem vítima;399;BR-101/ES;Norte;Choque com Objeto Fixo;1;0;0;0;0;0;0;;;;1;0;0;0;0
13/02/2017;16:41:00;401;Acidente com vítima;258;BR-101/ES;Sul;Queda de Moto;1;0;0;0;0;0;0;;;;0;0;2;0;0
13/02/2017;17:17:00;410;Acidente sem vítima;213;BR-101/ES;Sul;Colisão Transversal;1;0;2;0;0;0;0;;;;3;0;0;0;0
13/02/2017;17:58:00;422;Acidente sem vítima;292;BR-101/ES;Sul;Colisão Traseira;2;0;0;0;0;0;0;;;;3;0;0;0;0
13/02/2017;18:21:00;429;Acidente com vítima;263;BR-101/ES;Norte;Queda de Moto;0;0;0;0;1;0;0;;;;0;1;1;0;0
13/02/2017;21:31:00;487;Acidente sem vítima;175;BR-101/ES;Norte;Saída de Pista;1;0;0;0;0;0;0;;;;1;0;0;0;0
13/02/2017;23:31:00;521;Acidente com vítima;261;BR-101/ES;Sul;Saída de Pista;1;0;0;0;0;0;0;;;;0;0;0;1;0
14/02/2017;07:56:00;145;Acidente sem vítima;361;BR-101/ES;Sul;Capotamento;1;0;0;0;0;0;0;;;;1;0;0;0;0
14/02/2017;10:20:00;235;Acidente sem vítima;285;BR-101/ES;Sul;Colisão Traseira;2;0;0;0;0;0;0;;;;2;0;0;0;0
14/02/2017;11:20:00;274;Acidente com vítima;297;BR-101/ES;Sul;Colisão Transversal;1;0;0;0;1;0;0;;;;0;0;0;2;0
14/02/2017;13:21:00;352;Acidente sem vítima;266;BR-101/ES;Norte;Colisão Lateral;1;0;3;0;0;0;0;;;;3;0;0;0;0
14/02/2017;14:59:00;380;Acidente sem vítima;271;BR-101/ES;Norte;Veículo em Chamas;1;0;1;0;0;0;0;;;;2;0;0;0;0
14/02/2017;16:25:00;417;Acidente sem vítima;267;BR-101/ES;Norte;Colisão Traseira;2;0;0;0;0;0;0;;;;7;0;0;0;0