data;horario;n_da_ocorrencia;tipo_de_ocorrencia;km;trecho;sentido;tipo_de_acidente;automovel;bicicleta;caminhao;moto;onibus;outros;tracao_animal;transporte_de_cargas_especiais;trator_maquinas;utilitarios;ilesos;levemente_feridos;moderadamente_feridos;gravemente_feridos;mortos
15/02/2017;08:16:00;137;Acidente com vítima;14;BR-101/ES;Norte;Saída de Pista;1;0;0;0;0;0;0;;;;0;0;1;0;0
15/02/2017;08:40:00;151;Acidente sem vítima;67;BR-101/ES;Sul;Colisão Traseira;0;0;4;0;0;0;0;;;;2;0;0;0;0
15/02/2017;11:16:00;260;Acidente sem vítima;288;BR-101/ES;Sul;Colisão Lateral;2;0;2;0;0;0;0;;;;3;0;0;0;0
15/02/2017;11:22:00;264;Acidente sem vítima;358;BR-101/ES;Norte;Saída de Pista;1;0;0;0;0;0;0;;;;1;0;0;0;0
15/02/2017;11:28:00;266;Acidente sem vítima;271;BR-101/ES;Norte;Colisão Traseira;1;0;2;0;0;0;0;;;;3;0;0;0;0
15/02/2017;15:22:00;370;Acidente sem vítima;274,5;BR-101/ES;Sul;Choque com Objeto Fixo;1;0;0;0;0;0;0;;;;1;0;0;0;0
16/02/2017;05:19:00;97;Acidente sem vítima;212;BR-101/ES;Sul;Colisão Traseira;0;0;5;0;0;0;0;;;;3;0;0;0;0
16/02/2017;13:22:00;310;Acidente com vítima;417;BR-101/ES;Norte;Colisão Lateral;1;1;0;0;0;0;0;;;;2;2;2;0;0
16/02/2017;14:32:00;335;Acidente com morte;267;BR-101/ES;Norte;Colisão Lateral;0;1;0;0;1;0;0;;;;1;0;1;0;1
16/02/2017;17:10:00;375;Acidente com vítima;162;BR-101/ES;Norte;Colisão Traseira;1;0;0;0;1;0;0;;;;3;1;0;0;0
16/02/2017;22:27:00;472;Acidente com vítima;460;BR-101/ES;Sul;Colisão Lateral;0;1;3;0;0;0;0;;;;0;1;2;0;0
17/02/2017;00:31:00;12;Atropelamento com morte;266;BR-101/ES;Sul;Atropelamento e Fuga;1;0;0;0;0;0;0;;;;0;0;0;0;1
17/02/2017;06:55:00;117;Acidente sem vítima;208;BR-101/ES;Norte;Colisão Lateral;0;2;2;0;0;0;0;;;;3;0;0;0;0
17/02/2017;11:04:00;238;Acidente com vítima;137;BR-101/ES;Norte;Saída de Pista;1;0;0;0;0;0;0;;;;0;1;0;0;0
17/02/2017;13:19:00;321;Acidente com vítima;351;BR-101/ES;Norte;Colisão Lateral;2;0;0;0;0;0;0;;;;0;1;1;0;0
17/02/2017;14:32:00;356;Acidente com morte;110;BR-101/ES;Norte;Saída de Pista;1;0;0;0;0;0;0;;;;0;0;2;2;1
17/02/2017;15:36:00;373;Acidente sem vítima;422;BR-101/ES;Norte;Tombamento;0;1;0;0;0;0;0;;;;1;0;0;0;0
17/02/2017;18:15:00;418;Acidente com vítima;68;BR-101/ES;Norte;Queda de Moto;0;0;0;0;1;0;0;;;;0;0;1;0;0
17/02/2017;21:16:00;473;Acidente sem vítima;194;BR-101/ES;Norte;Capotamento;1;0;0;0;0;0;0;;;;1;0;0;0;0
17/02/2017;21:54:00;489;Acidente com vítima;221;BR-101/ES;Sul;Choque com Veículo Estacionado;0;2;0;0;0;0;0;;;;2;0;1;0;0
17/02/2017;23:09:00;528;Acidente sem vítima;106;BR-101/ES;Sul;Saída de Pista;0;0;2;0;0;0;0;;;;1;0;0;0;0
18/02/2017;08:01:00;132;Acidente com vítima;151;BR-101/ES;Norte;Queda de Moto;0;0;0;0;1;0;0;;;;0;1;0;0;0
18/02/2017;08:50:00;158;Acidente sem vítima;158;BR-101/ES;Norte;Queda de ciclista;0;0;0;0;0;1;0;;;;1;0;0;0;0
18/02/2017;09:30:00;170;Acidente com vítima;187;BR-101/ES;Sul;Colisão Transversal;1;0;0;0;1;0;0;;;;1;1;1;0;0
18/02/2017;11:14:00;222;Acidente sem vítima;293;BR-101/ES;Norte;Colisão Traseira;2;0;0;0;0;0;0;;;;2;0;0;0;0
18/02/2017;13:26:00;308;Acidente com morte;386;BR-101/ES;Norte;Saída de Pista;0;1;0;0;0;0;0;;;;0;0;1;0;1
18/02/2017;14:43:00;339;Acidente com morte;100;BR-101/ES;Norte;Colisão Transversal;1;0;0;0;1;0;0;;;;1;0;0;0;1
18/02/2017;14:53:00;342;Acidente com vítima;148;BR-101/ES;Norte;Colisão Transversal;1;0;0;0;1;0;0;;;;1;0;1;0;0
18/02/2017;15:22:00;349;Acidente com vítima;138;BR-101/ES;Sul;Colisão Frontal;2;0;0;0;0;0;0;;;;1;1;0;0;0
18/02/2017;16:40:00;379;Acidente com vítima;209;BR-101/ES;Sul;Queda de Moto;0;0;0;0;1;0;0;;;;0;0;1;0;0
18/02/2017;18:43:00;417;Acidente com vítima;254;BR-101/ES;Norte;Queda de ciclista;0;0;0;0;0;1;0;;;;0;1;0;0;0
18/02/2017;18:52:00;420;Acidente sem vítima;291;BR-101/ES;Sul;Colisão Traseira;2;0;0;0;0;0;0;;;;6;0;0;0;0
18/02/2017;23:03:00;509;Acidente com vítima;138;BR-101/ES;Norte;Saída de Pista;0;0;0;0;1;0;0;;;;0;1;0;0;0
18/02/2017;23:11:00;510;Acidente com vítima;270;BR-101/ES;Norte;Colisão Transversal;0;0;0;1;1;0;0;;;;2;0;1;0;0
19/02/2017;02:11:00;43;Acidente sem vítima;296;BR-101/ES;Sul;Choque com Objeto Fixo;1;0;0;0;0;0;0;;;;1;0;0;0;0
19/02/2017;04:12:00;57;Acidente com vítima;76;BR-101/ES;Sul;Saída de Pista;1;0;0;0;0;0;0;;;;1;0;1;0;0
19/02/2017;04:29:00;63;Acidente com vítima;160;BR-101/ES;Norte;Colisão Lateral;1;0;0;0;1;0;0;;;;1;0;0;1;0
19/02/2017;07:18:00;88;Acidente com vítima;449;BR-101/ES;Norte;Queda de Moto;0;0;0;0;1;0;0;;;;0;1;0;0;0
19/02/2017;07:27:00;99;Acidente com vítima;30,2;BR-101/ES;Sul;Queda de Moto;0;0;0;0;1;0;0;;;;0;0;1;0;0
19/02/2017;09:01:00;120;Acidente com vítima;146,5;BR-101/ES;Sul;Colisão Transversal;2;0;0;0;0;0;0;;;;0;2;0;0;0
19/02/2017;09:16:00;128;Acidente com vítima;297;BR-101/ES;Norte;Choque com Objeto Fixo;1;0;0;0;0;0;0;;;;0;0;1;0;0
19/02/2017;11:26:00;201;Acidente com vítima;250;BR-101/ES;Sul;Colisão Transversal;3;0;0;0;1;0;0;;;;7;0;1;1;0
19/02/2017;11:49:00;216;Acidente com vítima;425;BR-101/ES;Norte;Queda de Moto;0;0;0;0;1;0;0;;;;0;1;0;0;0
19/02/2017;12:16:00;235;Acidente sem vítima;203;BR-101/ES;Norte;Choque com Objeto Fixo;1;0;0;0;0;0;0;;;;3;0;0;0;0
19/02/2017;13:40:00;270;Acidente sem vítima;271;BR-101/ES;Norte;Colisão Transversal;2;0;0;0;0;0;0;;;;2;0;0;0;0
19/02/2017;14:54:00;289;Acidente com vítima;142;BR-101/ES;Sul;Colisão Traseira;1;0;0;0;1;0;0;;;;3;1;0;0;0
20/02/2017;09:49:00;184;Acidente com vítima;278;BR-101/ES;Norte;Choque com Objeto Fixo;0;0;3;0;0;0;0;;;;0;1;0;0;0
20/02/2017;10:36:00;218;Acidente sem vítima;270;BR-101/ES;Sul;Engavetamento;3;0;0;0;0;0;0;;;;3;0;0;0;0
20/02/2017;15:04:00;344;Acidente sem vítima;226;BR-101/ES;Norte;Saída de Pista;1;0;0;0;0;0;0;;;;1;0;0;0;0
20/02/2017;16:48:00;379;Acidente com vítima;372;BR-101/ES;Sul;Colisão Lateral;1;0;0;0;1;0;0;;;;3;1;1;0;0
20/02/2017;18:38:00;408;Atropelamento sem morte;270;BR-101/ES;Sul;Atropelamento e Fuga;0;0;0;0;1;0;0;;;;1;1;0;0;0
20/02/2017;22:04:00;469;Acidente sem vítima;92;BR-101/ES;Norte;Colisão Traseira;0;0;5;0;0;0;0;;;;2;0;0;0;0
21/02/2017;03:29:00;66;Acidente com vítima;182;BR-101/ES;Norte;Colisão Lateral;1;1;0;0;0;0;0;;;;1;1;0;0;0
21/02/2017;03:52:00;73;Acidente sem vítima;188;BR-101/ES;Norte;Colisão Lateral;1;0;0;1;0;0;0;;;;1;0;0;0;0
21/02/2017;05:33:00;90;Acidente com vítima;331,5;BR-101/ES;Sul;Colisão Frontal;0;1;2;0;0;0;0;;;;0;0;3;0;0
21/02/2017;05:35:00;91;Acidente sem vítima;244;BR-101/ES;Norte;Colisão Traseira;1;0;0;0;1;0;0;;;;2;0;0;0;0
21/02/2017;06:27:00;99;Acidente com vítima;111;BR-101/ES;Sul;Tombamento;0;1;0;0;0;0;0;;;;0;2;0;0;0
21/02/2017;06:40:00;102;Acidente sem vítima;269;BR-101/ES;Sul;Colisão Lateral;1;0;6;0;0;0;0;;;;3;0;0;0;0
21/02/2017;07:41:00;116;Acidente sem vítima;340;BR-101/ES;Sul;Colisão Traseira;2;0;0;0;0;0;0;;;;3;0;0;0;0
21/02/2017;09:12:00;141;Acidente sem vítima;322,5;BR-101/ES;Norte;Colisão Traseira;2;0;0;0;0;0;0;;;;6;0;0;0;0
21/02/2017;19:05:00;385;Acidente sem vítima;296;BR-101/ES;Sul;Colisão Traseira;2;0;0;0;0;0;0;;;;2;0;0;0;0
22/02/2017;01:14:00;31;Acidente sem vítima;943;BR-101/BA;Norte;Saída de Pista;0;1;0;0;0;0;0;;;;1;0;0;0;0
22/02/2017;05:29:00;99;Acidente sem vítima;63;BR-101/ES;Norte;Saída de Pista;1;0;0;0;0;0;0;;;;1;0;0;0;0
22/02/2017;06:34:00;109;Atropelamento com morte;299;BR-101/ES;Norte;Atropelamento;0;0;0;1;0;0;0;;;;2;0;0;0;1
22/02/2017;09:52:00;184;Acidente sem vítima;948,2;BR-101/BA;Norte;Colisão Traseira;0;0;5;0;0;0;0;;;;2;0;0;0;0
22/02/2017;11:07:00;231;Acidente sem vítima;276,5;BR-101/ES;Sul;Saída de Pista;0;1;0;0;0;0;0;;;;2;0;0;0;0
22/02/2017;11:12:00;241;Acidente sem vítima;278;BR-101/ES;Norte;Colisão Traseira;1;1;0;0;0;0;0;;;;2;0;0;0;0
22/02/2017;12:55:00;298;Acidente sem vítima;213;BR-101/ES;Norte;Saída de Pista;1;1;0;0;0;0;0;;;;2;0;0;0;0
22/02/2017;17:24:00;411;Acidente com vítima;268;BR-101/ES;Sul;Atropelamento Animal;0;0;0;0;1;0;0;;;;0;1;0;0;0
22/02/2017;22:46:00;512;Acidente sem vítima;123,7;BR-101/ES;Norte;Tombamento;0;0;2;0;0;0;0;;;;1;0;0;0;0
23/02/2017;10:29:00;245;Acidente sem vítima;240;BR-101/ES;Norte;Saída de Pista;0;0;2;0;0;0;0;;;;1;0;0;0;0
23/02/2017;10:47:00;259;Acidente com vítima;399;BR-101/ES;Sul;Choque com Objeto Fixo;2;0;0;0;0;0;0;;;;1;1;1;0;0
23/02/2017;14:57:00;380;Acidente com vítima;182;BR-101/ES;Sul;Capotamento;1;0;0;0;0;0;0;;;;2;1;0;0;0
23/02/2017;15:07:00;385;Acidente com vítima;358,7;BR-101/ES;Norte;Tombamento;0;0;2;0;0;0;0;;;;0;1;0;0;0
23/02/2017;20:04:00;468;Acidente sem vítima;270;BR-101/ES;Sul;Queda de Moto;0;0;0;0;1;0;0;;;;2;0;0;0;0
23/02/2017;21:33:00;494;Acidente sem vítima;266;BR-101/ES;Norte;Colisão Lateral;1;0;3;0;0;0;0;;;;2;0;0;0;0
24/02/2017;00:06:00;6;Acidente sem vítima;201;BR-101/ES;Norte;Veículo em Chamas;1;0;0;0;0;0;0;;;;1;0;0;0;0
24/02/2017;06:06:00;86;Acidente sem vítima;145;BR-101/ES;Norte;Veículo em Chamas;1;0;0;0;0;0;0;;;;1;0;0;0;0
24/02/2017;07:06:00;97;Acidente sem vítima;144;BR-101/ES;Norte;Colisão Traseira;2;0;0;0;0;0;0;;;;2;0;0;0;0
24/02/2017;08:24:00;129;Acidente sem vítima;325;BR-101/ES;Norte;Colisão Lateral;1;0;2;0;0;0;0;;;;2;0;0;0;0
24/02/2017;08:48:00;138;Acidente sem vítima;147,9;BR-101/ES;Sul;Engavetamento;3;0;0;1;0;0;0;;;;7;0;0;0;0
24/02/2017;08:49:00;140;Acidente com vítima;270;BR-101/ES;Sul;Colisão Lateral;1;0;0;0;1;0;0;;;;0;3;1;0;0
24/02/2017;10:28:00;215;Acidente sem vítima;151;BR-101/ES;Norte;Engavetamento;2;0;0;0;0;1;0;;;;6;0;0;0;0
24/02/2017;10:57:00;225;Acidente sem vítima;295;BR-101/ES;Norte;Colisão Traseira;1;0;2;0;0;0;0;;;;3;0;0;0;0
24/02/2017;11:24:00;244;Acidente sem vítima;213;BR-101/ES;Norte;Colisão Traseira;1;0;0;0;1;0;0;;;;7;0;0;0;0
24/02/2017;12:51:00;303;Acidente sem vítima;145;BR-101/ES;Sul;Colisão Traseira;1;1;0;0;0;0;0;;;;2;0;0;0;0
24/02/2017;15:49:00;370;Acidente sem vítima;287;BR-101/ES;Norte;Choque com Objeto Fixo;1;0;0;0;0;0;0;;;;2;0;0;0;0
24/02/2017;16:02:00;373;Acidente sem vítima;148;BR-101/ES;Sul;Colisão Traseira;2;0;0;0;0;0;0;;;;2;0;0;0;0
24/02/2017;16:58:00;394;Acidente sem vítima;293;BR-101/ES;Norte;Engavetamento;4;0;0;0;0;0;0;;;;9;0;0;0;0
24/02/2017;17:25:00;404;Acidente sem vítima;449;BR-101/ES;Norte;Colisão Traseira;2;0;0;0;0;0;0;;;;7;0;0;0;0
24/02/2017;17:52:00;415;Acidente com vítima;126,4;BR-101/ES;Sul;Colisão Lateral;0;0;0;1;1;0;0;;;;2;0;1;0;0
24/02/2017;21:39:00;475;Acidente com vítima;66;BR-101/ES;Norte;Queda de Moto;0;0;0;0;1;0;0;;;;0;0;1;0;0
24/02/2017;22:35:00;495;Acidente com vítima;213;BR-101/ES;Norte;Colisão Lateral;1;0;0;0;1;0;0;;;;1;1;0;0;0
25/02/2017;01:17:00;40;Acidente com vítima;40;BR-101/ES;Norte;Saída de Pista;1;0;0;0;0;0;0;;;;0;1;1;0;0
25/02/2017;05:24:00;125;Acidente sem vítima;321;BR-101/ES;Norte;Colisão Traseira;2;0;0;0;0;0;0;;;;1;0;0;0;0
25/02/2017;06:27:00;148;Acidente sem vítima;272;BR-101/ES;Norte;Colisão Traseira;2;0;0;0;0;0;0;;;;6;0;0;0;0
25/02/2017;06:40:00;150;Acidente com vítima;58;BR-101/ES;Norte;Colisão Transversal;2;0;0;0;0;0;0;;;;6;2;0;0;0
25/02/2017;07:35:00;166;Acidente sem vítima;101;BR-101/ES;Norte;Colisão Traseira;2;0;0;0;0;0;0;;;;7;0;0;0;0
25/02/2017;07:48:00;168;Acidente sem vítima;264;BR-101/ES;Norte;Engavetamento;3;0;0;0;0;0;0;;;;3;0;0;0;0
25/02/2017;08:34:00;183;Acidente sem vítima;266,5;BR-101/ES;Norte;Engavetamento;3;0;0;0;0;0;0;;;;3;0;0;0;0
25/02/2017;08:41:00;186;Acidente sem vítima;234;BR-101/ES;Norte;Colisão Traseira;2;0;0;0;0;0;0;;;;2;0;0;0;0
25/02/2017;09:22:00;206;Acidente com vítima;263;BR-101/ES;Sul;Capotamento;1;0;0;0;0;0;0;;;;2;1;0;0;0
25/02/2017;09:28:00;207;Acidente com vítima;255;BR-101/ES;Sul;Colisão Transversal;2;0;0;0;1;0;0;;;;5;0;1;0;0
25/02/2017;09:34:00;211;Acidente sem vítima;243;BR-101/ES;Norte;Engavetamento;3;0;0;0;0;0;0;;;;5;0;0;0;0
25/02/2017;10:00:00;221;Acidente sem vítima;436;BR-101/ES;Sul;Colisão Lateral;1;0;2;0;0;0;0;;;;6;0;0;0;0
25/02/2017;11:14:00;267;Acidente sem vítima;152;BR-101/ES;Norte;Colisão Traseira;2;0;0;0;0;0;0;;;;5;0;0;0;0
25/02/2017;12:19:00;330;Acidente sem vítima;232;BR-101/ES;Norte;Colisão Traseira;2;0;0;0;0;0;0;;;;6;0;0;0;0
25/02/2017;13:21:00;355;Acidente com vítima;262;BR-101/ES;Norte;Colisão Lateral;1;0;0;0;1;0;0;;;;4;1;0;0;0
25/02/2017;16:08:00;423;Acidente com vítima;161;BR-101/ES;Sul;Colisão Transversal;0;0;2;0;1;0;0;;;;1;1;0;0;0
25/02/2017;16:55:00;435;Acidente sem vítima;288;BR-101/ES;Sul;Tombamento;0;1;0;0;0;0;0;;;;2;0;0;0;0
25/02/2017;20:03:00;475;Acidente sem vítima;297;BR-101/ES;Norte;Colisão Traseira;2;0;0;0;0;0;0;;;;3;0;0;0;0
26/02/2017;02:49:00;60;Acidente com vítima;378;BR-101/ES;Norte;Colisão Lateral;1;1;1;0;0;0;0;;;;1;2;1;0;0
26/02/2017;05:13:00;96;Acidente sem vítima;939;BR-101/BA;Norte;Saída de Pista;1;0;0;0;0;0;0;;;;1;0;0;0;0
26/02/2017;14:44:00;311;Acidente sem vítima;267;BR-101/ES;Norte;Choque com Objeto Fixo;1;0;0;0;0;0;0;;;;1;0;0;0;0
26/02/2017;15:16:00;318;Acidente sem vítima;312;BR-101/ES;Norte;Colisão Traseira;2;0;0;0;0;0;0;;;;8;0;0;0;0
26/02/2017;16:21:00;334;Acidente sem vítima;147;BR-101/ES;Norte;Colisão Transversal;2;0;0;0;0;0;0;;;;6;0;0;0;0
26/02/2017;17:04:00;347;Acidente com vítima;292;BR-101/ES;Norte;Queda de Moto;0;0;0;0;1;0;0;;;;0;1;0;0;0
26/02/2017;18:31:00;370;Acidente com vítima;263;BR-101/ES;Sul;Queda de ciclista;0;0;0;0;0;1;0;;;;0;1;0;0;0
26/02/2017;19:53:00;384;Atropelamento com morte;381;BR-101/ES;Norte;Atropelamento;0;0;3;0;1;0;0;;;;1;0;0;0;1
26/02/2017;20:22:00;395;Acidente com vítima;444,9;BR-101/ES;Norte;Colisão;0;0;0;0;0;1;0;;;;0;0;1;0;0
27/02/2017;00:11:00;7;Acidente com vítima;269;BR-101/ES;Norte;Colisão Transversal;1;0;0;1;0;0;0;;;;2;1;0;0;0
27/02/2017;15:34:00;323;Acidente sem vítima;209;BR-101/ES;Norte;Capotamento;1;0;0;0;0;0;0;;;;2;0;0;0;0
27/02/2017;18:11:00;364;Acidente com vítima;53;BR-101/ES;Sul;Capotamento;1;0;0;0;0;0;0;;;;0;4;0;0;0
28/02/2017;05:52:00;82;Acidente sem vítima;265,8;BR-101/ES;Sul;Choque com Objeto Fixo;1;0;0;0;0;0;0;;;;1;0;0;0;0
28/02/2017;10:16:00;157;Acidente sem vítima;253;BR-101/ES;Norte;Colisão Traseira;1;1;0;0;0;0;0;;;;2;0;0;0;0
28/02/2017;11:07:00;184;Acidente com vítima;80;BR-101/ES;Sul;Capotamento;1;0;0;0;0;0;0;;;;0;1;2;1;0
28/02/2017;16:10:00;349;Acidente sem vítima;329;BR-101/ES;Norte;Colisão Traseira;2;0;0;0;0;0;0;;;;2;0;0;0;0
28/02/2017;17:18:00;370;Acidente sem vítima;228;BR-101/ES;Sul;Colisão Traseira;2;0;0;0;0;0;0;;;;2;0;0;0;0
28/02/2017;19:22:00;419;Acidente sem vítima;37,8;BR-101/ES;Sul;Atropelamento Animal;1;0;0;0;0;0;0;;;;1;0;0;0;0
28/02/2017;20:15:00;439;Acidente com vítima;206;BR-101/ES;Sul;Queda de Moto;0;0;0;0;1;0;0;;;;0;2;0;0;0
01/08/2020;03:56:00;55;Acidente sem vítima;358;BR-101/ES;Norte;Choque com Objeto Fixo;1;0;0;0;0;0;0;;;;2;0;0;0;0
01/08/2020;05:33:00;71;Acidente sem vítima;278;BR-101/ES (Contorno de Vitória);Sul;Choque com Objeto Fixo;1;0;0;0;0;0;0;;;;1;0;0;0;0
01/08/2020;07:28:00;99;Acidente sem vítima;293,6;BR-101/ES (Contorno de Vitória);Norte;Colisão Traseira;2;0;0;0;0;0;0;;;;1;0;0;0;0
01/08/2020;08:29:00;114;Acidente sem vítima;394,3;BR-101/ES;Sul;Tombamento;0;0;2;0;0;0;0;;;;1;0;0;0;0
01/08/2020;20:12:00;341;Acidente sem vítima;222,8;BR-101/ES;Sul;Saída de Pista;1;0;0;0;0;0;0;;;;2;0;0;0;0
01/08/2020;20:15:00;342;Acidente com vítima;72;BR-101/ES;Sul;Saída de Pista;2;0;0;1;0;0;0;;;;3;0;1;0;0
01/08/2020;22:01:00;361;Acidente sem vítima;4;BR-101/ES;Sul;Choque com Objeto Fixo;1;0;0;0;0;0;0;;;;1;0;0;0;0
01/08/2020;23:09:00;380;Acidente sem vítima;347,1;BR-101/ES;Norte;Capotamento;1;0;0;0;0;0;0;;;;1;0;0;0;0
02/08/2020;08:15:00;85;Acidente com vítima;365,4;BR-101/ES;Sul;Choque com Objeto Fixo;0;0;0;1;0;0;0;;;;0;1;0;0;0
02/08/2020;08:18:00;87;Acidente sem vítima;264,5;BR-101/ES;Sul;Colisão Lateral;2;0;0;0;0;0;0;;;;4;0;0;0;0
02/08/2020;11:17:00;148;Acidente com vítima;264,6;BR-101/ES;Norte;Queda de Moto;0;0;0;1;0;0;0;;;;0;1;0;0;0
02/08/2020;14:37:00;218;Acidente sem vítima;187,2;BR-101/ES;Norte;Colisão Traseira;2;0;0;0;0;0;0;;;;3;0;0;0;0
02/08/2020;15:26:00;234;Acidente sem vítima;255,1;BR-101/ES;Sul;Colisão Traseira;2;0;0;0;0;0;0;;;;5;0;0;0;0
02/08/2020;17:46:00;281;Acidente com vítima;299;BR-101/ES;Sul;Colisão Transversal;2;0;0;0;0;0;0;;;;2;0;1;0;0
02/08/2020;18:58:00;297;Acidente sem vítima;147,2;BR-101/ES;Sul;Colisão Transversal;2;0;0;0;0;0;0;;;;2;0;0;0;0
02/08/2020;21:32:00;334;Acidente com vítima;287,4;BR-101/ES (Contorno de Vitória);Norte;Colisão Traseira;1;0;0;1;0;0;0;;;;1;0;1;0;0
03/08/2020;01:57:00;57;Acidente sem vítima;270;BR-101/ES;Norte;Queda de Moto;0;0;0;1;0;0;0;;;;1;0;0;0;0
03/08/2020;05:56:00;90;Acidente com vítima;380,5;BR-101/ES (Contorno de Iconha);Norte;Colisão com ciclista;0;1;1;0;0;0;0;;;;0;1;0;0;0
03/08/2020;08:21:00;125;Acidente sem vítima;956,6;BR-101/BA;Sul;Colisão Traseira;1;0;0;0;1;0;0;;;;17;0;0;0;0
03/08/2020;09:02:00;141;Acidente com vítima;73,9;BR-101/ES;Norte;Colisão Lateral;1;0;2;0;0;0;0;;;;1;0;2;0;0
03/08/2020;10:04:00;165;Acidente sem vítima;247,2;BR-101/ES;Norte;Colisão Transversal;1;0;0;1;0;0;0;;;;2;0;0;0;0
03/08/2020;13:26:00;267;Acidente sem vítima;296,7;BR-101/ES;Sul;Colisão Lateral;1;0;1;0;0;0;0;;;;3;0;0;0;0
03/08/2020;14:09:00;276;Acidente sem vítima;296;BR-101/ES (Contorno de Vitória);Norte;Colisão Traseira;1;0;0;0;1;0;0;;;;2;0;0;0;0
03/08/2020;14:53:00;292;Acidente sem vítima;146;BR-101/ES;Norte;Engavetamento;5;0;0;0;0;0;0;;;;6;0;0;0;0
03/08/2020;17:39:00;335;Acidente com vítima;147;BR-101/ES;Norte;Colisão Transversal;1;0;0;1;0;0;0;;;;2;1;0;0;0
03/08/2020;18:21:00;349;Acidente com morte;116,7;BR-101/ES;Sul;Queda de Moto;0;0;0;1;0;0;0;;;;0;0;0;0;1
03/08/2020;18:26:00;351;Acidente sem vítima;66;BR-101/ES;Sul;Colisão Traseira;1;0;1;0;0;0;0;;;;2;0;0;0;0
03/08/2020;18:33:00;353;Acidente sem vítima;97;BR-101/ES;Sul;Atropelamento Animal;1;0;0;0;0;0;0;;;;1;0;0;0;0
03/08/2020;19:02:00;358;Acidente sem vítima;97;BR-101/ES;Sul;Atropelamento Animal;1;0;0;0;0;0;0;;;;1;0;0;0;0
04/08/2020;07:58:00;120;Acidente com vítima;270,3;BR-101/ES;Sul;Colisão Lateral;1;0;0;1;0;0;0;;;;1;0;1;0;0
04/08/2020;10:07:00;164;Acidente sem vítima;279;BR-101/ES (Contorno de Vitória);Sul;Colisão Transversal;1;0;2;0;0;0;0;;;;2;0;0;0;0
04/08/2020;11:51:00;210;Acidente sem vítima;242;BR-101/ES;Sul;Colisão Lateral;1;0;1;0;0;0;0;;;;3;0;0;0;0
04/08/2020;19:47:00;371;Acidente sem vítima;32;BR-101/ES;Norte;Choque com Objeto Fixo;1;0;0;0;0;0;0;;;;1;0;0;0;0
04/08/2020;20:14:00;375;Acidente sem vítima;271;BR-101/ES (Contorno de Vitória);Sul;Colisão Transversal;2;0;0;0;0;0;0;;;;2;0;0;0;0
04/08/2020;23:54:00;442;Acidente com vítima;66;BR-101/ES;Sul;Colisão Traseira;1;0;0;2;0;0;0;;;;1;0;2;0;0
05/08/2020;07:05:00;95;Acidente com vítima;347,9;BR-101/ES;Sul;Colisão Lateral;1;0;2;0;0;0;0;;;;1;0;2;0;0
05/08/2020;09:28:00;140;Acidente sem vítima;944,5;BR-101/BA;Norte;Colisão Transversal;2;0;0;0;0;0;0;;;;2;0;0;0;0
05/08/2020;10:22:00;159;Acidente com vítima;267,5;BR-101/ES;Norte;Colisão Lateral;0;0;1;1;0;0;0;;;;1;1;0;0;0
05/08/2020;10:56:00;168;Acidente sem vítima;366;BR-101/ES;Norte;Saída de Pista;1;0;0;0;0;0;0;;;;1;0;0;0;0
05/08/2020;15:10:00;275;Acidente sem vítima;65,5;BR-101/ES;Norte;Choque;1;0;0;0;0;1;0;;;;3;0;0;0;0
05/08/2020;16:43:00;306;Acidente sem vítima;215,9;BR-101/ES;Norte;Colisão Traseira;1;0;1;0;0;0;0;;;;2;0;0;0;0
05/08/2020;18:37:00;329;Acidente sem vítima;435,9;BR-101/ES;Norte;Saída de Pista;0;0;2;0;0;0;0;;;;1;0;0;0;0
05/08/2020;19:39:00;339;Acidente sem vítima;203;BR-101/ES;Sul;Colisão Traseira;1;0;0;0;1;0;0;;;;3;0;0;0;0
05/08/2020;21:23:00;362;Atropelamento sem morte;211;BR-101/ES;Sul;Atropelamento;1;0;0;0;0;0;0;;;;1;0;1;0;0
05/08/2020;21:45:00;368;Acidente sem vítima;335,6;BR-101/ES;Norte;Colisão Traseira;2;0;0;0;0;0;0;;;;3;0;0;0;0
05/08/2020;22:11:00;376;Acidente com vítima;166;BR-101/ES;Norte;Colisão Traseira;1;0;1;0;0;0;0;;;;2;0;1;0;0
06/08/2020;03:27:00;71;Acidente sem vítima;11;BR-101/ES;Norte;Atropelamento de Bovino;0;0;2;0;0;0;0;;;;1;0;0;0;0
06/08/2020;06:48:00;105;Acidente sem vítima;264,6;BR-101/ES;Norte;Colisão Transversal;2;0;0;0;0;0;0;;;;2;0;0;0;0
06/08/2020;10:07:00;175;Acidente sem vítima;292,7;BR-101/ES (Contorno de Vitória);Sul;Choque com Objeto Fixo;1;0;0;0;0;0;0;;;;1;0;0;0;0
06/08/2020;11:22:00;209;Acidente sem vítima;266,4;BR-101/ES;Sul;Colisão Traseira;2;0;0;0;0;0;0;;;;4;0;0;0;0
06/08/2020;11:41:00;214;Acidente com vítima;946;BR-101/BA;Norte;Queda de Moto;0;0;0;1;0;0;0;;;;0;0;1;0;0
06/08/2020;13:22:00;262;Acidente sem vítima;258,3;BR-101/ES;Norte;Colisão Traseira;2;0;0;0;0;0;0;;;;5;0;0;0;0