data;horario;n_da_ocorrencia;tipo_de_ocorrencia;km;trecho;sentido;tipo_de_acidente;automovel;bicicleta;caminhao;moto;onibus;outros;tracao_animal;transporte_de_cargas_especiais;trator_maquinas;utilitarios;ilesos;levemente_feridos;moderadamente_feridos;gravemente_feridos;mortos
10/09/2020;10:56:00;203;Acidente sem vítima;208;BR-101/ES;Norte;Colisão Lateral;1;0;2;0;0;0;0;;;;2;0;0;0;0
10/09/2020;15:04:00;313;Acidente sem vítima;102,8;BR-101/ES;Sul;Engavetamento;2;0;2;0;0;0;0;;;;3;0;0;0;0
10/09/2020;15:51:00;330;Acidente sem vítima;94,2;BR-101/ES;Sul;Colisão Traseira;2;0;0;0;0;0;0;;;;3;0;0;0;0
10/09/2020;16:58:00;352;Acidente com vítima;269,5;BR-101/ES;Norte;Colisão Lateral;0;0;2;1;0;0;0;;;;1;0;1;0;0
10/09/2020;19:47:00;399;Acidente sem vítima;270,9;BR-101/ES;Norte;Colisão Lateral;1;0;1;0;0;0;0;;;;2;0;0;0;0
10/09/2020;22:18:00;431;Acidente sem vítima;90;BR-101/ES;Norte;Colisão Traseira;1;0;1;0;0;0;0;;;;2;0;0;0;0
11/09/2020;00:53:00;14;Acidente com vítima;135;BR-101/ES;Sul;Colisão Traseira;1;0;1;0;0;0;0;;;;1;0;0;1;0
11/09/2020;02:42:00;40;Acidente sem vítima;398,1;BR-101/ES;Norte;Saída de Pista;0;0;1;0;0;0;0;;;;1;0;0;0;0
11/09/2020;04:15:00;52;Acidente com vítima;357;BR-101/ES;Norte;Colisão com ciclista;0;1;0;0;0;1;1;;;;1;0;1;0;0
11/09/2020;05:20:00;84;Acidente sem vítima;1;BR-101/ES;Sul;Colisão Traseira;1;0;2;0;0;0;0;;;;2;0;0;0;0
11/09/2020;07:31:00;154;Acidente com vítima;290,2;BR-101/ES (Contorno de Vitória);Norte;Colisão Lateral;1;0;0;1;0;0;0;;;;0;1;0;0;0
11/09/2020;07:39:00;160;Acidente com vítima;287,5;BR-101/ES (Contorno de Vitória);Sul;Colisão Traseira;1;0;0;1;0;0;0;;;;1;0;1;0;0
11/09/2020;09:54:00;214;Acidente com vítima;236,7;BR-101/ES;Norte;Colisão Traseira;1;0;0;1;0;0;0;;;;1;0;1;0;0
11/09/2020;11:54:00;258;Acidente com vítima;264;BR-101/ES;Sul;Colisão Lateral;1;0;0;1;0;0;0;;;;1;0;0;1;0
11/09/2020;12:18:00;271;Acidente sem vítima;255,5;BR-101/ES;Sul;Colisão Frontal;1;0;1;0;0;0;0;;;;2;0;0;0;0
11/09/2020;15:53:00;357;Acidente com vítima;267,8;BR-101/ES;Norte;Colisão Traseira;0;0;1;1;0;0;0;;;;1;0;1;0;0
11/09/2020;16:10:00;366;Acidente sem vítima;65,5;BR-101/ES;Sul;Engavetamento;0;0;3;0;1;0;0;;;;3;0;0;0;0
11/09/2020;16:58:00;378;Acidente com vítima;263,9;BR-101/ES;Norte;Queda de Moto;0;0;0;1;0;0;0;;;;0;1;0;0;0
11/09/2020;17:01:00;382;Acidente sem vítima;292;BR-101/ES (Contorno de Vitória);Norte;Colisão Traseira;1;0;1;0;0;0;0;;;;1;0;0;0;0
11/09/2020;18:12:00;407;Acidente com morte;316,8;BR-101/ES;Norte;Queda de Moto;0;0;0;1;0;0;0;;;;0;0;0;0;1
11/09/2020;19:04:00;414;Acidente sem vítima;292;BR-101/ES (Contorno de Vitória);Norte;Colisão Traseira;1;0;1;0;0;0;0;;;;2;0;0;0;0
11/09/2020;19:52:00;429;Acidente sem vítima;266;BR-101/ES;Sul;Colisão Traseira;3;0;0;0;0;0;0;;;;3;0;0;0;0
11/09/2020;22:57:00;483;Acidente com vítima;211;BR-101/ES;Sul;Queda de Moto;0;0;0;1;0;0;0;;;;0;0;1;0;0
11/09/2020;23:35:00;495;Acidente com vítima;130;BR-101/ES;Norte;Choque com Objeto Fixo;1;0;0;0;0;0;0;;;;0;0;1;0;0
12/09/2020;01:14:00;24;Acidente sem vítima;297;BR-101/ES;Norte;Choque com Objeto Fixo;1;0;0;0;0;0;0;;;;1;0;0;0;0
12/09/2020;05:36:00;96;Acidente com vítima;262;BR-101/ES;Sul;Colisão Traseira;1;0;3;0;0;0;0;;;;2;1;0;0;0
12/09/2020;07:37:00;120;Acidente sem vítima;203;BR-101/ES;Norte;Tombamento;0;0;2;0;0;0;0;;;;1;0;0;0;0
12/09/2020;12:34:00;221;Acidente com vítima;159;BR-101/ES;Sul;Colisão Transversal;1;0;0;1;0;0;0;;;;1;2;0;0;0
12/09/2020;14:21:00;253;Acidente sem vítima;276,4;BR-101/ES (Contorno de Vitória);Norte;Colisão Transversal;2;0;0;0;0;0;0;;;;4;0;0;0;0
12/09/2020;15:45:00;272;Acidente sem vítima;243,9;BR-101/ES;Sul;Colisão Lateral;1;0;2;0;0;0;0;;;;2;0;0;0;0
12/09/2020;16:02:00;285;Acidente com vítima;16,7;BR-101/ES;Sul;Colisão com ciclista;1;1;0;0;0;0;0;;;;0;0;0;1;0
12/09/2020;16:12:00;287;Acidente sem vítima;242;BR-101/ES;Sul;Veículo em Chamas;1;0;0;0;0;0;0;;;;2;0;0;0;0
12/09/2020;19:05:00;333;Acidente com vítima;259;BR-101/ES;Norte;Queda de Moto;0;0;0;1;0;0;0;;;;0;0;2;0;0
12/09/2020;22:14:00;375;Acidente sem vítima;30;BR-101/ES;Sul;Atropelamento Animal;1;0;0;0;0;0;0;;;;1;0;0;0;0
13/09/2020;02:04:00;35;Acidente sem vítima;294,8;BR-101/ES (Contorno de Vitória);Sul;Choque com Objeto Fixo;0;0;2;0;0;0;0;;;;1;0;0;0;0
13/09/2020;02:36:00;40;Acidente sem vítima;294;BR-101/ES (Contorno de Vitória);Sul;Choque com Objeto Fixo;1;0;0;0;0;0;0;;;;1;0;0;0;0
13/09/2020;02:49:00;43;Acidente com vítima;288;BR-101/ES (Contorno de Vitória);Sul;Capotamento;1;0;0;0;0;0;0;;;;0;1;0;0;0
13/09/2020;03:36:00;47;Acidente sem vítima;947,9;BR-101/BA;Norte;Tombamento;0;0;2;0;0;0;0;;;;1;0;0;0;0
13/09/2020;04:02:00;49;Acidente com vítima;263;BR-101/ES;Sul;Queda de Moto;0;0;0;1;0;0;0;;;;0;0;1;0;0
13/09/2020;09:57:00;108;Acidente sem vítima;15,8;BR-101/ES;Sul;Colisão Lateral;1;0;2;0;0;0;0;;;;2;0;0;0;0
13/09/2020;10:36:00;127;Acidente sem vítima;953,1;BR-101/BA;Norte;Choque com Objeto Fixo;1;0;0;0;0;0;0;;;;3;0;0;0;0
13/09/2020;10:49:00;133;Acidente com vítima;85;BR-101/ES;Norte;Queda de Moto;0;0;0;1;0;0;0;;;;1;1;0;0;0
13/09/2020;10:58:00;136;Acidente com vítima;257;BR-101/ES;Norte;Colisão Transversal;1;0;0;1;0;0;0;;;;1;0;1;0;0
13/09/2020;14:41:00;224;Acidente sem vítima;261,9;BR-101/ES;Sul;Engavetamento;3;0;0;0;0;0;0;;;;8;0;0;0;0
13/09/2020;15:33:00;239;Acidente sem vítima;4;BR-101/ES;Sul;Queda de Moto;0;0;0;1;0;0;0;;;;1;0;0;0;0
13/09/2020;15:34:00;240;Acidente sem vítima;357,4;BR-101/ES;Norte;Choque;1;0;2;0;0;0;0;;;;4;0;0;0;0
13/09/2020;16:12:00;251;Acidente sem vítima;117;BR-101/ES;Sul;Colisão Traseira;2;0;0;0;0;0;0;;;;3;0;0;0;0
13/09/2020;16:18:00;253;Acidente sem vítima;299;BR-101/ES;Sul;Colisão Lateral;1;0;2;0;0;0;0;;;;3;0;0;0;0
13/09/2020;18:08:00;293;Acidente com vítima;292;BR-101/ES (Contorno de Vitória);Norte;Queda de Moto;0;0;0;1;0;0;0;;;;0;0;1;0;0
13/09/2020;19:46:00;313;Acidente com vítima;321;BR-101/ES;Norte;Capotamento;1;0;0;0;0;0;0;;;;1;0;1;0;0
13/09/2020;20:16:00;318;Acidente com vítima;118;BR-101/ES;Sul;Colisão Transversal;1;0;0;1;0;0;0;;;;3;0;1;0;0
13/09/2020;22:22:00;347;Acidente com vítima;64;BR-101/ES;Norte;Colisão Traseira;1;0;0;1;0;0;0;;;;1;0;0;2;0
13/09/2020;22:37:00;354;Acidente com vítima;268;BR-101/ES;Sul;Queda de Moto;0;0;0;1;0;0;0;;;;0;0;1;0;0
14/09/2020;02:50:00;49;Acidente sem vítima;264;BR-101/ES;Norte;Choque com Objeto Fixo;1;0;0;0;0;0;0;;;;1;0;0;0;0
14/09/2020;05:56:00;105;Acidente sem vítima;453;BR-101/ES;Norte;Saída de Pista;1;0;0;0;0;0;0;;;;2;0;0;0;0
14/09/2020;06:16:00;108;Acidente sem vítima;270,59;BR-101/ES;Norte;Colisão Traseira;2;0;0;0;0;0;0;;;;3;0;0;0;0
14/09/2020;06:59:00;117;Acidente com vítima;297,1;BR-101/ES;Sul;Choque com Objeto Fixo;0;0;0;1;0;0;0;;;;0;1;1;0;0
14/09/2020;07:12:00;125;Acidente com vítima;269,6;BR-101/ES;Norte;Colisão com ciclista;0;1;1;0;0;0;0;;;;2;0;0;1;0
14/09/2020;12:23:00;259;Acidente sem vítima;248,3;BR-101/ES;Norte;Veículo em Chamas;1;0;0;0;0;0;0;;;;2;0;0;0;0
14/09/2020;12:55:00;270;Acidente sem vítima;5,6;BR-101/ES;Sul;Colisão Traseira;0;0;3;0;0;0;0;;;;2;0;0;0;0
14/09/2020;14:02:00;287;Acidente sem vítima;313,7;BR-101/ES;Norte;Colisão Traseira;0;0;3;0;0;0;0;;;;2;0;0;0;0
14/09/2020;14:26:00;293;Acidente sem vítima;310,8;BR-101/ES;Sul;Engavetamento;1;0;4;0;0;0;0;;;;3;0;0;0;0
14/09/2020;14:40:00;297;Acidente sem vítima;226,5;BR-101/ES;Norte;Saída de Pista;1;0;0;0;0;1;0;;;;2;0;0;0;0
14/09/2020;17:37:00;357;Acidente sem vítima;107,3;BR-101/ES;Norte;Choque com Veículo Estacionado;1;0;1;0;0;1;0;;;;1;0;0;0;0
14/09/2020;17:45:00;360;Acidente sem vítima;104,5;BR-101/ES;Norte;Colisão Traseira;1;0;1;0;0;0;0;;;;6;0;0;0;0
15/09/2020;10:02:00;201;Acidente sem vítima;296,7;BR-101/ES;Norte;Colisão Lateral;1;0;2;0;0;0;0;;;;2;0;0;0;0
15/09/2020;11:59:00;242;Acidente com vítima;142,9;BR-101/ES;Sul;Colisão Traseira;1;0;0;1;0;0;0;;;;1;0;1;0;0
15/09/2020;14:25:00;299;Acidente com vítima;146;BR-101/ES;Norte;Colisão Traseira;1;0;0;1;0;0;0;;;;1;1;0;0;0
15/09/2020;15:06:00;312;Acidente sem vítima;321;BR-101/ES;Sul;Colisão Traseira;1;0;1;0;0;0;0;;;;1;0;0;0;0
15/09/2020;16:57:00;355;Acidente sem vítima;264,2;BR-101/ES;Norte;Colisão Lateral;2;0;0;0;0;0;0;;;;5;0;0;0;0
15/09/2020;19:04:00;381;Acidente com vítima;292;BR-101/ES (Contorno de Vitória);Norte;Choque com Objeto Fixo;0;0;0;1;0;0;0;;;;0;0;1;0;0
16/09/2020;06:32:00;121;Acidente sem vítima;125;BR-101/ES;Sul;Colisão com ciclista;1;1;0;0;0;0;0;;;;2;0;0;0;0
16/09/2020;08:17:00;155;Acidente com vítima;267,9;BR-101/ES;Sul;Colisão com ciclista;0;1;0;1;0;0;0;;;;1;0;1;0;0
16/09/2020;11:04:00;210;Acidente sem vítima;264,1;BR-101/ES;Norte;Colisão Transversal;1;0;1;0;0;0;0;;;;2;0;0;0;0
16/09/2020;11:19:00;227;Acidente sem vítima;387,1;BR-101/ES;Norte;Engavetamento;3;0;1;0;0;0;0;;;;8;0;0;0;0
16/09/2020;12:50:00;267;Acidente com vítima;160;BR-101/ES;Sul;Colisão Lateral;0;0;0;1;1;0;0;;;;1;0;1;0;0
16/09/2020;13:04:00;273;Acidente com vítima;294,6;BR-101/ES (Contorno de Vitória);Norte;Colisão Lateral;1;0;2;0;0;0;0;;;;2;0;1;0;0
16/09/2020;14:17:00;295;Acidente sem vítima;294;BR-101/ES (Contorno de Vitória);Norte;Colisão Traseira;2;0;0;0;0;0;0;;;;2;0;0;0;0
16/09/2020;15:17:00;309;Acidente sem vítima;264;BR-101/ES;Sul;Colisão Lateral;2;0;0;0;0;0;0;;;;2;0;0;0;0
16/09/2020;15:28:00;312;Acidente sem vítima;265;BR-101/ES;Sul;Colisão Traseira;0;0;4;0;0;0;0;;;;2;0;0;0;0
17/09/2020;06:11:00;104;Acidente com vítima;265;BR-101/ES;Norte;Colisão Traseira;0;0;0;2;0;0;0;;;;1;0;1;0;0
17/09/2020;06:54:00;110;Acidente sem vítima;263;BR-101/ES;Sul;Engavetamento;3;0;0;0;0;0;0;;;;4;0;0;0;0
17/09/2020;07:23:00;119;Acidente sem vítima;295;BR-101/ES (Contorno de Vitória);Norte;Engavetamento;3;0;0;0;0;0;0;;;;3;0;0;0;0
17/09/2020;07:32:00;122;Acidente sem vítima;354;BR-101/ES;Sul;Colisão Transversal;2;0;0;0;0;0;0;;;;5;0;0;0;0
17/09/2020;13:24:00;284;Acidente com vítima;282;BR-101/ES (Contorno de Vitória);Sul;Queda de Moto;0;0;0;1;0;0;0;;;;0;2;0;0;0
17/09/2020;13:51:00;294;Acidente sem vítima;266,7;BR-101/ES;Norte;Colisão Transversal;2;0;0;0;0;0;0;;;;2;0;0;0;0
17/09/2020;16:34:00;348;Acidente sem vítima;266;BR-101/ES;Norte;Colisão Transversal;1;0;1;0;0;0;0;;;;2;0;0;0;0
17/09/2020;19:11:00;392;Acidente sem vítima;88,1;BR-101/ES;Norte;Choque com Objeto Fixo;1;0;0;0;0;0;0;;;;1;0;0;0;0
17/09/2020;20:05:00;410;Acidente sem vítima;439;BR-101/ES;Sul;Colisão Lateral;0;0;2;0;0;0;0;;;;2;0;0;0;0
17/09/2020;20:06:00;412;Acidente com vítima;264,2;BR-101/ES;Norte;Colisão Traseira;2;0;0;2;0;0;0;;;;3;1;1;0;0
17/09/2020;20:52:00;425;Acidente com vítima;324;BR-101/ES;Sul;Queda de Moto;0;0;0;1;0;0;0;;;;0;1;0;0;0
17/09/2020;21:36:00;438;Acidente sem vítima;290;BR-101/ES (Contorno de Vitória);Sul;Colisão Traseira;0;0;1;0;0;0;0;;;;1;0;0;0;0
17/09/2020;22:35:00;456;Acidente com vítima;123;BR-101/ES;Sul;Queda de Moto;0;0;0;1;0;0;0;;;;0;0;2;0;0
17/09/2020;22:49:00;463;Acidente com vítima;309;BR-101/ES;Norte;Queda de Moto;0;0;0;1;0;0;0;;;;0;0;1;0;0
18/09/2020;02:55:00;41;Acidente com vítima;426;BR-101/ES;Sul;Tombamento;0;0;1;0;0;0;0;;;;0;0;1;0;0
18/09/2020;05:19:00;59;Acidente sem vítima;171;BR-101/ES;Norte;Colisão Traseira;2;0;0;0;0;0;0;;;;3;0;0;0;0
18/09/2020;07:02:00;98;Acidente sem vítima;147,1;BR-101/ES;Norte;Colisão Lateral;2;0;0;0;0;0;0;;;;2;0;0;0;0
18/09/2020;10:07:00;177;Acidente sem vítima;263,9;BR-101/ES;Sul;Colisão Traseira;1;0;1;0;0;0;0;;;;2;0;0;0;0
18/09/2020;11:20:00;223;Acidente sem vítima;254,5;BR-101/ES;Sul;Engavetamento;2;0;1;0;0;0;0;;;;3;0;0;0;0
18/09/2020;12:54:00;269;Acidente sem vítima;458;BR-101/ES;Norte;Colisão Traseira;2;0;0;0;0;0;0;;;;3;0;0;0;0
18/09/2020;13:58:00;300;Acidente sem vítima;151;BR-101/ES;Sul;Colisão Frontal;2;0;0;0;0;0;0;;;;2;0;0;0;0
18/09/2020;19:41:00;420;Acidente com vítima;100;BR-101/ES;Sul;Colisão Traseira;1;0;0;1;0;0;0;;;;1;0;0;1;0
18/09/2020;22:18:00;454;Acidente com vítima;330;BR-101/ES;Norte;Colisão Traseira;1;0;2;0;0;0;0;;;;2;2;0;0;0
18/09/2020;22:35:00;466;Acidente com vítima;946,3;BR-101/BA;Norte;Tombamento;0;0;1;0;0;0;0;;;;1;0;0;2;0
19/09/2020;01:41:00;26;Acidente sem vítima;944;BR-101/BA;Sul;Choque com Objeto Fixo;0;0;4;0;0;0;0;;;;1;0;0;0;0
19/09/2020;07:09:00;101;Acidente com vítima;188,6;BR-101/ES;Norte;Queda de Moto;0;0;0;1;0;0;0;;;;0;0;0;1;0
19/09/2020;09:04:00;142;Acidente com vítima;270,1;BR-101/ES;Norte;Colisão com ciclista;0;1;0;1;0;0;0;;;;1;0;1;0;0
19/09/2020;12:07:00;220;Acidente com morte;34,3;BR-101/ES;Sul;Saída de Pista;1;0;0;0;0;0;0;;;;0;0;0;0;1
19/09/2020;14:53:00;270;Atropelamento sem morte;267,1;BR-101/ES;Sul;Atropelamento;1;0;0;0;0;0;0;;;;2;0;0;1;0
19/09/2020;17:52:00;328;Acidente com vítima;265;BR-101/ES;Sul;Queda de ciclista;0;1;0;0;0;0;0;;;;0;1;0;0;0
19/09/2020;21:51:00;375;Acidente com morte;233;BR-101/ES;Sul;Colisão Frontal;0;0;1;1;0;0;0;;;;1;0;0;0;1
19/09/2020;22:22:00;380;Acidente com vítima;259;BR-101/ES;Sul;Queda de Moto;0;0;0;1;0;0;0;;;;0;0;1;0;0
19/09/2020;22:48:00;389;Acidente sem vítima;288;BR-101/ES (Contorno de Vitória);Sul;Colisão Lateral;2;0;0;0;0;0;0;;;;2;0;0;0;0
19/09/2020;23:40:00;408;Acidente sem vítima;40;BR-101/ES;Sul;Atropelamento Animal;1;0;0;0;0;0;0;;;;1;0;0;0;0
20/09/2020;05:52:00;76;Acidente com vítima;256,6;BR-101/ES;Norte;Queda de Moto;0;0;0;1;0;0;0;;;;0;0;1;0;0
20/09/2020;09:01:00;110;Acidente sem vítima;305;BR-101/ES;Sul;Colisão Traseira;2;0;0;0;0;0;0;;;;5;0;0;0;0
20/09/2020;12:55:00;197;Acidente sem vítima;283,2;BR-101/ES (Contorno de Vitória);Sul;Colisão Lateral;2;0;0;0;0;0;0;;;;2;0;0;0;0
20/09/2020;13:00:00;200;Acidente sem vítima;165;BR-101/ES;Norte;Capotamento;1;0;0;0;0;1;0;;;;4;0;0;0;0
20/09/2020;14:57:00;230;Acidente sem vítima;213;BR-101/ES;Norte;Colisão Traseira;2;0;0;0;0;0;0;;;;3;0;0;0;0
20/09/2020;17:37:00;286;Acidente com vítima;290,9;BR-101/ES (Contorno de Vitória);Sul;Colisão Transversal;2;0;0;0;0;0;0;;;;3;0;1;0;0
20/09/2020;18:29:00;294;Acidente com vítima;160;BR-101/ES;Sul;Colisão Traseira;1;0;0;0;1;0;0;;;;1;0;1;0;0
20/09/2020;18:41:00;298;Acidente sem vítima;268;BR-101/ES;Norte;Choque com Objeto Fixo;1;0;0;0;0;0;0;;;;1;0;0;0;0
20/09/2020;21:51:00;339;Acidente sem vítima;368,8;BR-101/ES;Norte;Tombamento;0;0;2;0;0;0;0;;;;1;0;0;0;0
21/09/2020;01:07:00;16;Acidente sem vítima;293;BR-101/ES (Contorno de Vitória);Norte;Capotamento;1;0;0;0;0;0;0;;;;1;0;0;0;0
21/09/2020;06:59:00;115;Acidente com vítima;255;BR-101/ES;Norte;Queda de Moto;0;0;0;1;0;0;0;;;;0;1;0;0;0
21/09/2020;09:50:00;186;Acidente sem vítima;269,7;BR-101/ES;Sul;Engavetamento;5;0;0;0;0;0;0;;;;6;0;0;0;0
21/09/2020;11:54:00;262;Acidente sem vítima;263;BR-101/ES;Norte;Colisão Lateral;1;0;1;0;0;0;0;;;;2;0;0;0;0
21/09/2020;13:14:00;297;Acidente sem vítima;265;BR-101/ES;Norte;Colisão Lateral;1;0;0;0;1;0;0;;;;2;0;0;0;0
21/09/2020;14:21:00;330;Acidente sem vítima;262;BR-101/ES;Norte;Choque com Objeto Fixo;0;0;2;0;0;0;0;;;;1;0;0;0;0
21/09/2020;16:06:00;358;Atropelamento sem morte;203,8;BR-101/ES;Sul;Atropelamento;0;0;0;1;0;0;0;;;;0;2;1;0;0
21/09/2020;17:21:00;377;Acidente sem vítima;141;BR-101/ES;Sul;Engavetamento;3;0;0;0;0;0;0;;;;3;0;0;0;0
21/09/2020;17:40:00;385;Acidente com vítima;279;BR-101/ES (Contorno de Vitória);Norte;Colisão Transversal;1;0;2;0;0;0;0;;;;1;1;0;0;0
22/09/2020;10:06:00;192;Acidente com vítima;266,4;BR-101/ES;Sul;Engavetamento;3;0;0;0;0;0;0;;;;4;1;0;0;0
22/09/2020;11:38:00;246;Acidente com vítima;154,5;BR-101/ES;Sul;Saída de Pista;0;0;0;1;0;0;0;;;;0;0;2;0;0
22/09/2020;12:43:00;276;Acidente sem vítima;145,5;BR-101/ES;Norte;Colisão Lateral;1;0;2;0;0;0;0;;;;2;0;0;0;0
22/09/2020;12:49:00;279;Acidente sem vítima;450;BR-101/ES;Sul;Choque com Objeto Fixo;1;0;0;0;0;0;0;;;;5;0;0;0;0
22/09/2020;14:40:00;315;Acidente sem vítima;261;BR-101/ES;Sul;Colisão Lateral;1;0;2;0;0;0;0;;;;3;0;0;0;0
22/09/2020;14:44:00;318;Acidente com vítima;138,5;BR-101/ES;Sul;Colisão Lateral;1;0;2;0;0;0;0;;;;3;1;0;0;0
22/09/2020;16:44:00;346;Acidente com vítima;287,6;BR-101/ES (Contorno de Vitória);Norte;Colisão Transversal;1;0;0;1;0;0;0;;;;1;0;1;0;0
22/09/2020;18:09:00;384;Acidente com vítima;207,3;BR-101/ES;Norte;Saída de Pista;1;0;0;0;0;0;0;;;;0;0;1;0;0
22/09/2020;18:13:00;386;Acidente sem vítima;290;BR-101/ES (Contorno de Vitória);Sul;Choque com Veículo Estacionado;1;0;1;0;0;0;0;;;;5;0;0;0;0
22/09/2020;19:00:00;401;Atropelamento sem morte;371;BR-101/ES;Sul;Atropelamento;0;0;0;1;0;0;0;;;;0;0;2;0;0
22/09/2020;23:21:00;475;Acidente sem vítima;367,3;BR-101/ES;Norte;Saída de Pista;1;0;0;0;0;0;0;;;;4;0;0;0;0
23/09/2020;04:29:00;106;Acidente sem vítima;332,9;BR-101/ES;Sul;Choque com Objeto Fixo;1;0;2;0;0;0;0;;;;1;0;0;0;0
23/09/2020;06:42:00;130;Acidente sem vítima;334,6;BR-101/ES;Sul;Saída de Pista;1;0;0;0;0;0;0;;;;1;0;0;0;0
23/09/2020;08:55:00;175;Acidente com vítima;945,2;BR-101/BA;Norte;Saída de Pista;1;0;0;0;0;0;0;;;;0;2;0;0;0
23/09/2020;10:29:00;200;Acidente sem vítima;435,3;BR-101/ES;Sul;Saída de Pista;0;0;1;0;0;0;0;;;;1;0;0;0;0
23/09/2020;10:53:00;211;Acidente sem vítima;61;BR-101/ES;Norte;Colisão Traseira;1;0;1;0;0;0;0;;;;2;0;0;0;0
23/09/2020;12:39:00;266;Acidente sem vítima;53;BR-101/ES;Sul;Colisão Traseira;2;0;0;0;0;0;0;;;;2;0;0;0;0
23/09/2020;14:02:00;295;Acidente com vítima;258,4;BR-101/ES;Sul;Colisão Lateral;1;0;2;0;0;0;0;;;;1;1;1;0;0
23/09/2020;14:54:00;309;Acidente com vítima;211,9;BR-101/ES;Sul;Saída de Pista;0;0;1;0;0;0;0;;;;0;1;0;0;0
23/09/2020;15:40:00;320;Acidente sem vítima;266,6;BR-101/ES;Norte;Colisão Traseira;1;0;0;1;0;0;0;;;;2;0;0;0;0
23/09/2020;18:21:00;362;Acidente com vítima;269;BR-101/ES;Norte;Colisão Lateral;1;0;0;1;0;0;0;;;;1;2;0;0;0
23/09/2020;19:29:00;380;Acidente sem vítima;262,9;BR-101/ES;Norte;Colisão Traseira;0;0;3;0;0;0;0;;;;2;0;0;0;0
23/09/2020;20:38:00;397;Acidente sem vítima;365;BR-101/ES;Sul;Choque com Objeto Fixo;1;0;0;0;0;0;0;;;;2;0;0;0;0
23/09/2020;21:18:00;407;Acidente sem vítima;259;BR-101/ES;Sul;Colisão Lateral;1;0;1;0;0;0;0;;;;2;0;0;0;0
23/09/2020;23:30:00;435;Acidente sem vítima;292;BR-101/ES (Contorno de Vitória);Sul;Choque com Objeto Fixo;0;0;2;0;0;0;0;;;;1;0;0;0;0
24/09/2020;04:13:00;73;Acidente sem vítima;344;BR-101/ES;Norte;Colisão Lateral;1;0;3;0;0;0;0;;;;5;0;0;0;0
24/09/2020;07:07:00;111;Acidente com vítima;267,8;BR-101/ES;Sul;Colisão Transversal;1;0;0;1;0;0;0;;;;2;0;1;0;0
24/09/2020;07:31:00;117;Acidente sem vítima;291,8;BR-101/ES (Contorno de Vitória);Norte;Colisão Traseira;1;0;1;0;0;0;0;;;;2;0;0;0;0
24/09/2020;11:50:00;216;Acidente sem vítima;263,8;BR-101/ES;Norte;Colisão Lateral;1;0;1;0;0;0;0;;;;3;0;0;0;0
24/09/2020;15:48:00;306;Acidente sem vítima;203,1;BR-101/ES;Sul;Choque;1;0;1;0;0;0;0;;;;5;0;0;0;0
24/09/2020;17:35:00;343;Acidente sem vítima;288;BR-101/ES (Contorno de Vitória);Sul;Choque com Objeto Fixo;1;0;0;0;0;0;0;;;;1;0;0;0;0
24/09/2020;22:29:00;420;Acidente sem vítima;294;BR-101/ES (Contorno de Vitória);Sul;Choque com Objeto Fixo;1;0;0;0;0;0;0;;;;1;0;0;0;0
24/09/2020;23:01:00;435;Atropelamento sem morte;268,7;BR-101/ES;Norte;Atropelamento;1;0;0;0;0;0;0;;;;1;0;0;1;0
25/09/2020;00:12:00;5;Acidente sem vítima;143;BR-101/ES;Norte;Saída de Pista;1;0;0;0;0;0;0;;;;2;0;0;0;0
25/09/2020;02:05:00;36;Acidente sem vítima;414;BR-101/ES;Sul;Saída de Pista;1;0;0;0;0;0;0;;;;2;0;0;0;0
25/09/2020;03:53:00;51;Acidente com vítima;258;BR-101/ES;Norte;Colisão Traseira;2;0;0;0;0;0;0;;;;3;1;0;0;0
25/09/2020;18:13:00;389;Acidente sem vítima;335;BR-101/ES;Norte;Colisão Traseira;2;0;0;0;0;0;0;;;;2;0;0;0;0
25/09/2020;19:06:00;400;Acidente sem vítima;47;BR-101/ES;Norte;Saída de Pista;1;0;0;0;0;0;0;;;;1;0;0;0;0
25/09/2020;20:06:00;422;Acidente com vítima;263;BR-101/ES;Sul;Queda de Moto;0;0;0;1;0;0;0;;;;0;1;0;0;0
26/09/2020;01:39:00;43;Acidente sem vítima;226;BR-101/ES;Norte;Saída de Pista;1;0;0;0;0;0;0;;;;4;0;0;0;0
26/09/2020;03:18:00;62;Acidente sem vítima;211;BR-101/ES;Sul;Colisão Lateral;1;0;1;0;0;0;0;;;;2;0;0;0;0
26/09/2020;06:13:00;123;Acidente com vítima;205;BR-101/ES;Norte;Queda de Moto;0;0;0;1;0;0;0;;;;0;1;0;0;0
26/09/2020;07:19:00;134;Acidente com morte;6,5;BR-101/ES;Norte;Capotamento;0;0;1;0;0;0;0;;;;0;0;0;0;1
26/09/2020;07:55:00;151;Acidente com vítima;342,1;BR-101/ES;Norte;Colisão Traseira;1;0;0;1;0;0;0;;;;0;1;0;0;0
26/09/2020;09:51:00;189;Acidente sem vítima;269,8;BR-101/ES;Sul;Colisão Lateral;2;0;1;0;0;0;0;;;;7;0;0;0;0
26/09/2020;17:56:00;353;Acidente com vítima;262;BR-101/ES;Norte;Queda de Moto;0;0;0;1;0;0;0;;;;0;0;0;1;0