data;horario;n_da_ocorrencia;tipo_de_ocorrencia;km;trecho;sentido;tipo_de_acidente;automovel;bicicleta;caminhao;moto;onibus;outros;tracao_animal;transporte_de_cargas_especiais;trator_maquinas;utilitarios;ilesos;levemente_feridos;moderadamente_feridos;gravemente_feridos;mortos
26/09/2020;18:41:00;358;Acidente com vítima;63,5;BR-101/ES;Sul;Queda de Moto;0;0;0;1;0;0;0;;;;0;1;1;0;0
26/09/2020;22:01:00;405;Acidente sem vítima;289;BR-101/ES (Contorno de Vitória);Sul;Colisão Traseira;1;0;1;0;0;0;0;;;;3;0;0;0;0
26/09/2020;22:27:00;412;Acidente sem vítima;289,9;BR-101/ES (Contorno de Vitória);Sul;Colisão Traseira;2;0;0;0;0;0;0;;;;6;0;0;0;0
27/09/2020;10:21:00;150;Acidente com vítima;282,5;BR-101/ES (Contorno de Vitória);Sul;Colisão Frontal;2;0;0;0;0;0;0;;;;2;0;2;0;0
27/09/2020;11:21:00;180;Acidente com vítima;308,8;BR-101/ES;Sul;Colisão Frontal;2;0;0;0;0;0;0;;;;0;1;2;1;0
27/09/2020;11:59:00;190;Acidente com vítima;135,8;BR-101/ES;Sul;Colisão Lateral;2;0;0;1;0;0;0;;;;4;2;0;0;0
27/09/2020;16:38:00;293;Acidente com vítima;8,8;BR-101/ES;Norte;Queda de Moto;0;0;0;1;0;0;0;;;;0;2;0;0;0
27/09/2020;18:29:00;335;Acidente com vítima;376;BR-101/ES (Contorno de Iconha);Sul;Colisão Traseira;1;0;0;1;0;0;0;;;;1;0;1;1;0
27/09/2020;19:37:00;354;Acidente sem vítima;38,5;BR-101/ES;Norte;Atropelamento Animal;0;0;2;0;0;0;0;;;;1;0;0;0;0
27/09/2020;20:05:00;362;Atropelamento sem morte;251;BR-101/ES;Norte;Atropelamento e Fuga;1;0;0;0;0;0;0;;;;1;0;1;0;0
27/09/2020;21:29:00;379;Acidente sem vítima;297;BR-101/ES;Norte;Engavetamento;2;0;1;0;0;0;0;;;;3;0;0;0;0
27/09/2020;22:06:00;389;Acidente com vítima;422;BR-101/ES;Norte;Colisão Lateral;0;0;1;1;0;0;0;;;;1;0;1;0;0
27/09/2020;22:59:00;404;Acidente sem vítima;273;BR-101/ES (Contorno de Vitória);Norte;Colisão Lateral;2;0;0;0;0;0;0;;;;2;0;0;0;0
27/09/2020;23:02:00;405;Acidente sem vítima;178,4;BR-101/ES;Sul;Saída de Pista;1;0;0;0;0;0;0;;;;1;0;0;0;0
28/09/2020;00:32:00;14;Acidente sem vítima;297;BR-101/ES;Norte;Colisão Traseira;2;0;0;0;0;0;0;;;;2;0;0;0;0
28/09/2020;07:13:00;111;Acidente sem vítima;271,4;BR-101/ES (Contorno de Vitória);Norte;Colisão Traseira;0;0;2;0;0;0;0;;;;1;0;0;0;0
28/09/2020;08:24:00;141;Acidente sem vítima;255,1;BR-101/ES;Sul;Colisão Traseira;2;0;0;0;0;0;0;;;;2;0;0;0;0
28/09/2020;11:15:00;235;Acidente com vítima;146;BR-101/ES;Norte;Colisão Traseira;1;0;0;1;0;0;0;;;;1;1;0;0;0
28/09/2020;13:10:00;299;Acidente sem vítima;125,2;BR-101/ES;Norte;Colisão Traseira;2;0;0;0;0;0;0;;;;2;0;0;0;0
28/09/2020;19:05:00;424;Atropelamento sem morte;270;BR-101/ES;Norte;Atropelamento;1;0;0;0;0;0;0;;;;1;1;0;0;0
28/09/2020;21:15:00;464;Acidente sem vítima;393;BR-101/ES;Norte;Saída de Pista;1;0;0;0;0;0;0;;;;2;0;0;0;0
29/09/2020;09:03:00;166;Acidente sem vítima;266,4;BR-101/ES;Norte;Colisão Lateral;1;0;0;0;1;0;0;;;;2;0;0;0;0
29/09/2020;10:41:00;204;Acidente sem vítima;280;BR-101/ES (Contorno de Vitória);Norte;Choque;1;0;2;0;0;0;0;;;;2;0;0;0;0
29/09/2020;11:52:00;240;Acidente sem vítima;265,6;BR-101/ES;Norte;Colisão Lateral;1;0;2;0;0;0;0;;;;2;0;0;0;0
29/09/2020;12:42:00;268;Acidente com vítima;279;BR-101/ES (Contorno de Vitória);Norte;Colisão Transversal;1;0;3;0;0;0;0;;;;1;0;0;1;0
29/09/2020;15:52:00;330;Acidente com vítima;267;BR-101/ES;Sul;Colisão Traseira;0;0;1;1;0;0;0;;;;1;0;1;0;0
29/09/2020;17:37:00;369;Acidente sem vítima;441;BR-101/ES;Norte;Veículo em Chamas;0;0;2;0;0;0;0;;;;1;0;0;0;0
30/09/2020;03:46:00;49;Acidente sem vítima;453;BR-101/ES;Norte;Saída de Pista;0;0;1;0;0;0;0;;;;1;0;0;0;0
30/09/2020;12:51:00;269;Acidente com vítima;266,3;BR-101/ES;Sul;Colisão Lateral;0;0;0;2;0;0;0;;;;1;1;0;0;0
30/09/2020;14:52:00;313;Acidente com vítima;268,3;BR-101/ES;Norte;Capotamento;1;0;0;0;0;0;0;;;;0;0;1;0;0
30/09/2020;17:44:00;373;Acidente sem vítima;254;BR-101/ES;Norte;Colisão Traseira;2;0;0;0;0;0;0;;;;2;0;0;0;0
30/09/2020;17:46:00;374;Acidente com vítima;92,9;BR-101/ES;Sul;Queda de ciclista;0;1;0;0;0;0;0;;;;0;1;0;0;0
30/09/2020;21:28:00;421;Acidente com vítima;141;BR-101/ES;Norte;Colisão Traseira;0;0;2;1;0;0;0;;;;1;0;1;0;0
01/10/2020;05:10:00;114;Acidente sem vítima;276,3;BR-101/ES (Contorno de Vitória);Sul;Atropelamento de Equino;0;0;2;0;0;0;0;;;;1;0;0;0;0
01/10/2020;06:07:00;123;Acidente sem vítima;321;BR-101/ES;Sul;Veículo em Chamas;0;0;2;0;0;0;0;;;;1;0;0;0;0
01/10/2020;07:39:00;151;Acidente sem vítima;261;BR-101/ES;Sul;Colisão Traseira;1;0;2;0;0;0;0;;;;2;0;0;0;0
01/10/2020;07:50:00;157;Acidente sem vítima;213;BR-101/ES;Sul;Colisão Traseira;2;0;0;0;0;0;0;;;;1;0;0;0;0
01/10/2020;10:53:00;224;Acidente sem vítima;243;BR-101/ES;Norte;Colisão Traseira;2;0;0;0;0;0;0;;;;2;0;0;0;0
01/10/2020;16:24:00;361;Acidente com vítima;189,6;BR-101/ES;Sul;Queda de ciclista;0;1;0;0;0;0;0;;;;0;1;0;0;0
01/10/2020;20:44:00;428;Acidente sem vítima;298;BR-101/ES;Norte;Colisão Lateral;0;0;2;0;1;0;0;;;;2;0;0;0;0
01/10/2020;22:32:00;460;Acidente sem vítima;0,1;BR-101/ES;Norte;Colisão Lateral;2;0;0;0;0;0;0;;;;2;0;0;0;0
02/10/2020;02:20:00;88;Acidente sem vítima;311,7;BR-101/ES;Sul;Colisão Traseira;0;0;3;0;0;0;0;;;;2;0;0;0;0
02/10/2020;07:21:00;154;Acidente com vítima;142;BR-101/ES;Norte;Queda de Bicicleta;0;1;0;0;0;0;0;;;;0;0;1;0;0
02/10/2020;09:32:00;216;Acidente sem vítima;205;BR-101/ES;Norte;Colisão Transversal;3;0;0;0;0;0;0;;;;3;0;0;0;0
02/10/2020;12:44:00;321;Acidente sem vítima;83;BR-101/ES;Norte;Capotamento;1;0;0;0;0;0;0;;;;1;0;0;0;0
02/10/2020;13:50:00;344;Acidente com vítima;145;BR-101/ES;Norte;Queda de Moto;0;0;0;1;0;0;0;;;;0;0;1;0;0
02/10/2020;14:14:00;353;Acidente sem vítima;254,3;BR-101/ES;Sul;Colisão Traseira;1;0;1;0;0;0;0;;;;3;0;0;0;0
02/10/2020;16:06:00;383;Acidente sem vítima;255;BR-101/ES;Sul;Colisão Traseira;2;0;0;0;0;0;0;;;;2;0;0;0;0
02/10/2020;16:11:00;385;Acidente com vítima;150;BR-101/ES;Sul;Colisão Traseira;1;0;0;1;0;0;0;;;;4;1;0;0;0
02/10/2020;16:20:00;386;Acidente com vítima;277;BR-101/ES (Contorno de Vitória);Norte;Colisão Lateral;1;0;0;1;0;0;0;;;;2;0;1;0;0
02/10/2020;19:31:00;458;Acidente sem vítima;265;BR-101/ES;Sul;Colisão Lateral;1;0;1;0;0;0;0;;;;2;0;0;0;0
02/10/2020;23:55:00;530;Acidente sem vítima;112;BR-101/ES;Norte;Atropelamento Animal;1;0;0;0;0;0;0;;;;3;0;0;0;0
03/10/2020;04:25:00;61;Acidente com vítima;212;BR-101/ES;Sul;Colisão Lateral;1;0;1;0;0;0;0;;;;2;0;1;0;0
03/10/2020;04:46:00;65;Acidente sem vítima;234;BR-101/ES;Sul;Capotamento;1;0;0;0;0;0;0;;;;1;0;0;0;0
03/10/2020;09:57:00;155;Acidente com vítima;189,5;BR-101/ES;Sul;Choque com Objeto Fixo;0;0;0;1;0;0;0;;;;0;0;1;0;0
03/10/2020;10:02:00;159;Acidente sem vítima;313;BR-101/ES;Norte;Colisão Frontal;1;0;1;0;0;0;0;;;;2;0;0;0;0
03/10/2020;11:26:00;204;Acidente sem vítima;162;BR-101/ES;Sul;Colisão Transversal;1;0;0;1;0;0;0;;;;2;0;0;0;0
03/10/2020;12:03:00;231;Acidente com vítima;229,8;BR-101/ES;Sul;Colisão Transversal;1;0;0;1;0;0;0;;;;1;1;0;0;0
03/10/2020;13:37:00;268;Acidente sem vítima;332,5;BR-101/ES;Norte;Choque com Objeto Fixo;1;0;0;0;0;0;0;;;;2;0;0;0;0
03/10/2020;17:57:00;370;Acidente com vítima;159,2;BR-101/ES;Sul;Colisão Transversal;1;0;0;1;0;0;0;;;;2;0;1;0;0
03/10/2020;18:56:00;390;Acidente com vítima;948;BR-101/BA;Norte;Colisão Lateral;1;0;0;1;0;0;0;;;;2;0;0;1;0
03/10/2020;20:06:00;410;Acidente sem vítima;307;BR-101/ES;Norte;Colisão Traseira;1;0;0;1;0;0;0;;;;2;0;0;0;0
03/10/2020;20:08:00;411;Acidente com morte;184,8;BR-101/ES;Sul;Colisão Frontal;2;0;0;0;0;0;0;;;;1;3;1;0;1
03/10/2020;21:17:00;427;Acidente sem vítima;260;BR-101/ES;Norte;Colisão Lateral;2;0;0;0;0;0;0;;;;4;0;0;0;0
03/10/2020;21:43:00;433;Acidente sem vítima;306;BR-101/ES;Sul;Colisão Traseira;2;0;0;0;0;0;0;;;;3;0;0;0;0
03/10/2020;22:25:00;443;Atropelamento sem morte;430;BR-101/ES;Sul;Atropelamento e Fuga;0;0;0;0;0;1;1;;;;0;0;0;1;0
03/10/2020;23:36:00;462;Atropelamento sem morte;148;BR-101/ES;Sul;Atropelamento;1;0;0;0;0;0;0;;;;1;3;0;0;0
04/10/2020;01:28:00;36;Acidente sem vítima;368;BR-101/ES;Norte;Saída de Pista;1;0;0;0;0;0;0;;;;1;0;0;0;0
04/10/2020;02:55:00;58;Acidente com vítima;377,9;BR-101/ES (Contorno de Iconha);Sul;Capotamento;1;0;0;0;0;0;0;;;;1;1;1;0;0
04/10/2020;03:23:00;64;Acidente com vítima;293;BR-101/ES (Contorno de Vitória);Sul;Queda de Moto;0;0;0;1;0;0;0;;;;0;0;1;0;0
04/10/2020;09:40:00;149;Acidente sem vítima;65,8;BR-101/ES;Norte;Colisão Traseira;2;0;0;0;0;0;0;;;;4;0;0;0;0
04/10/2020;13:15:00;227;Acidente com vítima;240;BR-101/ES;Sul;Colisão Transversal;1;0;0;1;0;0;0;;;;3;0;1;0;0
04/10/2020;15:19:00;248;Acidente sem vítima;255,2;BR-101/ES;Sul;Colisão Traseira;2;0;0;0;0;0;0;;;;4;0;0;0;0
04/10/2020;15:39:00;255;Acidente sem vítima;0,8;BR-101/ES;Sul;Colisão Traseira;0;0;2;0;1;0;0;;;;13;0;0;0;0
04/10/2020;18:11:00;305;Acidente com vítima;264,3;BR-101/ES;Sul;Colisão Traseira;3;0;0;0;0;0;0;;;;2;0;1;0;0
04/10/2020;20:24:00;334;Acidente sem vítima;293;BR-101/ES (Contorno de Vitória);Sul;Capotamento;1;0;0;0;0;0;0;;;;1;0;0;0;0
04/10/2020;21:24:00;347;Acidente com vítima;17;BR-101/ES;Norte;Queda de Moto;0;0;0;1;0;0;0;;;;0;0;1;0;0
04/10/2020;21:50:00;352;Acidente com vítima;146;BR-101/ES;Sul;Colisão Lateral;0;0;0;2;0;0;0;;;;0;2;0;1;0
05/10/2020;00:45:00;60;Acidente sem vítima;402,4;BR-101/ES;Norte;Choque com Objeto Fixo;1;0;0;0;0;0;0;;;;2;0;0;0;0
05/10/2020;03:22:00;98;Acidente com vítima;77,8;BR-101/ES;Norte;Saída de Pista;0;0;0;1;0;0;0;;;;0;1;0;0;0
05/10/2020;05:49:00;120;Acidente sem vítima;369;BR-101/ES;Norte;Colisão Lateral;2;0;2;0;0;0;0;;;;5;0;0;0;0
05/10/2020;06:01:00;127;Acidente sem vítima;329,1;BR-101/ES;Sul;Saída de Pista;1;0;0;0;0;0;0;;;;1;0;0;0;0
05/10/2020;06:34:00;132;Acidente sem vítima;343,5;BR-101/ES;Sul;Saída de Pista;1;0;0;0;0;0;0;;;;1;0;0;0;0
05/10/2020;07:17:00;149;Acidente sem vítima;283,9;BR-101/ES (Contorno de Vitória);Norte;Colisão Traseira;1;0;1;0;0;0;0;;;;2;0;0;0;0
05/10/2020;08:02:00;162;Acidente sem vítima;448,1;BR-101/ES;Norte;Saída de Pista;1;0;0;0;0;0;0;;;;4;0;0;0;0
05/10/2020;09:58:00;210;Acidente sem vítima;266,3;BR-101/ES;Sul;Engavetamento;3;0;0;0;0;0;0;;;;3;0;0;0;0
05/10/2020;11:05:00;249;Acidente com vítima;264,6;BR-101/ES;Norte;Colisão Traseira;2;0;0;1;0;0;0;;;;2;2;0;0;0
05/10/2020;13:22:00;307;Acidente com vítima;269,1;BR-101/ES;Sul;Colisão Lateral;1;0;0;1;0;0;0;;;;1;1;0;0;0
05/10/2020;14:22:00;320;Acidente com vítima;335;BR-101/ES;Sul;Queda de Moto;0;0;0;1;0;0;0;;;;0;1;0;0;0
05/10/2020;15:10:00;335;Acidente com vítima;54,6;BR-101/ES;Sul;Colisão Lateral;2;0;0;0;0;0;0;;;;1;1;1;0;0
05/10/2020;18:15:00;396;Atropelamento sem morte;229;BR-101/ES;Sul;Atropelamento;0;0;0;1;0;0;0;;;;1;0;1;0;0
05/10/2020;20:54:00;435;Acidente com vítima;70;BR-101/ES;Sul;Colisão Transversal;0;0;2;1;0;0;0;;;;2;0;1;0;0
06/10/2020;10:13:00;226;Acidente com vítima;293,2;BR-101/ES (Contorno de Vitória);Norte;Engavetamento;1;0;2;0;0;0;0;;;;5;1;0;0;0
06/10/2020;10:35:00;233;Acidente com vítima;292,1;BR-101/ES (Contorno de Vitória);Norte;Queda de Moto;0;0;0;1;0;0;0;;;;0;0;1;0;0
06/10/2020;15:07:00;366;Acidente sem vítima;293,2;BR-101/ES (Contorno de Vitória);Norte;Colisão Traseira;1;0;0;1;0;0;0;;;;2;0;0;0;0
07/10/2020;04:29:00;63;Acidente com morte;308,7;BR-101/ES;Sul;Queda de Moto;0;0;0;1;0;0;0;;;;0;0;0;0;1
07/10/2020;04:31:00;65;Acidente com vítima;294;BR-101/ES (Contorno de Vitória);Sul;Colisão com ciclista;0;1;0;1;0;0;0;;;;0;0;2;0;0
07/10/2020;13:46:00;289;Acidente sem vítima;294,5;BR-101/ES (Contorno de Vitória);Norte;Colisão Frontal;2;0;0;0;0;0;0;;;;2;0;0;0;0
07/10/2020;14:27:00;304;Acidente sem vítima;161,2;BR-101/ES;Norte;Colisão Traseira;2;0;1;0;1;0;0;;;;7;0;0;0;0
07/10/2020;17:00:00;360;Acidente sem vítima;266;BR-101/ES;Sul;Colisão Traseira;1;0;0;1;0;0;0;;;;2;0;0;0;0
07/10/2020;17:17:00;367;Acidente com vítima;292,9;BR-101/ES (Contorno de Vitória);Norte;Colisão Lateral;0;0;0;0;1;1;0;;;;2;3;2;0;0
07/10/2020;20:55:00;435;Acidente com vítima;287;BR-101/ES (Contorno de Vitória);Sul;Choque com Objeto Fixo;0;0;2;0;0;0;0;;;;0;0;1;0;0
08/10/2020;12:02:00;239;Acidente com vítima;203,3;BR-101/ES;Sul;Colisão Transversal;1;0;0;1;0;0;0;;;;1;0;1;0;0
08/10/2020;16:37:00;337;Acidente com vítima;261,1;BR-101/ES;Norte;Colisão Traseira;1;0;0;1;0;0;0;;;;1;0;1;0;0
08/10/2020;18:19:00;366;Atropelamento sem morte;271;BR-101/ES (Contorno de Vitória);Norte;Atropelamento;0;0;0;1;0;0;0;;;;1;0;1;0;0
08/10/2020;18:53:00;374;Acidente sem vítima;293;BR-101/ES (Contorno de Vitória);Norte;Colisão Traseira;1;0;1;0;0;0;0;;;;2;0;0;0;0
09/10/2020;09:14:00;189;Acidente sem vítima;68,5;BR-101/ES;Norte;Colisão Traseira;0;0;4;0;0;0;0;;;;1;0;0;0;0
09/10/2020;09:32:00;196;Acidente com morte;417,5;BR-101/ES;Sul;Colisão Frontal;1;0;1;0;0;0;0;;;;1;1;0;0;1
09/10/2020;10:05:00;207;Acidente com vítima;125,3;BR-101/ES;Norte;Colisão com ciclista;1;1;0;0;0;0;0;;;;0;0;0;1;0
09/10/2020;10:20:00;211;Acidente sem vítima;235,7;BR-101/ES;Norte;Colisão Traseira;1;0;1;0;0;0;0;;;;1;0;0;0;0
09/10/2020;11:41:00;249;Acidente com vítima;269,9;BR-101/ES;Norte;Colisão Lateral;1;0;0;1;0;0;0;;;;0;0;1;0;0
09/10/2020;13:33:00;290;Acidente sem vítima;237;BR-101/ES;Sul;Saída de Pista;0;0;1;0;0;0;0;;;;1;0;0;0;0
09/10/2020;14:27:00;304;Acidente sem vítima;372,6;BR-101/ES (Contorno de Iconha);Norte;Colisão Lateral;1;0;1;0;0;0;0;;;;2;0;0;0;0
09/10/2020;15:14:00;324;Acidente sem vítima;269,7;BR-101/ES;Sul;Engavetamento;5;0;0;0;0;0;0;;;;8;0;0;0;0
09/10/2020;16:03:00;338;Acidente com vítima;139,3;BR-101/ES;Norte;Queda de Moto;0;0;0;1;0;0;0;;;;0;1;1;0;0
09/10/2020;17:10:00;356;Acidente sem vítima;270,2;BR-101/ES;Norte;Colisão Lateral;1;0;1;0;0;0;0;;;;5;0;0;0;0
09/10/2020;17:35:00;364;Acidente sem vítima;144,3;BR-101/ES;Norte;Colisão Transversal;2;0;0;0;0;0;0;;;;4;0;0;0;0
09/10/2020;18:32:00;381;Acidente com vítima;279;BR-101/ES (Contorno de Vitória);Norte;Queda de Moto;0;0;0;1;0;0;0;;;;1;1;0;0;0
09/10/2020;22:33:00;455;Acidente sem vítima;68;BR-101/ES;Norte;Colisão Traseira;0;0;2;0;0;0;0;;;;2;0;0;0;0
10/10/2020;00:10:00;4;Acidente com vítima;197;BR-101/ES;Norte;Saída de Pista;1;0;0;0;0;0;0;;;;0;2;0;0;0
10/10/2020;00:22:00;9;Acidente sem vítima;147;BR-101/ES;Sul;Colisão Traseira;1;0;3;0;0;0;0;;;;2;0;0;0;0
10/10/2020;03:46:00;62;Acidente sem vítima;270;BR-101/ES;Sul;Colisão Lateral;1;0;2;0;0;0;0;;;;2;0;0;0;0
10/10/2020;07:07:00;117;Acidente sem vítima;213;BR-101/ES;Norte;Engavetamento;3;0;0;0;0;0;0;;;;3;0;0;0;0
10/10/2020;07:13:00;120;Acidente com vítima;219;BR-101/ES;Sul;Colisão Traseira;1;0;0;1;0;0;0;;;;1;1;0;0;0
10/10/2020;10:02:00;176;Acidente com vítima;270,3;BR-101/ES;Sul;Colisão Traseira;1;0;0;1;0;0;0;;;;1;0;1;0;0
10/10/2020;12:16:00;249;Acidente sem vítima;264,2;BR-101/ES;Norte;Colisão Transversal;2;0;0;0;0;0;0;;;;2;0;0;0;0
10/10/2020;12:36:00;258;Acidente sem vítima;270,5;BR-101/ES;Sul;Colisão Traseira;2;0;0;0;0;0;0;;;;2;0;0;0;0
10/10/2020;14:27:00;285;Acidente com vítima;210;BR-101/ES;Norte;Colisão Traseira;3;0;1;1;0;0;0;;;;4;0;1;0;0
10/10/2020;14:57:00;293;Acidente sem vítima;297;BR-101/ES;Norte;Colisão Traseira;1;0;2;0;0;0;0;;;;6;0;0;0;0
10/10/2020;16:23:00;312;Acidente sem vítima;331,8;BR-101/ES;Sul;Choque com Objeto Fixo;1;0;0;0;0;0;0;;;;1;0;0;0;0
10/10/2020;16:41:00;317;Acidente sem vítima;292,8;BR-101/ES (Contorno de Vitória);Sul;Colisão Traseira;2;0;0;0;0;0;0;;;;2;0;0;0;0
10/10/2020;18:14:00;346;Acidente sem vítima;144;BR-101/ES;Sul;Choque com Objeto Fixo;1;0;0;0;0;0;0;;;;1;0;0;0;0
11/10/2020;06:44:00;70;Acidente sem vítima;314;BR-101/ES;Sul;Veículo em Chamas;0;0;2;0;0;0;0;;;;1;0;0;0;0
11/10/2020;07:25:00;85;Acidente com vítima;197,1;BR-101/ES;Norte;Saída de Pista;1;0;0;0;0;0;0;;;;2;3;0;0;0
11/10/2020;07:48:00;90;Acidente com vítima;221,6;BR-101/ES;Norte;Queda de Moto;0;0;0;1;0;0;0;;;;0;1;0;0;0
11/10/2020;10:33:00;151;Acidente com vítima;255;BR-101/ES;Norte;Queda de Moto;0;0;0;1;0;0;0;;;;0;2;0;0;0
11/10/2020;14:56:00;248;Acidente com vítima;312;BR-101/ES;Norte;Queda de Bicicleta;0;1;0;0;0;0;0;;;;0;2;0;0;0
11/10/2020;16:34:00;272;Acidente sem vítima;266;BR-101/ES;Norte;Colisão Traseira;1;0;2;0;0;0;0;;;;6;0;0;0;0
11/10/2020;16:49:00;277;Acidente com vítima;294;BR-101/ES (Contorno de Vitória);Norte;Queda de Moto;0;0;0;1;0;0;0;;;;0;1;0;0;0
11/10/2020;17:05:00;285;Acidente sem vítima;294;BR-101/ES (Contorno de Vitória);Norte;Colisão Traseira;2;0;0;0;0;0;0;;;;2;0;0;0;0
11/10/2020;21:02:00;332;Acidente com vítima;33;BR-101/ES;Norte;Colisão Traseira;1;0;0;1;0;0;0;;;;0;0;1;0;0
11/10/2020;23:56:00;386;Acidente sem vítima;33,5;BR-101/ES;Norte;Queda de Moto;0;0;0;1;0;0;0;;;;1;0;0;0;0
12/10/2020;07:54:00;99;Acidente com vítima;266,7;BR-101/ES;Sul;Colisão com ciclista;0;1;0;1;0;0;0;;;;1;0;1;0;0
12/10/2020;07:57:00;100;Acidente com vítima;149;BR-101/ES;Sul;Queda de Moto;0;0;0;1;0;0;0;;;;0;0;1;0;0
12/10/2020;09:12:00;125;Acidente com vítima;335,09;BR-101/ES;Norte;Colisão Lateral;1;0;0;1;0;0;0;;;;3;0;1;0;0
12/10/2020;11:28:00;172;Acidente com vítima;266,7;BR-101/ES;Sul;Colisão Traseira;0;0;1;1;0;0;0;;;;0;2;0;0;0
12/10/2020;12:07:00;187;Acidente com vítima;176,9;BR-101/ES;Sul;Saída de Pista;1;0;0;0;0;0;0;;;;0;1;0;0;0
12/10/2020;14:12:00;231;Acidente sem vítima;429,4;BR-101/ES;Sul;Colisão Traseira;1;0;1;0;0;0;0;;;;2;0;0;0;0
12/10/2020;14:32:00;236;Acidente sem vítima;287,3;BR-101/ES (Contorno de Vitória);Sul;Choque com Objeto Fixo;1;0;0;0;0;0;0;;;;1;0;0;0;0
12/10/2020;14:57:00;247;Acidente com vítima;141,9;BR-101/ES;Sul;Saída de Pista;1;0;0;0;0;0;0;;;;0;2;0;1;0
12/10/2020;15:01:00;248;Acidente sem vítima;294,7;BR-101/ES (Contorno de Vitória);Norte;Engavetamento;2;0;1;0;0;0;0;;;;1;0;0;0;0
12/10/2020;17:36:00;310;Acidente com vítima;59,9;BR-101/ES;Sul;Saída de Pista;1;0;0;0;0;0;0;;;;2;1;0;0;0
12/10/2020;17:46:00;311;Acidente com vítima;90;BR-101/ES;Sul;Queda de Bicicleta;0;1;0;0;0;0;0;;;;0;1;0;0;0
12/10/2020;19:43:00;350;Acidente sem vítima;444;BR-101/ES;Sul;Saída de Pista;1;0;0;0;0;0;0;;;;1;0;0;0;0
12/10/2020;20:18:00;367;Acidente sem vítima;210,1;BR-101/ES;Sul;Colisão Traseira;2;0;0;0;0;0;0;;;;2;0;0;0;0
12/10/2020;21:10:00;386;Acidente sem vítima;292,5;BR-101/ES (Contorno de Vitória);Norte;Queda de Moto;0;0;0;1;0;0;0;;;;1;0;0;0;0
12/10/2020;21:59:00;396;Acidente sem vítima;106;BR-101/ES;Norte;Atropelamento Animal;1;0;0;0;0;0;0;;;;4;0;0;0;0
12/10/2020;22:17:00;401;Acidente com vítima;370;BR-101/ES;Sul;Queda de Moto;0;0;0;1;0;0;0;;;;0;2;0;0;0
13/10/2020;07:07:00;132;Acidente sem vítima;229,4;BR-101/ES;Norte;Colisão Lateral;1;0;1;0;0;0;0;;;;2;0;0;0;0
13/10/2020;08:03:00;150;Acidente sem vítima;213,5;BR-101/ES;Norte;Colisão Traseira;0;0;3;0;0;0;0;;;;3;0;0;0;0
13/10/2020;08:23:00;161;Acidente sem vítima;252,9;BR-101/ES;Sul;Colisão Traseira;2;0;0;0;0;0;0;;;;1;0;0;0;0
13/10/2020;08:53:00;175;Acidente com vítima;174,8;BR-101/ES;Sul;Choque com Veículo Estacionado;2;0;0;0;0;0;0;;;;1;1;0;0;0
13/10/2020;09:17:00;188;Acidente sem vítima;297,5;BR-101/ES;Sul;Colisão Traseira;0;0;2;0;0;0;0;;;;2;0;0;0;0
13/10/2020;10:31:00;219;Acidente sem vítima;222,1;BR-101/ES;Sul;Saída de Pista;1;0;0;0;0;0;0;;;;1;0;0;0;0
13/10/2020;13:06:00;298;Acidente sem vítima;249,9;BR-101/ES;Norte;Colisão Traseira;0;0;2;0;0;0;0;;;;1;0;0;0;0
13/10/2020;13:18:00;302;Acidente com vítima;210,4;BR-101/ES;Sul;Queda de Moto;0;0;0;1;0;0;0;;;;0;1;0;0;0
13/10/2020;14:29:00;319;Acidente com vítima;158,1;BR-101/ES;Sul;Saída de Pista;1;0;0;0;0;0;0;;;;0;1;0;0;0
13/10/2020;17:08:00;374;Acidente sem vítima;143,5;BR-101/ES;Sul;Tombamento;1;0;0;0;0;0;0;;;;1;0;0;0;0
13/10/2020;18:45:00;402;Acidente com vítima;220;BR-101/ES;Sul;Colisão Traseira;1;0;0;1;0;0;0;;;;1;1;0;0;0
13/10/2020;19:02:00;408;Acidente sem vítima;67;BR-101/ES;Norte;Colisão Transversal;0;0;2;0;0;0;0;;;;2;0;0;0;0
13/10/2020;20:50:00;430;Acidente sem vítima;143;BR-101/ES;Norte;Queda de Moto;0;0;0;1;0;0;0;;;;1;0;0;0;0
14/10/2020;06:12:00;102;Acidente com vítima;276,2;BR-101/ES (Contorno de Vitória);Sul;Colisão com ciclista;0;1;1;0;0;0;0;;;;1;0;1;0;0
14/10/2020;06:47:00;107;Acidente sem vítima;264,4;BR-101/ES;Sul;Engavetamento;2;0;1;0;0;0;0;;;;4;0;0;0;0
14/10/2020;06:51:00;109;Acidente sem vítima;141;BR-101/ES;Norte;Colisão Lateral;1;0;0;1;0;0;0;;;;2;0;0;0;0
14/10/2020;10:48:00;219;Acidente sem vítima;83,9;BR-101/ES;Sul;Saída de Pista;1;0;0;0;0;0;0;;;;1;0;0;0;0
14/10/2020;11:09:00;234;Acidente sem vítima;148;BR-101/ES;Norte;Colisão Transversal;1;0;1;0;0;0;0;;;;2;0;0;0;0