data;horario;n_da_ocorrencia;tipo_de_ocorrencia;km;trecho;sentido;tipo_de_acidente;automovel;bicicleta;caminhao;moto;onibus;outros;tracao_animal;transporte_de_cargas_especiais;trator_maquinas;utilitarios;ilesos;levemente_feridos;moderadamente_feridos;gravemente_feridos;mortos
14/10/2020;11:59:00;249;Acidente sem vítima;255,9;BR-101/ES;Sul;Engavetamento;4;0;0;0;0;0;0;;;;4;0;0;0;0
14/10/2020;13:24:00;290;Acidente sem vítima;265,9;BR-101/ES;Norte;Colisão Lateral;1;0;1;0;0;0;0;;;;1;0;0;0;0
14/10/2020;13:37:00;296;Acidente com vítima;147,8;BR-101/ES;Norte;Colisão Transversal;1;0;0;1;0;0;0;;;;1;0;1;0;0
14/10/2020;17:08:00;362;Acidente com vítima;208;BR-101/ES;Sul;Queda de Moto;0;0;0;1;0;0;0;;;;0;2;0;0;0
14/10/2020;18:17:00;381;Acidente com vítima;268;BR-101/ES;Norte;Colisão Lateral;1;0;0;1;0;0;0;;;;1;1;1;0;0
14/10/2020;18:25:00;383;Acidente com vítima;390;BR-101/ES;Sul;Colisão Transversal;1;0;0;1;0;0;0;;;;1;1;0;0;0
15/10/2020;04:10:00;63;Acidente com vítima;48;BR-101/ES;Sul;Colisão Traseira;0;0;4;0;0;0;0;;;;1;0;1;2;0
15/10/2020;07:50:00;145;Acidente com vítima;291,7;BR-101/ES (Contorno de Vitória);Norte;Colisão Traseira;1;0;1;0;0;0;0;;;;1;0;1;0;0
15/10/2020;10:29:00;222;Acidente sem vítima;359;BR-101/ES;Norte;Colisão Traseira;1;0;0;0;1;0;0;;;;6;0;0;0;0
15/10/2020;10:43:00;234;Acidente sem vítima;266,4;BR-101/ES;Norte;Colisão Traseira;2;0;0;0;0;0;0;;;;3;0;0;0;0
15/10/2020;17:05:00;366;Acidente com vítima;191;BR-101/ES;Norte;Colisão Transversal;1;0;0;1;0;0;0;;;;2;1;0;0;0
15/10/2020;20:45:00;425;Acidente com vítima;257;BR-101/ES;Norte;Colisão Lateral;1;0;0;1;0;0;0;;;;1;0;1;0;0
16/10/2020;00:17:00;4;Acidente com vítima;395;BR-101/ES;Sul;Colisão Frontal;1;0;2;0;0;0;0;;;;1;0;1;0;0
16/10/2020;03:48:00;53;Acidente sem vítima;266;BR-101/ES;Norte;Colisão Transversal;2;0;0;0;0;0;0;;;;2;0;0;0;0
16/10/2020;04:50:00;60;Acidente sem vítima;269;BR-101/ES;Norte;Colisão Transversal;1;0;1;0;0;0;0;;;;2;0;0;0;0
16/10/2020;05:43:00;69;Acidente sem vítima;304,2;BR-101/ES;Sul;Saída de Pista;0;0;3;0;0;0;0;;;;1;0;0;0;0
16/10/2020;06:34:00;106;Acidente sem vítima;266,2;BR-101/ES;Sul;Colisão Traseira;1;0;1;0;0;0;0;;;;4;0;0;0;0
16/10/2020;11:06:00;217;Acidente sem vítima;400,6;BR-101/ES;Sul;Colisão Frontal;0;0;5;0;0;0;0;;;;2;0;0;0;0
16/10/2020;12:04:00;241;Acidente sem vítima;264,9;BR-101/ES;Norte;Colisão Traseira;1;0;1;0;0;0;0;;;;4;0;0;0;0
16/10/2020;13:26:00;260;Acidente sem vítima;4;BR-101/ES;Sul;Choque com Objeto Fixo;1;0;0;0;0;0;0;;;;1;0;0;0;0
16/10/2020;13:40:00;263;Acidente sem vítima;270,5;BR-101/ES;Norte;Colisão Traseira;1;0;0;1;0;0;0;;;;3;0;0;0;0
16/10/2020;14:53:00;276;Acidente sem vítima;435,4;BR-101/ES;Norte;Colisão Traseira;4;0;0;0;0;0;0;;;;6;0;0;0;0
16/10/2020;15:10:00;279;Acidente sem vítima;119,6;BR-101/ES;Norte;Colisão Traseira;0;0;6;0;0;0;0;;;;2;0;0;0;0
16/10/2020;16:39:00;307;Acidente sem vítima;209;BR-101/ES;Norte;Colisão Lateral;1;0;2;0;0;0;0;;;;3;0;0;0;0
16/10/2020;18:37:00;335;Acidente com vítima;162;BR-101/ES;Sul;Colisão Lateral;1;0;3;0;0;0;0;;;;3;0;1;0;0
16/10/2020;19:36:00;352;Acidente sem vítima;362;BR-101/ES;Sul;Colisão Traseira;1;0;3;0;0;0;0;;;;5;0;0;0;0
16/10/2020;19:51:00;357;Acidente com vítima;230;BR-101/ES;Norte;Colisão Frontal;1;0;0;1;0;0;0;;;;1;0;1;0;0
17/10/2020;08:37:00;127;Acidente sem vítima;229,5;BR-101/ES;Sul;Colisão Transversal;2;0;0;0;0;0;0;;;;2;0;0;0;0
17/10/2020;12:38:00;225;Acidente com vítima;255,6;BR-101/ES;Norte;Colisão com ciclista;1;1;0;0;0;0;0;;;;2;0;0;1;0
17/10/2020;15:47:00;268;Acidente sem vítima;176;BR-101/ES;Norte;Saída de Pista;1;0;0;0;0;0;0;;;;1;0;0;0;0
17/10/2020;15:57:00;271;Acidente com vítima;127,5;BR-101/ES;Norte;Colisão Traseira;2;0;0;0;0;0;0;;;;6;1;0;0;0
17/10/2020;16:40:00;282;Acidente com vítima;4,6;BR-101/ES;Sul;Queda de Moto;0;0;0;1;0;0;0;;;;0;1;1;0;0
18/10/2020;01:56:00;36;Acidente sem vítima;279;BR-101/ES (Contorno de Vitória);Sul;Choque com Objeto Fixo;1;0;0;0;0;0;0;;;;1;0;0;0;0
18/10/2020;04:11:00;58;Acidente com vítima;215,6;BR-101/ES;Sul;Colisão Frontal;1;0;1;0;0;0;0;;;;1;0;0;1;0
18/10/2020;09:11:00;111;Acidente sem vítima;331,9;BR-101/ES;Norte;Choque com Objeto Fixo;1;0;0;0;0;0;0;;;;1;0;0;0;0
18/10/2020;09:43:00;120;Acidente com vítima;402,7;BR-101/ES;Norte;Tombamento;0;0;2;0;0;0;0;;;;0;1;0;0;0
18/10/2020;17:30:00;241;Acidente sem vítima;297;BR-101/ES;Norte;Colisão Traseira;1;0;0;0;0;0;0;;;;1;0;0;0;0
18/10/2020;19:01:00;258;Acidente sem vítima;261;BR-101/ES;Sul;Colisão Traseira;2;0;0;0;0;0;0;;;;7;0;0;0;0
18/10/2020;21:20:00;290;Acidente sem vítima;269;BR-101/ES;Sul;Colisão Traseira;2;0;0;0;0;0;0;;;;3;0;0;0;0
19/10/2020;10:04:00;184;Acidente sem vítima;268;BR-101/ES;Sul;Colisão Traseira;2;0;0;0;0;0;0;;;;2;0;0;0;0
19/10/2020;10:25:00;189;Acidente sem vítima;300;BR-101/ES;Sul;Colisão Transversal;0;0;1;0;1;0;0;;;;2;0;0;0;0
19/10/2020;10:36:00;205;Acidente com vítima;268,7;BR-101/ES;Sul;Danos Eventuais;0;1;0;0;0;0;0;;;;0;0;1;0;0
19/10/2020;11:31:00;230;Acidente com vítima;203,6;BR-101/ES;Norte;Tombamento;0;0;2;0;0;0;0;;;;0;1;0;0;0
19/10/2020;12:13:00;251;Acidente sem vítima;272;BR-101/ES (Contorno de Vitória);Sul;Choque com Objeto Fixo;1;0;0;0;0;0;0;;;;1;0;0;0;0
19/10/2020;15:14:00;307;Acidente sem vítima;257;BR-101/ES;Norte;Colisão Lateral;1;0;2;0;0;0;0;;;;2;0;0;0;0
19/10/2020;16:38:00;338;Acidente sem vítima;254;BR-101/ES;Sul;Colisão Traseira;0;0;1;0;1;0;0;;;;4;0;0;0;0
19/10/2020;16:48:00;341;Acidente sem vítima;370;BR-101/ES;Norte;Saída de Pista;1;0;0;0;0;0;0;;;;3;0;0;0;0
19/10/2020;18:03:00;361;Acidente com vítima;268;BR-101/ES;Sul;Colisão Lateral;0;0;0;2;0;0;0;;;;1;0;1;0;0
19/10/2020;18:59:00;376;Acidente sem vítima;269;BR-101/ES;Norte;Colisão Lateral;1;0;2;0;0;0;0;;;;2;0;0;0;0
19/10/2020;19:15:00;382;Acidente com vítima;144;BR-101/ES;Norte;Colisão Transversal;1;0;0;0;1;0;0;;;;1;0;1;0;0
20/10/2020;06:49:00;118;Acidente sem vítima;264,2;BR-101/ES;Sul;Colisão Traseira;2;0;0;0;0;0;0;;;;2;0;0;0;0
20/10/2020;10:43:00;210;Acidente com vítima;428;BR-101/ES;Sul;Queda de Moto;0;0;0;1;0;0;0;;;;0;2;0;0;0
20/10/2020;15:03:00;301;Acidente sem vítima;207,8;BR-101/ES;Sul;Choque com Objeto Fixo;1;0;0;0;0;0;0;;;;1;0;0;0;0
20/10/2020;16:07:00;326;Acidente sem vítima;279,9;BR-101/ES (Contorno de Vitória);Norte;Queda de Moto;0;0;0;1;0;0;0;;;;2;0;0;0;0
20/10/2020;17:29:00;346;Acidente sem vítima;266,4;BR-101/ES;Sul;Engavetamento;4;0;0;0;0;0;0;;;;4;0;0;0;0
20/10/2020;17:31:00;347;Acidente sem vítima;214,9;BR-101/ES;Norte;Colisão Transversal;2;0;0;0;0;0;0;;;;2;0;0;0;0
20/10/2020;18:18:00;356;Acidente sem vítima;151;BR-101/ES;Sul;Colisão Transversal;1;0;0;1;0;0;0;;;;2;0;0;0;0
20/10/2020;19:55:00;380;Acidente com vítima;298;BR-101/ES;Norte;Colisão Traseira;2;0;0;0;0;0;0;;;;1;1;0;0;0
20/10/2020;20:57:00;391;Acidente sem vítima;290;BR-101/ES (Contorno de Vitória);Norte;Choque com Objeto Fixo;1;0;0;0;0;0;0;;;;1;0;0;0;0
20/10/2020;23:46:00;445;Acidente sem vítima;58,6;BR-101/ES;Norte;Colisão Traseira;0;0;2;0;0;0;0;;;;2;0;0;0;0
20/10/2020;23:54:00;447;Acidente sem vítima;298;BR-101/ES;Norte;Colisão Traseira;2;0;0;0;0;0;0;;;;2;0;0;0;0
21/10/2020;07:15:00;116;Acidente sem vítima;267;BR-101/ES;Sul;Colisão Lateral;1;0;3;0;0;0;0;;;;2;0;0;0;0
21/10/2020;07:56:00;137;Acidente sem vítima;142,9;BR-101/ES;Norte;Colisão Traseira;2;0;0;0;0;0;0;;;;2;0;0;0;0
21/10/2020;08:23:00;149;Acidente com vítima;290,8;BR-101/ES (Contorno de Vitória);Sul;Colisão Lateral;1;0;0;1;0;0;0;;;;1;0;1;0;0
21/10/2020;11:34:00;239;Acidente sem vítima;212,5;BR-101/ES;Norte;Colisão Traseira;0;0;3;0;0;0;0;;;;4;0;0;0;0
21/10/2020;12:01:00;246;Acidente sem vítima;314,7;BR-101/ES;Norte;Choque com Objeto Fixo;1;0;0;0;0;0;0;;;;1;0;0;0;0
21/10/2020;12:38:00;262;Acidente sem vítima;244;BR-101/ES;Norte;Colisão Lateral;1;0;1;0;0;0;0;;;;3;0;0;0;0
21/10/2020;12:56:00;269;Acidente com vítima;143,8;BR-101/ES;Sul;Colisão Transversal;2;0;0;0;0;0;0;;;;1;1;1;0;0
21/10/2020;14:16:00;293;Acidente sem vítima;15,7;BR-101/ES;Sul;Colisão Transversal;1;0;1;0;0;0;0;;;;2;0;0;0;0
21/10/2020;16:06:00;326;Acidente sem vítima;298;BR-101/ES;Norte;Colisão Traseira;2;0;0;0;0;0;0;;;;2;0;0;0;0
21/10/2020;16:07:00;327;Acidente com vítima;266,2;BR-101/ES;Norte;Colisão Transversal;0;0;3;1;0;0;0;;;;1;1;1;0;0
21/10/2020;17:28:00;349;Acidente sem vítima;142,1;BR-101/ES;Sul;Engavetamento;3;0;0;0;0;0;0;;;;3;0;0;0;0
21/10/2020;23:14:00;437;Acidente sem vítima;313;BR-101/ES;Norte;Queda de Moto;0;0;0;1;0;0;0;;;;1;0;0;0;0
21/10/2020;23:35:00;445;Acidente com vítima;222;BR-101/ES;Norte;Queda de Moto;0;0;0;1;0;0;0;;;;0;1;1;0;0
22/10/2020;07:59:00;157;Acidente com vítima;270;BR-101/ES;Sul;Colisão Traseira;2;0;0;1;0;0;0;;;;3;1;0;0;0
22/10/2020;08:03:00;159;Acidente sem vítima;255,3;BR-101/ES;Norte;Choque com Objeto Fixo;0;0;1;0;0;0;0;;;;1;0;0;0;0
22/10/2020;09:30:00;188;Acidente sem vítima;267,5;BR-101/ES;Sul;Colisão Traseira;2;0;0;0;0;0;0;;;;2;0;0;0;0
22/10/2020;10:21:00;207;Acidente sem vítima;393;BR-101/ES;Norte;Colisão Traseira;1;0;0;0;0;0;0;;;;1;0;0;0;0
22/10/2020;13:40:00;297;Acidente com vítima;267;BR-101/ES;Sul;Colisão com ciclista;1;1;0;0;0;0;0;;;;1;0;1;0;0
22/10/2020;14:08:00;311;Acidente sem vítima;261;BR-101/ES;Sul;Colisão Traseira;2;0;0;0;0;0;0;;;;2;0;0;0;0
22/10/2020;18:02:00;382;Atropelamento sem morte;144,5;BR-101/ES;Sul;Atropelamento;1;0;0;0;0;0;0;;;;1;0;1;0;0
22/10/2020;18:48:00;387;Acidente sem vítima;266;BR-101/ES;Sul;Engavetamento;1;0;0;0;0;0;0;;;;1;0;0;0;0
22/10/2020;19:16:00;394;Acidente sem vítima;164;BR-101/ES;Sul;Colisão Transversal;1;0;0;1;0;0;0;;;;3;0;0;0;0
22/10/2020;21:52:00;437;Acidente com vítima;349;BR-101/ES;Sul;Colisão Lateral;1;0;1;0;0;0;0;;;;1;1;0;0;0
23/10/2020;08:04:00;145;Acidente sem vítima;396;BR-101/ES;Norte;Colisão Lateral;1;0;2;0;0;0;0;;;;2;0;0;0;0
23/10/2020;08:33:00;161;Atropelamento sem morte;270;BR-101/ES;Sul;Atropelamento;0;0;0;1;0;0;0;;;;1;0;1;0;0
23/10/2020;08:54:00;168;Acidente com vítima;443;BR-101/ES;Norte;Colisão Transversal;1;0;0;1;0;0;0;;;;1;0;1;0;0
23/10/2020;15:48:00;350;Acidente sem vítima;399;BR-101/ES;Norte;Veículo em Chamas;0;0;1;0;0;0;0;;;;1;0;0;0;0
23/10/2020;17:25:00;387;Acidente sem vítima;402,3;BR-101/ES;Sul;Tombamento;0;0;2;0;0;0;0;;;;1;0;0;0;0
23/10/2020;20:32:00;427;Acidente com vítima;294;BR-101/ES (Contorno de Vitória);Sul;Choque com Objeto Fixo;1;0;0;0;0;0;0;;;;2;0;1;0;0
23/10/2020;21:14:00;438;Acidente sem vítima;435,5;BR-101/ES;Norte;Tombamento;0;0;1;0;0;0;0;;;;1;0;0;0;0
23/10/2020;21:41:00;448;Acidente sem vítima;435;BR-101/ES;Norte;Saída de Pista;1;0;0;0;0;0;0;;;;2;0;0;0;0
24/10/2020;04:21:00;56;Acidente com vítima;211,9;BR-101/ES;Norte;Colisão Frontal;1;0;2;0;0;0;0;;;;1;0;0;1;0
24/10/2020;05:02:00;62;Acidente com vítima;197,1;BR-101/ES;Norte;Saída de Pista;1;0;0;0;0;0;0;;;;0;1;0;0;0
24/10/2020;06:03:00;81;Acidente sem vítima;46,8;BR-101/ES;Norte;Saída de Pista;1;0;0;0;0;0;0;;;;1;0;0;0;0
24/10/2020;06:14:00;82;Atropelamento sem morte;215;BR-101/ES;Norte;Atropelamento e Fuga;0;0;0;0;0;1;1;;;;0;0;1;0;0
24/10/2020;07:31:00;91;Acidente sem vítima;262,2;BR-101/ES;Sul;Colisão Transversal;2;0;0;0;0;0;0;;;;2;0;0;0;0
24/10/2020;10:02:00;147;Acidente sem vítima;285,9;BR-101/ES (Contorno de Vitória);Norte;Colisão Lateral;1;0;1;0;0;0;0;;;;2;0;0;0;0
24/10/2020;10:08:00;148;Acidente sem vítima;320,8;BR-101/ES;Sul;Choque com Objeto Fixo;0;0;1;0;0;0;0;;;;1;0;0;0;0
24/10/2020;11:47:00;200;Acidente sem vítima;261,9;BR-101/ES;Norte;Colisão Traseira;2;0;0;0;0;0;0;;;;3;0;0;0;0
24/10/2020;13:59:00;236;Acidente sem vítima;195,9;BR-101/ES;Sul;Choque com Objeto Fixo;1;0;0;0;0;0;0;;;;2;0;0;0;0
24/10/2020;14:32:00;242;Acidente sem vítima;16;BR-101/ES;Norte;Veículo em Chamas;0;0;1;0;0;0;0;;;;1;0;0;0;0
24/10/2020;15:08:00;249;Acidente com vítima;389,7;BR-101/ES;Norte;Capotamento;1;0;0;0;0;0;0;;;;0;0;2;0;0
24/10/2020;16:23:00;269;Acidente sem vítima;285,9;BR-101/ES (Contorno de Vitória);Norte;Choque com Objeto Fixo;1;0;0;0;0;0;0;;;;1;0;0;0;0
24/10/2020;18:05:00;300;Acidente sem vítima;288;BR-101/ES (Contorno de Vitória);Sul;Colisão Lateral;1;0;1;0;0;0;0;;;;6;0;0;0;0
24/10/2020;18:08:00;302;Acidente sem vítima;280,1;BR-101/ES (Contorno de Vitória);Sul;Saída de Pista;1;0;0;0;0;0;0;;;;1;0;0;0;0
24/10/2020;18:24:00;306;Acidente com vítima;294;BR-101/ES (Contorno de Vitória);Norte;Colisão Traseira;1;0;1;0;0;0;0;;;;1;2;0;0;0
24/10/2020;18:36:00;309;Acidente sem vítima;399;BR-101/ES;Sul;Choque com Objeto Fixo;0;0;2;0;0;0;0;;;;1;0;0;0;0
24/10/2020;19:12:00;326;Acidente com vítima;266;BR-101/ES;Sul;Colisão Traseira;1;0;0;1;0;0;0;;;;3;0;1;0;0
24/10/2020;19:33:00;332;Acidente sem vítima;68;BR-101/ES;Norte;Colisão Transversal;2;0;0;0;0;0;0;;;;2;0;0;0;0
24/10/2020;19:34:00;333;Atropelamento sem morte;258;BR-101/ES;Norte;Atropelamento e Fuga;0;0;0;0;0;1;1;;;;0;0;0;1;0
24/10/2020;19:54:00;336;Acidente com vítima;285;BR-101/ES (Contorno de Vitória);Norte;Choque com Objeto Fixo;1;0;0;0;0;0;0;;;;0;1;1;0;0
24/10/2020;20:18:00;341;Acidente sem vítima;265,5;BR-101/ES;Sul;Colisão Traseira;2;0;0;0;0;0;0;;;;4;0;0;0;0
24/10/2020;22:06:00;362;Acidente sem vítima;255;BR-101/ES;Norte;Choque com Objeto Fixo;1;0;0;0;0;0;0;;;;1;0;0;0;0
24/10/2020;23:23:00;392;Acidente sem vítima;264,5;BR-101/ES;Sul;Capotamento;1;0;0;0;0;0;0;;;;1;0;0;0;0
25/10/2020;03:05:00;22;Acidente sem vítima;292;BR-101/ES (Contorno de Vitória);Sul;Choque com Objeto Fixo;1;0;0;0;0;0;0;;;;1;0;0;0;0
25/10/2020;04:21:00;48;Acidente sem vítima;147,8;BR-101/ES;Sul;Saída de Pista;1;0;0;0;0;0;0;;;;1;0;0;0;0
25/10/2020;05:27:00;61;Acidente sem vítima;386;BR-101/ES;Norte;Saída de Pista;1;0;0;0;0;0;0;;;;1;0;0;0;0
25/10/2020;05:40:00;66;Acidente sem vítima;162;BR-101/ES;Norte;Saída de Pista;1;0;0;0;0;0;0;;;;3;0;0;0;0
25/10/2020;06:04:00;70;Acidente sem vítima;246;BR-101/ES;Sul;Saída de Pista;1;0;0;0;0;0;0;;;;1;0;0;0;0
25/10/2020;09:08:00;113;Acidente sem vítima;145;BR-101/ES;Norte;Queda de ciclista;0;1;0;0;0;0;0;;;;1;0;0;0;0
25/10/2020;11:34:00;169;Acidente com vítima;406,7;BR-101/ES;Sul;Choque com Objeto Fixo;1;0;0;0;0;0;0;;;;0;2;0;0;0
25/10/2020;11:52:00;178;Acidente com vítima;366,7;BR-101/ES;Norte;Saída de Pista;1;0;0;0;0;0;0;;;;0;1;2;0;0
25/10/2020;14:34:00;221;Acidente sem vítima;457,6;BR-101/ES;Norte;Colisão Transversal;0;0;4;0;0;0;0;;;;2;0;0;0;0
25/10/2020;17:04:00;260;Acidente sem vítima;943,7;BR-101/BA;Norte;Saída de Pista;1;0;0;0;0;0;0;;;;1;0;0;0;0
25/10/2020;17:47:00;274;Atropelamento sem morte;270,7;BR-101/ES;Norte;Atropelamento;1;0;0;0;0;0;0;;;;4;0;0;0;0
25/10/2020;17:56:00;276;Acidente sem vítima;266,3;BR-101/ES;Norte;Colisão Traseira;1;0;1;0;0;0;0;;;;4;0;0;0;0
25/10/2020;19:25:00;297;Acidente com vítima;297;BR-101/ES;Norte;Colisão Traseira;1;0;0;1;0;0;0;;;;1;0;1;0;0
25/10/2020;21:00:00;323;Acidente sem vítima;207,8;BR-101/ES;Norte;Colisão Traseira;2;0;0;0;0;0;0;;;;2;0;0;0;0
26/10/2020;01:13:00;29;Acidente sem vítima;328;BR-101/ES;Norte;Choque com Objeto Fixo;1;0;0;0;0;0;0;;;;1;0;0;0;0
26/10/2020;07:04:00;139;Acidente com vítima;69,9;BR-101/ES;Norte;Atropelamento Animal;0;0;0;1;0;0;0;;;;0;1;0;0;0
26/10/2020;07:12:00;145;Acidente sem vítima;262,6;BR-101/ES;Norte;Colisão Traseira;2;0;0;0;0;0;0;;;;4;0;0;0;0
26/10/2020;08:41:00;174;Acidente com vítima;459,6;BR-101/ES;Norte;Choque com Objeto Fixo;1;0;0;0;0;0;0;;;;0;1;1;0;0
26/10/2020;10:03:00;211;Acidente com vítima;400,5;BR-101/ES;Sul;Saída de Pista;0;0;1;0;0;0;0;;;;1;1;0;0;0
26/10/2020;10:35:00;225;Acidente com vítima;1,8;BR-101/ES;Norte;Queda de Moto;0;0;0;1;0;0;0;;;;0;2;0;0;0
26/10/2020;10:58:00;240;Acidente com vítima;255,3;BR-101/ES;Sul;Colisão Traseira;1;0;0;1;0;0;0;;;;2;1;0;0;0
26/10/2020;12:24:00;285;Acidente com vítima;216;BR-101/ES;Sul;Colisão Transversal;1;0;3;0;0;0;0;;;;1;0;0;1;0
26/10/2020;17:47:00;393;Acidente com vítima;294;BR-101/ES (Contorno de Vitória);Norte;Engavetamento;2;0;0;1;0;0;0;;;;3;1;0;0;0
26/10/2020;20:40:00;439;Acidente sem vítima;38,5;BR-101/ES;Norte;Colisão Transversal;1;0;1;0;0;0;0;;;;3;0;0;0;0
27/10/2020;07:03:00;136;Acidente sem vítima;0,8;BR-101/ES;Norte;Engavetamento;2;0;1;0;0;0;0;;;;3;0;0;0;0
27/10/2020;07:09:00;140;Acidente com vítima;146,1;BR-101/ES;Norte;Colisão Traseira;1;0;0;1;0;0;0;;;;1;0;1;0;0
27/10/2020;08:54:00;183;Acidente sem vítima;269,1;BR-101/ES;Sul;Engavetamento;2;0;0;0;0;0;0;;;;2;0;0;0;0
27/10/2020;09:31:00;204;Acidente sem vítima;269;BR-101/ES;Norte;Colisão Traseira;2;0;0;0;0;0;0;;;;2;0;0;0;0
27/10/2020;10:04:00;217;Acidente com vítima;274;BR-101/ES (Contorno de Vitória);Sul;Colisão Traseira;0;0;3;0;0;0;0;;;;1;1;0;0;0
27/10/2020;10:36:00;231;Acidente sem vítima;266;BR-101/ES;Norte;Engavetamento;3;0;0;0;0;0;0;;;;3;0;0;0;0
27/10/2020;12:26:00;289;Acidente com vítima;204,4;BR-101/ES;Norte;Colisão Transversal;1;0;0;1;0;0;0;;;;2;1;0;0;0
27/10/2020;15:40:00;352;Acidente sem vítima;358;BR-101/ES;Norte;Colisão Traseira;1;0;2;0;0;0;0;;;;2;0;0;0;0
27/10/2020;16:03:00;364;Acidente sem vítima;356;BR-101/ES;Norte;Engavetamento;2;0;8;0;0;0;0;;;;7;0;0;0;0
28/10/2020;01:48:00;40;Acidente sem vítima;14,2;BR-101/ES;Norte;Colisão Lateral;1;0;2;0;0;0;0;;;;2;0;0;0;0
28/10/2020;05:15:00;70;Acidente com vítima;293;BR-101/ES (Contorno de Vitória);Norte;Colisão Transversal;1;0;0;1;0;0;0;;;;1;0;1;0;0
28/10/2020;06:48:00;120;Acidente com vítima;262,1;BR-101/ES;Sul;Colisão com ciclista;1;1;0;0;0;0;0;;;;1;1;0;0;0
28/10/2020;07:37:00;128;Acidente sem vítima;458,6;BR-101/ES;Sul;Saída de Pista;0;0;2;0;0;0;0;;;;1;0;0;0;0
28/10/2020;08:06:00;138;Acidente sem vítima;145,8;BR-101/ES;Sul;Colisão Traseira;2;0;0;0;0;0;0;;;;1;0;0;0;0
28/10/2020;08:07:00;139;Acidente com vítima;330,1;BR-101/ES;Norte;Choque com Objeto Fixo;1;0;0;0;0;0;0;;;;0;1;0;0;0
28/10/2020;12:50:00;280;Acidente com vítima;282,5;BR-101/ES (Contorno de Vitória);Norte;Colisão Frontal;2;0;0;0;0;0;0;;;;3;1;0;0;0
28/10/2020;13:34:00;300;Acidente com vítima;269;BR-101/ES;Sul;Queda de Moto;0;0;0;1;0;0;0;;;;0;0;1;0;0
28/10/2020;15:21:00;333;Acidente com morte;261,2;BR-101/ES;Sul;Colisão Lateral;2;0;2;0;0;1;0;;;;2;1;0;0;1
28/10/2020;15:28:00;339;Acidente com vítima;333;BR-101/ES;Sul;Queda de Moto;0;0;0;1;0;0;0;;;;0;1;0;0;0
28/10/2020;16:43:00;363;Acidente sem vítima;265,8;BR-101/ES;Norte;Colisão Traseira;2;0;0;0;0;0;0;;;;3;0;0;0;0
28/10/2020;16:53:00;367;Acidente com vítima;260,8;BR-101/ES;Sul;Colisão Traseira;1;0;0;2;0;0;0;;;;2;2;0;0;0
28/10/2020;17:42:00;382;Acidente sem vítima;297,9;BR-101/ES;Norte;Colisão Traseira;3;0;0;0;0;0;0;;;;4;0;0;0;0
28/10/2020;19:45:00;402;Acidente com vítima;448;BR-101/ES;Sul;Choque com Objeto Fixo;1;0;0;0;0;0;0;;;;0;1;2;0;0
28/10/2020;21:32:00;425;Acidente com vítima;337;BR-101/ES;Sul;Choque;1;0;0;0;0;0;0;;;;1;1;0;0;0
29/10/2020;01:54:00;40;Acidente com vítima;302,8;BR-101/ES;Sul;Capotamento;0;0;2;0;0;0;0;;;;0;0;1;0;0
29/10/2020;05:23:00;132;Acidente sem vítima;146;BR-101/ES;Norte;Colisão Traseira;2;0;0;0;0;0;0;;;;2;0;0;0;0
29/10/2020;09:20:00;216;Acidente sem vítima;270,5;BR-101/ES;Sul;Colisão Traseira;1;0;2;0;0;0;0;;;;2;0;0;0;0
29/10/2020;11:16:00;276;Acidente com vítima;266,1;BR-101/ES;Sul;Queda de Moto;0;0;0;1;0;0;0;;;;0;0;1;0;0
29/10/2020;11:51:00;291;Acidente sem vítima;270,5;BR-101/ES;Norte;Colisão Traseira;2;0;0;0;0;0;0;;;;2;0;0;0;0
29/10/2020;14:17:00;350;Atropelamento sem morte;148,37;BR-101/ES;Norte;Atropelamento;0;0;1;0;0;0;0;;;;1;0;1;1;0
29/10/2020;16:33:00;381;Acidente sem vítima;285,4;BR-101/ES (Contorno de Vitória);Sul;Colisão Traseira;1;0;0;1;0;0;0;;;;2;0;0;0;0
29/10/2020;16:51:00;387;Acidente com vítima;293,6;BR-101/ES (Contorno de Vitória);Sul;Queda de Moto;0;0;0;1;0;0;0;;;;0;0;1;0;0
29/10/2020;17:14:00;395;Atropelamento sem morte;328,1;BR-101/ES;Sul;Atropelamento;1;0;0;0;0;0;0;;;;1;0;0;1;0
29/10/2020;21:40:00;470;Acidente sem vítima;296;BR-101/ES (Contorno de Vitória);Norte;Colisão Lateral;1;0;1;0;0;0;0;;;;2;0;0;0;0
30/10/2020;02:22:00;95;Acidente sem vítima;310;BR-101/ES;Norte;Saída de Pista;1;0;0;0;0;0;0;;;;3;0;0;0;0
30/10/2020;07:36:00;167;Acidente sem vítima;315;BR-101/ES;Norte;Colisão Traseira;1;0;1;0;0;0;0;;;;2;0;0;0;0
30/10/2020;08:10:00;183;Acidente sem vítima;108,5;BR-101/ES;Norte;Colisão Transversal;1;0;1;0;0;0;0;;;;6;0;0;0;0
30/10/2020;08:31:00;195;Acidente sem vítima;229,1;BR-101/ES;Sul;Colisão Traseira;1;0;2;0;0;0;0;;;;2;0;0;0;0