data;horario;n_da_ocorrencia;tipo_de_ocorrencia;km;trecho;sentido;tipo_de_acidente;automovel;bicicleta;caminhao;moto;onibus;outros;tracao_animal;transporte_de_cargas_especiais;trator_maquinas;utilitarios;ilesos;levemente_feridos;moderadamente_feridos;gravemente_feridos;mortos
16/11/2020;15:00:00;299;Acidente sem vítima;315;BR-101/ES;Norte;Saída de Pista;1;0;0;0;0;0;0;;;;1;0;0;0;0
16/11/2020;15:21:00;308;Acidente com vítima;228,5;BR-101/ES;Sul;Engavetamento;2;0;2;0;0;0;0;;;;5;0;1;0;0
16/11/2020;15:54:00;317;Acidente sem vítima;110,3;BR-101/ES;Sul;Colisão Traseira;1;0;2;0;0;0;0;;;;3;0;0;0;0
16/11/2020;18:49:00;388;Atropelamento sem morte;266,9;BR-101/ES;Sul;Atropelamento;2;0;0;0;0;0;0;;;;2;0;1;0;0
16/11/2020;18:58:00;390;Atropelamento sem morte;397;BR-101/ES;Sul;Atropelamento e Fuga;0;0;0;0;0;1;1;;;;0;0;0;1;0
16/11/2020;20:51:00;430;Acidente sem vítima;45,8;BR-101/ES;Norte;Atropelamento de Equino;1;0;0;0;0;0;0;;;;4;0;0;0;0
17/11/2020;06:59:00;99;Acidente sem vítima;263,9;BR-101/ES;Sul;Colisão Traseira;2;0;0;0;0;0;0;;;;6;0;0;0;0
17/11/2020;07:42:00;118;Acidente sem vítima;40,1;BR-101/ES;Norte;Colisão Lateral;2;0;0;0;0;0;0;;;;3;0;0;0;0
17/11/2020;08:41:00;135;Acidente sem vítima;939,2;BR-101/BA;Norte;Saída de Pista;1;0;0;0;0;0;0;;;;1;0;0;0;0
17/11/2020;09:44:00;154;Acidente com vítima;381;BR-101/ES (Contorno de Iconha);Norte;Saída de Pista;1;0;0;0;0;0;0;;;;0;1;0;0;0
17/11/2020;11:45:00;214;Acidente sem vítima;222,2;BR-101/ES;Sul;Colisão Traseira;2;0;0;0;0;0;0;;;;6;0;0;0;0
17/11/2020;13:46:00;258;Acidente sem vítima;264,5;BR-101/ES;Norte;Colisão Traseira;3;0;0;0;0;0;0;;;;3;0;0;0;0
17/11/2020;16:16:00;308;Acidente sem vítima;224,1;BR-101/ES;Norte;Colisão Traseira;2;0;0;0;0;0;0;;;;6;0;0;0;0
17/11/2020;18:48:00;355;Acidente sem vítima;260,8;BR-101/ES;Norte;Colisão Traseira;1;0;0;0;1;0;0;;;;3;0;0;0;0
18/11/2020;03:56:00;75;Acidente sem vítima;266,3;BR-101/ES;Norte;Queda de Moto;0;0;0;1;0;0;0;;;;2;0;0;0;0
18/11/2020;06:45:00;108;Acidente com vítima;255,7;BR-101/ES;Norte;Engavetamento;3;0;0;0;0;0;0;;;;4;1;0;0;0
18/11/2020;08:01:00;133;Acidente com vítima;176,3;BR-101/ES;Norte;Colisão Transversal;1;0;0;1;0;0;0;;;;1;1;0;0;0
18/11/2020;08:34:00;143;Acidente com vítima;297,4;BR-101/ES;Sul;Colisão Traseira;0;0;2;0;1;0;0;;;;1;2;0;0;0
18/11/2020;09:07:00;152;Acidente sem vítima;326,4;BR-101/ES;Norte;Saída de Pista;1;0;0;0;0;0;0;;;;1;0;0;0;0
18/11/2020;17:25:00;328;Acidente sem vítima;286,5;BR-101/ES (Contorno de Vitória);Sul;Colisão Lateral;1;0;2;0;0;0;0;;;;2;0;0;0;0
18/11/2020;20:22:00;368;Acidente sem vítima;149;BR-101/ES;Sul;Colisão Traseira;2;0;0;0;0;0;0;;;;2;0;0;0;0
18/11/2020;20:23:00;369;Acidente sem vítima;31;BR-101/ES;Norte;Colisão Transversal;2;0;0;0;0;0;0;;;;2;0;0;0;0
18/11/2020;22:04:00;390;Acidente com morte;156;BR-101/ES;Norte;Colisão com ciclista;1;1;1;0;0;0;0;;;;5;0;0;0;1
19/11/2020;03:34:00;58;Acidente sem vítima;320;BR-101/ES;Norte;Colisão Traseira;1;0;1;0;0;0;0;;;;2;0;0;0;0
19/11/2020;05:55:00;108;Acidente com vítima;122;BR-101/ES;Sul;Saída de Pista;1;0;0;0;0;0;0;;;;0;1;0;0;0
19/11/2020;09:52:00;179;Acidente sem vítima;265;BR-101/ES;Sul;Colisão Traseira;2;0;0;0;0;0;0;;;;2;0;0;0;0
19/11/2020;10:18:00;190;Acidente com vítima;332,6;BR-101/ES;Sul;Tombamento;0;0;2;0;0;0;0;;;;0;1;0;0;0
19/11/2020;10:22:00;191;Acidente sem vítima;247;BR-101/ES;Sul;Colisão Transversal;1;0;0;0;0;0;0;;;;2;0;0;0;0
19/11/2020;10:29:00;193;Acidente com vítima;258;BR-101/ES;Sul;Colisão Traseira;1;0;0;1;0;0;0;;;;2;0;1;0;0
19/11/2020;14:07:00;291;Acidente sem vítima;311;BR-101/ES;Sul;Engavetamento;1;0;2;0;0;0;0;;;;5;0;0;0;0
19/11/2020;14:59:00;308;Acidente com vítima;401,6;BR-101/ES;Sul;Choque;0;0;2;0;0;0;0;;;;1;0;0;1;0
19/11/2020;15:03:00;309;Acidente sem vítima;66;BR-101/ES;Sul;Colisão Lateral;2;1;1;0;0;0;0;;;;5;0;0;0;0
19/11/2020;15:08:00;312;Acidente sem vítima;45,5;BR-101/ES;Sul;Saída de Pista;1;0;0;0;0;0;0;;;;1;0;0;0;0
20/11/2020;05:05:00;63;Acidente com vítima;369;BR-101/ES;Norte;Saída de Pista;0;0;0;1;0;0;0;;;;0;0;1;0;0
20/11/2020;06:49:00;96;Acidente sem vítima;174;BR-101/ES;Norte;Saída de Pista;1;0;0;0;0;0;0;;;;1;0;0;0;0
20/11/2020;07:25:00;106;Acidente sem vítima;261;BR-101/ES;Sul;Colisão Traseira;2;0;0;0;0;0;0;;;;2;0;0;0;0
20/11/2020;10:05:00;158;Acidente sem vítima;147,5;BR-101/ES;Sul;Colisão Traseira;2;0;0;0;0;0;0;;;;2;0;0;0;0
20/11/2020;11:19:00;189;Atropelamento sem morte;268,6;BR-101/ES;Sul;Atropelamento;0;0;0;1;0;0;0;;;;1;0;1;0;0
20/11/2020;12:07:00;208;Acidente sem vítima;262;BR-101/ES;Sul;Choque com Veículo Estacionado;1;0;1;0;0;0;0;;;;2;0;0;0;0
20/11/2020;12:47:00;226;Acidente sem vítima;270;BR-101/ES;Norte;Colisão Lateral;1;0;0;1;0;0;0;;;;2;0;0;0;0
20/11/2020;12:53:00;235;Acidente com vítima;30,4;BR-101/ES;Norte;Colisão Lateral;1;0;1;0;0;0;0;;;;2;1;1;0;0
20/11/2020;12:58:00;237;Acidente com vítima;218,2;BR-101/ES;Sul;Colisão Traseira;1;0;0;1;0;0;0;;;;1;0;1;0;0
20/11/2020;15:54:00;286;Acidente com vítima;268;BR-101/ES;Norte;Colisão Traseira;2;0;0;1;0;0;0;;;;2;1;0;0;0
20/11/2020;16:28:00;292;Acidente sem vítima;266;BR-101/ES;Sul;Colisão Traseira;2;0;0;0;0;0;0;;;;2;0;0;0;0
20/11/2020;17:08:00;310;Acidente sem vítima;343;BR-101/ES;Sul;Colisão Lateral;1;0;2;0;0;0;0;;;;2;0;0;0;0
20/11/2020;18:42:00;348;Acidente com vítima;263;BR-101/ES;Norte;Colisão Traseira;1;0;0;1;0;0;0;;;;1;0;1;0;0
20/11/2020;19:49:00;363;Acidente com vítima;436;BR-101/ES;Norte;Colisão Traseira;0;0;1;0;0;0;0;;;;0;0;1;0;0
21/11/2020;09:05:00;127;Acidente com vítima;296,3;BR-101/ES;Norte;Choque com Objeto Fixo;1;0;0;0;0;0;0;;;;0;1;0;0;0
21/11/2020;18:09:00;343;Acidente com vítima;366,5;BR-101/ES;Sul;Saída de Pista;1;0;0;0;0;0;0;;;;0;1;0;0;0
21/11/2020;18:44:00;348;Acidente com vítima;295;BR-101/ES (Contorno de Vitória);Sul;Colisão Traseira;1;0;0;1;0;0;0;;;;2;0;1;0;0
21/11/2020;21:54:00;382;Acidente com vítima;87;BR-101/ES;Sul;Saída de Pista;1;0;0;0;0;0;0;;;;0;0;1;0;0
21/11/2020;22:43:00;395;Acidente sem vítima;215;BR-101/ES;Sul;Colisão Transversal;2;0;0;0;0;0;0;;;;3;0;0;0;0
21/11/2020;23:07:00;401;Acidente com vítima;144;BR-101/ES;Norte;Colisão Traseira;1;0;0;1;0;0;0;;;;1;1;0;0;0
22/11/2020;00:22:00;7;Acidente sem vítima;305;BR-101/ES;Norte;Saída de Pista;1;0;0;0;0;0;0;;;;3;0;0;0;0
22/11/2020;06:51:00;91;Acidente sem vítima;266,4;BR-101/ES;Norte;Saída de Pista;1;0;0;0;0;0;0;;;;1;0;0;0;0
22/11/2020;08:38:00;114;Acidente com vítima;266,3;BR-101/ES;Norte;Queda de ciclista;0;1;0;0;0;0;0;;;;0;0;1;0;0
22/11/2020;11:48:00;189;Acidente com vítima;944,5;BR-101/BA;Sul;Tombamento;0;0;3;0;0;0;0;;;;0;1;0;0;0
22/11/2020;12:07:00;197;Acidente com vítima;149,3;BR-101/ES;Sul;Colisão Transversal;2;0;0;0;0;0;0;;;;1;0;1;0;0
22/11/2020;14:07:00;234;Acidente com vítima;26,3;BR-101/ES;Sul;Saída de Pista;1;0;0;0;0;0;0;;;;0;2;1;0;0
22/11/2020;14:55:00;243;Acidente sem vítima;229,4;BR-101/ES;Norte;Choque com Objeto Fixo;1;0;0;0;0;0;0;;;;1;0;0;0;0
22/11/2020;15:19:00;251;Acidente sem vítima;117;BR-101/ES;Sul;Colisão Traseira;2;0;0;0;0;0;0;;;;5;0;0;0;0
22/11/2020;18:46:00;315;Acidente sem vítima;254;BR-101/ES;Norte;Colisão Frontal;3;0;0;0;0;0;0;;;;11;0;0;0;0
22/11/2020;19:01:00;321;Acidente com vítima;195;BR-101/ES;Norte;Colisão Transversal;2;0;0;0;0;0;0;;;;3;1;0;0;0
22/11/2020;21:25:00;355;Acidente com vítima;429,9;BR-101/ES;Norte;Colisão Frontal;1;0;2;0;0;0;0;;;;1;0;0;1;0
22/11/2020;23:45:00;394;Acidente sem vítima;280;BR-101/ES (Contorno de Vitória);Sul;Choque com Objeto Fixo;1;0;0;0;0;0;0;;;;1;0;0;0;0
23/11/2020;01:05:00;22;Acidente com vítima;327;BR-101/ES;Sul;Saída de Pista;1;0;0;0;0;0;0;;;;0;0;1;0;0
23/11/2020;02:31:00;77;Acidente com vítima;264;BR-101/ES;Sul;Colisão Transversal;1;0;2;0;0;0;0;;;;3;0;0;1;0
23/11/2020;06:03:00;115;Acidente sem vítima;265,6;BR-101/ES;Sul;Colisão Traseira;1;0;0;0;0;0;0;;;;1;0;0;0;0
23/11/2020;06:30:00;118;Acidente sem vítima;143,7;BR-101/ES;Sul;Colisão Transversal;1;0;2;0;0;1;0;;;;2;0;0;0;0
23/11/2020;07:24:00;124;Acidente sem vítima;332;BR-101/ES;Sul;Saída de Pista;1;0;0;0;0;0;0;;;;2;0;0;0;0
23/11/2020;07:34:00;126;Acidente com vítima;95,5;BR-101/ES;Norte;Queda de Moto;0;0;0;1;0;0;0;;;;0;1;0;0;0
23/11/2020;10:15:00;191;Acidente com vítima;262,25;BR-101/ES;Norte;Colisão Traseira;1;0;1;0;0;0;0;;;;2;1;0;0;0
23/11/2020;12:21:00;254;Acidente com morte;248,1;BR-101/ES;Norte;Colisão Frontal;1;0;2;0;0;0;0;;;;1;0;1;0;1
23/11/2020;12:59:00;268;Acidente com vítima;165,7;BR-101/ES;Sul;Queda de Moto;0;0;0;1;0;0;0;;;;0;0;0;1;0
23/11/2020;14:16:00;286;Acidente com vítima;362,9;BR-101/ES;Norte;Colisão Frontal;2;0;0;0;0;0;0;;;;3;0;0;1;0
23/11/2020;15:49:00;301;Acidente sem vítima;371;BR-101/ES;Sul;Colisão Transversal;2;0;0;0;0;0;0;;;;4;0;0;0;0
24/11/2020;07:16:00;111;Acidente sem vítima;264;BR-101/ES;Sul;Engavetamento;3;0;0;0;0;0;0;;;;1;0;0;0;0
24/11/2020;11:23:00;213;Acidente sem vítima;358;BR-101/ES;Sul;Colisão Traseira;0;0;2;0;0;0;0;;;;6;0;0;0;0
24/11/2020;12:17:00;244;Acidente com vítima;231,8;BR-101/ES;Sul;Colisão Traseira;2;0;0;0;0;0;0;;;;0;1;4;0;0
24/11/2020;12:28:00;249;Acidente com vítima;438;BR-101/ES;Norte;Colisão Frontal;2;0;0;0;0;0;0;;;;0;0;0;2;0
24/11/2020;13:06:00;263;Acidente sem vítima;383;BR-101/ES;Norte;Saída de Pista;1;0;0;0;0;0;0;;;;1;0;0;0;0
24/11/2020;13:22:00;273;Acidente sem vítima;263,5;BR-101/ES;Norte;Colisão Lateral;2;0;0;0;0;0;0;;;;2;0;0;0;0
24/11/2020;14:08:00;291;Atropelamento sem morte;296;BR-101/ES (Contorno de Vitória);Sul;Atropelamento;0;0;1;0;0;0;0;;;;0;0;1;0;0
24/11/2020;14:54:00;303;Acidente sem vítima;257;BR-101/ES;Norte;Capotamento;1;0;0;0;0;0;0;;;;1;0;0;0;0
24/11/2020;15:09:00;306;Acidente sem vítima;31,3;BR-101/ES;Norte;Tombamento;0;0;3;0;0;0;0;;;;1;0;0;0;0
24/11/2020;15:33:00;314;Acidente com vítima;273;BR-101/ES (Contorno de Vitória);Norte;Choque com Objeto Fixo;2;0;0;0;0;0;0;;;;2;0;1;0;0
24/11/2020;16:30:00;334;Acidente com vítima;125;BR-101/ES;Sul;Colisão Traseira;0;0;0;2;0;0;0;;;;1;1;0;0;0
24/11/2020;18:23:00;368;Acidente sem vítima;265;BR-101/ES;Norte;Colisão Traseira;1;0;2;0;0;0;0;;;;2;0;0;0;0
24/11/2020;20:54:00;392;Acidente sem vítima;197;BR-101/ES;Norte;Saída de Pista;1;0;0;0;0;0;0;;;;5;0;0;0;0
25/11/2020;00:50:00;17;Acidente sem vítima;283;BR-101/ES (Contorno de Vitória);Norte;Choque com Objeto Fixo;1;0;0;0;0;0;0;;;;1;0;0;0;0
25/11/2020;06:33:00;102;Acidente sem vítima;289,2;BR-101/ES (Contorno de Vitória);Sul;Choque com Objeto Fixo;1;0;0;0;0;0;0;;;;1;0;0;0;0
25/11/2020;07:25:00;117;Acidente sem vítima;144,6;BR-101/ES;Sul;Saída de Pista;1;0;0;0;0;0;0;;;;1;0;0;0;0
25/11/2020;08:01:00;127;Acidente com vítima;166,7;BR-101/ES;Norte;Colisão Traseira;0;0;3;0;0;0;0;;;;1;0;1;0;0
25/11/2020;10:03:00;182;Acidente sem vítima;217,5;BR-101/ES;Norte;Choque com Objeto Fixo;1;0;0;0;0;0;0;;;;1;0;0;0;0
25/11/2020;10:06:00;183;Acidente com vítima;125,7;BR-101/ES;Sul;Colisão com ciclista;1;1;0;0;0;0;0;;;;1;0;1;0;0
25/11/2020;10:22:00;191;Acidente com vítima;313,3;BR-101/ES;Sul;Colisão Traseira;1;0;1;0;1;0;0;;;;27;0;1;0;0
25/11/2020;12:12:00;245;Acidente com vítima;266,3;BR-101/ES;Norte;Queda de Moto;0;0;0;1;0;0;0;;;;0;0;1;0;0
25/11/2020;13:58:00;281;Acidente com vítima;19,9;BR-101/ES;Norte;Colisão Lateral;2;0;0;0;0;0;0;;;;2;1;0;0;0
25/11/2020;16:29:00;334;Acidente sem vítima;439;BR-101/ES;Norte;Colisão Lateral;1;0;4;0;0;0;0;;;;3;0;0;0;0
25/11/2020;16:45:00;345;Acidente sem vítima;270;BR-101/ES;Sul;Colisão Traseira;3;0;0;0;0;1;0;;;;5;0;0;0;0
25/11/2020;16:58:00;349;Acidente sem vítima;146;BR-101/ES;Sul;Colisão Traseira;3;0;0;0;0;0;0;;;;4;0;0;0;0
25/11/2020;18:01:00;368;Acidente sem vítima;146;BR-101/ES;Sul;Colisão Traseira;2;0;0;0;0;0;0;;;;2;0;0;0;0
25/11/2020;20:19:00;402;Acidente sem vítima;298;BR-101/ES;Sul;Choque com Objeto Fixo;1;0;0;0;0;0;0;;;;1;0;0;0;0
25/11/2020;20:29:00;405;Acidente com vítima;286;BR-101/ES (Contorno de Vitória);Sul;Queda de Moto;0;0;0;1;0;0;0;;;;0;2;0;0;0
25/11/2020;20:32:00;406;Acidente sem vítima;290;BR-101/ES (Contorno de Vitória);Norte;Colisão Traseira;1;0;1;0;0;0;0;;;;2;0;0;0;0
25/11/2020;21:19:00;419;Acidente com vítima;147;BR-101/ES;Sul;Colisão Transversal;2;0;0;0;0;0;0;;;;2;1;0;0;0
25/11/2020;21:52:00;428;Acidente sem vítima;100;BR-101/ES;Norte;Danos Eventuais;0;0;1;0;0;0;0;;;;1;0;0;0;0
25/11/2020;22:14:00;431;Atropelamento sem morte;109;BR-101/ES;Sul;Atropelamento e Fuga;0;0;0;1;0;0;0;;;;2;1;0;0;0
25/11/2020;23:22:00;453;Acidente sem vítima;72;BR-101/ES;Norte;Colisão Lateral;1;0;3;0;0;0;0;;;;2;0;0;0;0
26/11/2020;05:57:00;110;Acidente sem vítima;266,2;BR-101/ES;Sul;Colisão Traseira;2;0;0;0;0;0;0;;;;2;0;0;0;0
26/11/2020;06:29:00;117;Acidente com vítima;297,5;BR-101/ES;Sul;Colisão com ciclista;0;1;0;1;0;0;0;;;;0;0;2;0;0
26/11/2020;09:37:00;202;Acidente sem vítima;336,9;BR-101/ES;Norte;Colisão Traseira;0;0;4;0;0;0;0;;;;2;0;0;0;0
26/11/2020;09:58:00;209;Acidente sem vítima;269,7;BR-101/ES;Sul;Colisão Traseira;2;0;0;0;0;0;0;;;;1;0;0;0;0
26/11/2020;13:18:00;295;Acidente sem vítima;229,1;BR-101/ES;Norte;Colisão Lateral;1;0;2;0;0;0;0;;;;2;0;0;0;0
26/11/2020;15:26:00;335;Acidente com vítima;268,9;BR-101/ES;Norte;Colisão Lateral;1;0;0;1;0;0;0;;;;1;1;0;0;0
26/11/2020;15:39:00;339;Acidente sem vítima;107,2;BR-101/ES;Sul;Saída de Pista;1;0;0;0;0;0;0;;;;2;0;0;0;0
26/11/2020;16:00:00;345;Acidente sem vítima;149,3;BR-101/ES;Sul;Colisão Traseira;1;0;1;0;0;0;0;;;;2;0;0;0;0
26/11/2020;17:09:00;366;Acidente com vítima;142,5;BR-101/ES;Norte;Colisão Lateral;0;0;0;1;1;0;0;;;;2;1;0;0;0
26/11/2020;17:36:00;376;Acidente com vítima;296,2;BR-101/ES;Sul;Colisão Lateral;1;0;0;1;0;0;0;;;;1;0;1;0;0
26/11/2020;17:48:00;383;Acidente sem vítima;269;BR-101/ES;Sul;Colisão Lateral;1;0;1;0;0;0;0;;;;2;0;0;0;0
26/11/2020;17:55:00;385;Acidente sem vítima;334,9;BR-101/ES;Sul;Choque com Objeto Fixo;1;0;0;0;0;0;0;;;;1;0;0;0;0
27/11/2020;03:11:00;46;Acidente sem vítima;416;BR-101/ES;Sul;Saída de Pista;0;0;1;0;0;0;0;;;;2;0;0;0;0
27/11/2020;06:09:00;107;Acidente com vítima;301;BR-101/ES;Sul;Queda de ciclista;0;1;0;0;0;0;0;;;;0;1;0;0;0
27/11/2020;06:35:00;110;Acidente com vítima;315,1;BR-101/ES;Sul;Colisão Lateral;0;0;1;1;0;0;0;;;;1;0;1;0;0
27/11/2020;07:02:00;114;Acidente sem vítima;240;BR-101/ES;Norte;Colisão Lateral;2;0;0;0;0;0;0;;;;3;0;0;0;0
27/11/2020;07:27:00;122;Atropelamento sem morte;269;BR-101/ES;Sul;Atropelamento;1;0;0;1;0;0;0;;;;2;1;0;0;0
27/11/2020;07:50:00;128;Acidente com vítima;120;BR-101/ES;Sul;Queda de Moto;0;0;0;1;0;0;0;;;;0;1;0;0;0
27/11/2020;09:01:00;155;Acidente sem vítima;359,5;BR-101/ES;Norte;Saída de Pista;1;0;0;0;0;0;0;;;;1;0;0;0;0
27/11/2020;10:46:00;200;Acidente com morte;279,8;BR-101/ES (Contorno de Vitória);Sul;Capotamento;1;0;0;0;0;0;0;;;;0;0;0;0;1
27/11/2020;10:54:00;205;Acidente com vítima;17,5;BR-101/ES;Sul;Colisão Lateral;1;0;0;1;0;0;0;;;;1;0;1;0;0
27/11/2020;10:54:00;206;Acidente sem vítima;320;BR-101/ES;Norte;Colisão Traseira;1;0;0;0;1;0;0;;;;2;0;0;0;0
27/11/2020;12:10:00;239;Acidente com vítima;145,8;BR-101/ES;Sul;Capotamento;1;0;0;0;0;0;0;;;;0;1;1;0;0
27/11/2020;12:35:00;245;Acidente sem vítima;289;BR-101/ES (Contorno de Vitória);Norte;Capotamento;1;0;0;0;0;0;0;;;;1;0;0;0;0
27/11/2020;16:00:00;312;Acidente sem vítima;253;BR-101/ES;Sul;Colisão Lateral;2;0;0;0;0;0;0;;;;4;0;0;0;0
27/11/2020;17:12:00;334;Acidente sem vítima;296,6;BR-101/ES;Sul;Colisão Traseira;1;0;0;0;0;0;0;;;;1;0;0;0;0
27/11/2020;19:21:00;362;Acidente com vítima;278;BR-101/ES (Contorno de Vitória);Norte;Colisão Traseira;1;0;3;0;0;0;0;;;;2;0;2;0;0
27/11/2020;20:19:00;375;Acidente com vítima;287;BR-101/ES (Contorno de Vitória);Norte;Colisão Traseira;1;0;0;1;0;0;0;;;;1;0;1;0;0
28/11/2020;02:17:00;41;Acidente com vítima;258,4;BR-101/ES;Sul;Colisão Frontal;1;0;2;0;0;0;0;;;;1;0;1;0;0
28/11/2020;02:37:00;44;Acidente com vítima;296;BR-101/ES (Contorno de Vitória);Norte;Queda de Moto;0;0;0;1;0;0;0;;;;0;1;0;0;0
28/11/2020;03:50:00;52;Acidente sem vítima;296;BR-101/ES (Contorno de Vitória);Norte;Choque com Veículo Estacionado;0;0;1;0;0;0;0;;;;1;0;0;0;0
28/11/2020;05:50:00;68;Acidente sem vítima;258,4;BR-101/ES;Norte;Choque com Objeto Fixo;1;0;0;0;0;0;0;;;;1;0;0;0;0
28/11/2020;06:10:00;90;Acidente sem vítima;289,2;BR-101/ES (Contorno de Vitória);Sul;Choque com Objeto Fixo;1;0;0;0;0;0;0;;;;1;0;0;0;0
28/11/2020;07:18:00;104;Acidente sem vítima;282;BR-101/ES (Contorno de Vitória);Sul;Saída de Pista;1;0;0;0;0;0;0;;;;1;0;0;0;0
28/11/2020;08:22:00;130;Acidente com vítima;15;BR-101/ES;Sul;Colisão Lateral;1;0;0;1;0;0;0;;;;2;0;0;1;0
28/11/2020;08:55:00;144;Acidente com vítima;270;BR-101/ES;Norte;Colisão Lateral;2;0;1;0;0;0;0;;;;4;0;1;0;0
28/11/2020;10:32:00;176;Acidente sem vítima;266;BR-101/ES;Sul;Engavetamento;4;0;0;0;0;0;0;;;;2;0;0;0;0
28/11/2020;12:08:00;233;Acidente sem vítima;239;BR-101/ES;Sul;Colisão Traseira;2;0;0;0;0;0;0;;;;5;0;0;0;0
28/11/2020;13:28:00;261;Acidente sem vítima;444,6;BR-101/ES;Sul;Colisão Lateral;1;0;0;1;0;0;0;;;;3;0;0;0;0
28/11/2020;15:39:00;296;Acidente com vítima;375,9;BR-101/ES (Contorno de Iconha);Sul;Colisão Transversal;2;0;0;0;0;0;0;;;;2;1;0;0;0
28/11/2020;15:48:00;300;Acidente com vítima;270;BR-101/ES;Norte;Queda de ciclista;0;1;0;0;0;0;0;;;;0;1;0;0;0
28/11/2020;16:39:00;312;Acidente com vítima;269,4;BR-101/ES;Sul;Queda de Moto;0;0;0;1;0;0;0;;;;0;1;0;0;0
28/11/2020;19:52:00;357;Acidente sem vítima;261,9;BR-101/ES;Sul;Colisão Lateral;2;0;0;0;0;0;0;;;;2;0;0;0;0
28/11/2020;20:35:00;363;Acidente com vítima;32;BR-101/ES;Sul;Queda de Moto;0;0;0;1;0;0;0;;;;0;1;0;0;0
28/11/2020;22:21:00;388;Acidente sem vítima;309;BR-101/ES;Sul;Capotamento;1;0;0;0;0;0;0;;;;1;0;0;0;0
28/11/2020;23:29:00;403;Acidente sem vítima;278;BR-101/ES (Contorno de Vitória);Sul;Choque com Objeto Fixo;1;0;0;0;0;0;0;;;;2;0;0;0;0
29/11/2020;01:03:00;21;Acidente com vítima;146;BR-101/ES;Norte;Colisão Traseira;1;0;0;1;0;0;0;;;;2;1;0;0;0
29/11/2020;04:45:00;62;Acidente sem vítima;98,7;BR-101/ES;Norte;Saída de Pista;1;0;0;0;0;0;0;;;;1;0;0;0;0
29/11/2020;05:26:00;69;Acidente com vítima;949,1;BR-101/BA;Norte;Saída de Pista;1;0;0;0;0;0;0;;;;0;0;2;0;0
29/11/2020;08:55:00;125;Acidente sem vítima;188,4;BR-101/ES;Norte;Tombamento;0;0;2;0;0;0;0;;;;1;0;0;0;0
29/11/2020;12:06:00;193;Acidente sem vítima;399;BR-101/ES;Sul;Colisão Traseira;1;0;0;0;1;0;0;;;;3;0;0;0;0
29/11/2020;14:04:00;228;Acidente com vítima;150,9;BR-101/ES;Sul;Queda de Moto;0;0;0;1;0;0;0;;;;0;1;0;0;0
29/11/2020;16:25:00;264;Acidente com vítima;314,7;BR-101/ES;Norte;Choque com Objeto Fixo;1;0;0;0;0;0;0;;;;0;0;1;0;0
29/11/2020;17:52:00;297;Acidente sem vítima;332,3;BR-101/ES;Norte;Choque com Objeto Fixo;1;0;0;0;0;0;0;;;;1;0;0;0;0
29/11/2020;18:00:00;302;Acidente sem vítima;275,8;BR-101/ES (Contorno de Vitória);Sul;Queda de Moto;0;0;0;1;0;0;0;;;;1;0;0;0;0
29/11/2020;18:21:00;305;Acidente com vítima;262;BR-101/ES;Sul;Colisão Traseira;1;0;0;1;0;0;0;;;;1;0;2;0;0
29/11/2020;18:54:00;309;Acidente sem vítima;110;BR-101/ES;Sul;Colisão Traseira;2;0;0;0;0;0;0;;;;6;0;0;0;0
29/11/2020;21:27:00;353;Atropelamento sem morte;268;BR-101/ES;Sul;Atropelamento;0;0;0;1;0;0;0;;;;0;1;2;0;0
29/11/2020;23:18:00;383;Acidente com vítima;233;BR-101/ES;Norte;Colisão Lateral;2;0;0;0;0;0;0;;;;1;1;0;0;0
29/11/2020;23:43:00;392;Acidente com vítima;31,8;BR-101/ES;Norte;Queda de ciclista;0;1;0;0;0;0;0;;;;0;1;0;0;0
30/11/2020;00:23:00;5;Acidente com vítima;67,8;BR-101/ES;Sul;Queda de Moto;0;0;0;1;0;0;0;;;;0;1;0;0;0
30/11/2020;06:39:00;107;Acidente com vítima;287,5;BR-101/ES (Contorno de Vitória);Sul;Colisão Lateral;1;0;0;1;0;0;0;;;;1;0;1;0;0
30/11/2020;09:04:00;148;Acidente sem vítima;270,7;BR-101/ES;Sul;Colisão Traseira;2;0;0;0;0;0;0;;;;1;0;0;0;0
30/11/2020;09:56:00;166;Acidente com vítima;298,2;BR-101/ES;Sul;Engavetamento;6;0;0;0;0;1;0;;;;10;2;0;0;0
30/11/2020;11:39:00;220;Acidente sem vítima;156,8;BR-101/ES;Sul;Saída de Pista;1;0;0;0;0;0;0;;;;2;0;0;0;0
30/11/2020;16:07:00;325;Acidente sem vítima;146,1;BR-101/ES;Sul;Colisão Lateral;1;0;1;0;0;0;0;;;;1;0;0;0;0
30/11/2020;17:11:00;350;Acidente com vítima;142,5;BR-101/ES;Sul;Colisão Transversal;0;0;0;2;0;0;0;;;;0;1;1;0;0
30/11/2020;17:17:00;352;Acidente com vítima;213;BR-101/ES;Sul;Colisão Lateral;0;0;0;0;0;1;1;;;;0;1;0;0;0
30/11/2020;18:51:00;377;Acidente sem vítima;426;BR-101/ES;Sul;Colisão Transversal;1;0;1;0;0;0;0;;;;3;0;0;0;0