data;horario;n_da_ocorrencia;tipo_de_ocorrencia;km;trecho;sentido;tipo_de_acidente;automovel;bicicleta;caminhao;moto;onibus;outros;tracao_animal;transporte_de_cargas_especiais;trator_maquinas;utilitarios;ilesos;levemente_feridos;moderadamente_feridos;gravemente_feridos;mortos
02/01/2021;11:38:00;163;Acidente com vítima;141,4;BR-101/ES;Norte;Colisão Transversal;2;0;0;0;0;0;0;;;;0;3;2;1;0
02/01/2021;16:05:00;245;Acidente sem vítima;242,7;BR-101/ES;Sul;Choque com Objeto Fixo;1;0;0;0;0;0;0;;;;1;0;0;0;0
02/01/2021;18:04:00;284;Acidente sem vítima;407,9;BR-101/ES;Sul;Colisão Lateral;2;0;2;0;0;0;0;;;;11;0;0;0;0
02/01/2021;19:16:00;305;Acidente sem vítima;66,5;BR-101/ES;Norte;Colisão Traseira;2;0;0;0;0;0;0;;;;2;0;0;0;0
02/01/2021;19:16:00;306;Acidente com vítima;191;BR-101/ES;Sul;Colisão Transversal;2;0;0;0;0;0;0;;;;3;2;0;0;0
02/01/2021;19:52:00;311;Acidente com vítima;419;BR-101/ES;Sul;Colisão Frontal;3;0;0;0;0;0;0;;;;1;1;0;2;0
02/01/2021;23:10:00;361;Acidente sem vítima;293;BR-101/ES (Contorno de Vitória);Norte;Saída de Pista;1;0;0;0;0;0;0;;;;1;0;0;0;0
03/01/2021;00:32:00;13;Acidente sem vítima;76,8;BR-101/ES;Sul;Atropelamento Animal;1;0;0;0;0;0;0;;;;3;0;0;0;0
03/01/2021;06:24:00;81;Acidente sem vítima;223;BR-101/ES;Norte;Capotamento;1;0;0;0;0;0;0;;;;2;0;0;0;0
03/01/2021;08:04:00;95;Acidente sem vítima;197,1;BR-101/ES;Sul;Saída de Pista;1;0;0;0;0;0;0;;;;1;0;0;0;0
03/01/2021;08:53:00;106;Acidente sem vítima;278;BR-101/ES (Contorno de Vitória);Norte;Choque com Objeto Fixo;1;0;0;0;0;0;0;;;;1;0;0;0;0
03/01/2021;08:57:00;108;Acidente sem vítima;268;BR-101/ES;Sul;Engavetamento;3;0;0;0;0;0;0;;;;3;0;0;0;0
03/01/2021;08:58:00;109;Acidente sem vítima;368;BR-101/ES;Sul;Saída de Pista;1;0;0;0;0;0;0;;;;1;0;0;0;0
03/01/2021;10:22:00;134;Acidente sem vítima;398;BR-101/ES;Norte;Colisão Traseira;2;0;0;0;0;0;0;;;;6;0;0;0;0
03/01/2021;11:08:00;159;Acidente com vítima;183,6;BR-101/ES;Norte;Queda de Moto;0;0;0;1;0;0;0;;;;0;0;1;0;0
03/01/2021;11:25:00;168;Acidente sem vítima;224;BR-101/ES;Sul;Colisão Traseira;2;0;0;0;0;0;0;;;;2;0;0;0;0
03/01/2021;11:56:00;191;Acidente com vítima;277,2;BR-101/ES (Contorno de Vitória);Norte;Queda de Moto;0;0;0;1;0;0;0;;;;0;0;2;0;0
03/01/2021;12:40:00;209;Acidente sem vítima;183,6;BR-101/ES;Norte;Queda de Moto;0;0;0;1;0;0;0;;;;1;0;0;0;0
03/01/2021;12:40:00;210;Acidente sem vítima;183,6;BR-101/ES;Norte;Saída de Pista;1;0;0;0;0;0;0;;;;3;0;0;0;0
03/01/2021;13:24:00;222;Acidente sem vítima;264;BR-101/ES;Norte;Colisão Traseira;2;0;0;0;0;0;0;;;;2;0;0;0;0
03/01/2021;13:35:00;231;Acidente sem vítima;397;BR-101/ES;Sul;Colisão Traseira;2;0;0;0;0;0;0;;;;2;0;0;0;0
03/01/2021;14:32:00;253;Acidente sem vítima;226,1;BR-101/ES;Sul;Engavetamento;3;0;0;0;0;0;0;;;;3;0;0;0;0
03/01/2021;14:51:00;259;Acidente sem vítima;395,9;BR-101/ES;Sul;Colisão Traseira;1;0;1;0;0;0;0;;;;2;0;0;0;0
03/01/2021;15:30:00;274;Acidente com vítima;198,8;BR-101/ES;Sul;Saída de Pista;0;0;1;0;0;0;0;;;;0;1;0;0;0
03/01/2021;15:57:00;285;Acidente com vítima;310;BR-101/ES;Norte;Colisão Traseira;2;0;0;0;0;0;0;;;;7;1;0;0;0
03/01/2021;16:13:00;294;Acidente sem vítima;85;BR-101/ES;Sul;Colisão Traseira;3;0;0;0;0;0;0;;;;8;0;0;0;0
03/01/2021;17:14:00;315;Acidente sem vítima;222,9;BR-101/ES;Sul;Colisão Traseira;2;0;0;0;0;0;0;;;;5;0;0;0;0
03/01/2021;17:30:00;322;Acidente com vítima;13,5;BR-101/ES;Sul;Saída de Pista;1;0;0;0;0;0;0;;;;0;1;1;0;0
03/01/2021;17:46:00;333;Acidente com vítima;269;BR-101/ES;Sul;Colisão Transversal;2;0;0;0;0;0;0;;;;5;0;1;0;0
03/01/2021;18:23:00;347;Acidente sem vítima;276,4;BR-101/ES (Contorno de Vitória);Norte;Saída de Pista;1;0;0;0;0;0;0;;;;1;0;0;0;0
03/01/2021;18:39:00;352;Acidente sem vítima;206;BR-101/ES;Norte;Colisão Traseira;2;0;0;0;0;0;0;;;;3;0;0;0;0
03/01/2021;20:35:00;375;Acidente com vítima;270;BR-101/ES;Sul;Colisão Traseira;2;0;0;0;0;0;0;;;;3;0;1;0;0
03/01/2021;21:14:00;380;Atropelamento sem morte;270;BR-101/ES;Sul;Atropelamento;1;0;0;0;0;0;0;;;;1;1;0;0;0
03/01/2021;21:38:00;383;Acidente sem vítima;315;BR-101/ES;Sul;Atropelamento Animal;1;0;0;0;0;0;0;;;;3;0;0;0;0
03/01/2021;22:48:00;406;Acidente sem vítima;188;BR-101/ES;Norte;Saída de Pista;1;0;0;0;0;0;0;;;;2;0;0;0;0
03/01/2021;23:00:00;408;Acidente com vítima;181;BR-101/ES;Sul;Colisão Lateral;1;0;0;1;0;0;0;;;;3;1;1;0;0
04/01/2021;05:47:00;75;Acidente com vítima;448,1;BR-101/ES;Norte;Colisão Transversal;1;0;0;1;0;0;0;;;;1;0;1;0;0
04/01/2021;06:33:00;82;Acidente com vítima;282,5;BR-101/ES (Contorno de Vitória);Norte;Colisão Frontal;2;0;0;0;0;0;0;;;;2;0;2;0;0
04/01/2021;07:44:00;106;Acidente sem vítima;261;BR-101/ES;Sul;Engavetamento;3;0;0;0;0;0;0;;;;3;0;0;0;0
04/01/2021;08:38:00;121;Acidente sem vítima;61,3;BR-101/ES;Norte;Colisão Traseira;2;0;0;0;0;0;0;;;;6;0;0;0;0
04/01/2021;08:58:00;128;Acidente sem vítima;188,2;BR-101/ES;Sul;Saída de Pista;1;0;0;0;0;0;0;;;;1;0;0;0;0
04/01/2021;09:00:00;130;Acidente sem vítima;266,3;BR-101/ES;Sul;Colisão Traseira;2;0;0;0;0;0;0;;;;3;0;0;0;0
04/01/2021;09:08:00;131;Acidente sem vítima;280;BR-101/ES (Contorno de Vitória);Norte;Choque com Objeto Fixo;1;0;2;0;0;0;0;;;;2;0;0;0;0
04/01/2021;09:43:00;141;Acidente sem vítima;267,7;BR-101/ES;Sul;Colisão Lateral;1;0;1;0;0;0;0;;;;2;0;0;0;0
04/01/2021;10:59:00;175;Acidente sem vítima;188,2;BR-101/ES;Norte;Colisão Traseira;1;0;1;0;0;0;0;;;;2;0;0;0;0
04/01/2021;13:25:00;235;Acidente com vítima;279;BR-101/ES (Contorno de Vitória);Sul;Queda de Moto;0;0;0;1;0;0;0;;;;0;0;1;0;0
04/01/2021;21:15:00;350;Acidente sem vítima;264,5;BR-101/ES;Sul;Colisão Transversal;2;0;0;0;0;0;0;;;;3;0;0;0;0
04/01/2021;22:47:00;376;Atropelamento com morte;266,8;BR-101/ES;Norte;Atropelamento e Fuga;0;0;0;1;0;0;0;;;;1;0;0;0;1
05/01/2021;07:10:00;119;Acidente sem vítima;268,1;BR-101/ES;Norte;Colisão Traseira;1;0;0;0;1;0;0;;;;2;0;0;0;0
05/01/2021;08:38:00;155;Acidente com vítima;163,9;BR-101/ES;Sul;Colisão Transversal;2;0;0;0;0;0;0;;;;0;4;0;0;0
05/01/2021;09:19:00;171;Acidente sem vítima;271,5;BR-101/ES (Contorno de Vitória);Sul;Colisão Lateral;1;0;1;0;0;0;0;;;;2;0;0;0;0
05/01/2021;12:57:00;276;Acidente sem vítima;32,4;BR-101/ES;Sul;Colisão Transversal;2;0;0;0;0;0;0;;;;2;0;0;0;0
05/01/2021;13:20:00;285;Acidente com vítima;257,4;BR-101/ES;Sul;Colisão Traseira;1;0;0;1;0;0;0;;;;1;0;1;0;0
05/01/2021;14:54:00;316;Acidente sem vítima;384;BR-101/ES;Sul;Choque;0;0;3;0;0;0;0;;;;2;0;0;0;0
05/01/2021;20:02:00;395;Acidente com vítima;65,9;BR-101/ES;Norte;Colisão Lateral;0;0;0;1;1;0;0;;;;1;0;2;0;0
05/01/2021;21:27:00;419;Acidente sem vítima;245;BR-101/ES;Norte;Choque com Objeto Fixo;1;0;0;0;0;0;0;;;;1;0;0;0;0
06/01/2021;01:29:00;24;Acidente sem vítima;236;BR-101/ES;Norte;Colisão Frontal;2;0;0;0;0;0;0;;;;2;0;0;0;0
06/01/2021;07:29:00;124;Acidente com vítima;236,8;BR-101/ES;Norte;Queda de Bicicleta;0;1;0;0;0;0;0;;;;0;0;1;0;0
06/01/2021;08:47:00;157;Acidente com vítima;388,7;BR-101/ES;Norte;Tombamento;0;0;2;0;0;0;0;;;;0;0;1;0;0
06/01/2021;08:51:00;158;Acidente sem vítima;296,9;BR-101/ES;Norte;Colisão Lateral;1;0;4;0;0;0;0;;;;3;0;0;0;0
06/01/2021;09:33:00;172;Acidente sem vítima;304,6;BR-101/ES;Norte;Colisão Traseira;1;0;1;0;0;0;0;;;;3;0;0;0;0
06/01/2021;13:44:00;280;Acidente sem vítima;435,7;BR-101/ES;Norte;Colisão Frontal;1;0;2;0;0;0;0;;;;2;0;0;0;0
06/01/2021;14:03:00;284;Acidente com vítima;435;BR-101/ES;Sul;Queda de Moto;0;0;0;1;0;0;0;;;;0;2;0;0;0
06/01/2021;17:52:00;361;Acidente sem vítima;142;BR-101/ES;Sul;Engavetamento;3;0;0;0;0;0;0;;;;3;0;0;0;0
06/01/2021;19:00:00;376;Acidente com vítima;309;BR-101/ES;Sul;Colisão Transversal;1;0;0;1;0;0;0;;;;3;1;0;0;0
06/01/2021;20:51:00;404;Acidente com vítima;293,5;BR-101/ES (Contorno de Vitória);Sul;Colisão Lateral;1;0;1;0;0;0;0;;;;1;0;1;0;0
06/01/2021;22:27:00;425;Acidente sem vítima;437;BR-101/ES;Norte;Atropelamento Animal;1;0;0;0;0;0;0;;;;4;0;0;0;0
07/01/2021;07:00:00;100;Acidente com vítima;282,6;BR-101/ES (Contorno de Vitória);Norte;Queda de Moto;0;0;0;1;0;0;0;;;;0;0;2;0;0
07/01/2021;09:36:00;148;Acidente sem vítima;269,5;BR-101/ES;Norte;Colisão Lateral;1;0;2;0;0;0;0;;;;4;0;0;0;0
07/01/2021;12:04:00;220;Acidente com vítima;298,6;BR-101/ES;Norte;Colisão com ciclista;0;1;0;1;0;0;0;;;;0;1;1;0;0
07/01/2021;13:33:00;261;Acidente com vítima;376,4;BR-101/ES;Norte;Colisão Transversal;1;0;0;1;0;0;0;;;;2;1;0;0;0
07/01/2021;13:39:00;262;Acidente sem vítima;255,2;BR-101/ES;Sul;Engavetamento;2;0;1;0;0;0;0;;;;3;0;0;0;0
07/01/2021;16:39:00;319;Acidente sem vítima;447,8;BR-101/ES;Norte;Colisão Frontal;1;0;2;0;0;0;0;;;;3;0;0;0;0
07/01/2021;18:23:00;347;Acidente com vítima;270;BR-101/ES;Sul;Colisão Traseira;1;0;1;0;0;0;0;;;;0;0;1;0;0
07/01/2021;19:37:00;362;Acidente com vítima;293;BR-101/ES (Contorno de Vitória);Sul;Capotamento;1;0;0;0;0;0;0;;;;3;0;1;0;0
07/01/2021;19:43:00;364;Acidente sem vítima;266;BR-101/ES;Norte;Colisão Transversal;1;0;0;1;0;0;0;;;;2;0;0;0;0
07/01/2021;22:56:00;404;Acidente sem vítima;445;BR-101/ES;Sul;Veículo em Chamas;0;0;2;0;0;0;0;;;;2;0;0;0;0
08/01/2021;03:10:00;46;Acidente com vítima;127,6;BR-101/ES;Sul;Saída de Pista;1;0;0;0;0;0;0;;;;0;1;0;0;0
08/01/2021;05:09:00;65;Acidente sem vítima;319;BR-101/ES;Norte;Choque com Objeto Fixo;0;0;1;0;0;0;0;;;;1;0;0;0;0
08/01/2021;07:26:00;91;Acidente com vítima;111;BR-101/ES;Sul;Engavetamento;1;0;3;0;0;0;0;;;;5;1;0;0;0
08/01/2021;07:31:00;92;Acidente sem vítima;175,6;BR-101/ES;Norte;Colisão Traseira;1;0;2;0;0;0;0;;;;3;0;0;0;0
08/01/2021;10:32:00;162;Acidente sem vítima;264,5;BR-101/ES;Sul;Colisão Traseira;2;0;0;0;0;0;0;;;;2;0;0;0;0
08/01/2021;13:55:00;242;Atropelamento sem morte;300,3;BR-101/ES;Sul;Atropelamento;1;0;0;0;0;0;0;;;;1;1;1;0;0
08/01/2021;14:59:00;265;Acidente com vítima;269,3;BR-101/ES;Sul;Queda de Moto;0;0;0;1;0;0;0;;;;0;1;1;0;0
08/01/2021;15:20:00;270;Acidente sem vítima;265,9;BR-101/ES;Norte;Colisão Lateral;1;0;2;0;0;0;0;;;;4;0;0;0;0
08/01/2021;16:11:00;282;Acidente sem vítima;369,9;BR-101/ES;Norte;Saída de Pista;0;0;0;0;0;1;0;;;;1;0;0;0;0
08/01/2021;17:09:00;300;Acidente sem vítima;66,4;BR-101/ES;Sul;Colisão Lateral;2;0;0;0;0;0;0;;;;3;0;0;0;0
08/01/2021;17:40:00;312;Acidente sem vítima;448,1;BR-101/ES;Sul;Saída de Pista;1;0;0;0;0;0;0;;;;1;0;0;0;0
09/01/2021;03:46:00;63;Acidente sem vítima;296;BR-101/ES (Contorno de Vitória);Sul;Choque com Objeto Fixo;1;0;0;0;0;0;0;;;;1;0;0;0;0
09/01/2021;11:29:00;190;Acidente com vítima;179,6;BR-101/ES;Sul;Colisão Lateral;1;0;1;0;0;0;0;;;;1;2;0;0;0
09/01/2021;11:33:00;192;Acidente sem vítima;281,6;BR-101/ES (Contorno de Vitória);Sul;Colisão Traseira;2;0;0;0;0;0;0;;;;4;0;0;0;0
09/01/2021;11:53:00;198;Acidente com vítima;230,6;BR-101/ES;Norte;Colisão Lateral;1;0;0;1;0;0;0;;;;1;1;0;0;0
09/01/2021;12:15:00;210;Acidente sem vítima;334,5;BR-101/ES;Sul;Choque com Objeto Fixo;1;0;0;0;0;0;0;;;;1;0;0;0;0
09/01/2021;14:46:00;266;Acidente sem vítima;448,2;BR-101/ES;Sul;Saída de Pista;1;0;0;0;0;0;0;;;;2;0;0;0;0
09/01/2021;17:32:00;311;Acidente sem vítima;398,9;BR-101/ES;Sul;Colisão Traseira;2;0;0;0;0;0;0;;;;2;0;0;0;0
09/01/2021;19:31:00;329;Acidente sem vítima;146;BR-101/ES;Norte;Colisão Traseira;3;0;0;0;0;0;0;;;;3;0;0;0;0
09/01/2021;20:13:00;336;Acidente sem vítima;146;BR-101/ES;Norte;Colisão Traseira;2;0;0;0;0;0;0;;;;2;0;0;0;0
10/01/2021;14:04:00;239;Acidente com vítima;262,2;BR-101/ES;Norte;Colisão Traseira;2;0;0;0;0;0;0;;;;1;0;0;1;0
10/01/2021;17:14:00;292;Acidente com vítima;63,1;BR-101/ES;Sul;Saída de Pista;1;0;0;0;0;0;0;;;;0;0;1;0;0
10/01/2021;19:27:00;326;Acidente com vítima;379,2;BR-101/ES;Sul;Saída de Pista;1;0;0;0;0;0;0;;;;3;1;1;0;0
10/01/2021;19:30:00;328;Acidente sem vítima;271,1;BR-101/ES (Contorno de Vitória);Norte;Colisão Lateral;1;0;0;1;0;0;0;;;;2;0;0;0;0
10/01/2021;20:15:00;339;Acidente sem vítima;402;BR-101/ES;Sul;Saída de Pista;1;0;0;0;0;0;0;;;;2;0;0;0;0
10/01/2021;20:45:00;347;Acidente sem vítima;421;BR-101/ES;Sul;Choque com Objeto Fixo;1;0;0;0;0;0;0;;;;4;0;0;0;0
10/01/2021;22:35:00;377;Acidente com vítima;100,9;BR-101/ES;Sul;Colisão com ciclista;0;1;0;0;0;0;0;;;;0;0;1;0;0
11/01/2021;05:53:00;80;Acidente com vítima;300,1;BR-101/ES;Sul;Queda de Moto;0;0;0;1;0;0;0;;;;0;2;0;0;0
11/01/2021;07:18:00;107;Acidente com morte;63,1;BR-101/ES;Sul;Colisão Lateral;0;0;1;1;0;0;0;;;;3;0;1;0;1
11/01/2021;07:47:00;118;Acidente sem vítima;459,1;BR-101/ES;Sul;Choque com Objeto Fixo;1;0;0;0;0;0;0;;;;1;0;0;0;0
11/01/2021;08:07:00;122;Acidente com vítima;291,8;BR-101/ES (Contorno de Vitória);Norte;Colisão Traseira;1;0;0;1;0;0;0;;;;1;1;0;0;0
11/01/2021;08:57:00;146;Acidente com vítima;40,3;BR-101/ES;Norte;Colisão Frontal;2;0;0;0;0;0;0;;;;3;2;0;0;0
11/01/2021;14:22:00;267;Acidente com vítima;80,8;BR-101/ES;Sul;Capotamento;1;0;0;0;0;0;0;;;;0;0;1;0;0
11/01/2021;16:19:00;304;Atropelamento com morte;385,3;BR-101/ES;Sul;Atropelamento;0;0;2;0;0;0;0;;;;1;0;0;0;1
11/01/2021;21:14:00;381;Acidente sem vítima;256;BR-101/ES;Norte;Atropelamento Animal;1;0;0;0;0;0;0;;;;2;0;0;0;0
12/01/2021;05:19:00;77;Acidente sem vítima;202;BR-101/ES;Sul;Saída de Pista;1;0;0;0;0;0;0;;;;2;0;0;0;0
12/01/2021;06:09:00;91;Acidente com vítima;149,3;BR-101/ES;Norte;Colisão Lateral;1;0;1;0;0;0;0;;;;2;1;0;0;0
12/01/2021;10:03:00;173;Acidente com vítima;266,6;BR-101/ES;Sul;Queda de Moto;0;0;0;1;0;0;0;;;;0;0;1;0;0
12/01/2021;11:45:00;225;Acidente sem vítima;79,1;BR-101/ES;Norte;Colisão Traseira;2;0;0;0;0;0;0;;;;2;0;0;0;0
12/01/2021;15:48:00;312;Acidente com morte;176,7;BR-101/ES;Sul;Colisão Frontal;1;0;0;1;0;0;0;;;;2;0;0;0;1
12/01/2021;17:01:00;336;Atropelamento sem morte;267,7;BR-101/ES;Sul;Atropelamento;1;0;0;0;0;0;0;;;;0;1;0;2;0
13/01/2021;07:54:00;127;Acidente sem vítima;265,3;BR-101/ES;Norte;Colisão Traseira;2;0;0;0;0;0;0;;;;2;0;0;0;0
13/01/2021;10:20:00;182;Acidente com vítima;245,6;BR-101/ES;Sul;Colisão Lateral;4;0;6;0;0;0;0;;;;7;3;2;0;0
13/01/2021;14:55:00;270;Acidente sem vítima;270,3;BR-101/ES;Sul;Colisão Traseira;2;0;0;0;0;0;0;;;;2;0;0;0;0
13/01/2021;15:30:00;278;Acidente com vítima;270,2;BR-101/ES;Norte;Colisão Lateral;1;0;0;1;0;0;0;;;;1;1;1;0;0
13/01/2021;16:13:00;291;Acidente sem vítima;125,9;BR-101/ES;Norte;Colisão Traseira;1;0;2;0;0;0;0;;;;3;0;0;0;0
13/01/2021;17:30:00;311;Acidente com vítima;298,8;BR-101/ES;Sul;Queda de Moto;0;0;0;1;0;0;0;;;;0;1;0;0;0
14/01/2021;06:02:00;102;Acidente sem vítima;224;BR-101/ES;Norte;Saída de Pista;1;0;0;0;0;0;0;;;;1;0;0;0;0
14/01/2021;06:45:00;107;Acidente sem vítima;292,2;BR-101/ES (Contorno de Vitória);Sul;Choque com Objeto Fixo;1;0;0;0;0;0;0;;;;1;0;0;0;0
14/01/2021;11:15:00;228;Acidente sem vítima;147;BR-101/ES;Norte;Engavetamento;3;0;0;0;0;0;0;;;;6;0;0;0;0
14/01/2021;15:14:00;312;Acidente com vítima;287,6;BR-101/ES (Contorno de Vitória);Norte;Colisão Transversal;1;0;0;1;0;0;0;;;;1;0;1;0;0
14/01/2021;18:17:00;358;Acidente sem vítima;264;BR-101/ES;Sul;Colisão Traseira;1;0;0;0;1;0;0;;;;1;0;0;0;0
14/01/2021;20:18:00;385;Acidente com vítima;298;BR-101/ES;Sul;Colisão Traseira;0;0;2;1;0;0;0;;;;1;0;1;0;0
14/01/2021;21:33:00;404;Acidente com vítima;134,5;BR-101/ES;Sul;Queda de Moto;0;0;0;1;0;0;0;;;;0;1;1;0;0
14/01/2021;22:01:00;416;Acidente com vítima;258;BR-101/ES;Sul;Saída de Pista;2;0;1;0;0;0;0;;;;2;1;0;0;0
14/01/2021;23:39:00;447;Acidente com vítima;199,5;BR-101/ES;Norte;Engavetamento;3;0;0;0;0;0;0;;;;2;1;0;0;0
15/01/2021;07:01:00;91;Acidente sem vítima;38,3;BR-101/ES;Norte;Colisão Transversal;2;0;0;0;0;0;0;;;;5;0;0;0;0
15/01/2021;07:48:00;99;Acidente com vítima;290,2;BR-101/ES (Contorno de Vitória);Norte;Colisão Traseira;1;0;0;1;0;0;0;;;;1;0;1;0;0
15/01/2021;07:53:00;101;Acidente com vítima;195,6;BR-101/ES;Norte;Colisão Frontal;2;0;0;0;0;0;0;;;;0;2;2;1;0
15/01/2021;08:26:00;114;Acidente sem vítima;290,1;BR-101/ES (Contorno de Vitória);Norte;Colisão Traseira;2;0;0;0;0;0;0;;;;2;0;0;0;0
15/01/2021;15:26:00;281;Acidente sem vítima;244,5;BR-101/ES;Norte;Saída de Pista;1;0;0;0;0;0;0;;;;3;0;0;0;0
15/01/2021;16:43:00;306;Acidente sem vítima;277,8;BR-101/ES (Contorno de Vitória);Norte;Veículo em Chamas;0;0;1;0;0;0;0;;;;1;0;0;0;0
15/01/2021;17:05:00;313;Acidente sem vítima;289,2;BR-101/ES (Contorno de Vitória);Norte;Saída de Pista;1;0;0;0;0;0;0;;;;1;0;0;0;0
15/01/2021;18:22:00;343;Acidente com vítima;288,6;BR-101/ES (Contorno de Vitória);Sul;Colisão Traseira;1;0;0;1;0;0;0;;;;1;1;0;0;0
15/01/2021;18:41:00;350;Acidente com vítima;299,8;BR-101/ES;Sul;Queda de Moto;0;0;0;1;0;0;0;;;;0;0;1;0;0
15/01/2021;20:01:00;369;Acidente com vítima;298,2;BR-101/ES;Sul;Queda de Moto;1;0;0;1;0;0;0;;;;1;1;0;0;0
15/01/2021;20:52:00;383;Acidente sem vítima;254;BR-101/ES;Sul;Colisão Traseira;2;0;0;0;0;0;0;;;;3;0;0;0;0
15/01/2021;22:29:00;407;Acidente com vítima;268,7;BR-101/ES;Norte;Colisão Lateral;1;0;0;1;1;0;0;;;;2;0;1;0;0
16/01/2021;00:39:00;16;Acidente sem vítima;402,8;BR-101/ES;Sul;Saída de Pista;1;0;0;0;0;0;0;;;;1;0;0;0;0
16/01/2021;08:00:00;117;Acidente sem vítima;264,1;BR-101/ES;Sul;Engavetamento;4;0;0;0;0;0;0;;;;6;0;0;0;0
16/01/2021;08:11:00;118;Acidente sem vítima;49,3;BR-101/ES;Norte;Engavetamento;3;0;0;0;0;0;0;;;;8;0;0;0;0
16/01/2021;08:21:00;124;Acidente com vítima;282,5;BR-101/ES (Contorno de Vitória);Norte;Colisão Frontal;1;0;0;1;0;0;0;;;;1;0;1;0;0
16/01/2021;13:01:00;241;Acidente com vítima;77,9;BR-101/ES;Sul;Colisão Transversal;2;0;0;0;0;0;0;;;;0;3;0;0;0
16/01/2021;13:44:00;255;Acidente com vítima;221,8;BR-101/ES;Sul;Choque com Objeto Fixo;0;0;2;0;0;0;0;;;;0;1;0;0;0
16/01/2021;16:19:00;291;Acidente com vítima;270,5;BR-101/ES;Norte;Colisão Lateral;0;0;0;2;0;0;0;;;;1;0;1;0;0
16/01/2021;17:43:00;320;Acidente com vítima;210;BR-101/ES;Norte;Queda de Moto;0;0;0;1;0;0;0;;;;1;1;0;0;0
16/01/2021;19:10:00;334;Acidente com vítima;161,8;BR-101/ES;Norte;Queda de Moto;0;0;0;1;0;0;0;;;;0;0;1;0;0
17/01/2021;03:30:00;65;Acidente com vítima;421,3;BR-101/ES;Sul;Queda de Moto;0;0;0;1;0;0;0;;;;0;1;1;0;0
17/01/2021;04:28:00;72;Acidente com vítima;101,7;BR-101/ES;Sul;Choque com Objeto Fixo;1;0;0;0;0;0;0;;;;0;5;0;0;0
17/01/2021;06:09:00;93;Acidente com vítima;270,8;BR-101/ES;Norte;Queda de Moto;0;0;0;1;0;0;0;;;;0;1;0;0;0
17/01/2021;10:46:00;159;Acidente sem vítima;163,4;BR-101/ES;Sul;Saída de Pista;1;0;0;0;0;0;0;;;;4;0;0;0;0
17/01/2021;12:57:00;214;Acidente com vítima;198,9;BR-101/ES;Sul;Queda de Moto;0;0;0;1;0;0;0;;;;0;2;0;0;0
17/01/2021;16:59:00;273;Acidente sem vítima;180,5;BR-101/ES;Sul;Saída de Pista;1;0;0;0;0;0;0;;;;2;0;0;0;0
17/01/2021;17:06:00;276;Acidente sem vítima;90;BR-101/ES;Sul;Colisão Traseira;1;0;1;0;0;0;0;;;;2;0;0;0;0
18/01/2021;07:29:00;86;Acidente com vítima;299,3;BR-101/ES;Sul;Colisão com ciclista;0;1;0;1;0;0;0;;;;1;1;0;0;0
18/01/2021;09:17:00;120;Acidente sem vítima;282,9;BR-101/ES (Contorno de Vitória);Norte;Colisão Traseira;2;0;0;0;0;0;0;;;;5;0;0;0;0
18/01/2021;12:46:00;218;Acidente com vítima;300,3;BR-101/ES;Sul;Colisão Lateral;0;0;1;1;0;0;0;;;;1;1;0;0;0
18/01/2021;13:03:00;225;Acidente sem vítima;119;BR-101/ES;Norte;Colisão Traseira;1;0;1;0;0;0;0;;;;4;0;0;0;0
18/01/2021;14:12:00;246;Acidente sem vítima;270,1;BR-101/ES;Sul;Engavetamento;3;0;0;0;0;0;0;;;;3;0;0;0;0
18/01/2021;14:21:00;248;Acidente sem vítima;307,8;BR-101/ES;Sul;Engavetamento;2;0;3;0;0;0;0;;;;6;0;0;0;0
18/01/2021;18:01:00;320;Acidente sem vítima;268,1;BR-101/ES;Norte;Colisão Traseira;2;0;1;0;0;0;0;;;;9;0;0;0;0
18/01/2021;22:08:00;394;Acidente com vítima;272,8;BR-101/ES (Contorno de Vitória);Norte;Queda de Moto;0;0;0;1;0;0;0;;;;0;0;2;0;0
19/01/2021;05:20:00;86;Acidente sem vítima;269,7;BR-101/ES;Norte;Queda de Moto;0;0;0;1;0;0;0;;;;1;0;0;0;0
19/01/2021;07:12:00;155;Acidente sem vítima;1,8;BR-101/ES;Sul;Colisão Traseira;0;0;4;0;0;0;0;;;;2;0;0;0;0
19/01/2021;08:20:00;179;Acidente sem vítima;290,7;BR-101/ES (Contorno de Vitória);Norte;Colisão Traseira;0;0;2;0;0;0;0;;;;2;0;0;0;0
19/01/2021;09:01:00;192;Acidente sem vítima;224,1;BR-101/ES;Sul;Colisão Traseira;2;0;0;0;0;0;0;;;;5;0;0;0;0
19/01/2021;14:56:00;336;Acidente sem vítima;270,5;BR-101/ES;Sul;Colisão Lateral;2;0;0;0;0;0;0;;;;2;0;0;0;0
19/01/2021;18:06:00;406;Acidente sem vítima;293,6;BR-101/ES (Contorno de Vitória);Norte;Colisão Traseira;1;0;0;1;0;0;0;;;;3;0;0;0;0
19/01/2021;18:47:00;414;Acidente sem vítima;225;BR-101/ES;Norte;Colisão Traseira;0;0;2;0;0;0;0;;;;3;0;0;0;0
19/01/2021;19:15:00;421;Acidente sem vítima;435;BR-101/ES;Norte;Colisão Traseira;1;0;1;0;0;0;0;;;;2;0;0;0;0