data;horario;n_da_ocorrencia;tipo_de_ocorrencia;km;trecho;sentido;tipo_de_acidente;automovel;bicicleta;caminhao;moto;onibus;outros;tracao_animal;transporte_de_cargas_especiais;trator_maquinas;utilitarios;ilesos;levemente_feridos;moderadamente_feridos;gravemente_feridos;mortos
19/01/2021;20:03:00;426;Acidente sem vítima;249;BR-101/ES;Norte;Saída de Pista;1;0;0;0;0;0;0;;;;1;0;0;0;0
19/01/2021;20:15:00;430;Acidente sem vítima;227;BR-101/ES;Sul;Colisão Traseira;2;0;0;0;0;0;0;;;;2;0;0;0;0
20/01/2021;06:48:00;111;Acidente com vítima;126,8;BR-101/ES;Sul;Colisão Traseira;2;0;0;0;0;0;0;;;;3;2;0;0;0
20/01/2021;07:41:00;124;Acidente com vítima;134,1;BR-101/ES;Sul;Colisão Traseira;1;0;0;1;0;0;0;;;;1;1;0;0;0
20/01/2021;07:45:00;125;Acidente com vítima;294,7;BR-101/ES (Contorno de Vitória);Sul;Queda de Moto;0;0;0;1;0;0;0;;;;1;1;0;0;0
20/01/2021;10:22:00;185;Acidente sem vítima;35,9;BR-101/ES;Norte;Capotamento;1;0;1;0;0;1;0;;;;2;0;0;0;0
20/01/2021;11:25:00;226;Acidente sem vítima;35,9;BR-101/ES;Norte;Choque com Veículo Estacionado;2;0;0;0;0;0;0;;;;3;0;0;0;0
20/01/2021;11:57:00;240;Acidente sem vítima;257,1;BR-101/ES;Sul;Colisão Traseira;1;0;1;0;0;0;0;;;;4;0;0;0;0
20/01/2021;14:42:00;311;Acidente sem vítima;282,2;BR-101/ES (Contorno de Vitória);Sul;Choque com Objeto Fixo;0;0;1;0;0;0;0;;;;1;0;0;0;0
20/01/2021;14:57:00;316;Acidente com vítima;266,8;BR-101/ES;Sul;Queda de Moto;0;0;0;1;0;0;0;;;;0;0;1;0;0
20/01/2021;15:44:00;328;Acidente sem vítima;269,4;BR-101/ES;Sul;Engavetamento;3;0;0;0;0;0;0;;;;4;0;0;0;0
20/01/2021;15:44:00;329;Acidente com vítima;215,4;BR-101/ES;Norte;Engavetamento;0;0;4;0;0;0;0;;;;2;0;1;0;0
20/01/2021;17:07:00;350;Acidente sem vítima;65;BR-101/ES;Sul;Veículo em Chamas;0;0;3;0;0;0;0;;;;1;0;0;0;0
20/01/2021;18:24:00;370;Acidente sem vítima;217;BR-101/ES;Norte;Colisão Traseira;2;0;0;0;0;0;0;;;;6;0;0;0;0
20/01/2021;18:31:00;372;Acidente com vítima;268,9;BR-101/ES;Norte;Colisão com ciclista;0;1;0;1;0;0;0;;;;1;0;1;0;0
21/01/2021;07:19:00;103;Acidente com vítima;298,4;BR-101/ES;Norte;Colisão Traseira;0;0;1;1;0;0;0;;;;1;2;0;0;0
21/01/2021;11:56:00;227;Acidente sem vítima;79,8;BR-101/ES;Norte;Saída de Pista;1;0;0;0;0;0;0;;;;1;0;0;0;0
21/01/2021;15:33:00;308;Acidente sem vítima;262,3;BR-101/ES;Sul;Choque com Objeto Fixo;1;0;0;0;0;0;0;;;;1;0;0;0;0
21/01/2021;20:35:00;392;Acidente sem vítima;423,3;BR-101/ES;Norte;Colisão Traseira;1;0;2;0;0;0;0;;;;4;0;0;0;0
21/01/2021;20:52:00;396;Acidente sem vítima;294;BR-101/ES (Contorno de Vitória);Norte;Engavetamento;3;0;0;0;0;0;0;;;;3;0;0;0;0
22/01/2021;00:08:00;6;Acidente com vítima;66;BR-101/ES;Norte;Colisão Transversal;1;0;0;1;0;0;0;;;;3;1;0;1;0
22/01/2021;04:47:00;88;Acidente sem vítima;117;BR-101/ES;Sul;Veículo em Chamas;1;0;0;0;0;0;0;;;;3;0;0;0;0
22/01/2021;05:31:00;96;Acidente sem vítima;289;BR-101/ES (Contorno de Vitória);Sul;Choque com Objeto Fixo;1;0;0;0;0;0;0;;;;1;0;0;0;0
22/01/2021;07:20:00;113;Acidente sem vítima;315,4;BR-101/ES;Norte;Colisão Lateral;1;0;2;0;0;0;0;;;;3;0;0;0;0
22/01/2021;09:10:00;150;Acidente com vítima;275,8;BR-101/ES (Contorno de Vitória);Sul;Capotamento;1;0;0;0;0;0;0;;;;0;1;0;0;0
22/01/2021;10:25:00;175;Acidente sem vítima;211,8;BR-101/ES;Norte;Saída de Pista;0;0;0;0;1;0;0;;;;10;0;0;0;0
22/01/2021;10:26:00;176;Acidente com vítima;446,1;BR-101/ES;Sul;Colisão Lateral;1;0;0;1;0;0;0;;;;1;0;0;1;0
22/01/2021;14:27:00;278;Acidente com vítima;299;BR-101/ES;Sul;Colisão Traseira;1;0;0;1;0;0;0;;;;1;1;0;0;0
22/01/2021;14:46:00;286;Acidente com vítima;157,8;BR-101/ES;Sul;Queda de ciclista;0;1;0;0;0;0;0;;;;0;0;1;0;0
22/01/2021;17:58:00;339;Acidente sem vítima;261;BR-101/ES;Sul;Colisão Traseira;0;0;2;0;1;0;0;;;;3;0;0;0;0
22/01/2021;19:33:00;360;Acidente sem vítima;290;BR-101/ES (Contorno de Vitória);Norte;Colisão Traseira;1;0;1;0;0;0;0;;;;2;0;0;0;0
22/01/2021;21:14:00;388;Acidente sem vítima;207,9;BR-101/ES;Sul;Choque com Objeto Fixo;1;0;0;0;0;0;0;;;;4;0;0;0;0
22/01/2021;21:19:00;392;Acidente com vítima;181;BR-101/ES;Norte;Colisão Transversal;2;0;0;0;0;0;0;;;;1;3;1;0;0
23/01/2021;01:34:00;24;Acidente sem vítima;270,8;BR-101/ES;Norte;Choque com Objeto Fixo;1;0;0;0;0;0;0;;;;1;0;0;0;0
23/01/2021;01:51:00;32;Acidente com vítima;209;BR-101/ES;Sul;Saída de Pista;1;0;0;0;0;0;0;;;;0;0;1;0;0
23/01/2021;02:48:00;43;Acidente sem vítima;266;BR-101/ES;Sul;Colisão Lateral;1;0;1;0;0;0;0;;;;2;0;0;0;0
23/01/2021;05:17:00;71;Acidente sem vítima;943,4;BR-101/BA;Norte;Capotamento;0;0;1;0;0;0;0;;;;1;0;0;0;0
23/01/2021;08:55:00;114;Acidente com vítima;293,4;BR-101/ES (Contorno de Vitória);Norte;Choque com Veículo Estacionado;2;0;0;0;0;0;0;;;;1;0;1;0;0
23/01/2021;12:06:00;190;Acidente com morte;232,3;BR-101/ES;Norte;Colisão Frontal;2;0;0;0;0;0;0;;;;0;0;6;1;1
23/01/2021;14:59:00;243;Acidente sem vítima;941,1;BR-101/BA;Norte;Colisão Transversal;1;0;0;1;0;0;0;;;;2;0;0;0;0
23/01/2021;19:19:00;318;Acidente sem vítima;288;BR-101/ES (Contorno de Vitória);Norte;Colisão Traseira;2;0;0;0;0;0;0;;;;2;0;0;0;0
23/01/2021;20:01:00;333;Acidente com vítima;147;BR-101/ES;Sul;Colisão Transversal;2;0;0;0;0;0;0;;;;4;1;0;0;0
23/01/2021;23:02:00;386;Acidente com vítima;143,4;BR-101/ES;Norte;Queda de Moto;0;0;0;1;0;0;0;;;;0;1;0;0;0
24/01/2021;00:21:00;3;Acidente com vítima;289;BR-101/ES (Contorno de Vitória);Norte;Colisão Transversal;2;0;0;0;0;0;0;;;;2;0;1;0;0
24/01/2021;03:19:00;47;Acidente com vítima;288,4;BR-101/ES (Contorno de Vitória);Sul;Saída de Pista;1;0;0;0;0;0;0;;;;0;0;1;0;0
24/01/2021;08:07:00;80;Acidente com vítima;18,6;BR-101/ES;Norte;Queda de Moto;0;0;0;1;0;0;0;;;;0;2;0;0;0
24/01/2021;09:32:00;99;Acidente com vítima;368,4;BR-101/ES;Norte;Choque com Objeto Fixo;1;0;0;0;0;0;0;;;;0;2;0;0;0
24/01/2021;11:09:00;126;Acidente sem vítima;138,9;BR-101/ES;Sul;Colisão Traseira;2;0;0;0;0;0;0;;;;2;0;0;0;0
24/01/2021;11:35:00;138;Acidente sem vítima;245,8;BR-101/ES;Sul;Colisão Lateral;2;0;0;0;0;0;0;;;;2;0;0;0;0
24/01/2021;11:55:00;148;Acidente sem vítima;277,6;BR-101/ES (Contorno de Vitória);Sul;Colisão Lateral;1;0;2;0;0;0;0;;;;2;0;0;0;0
24/01/2021;12:01:00;153;Acidente com vítima;942;BR-101/BA;Sul;Queda de Moto;0;0;0;1;0;0;0;;;;0;1;0;0;0
24/01/2021;17:51:00;260;Acidente sem vítima;297,2;BR-101/ES;Norte;Colisão Traseira;4;0;0;0;0;0;0;;;;11;0;0;0;0
24/01/2021;17:59:00;266;Acidente sem vítima;17,5;BR-101/ES;Norte;Choque com Objeto Fixo;0;0;1;0;0;0;0;;;;1;0;0;0;0
24/01/2021;20:05:00;291;Acidente sem vítima;283,8;BR-101/ES (Contorno de Vitória);Norte;Colisão Traseira;1;0;0;0;1;0;0;;;;2;0;0;0;0
24/01/2021;20:51:00;301;Acidente sem vítima;402;BR-101/ES;Norte;Saída de Pista;1;0;0;0;0;0;0;;;;2;0;0;0;0
25/01/2021;01:14:00;35;Acidente sem vítima;291;BR-101/ES (Contorno de Vitória);Sul;Saída de Pista;1;0;0;0;0;0;0;;;;1;0;0;0;0
25/01/2021;07:41:00;115;Acidente com vítima;263,95;BR-101/ES;Sul;Colisão Traseira;1;0;0;1;0;0;0;;;;1;0;1;0;0
25/01/2021;08:01:00;121;Acidente sem vítima;271,5;BR-101/ES (Contorno de Vitória);Sul;Colisão Lateral;2;0;0;0;0;0;0;;;;2;0;0;0;0
25/01/2021;08:28:00;135;Acidente com vítima;277,5;BR-101/ES (Contorno de Vitória);Norte;Queda de Moto;0;0;0;1;0;0;0;;;;0;1;0;0;0
25/01/2021;12:13:00;237;Acidente sem vítima;131;BR-101/ES;Sul;Engavetamento;2;0;1;0;0;0;0;;;;3;0;0;0;0
25/01/2021;15:20:00;294;Acidente sem vítima;191,5;BR-101/ES;Norte;Choque;1;0;0;0;0;0;0;;;;1;0;0;0;0
25/01/2021;17:31:00;327;Acidente sem vítima;194,3;BR-101/ES;Sul;Colisão Lateral;1;0;1;0;0;0;0;;;;2;0;0;0;0
26/01/2021;01:10:00;19;Acidente com vítima;243;BR-101/ES;Sul;Colisão Frontal;2;0;0;0;0;0;0;;;;0;0;2;3;0
26/01/2021;09:01:00;137;Acidente sem vítima;116,8;BR-101/ES;Norte;Colisão Transversal;1;0;1;0;0;0;0;;;;2;0;0;0;0
26/01/2021;10:19:00;168;Acidente sem vítima;384,7;BR-101/ES;Norte;Colisão Traseira;2;0;0;0;0;0;0;;;;4;0;0;0;0
26/01/2021;13:49:00;266;Acidente com vítima;228,1;BR-101/ES;Sul;Colisão Traseira;2;0;0;0;0;0;0;;;;2;1;0;0;0
26/01/2021;15:00:00;289;Acidente com vítima;297,1;BR-101/ES;Norte;Colisão Lateral;0;0;1;1;0;0;0;;;;1;2;0;0;0
26/01/2021;17:18:00;351;Acidente com vítima;301,9;BR-101/ES;Sul;Colisão com ciclista;0;1;0;0;1;0;0;;;;1;0;0;1;0
26/01/2021;17:33:00;358;Acidente com vítima;144,3;BR-101/ES;Norte;Colisão Lateral;0;0;2;1;0;0;0;;;;1;1;0;0;0
26/01/2021;20:19:00;399;Acidente com vítima;255;BR-101/ES;Sul;Colisão Traseira;1;0;0;1;0;0;0;;;;1;0;1;0;0
26/01/2021;22:00:00;439;Acidente sem vítima;142;BR-101/ES;Norte;Colisão Lateral;2;0;0;0;0;0;0;;;;2;0;0;0;0
26/01/2021;23:06:00;457;Acidente sem vítima;295;BR-101/ES (Contorno de Vitória);Norte;Colisão Traseira;0;0;3;0;0;0;0;;;;2;0;0;0;0
27/01/2021;06:41:00;119;Acidente com vítima;286,2;BR-101/ES (Contorno de Vitória);Norte;Colisão Lateral;1;0;0;1;0;0;0;;;;1;0;1;0;0
27/01/2021;13:46:00;293;Acidente com vítima;144,7;BR-101/ES;Norte;Colisão Traseira;1;0;0;1;0;0;0;;;;1;1;0;0;0
27/01/2021;18:27:00;388;Acidente com vítima;176;BR-101/ES;Sul;Colisão Traseira;0;0;1;1;0;0;0;;;;2;0;1;0;0
28/01/2021;02:19:00;40;Acidente sem vítima;942,3;BR-101/BA;Sul;Atropelamento de Bovino;1;0;0;0;0;0;0;;;;1;0;0;0;0
28/01/2021;06:41:00;110;Acidente sem vítima;244,5;BR-101/ES;Norte;Colisão Lateral;1;0;2;0;0;0;0;;;;3;0;0;0;0
28/01/2021;08:09:00;143;Acidente com vítima;303;BR-101/ES;Sul;Colisão Lateral;1;0;0;1;0;0;0;;;;1;2;0;0;0
28/01/2021;10:43:00;197;Acidente sem vítima;320,8;BR-101/ES;Norte;Choque com Objeto Fixo;0;0;1;0;0;0;0;;;;2;0;0;0;0
28/01/2021;14:50:00;292;Acidente com vítima;265,7;BR-101/ES;Sul;Colisão Traseira;0;0;0;1;1;0;0;;;;1;0;1;0;0
28/01/2021;17:09:00;344;Acidente sem vítima;262;BR-101/ES;Norte;Colisão Traseira;2;0;0;0;0;0;0;;;;3;0;0;0;0
28/01/2021;17:48:00;356;Acidente com vítima;277,7;BR-101/ES (Contorno de Vitória);Sul;Saída de Pista;1;0;0;0;0;0;0;;;;1;0;1;0;0
28/01/2021;18:19:00;366;Acidente sem vítima;255,4;BR-101/ES;Sul;Colisão Traseira;2;0;0;0;0;0;0;;;;3;0;0;0;0
28/01/2021;19:34:00;378;Acidente com vítima;285;BR-101/ES (Contorno de Vitória);Norte;Queda de Moto;0;0;0;1;0;0;0;;;;0;0;1;0;0
28/01/2021;21:04:00;400;Acidente sem vítima;449;BR-101/ES;Sul;Queda de Moto;0;0;0;1;0;0;0;;;;1;0;0;0;0
28/01/2021;21:51:00;410;Acidente sem vítima;241;BR-101/ES;Norte;Atropelamento Animal;1;0;0;0;0;0;0;;;;1;0;0;0;0
29/01/2021;06:49:00;101;Acidente com vítima;265,9;BR-101/ES;Sul;Colisão Lateral;1;0;0;1;0;0;0;;;;2;0;1;0;0
29/01/2021;07:10:00;107;Acidente com vítima;248,2;BR-101/ES;Sul;Colisão Lateral;1;0;4;0;0;0;0;;;;2;0;1;0;0
29/01/2021;08:09:00;131;Acidente com vítima;293,8;BR-101/ES (Contorno de Vitória);Norte;Colisão Lateral;1;0;0;1;0;0;0;;;;1;1;0;0;0
29/01/2021;11:08:00;212;Acidente sem vítima;268,6;BR-101/ES;Norte;Colisão Lateral;1;0;1;0;0;0;0;;;;2;0;0;0;0
29/01/2021;11:38:00;223;Acidente sem vítima;266,3;BR-101/ES;Sul;Engavetamento;3;0;0;0;0;0;0;;;;3;0;0;0;0
29/01/2021;14:36:00;288;Acidente com vítima;287;BR-101/ES (Contorno de Vitória);Sul;Colisão Transversal;2;0;0;0;0;1;0;;;;2;0;1;0;0
29/01/2021;15:44:00;314;Acidente sem vítima;297,6;BR-101/ES;Norte;Saída de Pista;1;0;0;0;0;0;0;;;;1;0;0;0;0
29/01/2021;16:35:00;343;Acidente sem vítima;267,5;BR-101/ES;Sul;Choque com Objeto Fixo;1;0;0;0;0;0;0;;;;1;0;0;0;0
29/01/2021;16:46:00;346;Acidente com vítima;341,6;BR-101/ES;Norte;Colisão Traseira;0;0;2;0;0;0;0;;;;1;2;1;0;0
29/01/2021;17:02:00;354;Acidente sem vítima;346,7;BR-101/ES;Norte;Colisão Traseira;2;0;0;0;0;0;0;;;;7;0;0;0;0
29/01/2021;18:31:00;377;Acidente com vítima;268;BR-101/ES;Sul;Colisão Lateral;1;0;0;1;0;0;0;;;;1;0;1;0;0
29/01/2021;19:05:00;388;Acidente sem vítima;264;BR-101/ES;Sul;Colisão Lateral;1;0;0;1;0;0;0;;;;4;0;0;0;0
29/01/2021;20:16:00;408;Acidente com vítima;262;BR-101/ES;Sul;Colisão Traseira;4;0;1;0;0;0;0;;;;6;0;1;0;0
29/01/2021;20:28:00;411;Acidente sem vítima;347;BR-101/ES;Norte;Engavetamento;3;0;0;0;0;0;0;;;;4;0;0;0;0
29/01/2021;22:09:00;445;Acidente com vítima;298;BR-101/ES;Norte;Colisão Traseira;1;0;0;1;0;0;0;;;;1;0;1;0;0
30/01/2021;01:30:00;34;Acidente com morte;300,2;BR-101/ES;Norte;Colisão Frontal;0;0;3;1;0;0;0;;;;0;1;0;0;1
30/01/2021;01:56:00;40;Acidente sem vítima;59,1;BR-101/ES;Sul;Saída de Pista;1;0;0;0;0;0;0;;;;3;0;0;0;0
30/01/2021;03:34:00;71;Acidente com vítima;30;BR-101/ES;Norte;Saída de Pista;1;0;0;0;0;0;0;;;;3;0;1;0;0
30/01/2021;05:53:00;93;Acidente sem vítima;85;BR-101/ES;Sul;Veículo em Chamas;1;0;0;0;0;0;0;;;;1;0;0;0;0
30/01/2021;06:49:00;100;Acidente sem vítima;0,8;BR-101/ES;Sul;Choque com Veículo Estacionado;1;0;0;1;0;0;0;;;;2;0;0;0;0
30/01/2021;06:59:00;101;Acidente sem vítima;8;BR-101/ES;Norte;Saída de Pista;1;0;0;0;0;0;0;;;;2;0;0;0;0
30/01/2021;07:19:00;108;Acidente com vítima;456,1;BR-101/ES;Sul;Queda de ciclista;0;1;0;0;0;0;0;;;;0;1;0;0;0
30/01/2021;07:48:00;119;Acidente sem vítima;253,7;BR-101/ES;Sul;Colisão Traseira;2;0;0;0;0;0;0;;;;5;0;0;0;0
30/01/2021;10:12:00;182;Acidente sem vítima;254,8;BR-101/ES;Norte;Queda de Moto;0;0;0;1;0;0;0;;;;1;0;0;0;0
30/01/2021;10:59:00;211;Acidente sem vítima;370,8;BR-101/ES;Sul;Colisão Transversal;2;0;0;0;0;0;0;;;;2;0;0;0;0
30/01/2021;15:52:00;317;Acidente sem vítima;293,6;BR-101/ES (Contorno de Vitória);Sul;Saída de Pista;1;0;0;0;0;0;0;;;;1;0;0;0;0
30/01/2021;18:09:00;366;Acidente sem vítima;68,3;BR-101/ES;Norte;Colisão Traseira;2;0;0;0;0;0;0;;;;2;0;0;0;0
30/01/2021;19:30:00;383;Acidente sem vítima;270;BR-101/ES;Sul;Colisão Traseira;1;0;0;0;1;0;0;;;;2;0;0;0;0
30/01/2021;20:50:00;412;Acidente sem vítima;289;BR-101/ES (Contorno de Vitória);Sul;Colisão Traseira;1;0;2;0;0;0;0;;;;4;0;0;0;0
31/01/2021;00:08:00;3;Acidente sem vítima;410;BR-101/ES;Sul;Saída de Pista;1;0;0;0;0;0;0;;;;2;0;0;0;0
31/01/2021;05:20:00;59;Acidente com vítima;289,5;BR-101/ES (Contorno de Vitória);Sul;Choque com Objeto Fixo;1;0;0;0;0;0;0;;;;1;0;1;0;0
31/01/2021;09:30:00;112;Acidente com vítima;211,9;BR-101/ES;Sul;Queda de Moto;0;0;0;1;0;0;0;;;;0;1;0;0;0
31/01/2021;10:15:00;128;Acidente sem vítima;81,9;BR-101/ES;Sul;Saída de Pista;1;0;0;0;0;0;0;;;;5;0;0;0;0
31/01/2021;16:46:00;269;Acidente com vítima;447,95;BR-101/ES;Sul;Tombamento;0;0;2;0;0;0;0;;;;0;1;0;0;0
31/01/2021;17:07:00;282;Acidente com morte;116,7;BR-101/ES;Norte;Colisão Frontal;3;0;0;0;0;1;0;;;;4;0;5;0;1
31/01/2021;18:56:00;311;Acidente com vítima;27,5;BR-101/ES;Sul;Colisão Frontal;1;0;0;1;0;0;0;;;;1;0;1;1;0
31/01/2021;20:51:00;345;Acidente sem vítima;77,6;BR-101/ES;Sul;Colisão Traseira;1;0;2;0;0;0;0;;;;2;0;0;0;0
31/01/2021;21:30:00;352;Acidente com vítima;385;BR-101/ES;Norte;Tombamento;0;0;2;0;0;0;0;;;;0;1;0;0;0
01/02/2021;06:03:00;95;Acidente com vítima;297;BR-101/ES;Sul;Queda de Moto;0;0;0;1;0;0;0;;;;0;1;0;0;0
01/02/2021;07:27:00;114;Acidente com vítima;429,9;BR-101/ES;Norte;Queda de Moto;0;0;0;1;0;0;0;;;;0;0;1;0;0
01/02/2021;17:03:00;331;Acidente sem vítima;213,6;BR-101/ES;Norte;Colisão Traseira;2;0;0;0;0;0;0;;;;3;0;0;0;0
01/02/2021;18:51:00;364;Acidente com vítima;147;BR-101/ES;Sul;Colisão Transversal;2;0;0;0;0;0;0;;;;2;1;0;0;0
01/02/2021;19:18:00;368;Acidente com vítima;269;BR-101/ES;Sul;Colisão Lateral;2;0;0;1;0;0;0;;;;2;1;0;0;0
01/02/2021;19:41:00;373;Acidente sem vítima;231;BR-101/ES;Norte;Saída de Pista;1;0;0;0;0;0;0;;;;1;0;0;0;0
01/02/2021;23:19:00;432;Atropelamento sem morte;299;BR-101/ES;Norte;Atropelamento;0;0;0;1;0;0;0;;;;1;0;0;1;0
02/02/2021;00:15:00;4;Acidente sem vítima;207,4;BR-101/ES;Norte;Colisão Traseira;1;0;0;0;0;0;0;;;;4;0;0;0;0
02/02/2021;07:23:00;124;Acidente com vítima;268,3;BR-101/ES;Sul;Colisão Lateral;1;0;0;1;0;0;0;;;;1;0;1;0;0
02/02/2021;07:35:00;131;Acidente sem vítima;292,9;BR-101/ES (Contorno de Vitória);Norte;Colisão Traseira;2;0;1;0;0;0;0;;;;3;0;0;0;0
02/02/2021;08:33:00;158;Acidente sem vítima;398,9;BR-101/ES;Sul;Colisão Traseira;2;0;0;0;0;0;0;;;;2;0;0;0;0
02/02/2021;10:01:00;191;Acidente sem vítima;292;BR-101/ES (Contorno de Vitória);Norte;Colisão Traseira;2;0;0;0;0;0;0;;;;3;0;0;0;0
02/02/2021;11:55:00;243;Acidente sem vítima;271,2;BR-101/ES (Contorno de Vitória);Norte;Colisão Lateral;2;0;0;0;0;0;0;;;;2;0;0;0;0
02/02/2021;14:24:00;308;Acidente sem vítima;270,6;BR-101/ES;Sul;Colisão Traseira;1;0;1;0;0;0;0;;;;2;0;0;0;0
02/02/2021;14:25:00;310;Acidente com vítima;201,6;BR-101/ES;Norte;Queda de ciclista;0;1;0;0;0;0;0;;;;0;1;0;0;0
02/02/2021;16:03:00;341;Acidente sem vítima;85,8;BR-101/ES;Sul;Colisão Lateral;2;0;0;0;0;0;0;;;;2;0;0;0;0
02/02/2021;22:23:00;438;Acidente com vítima;270;BR-101/ES;Sul;Queda de Moto;0;0;0;1;0;0;0;;;;0;0;1;0;0
03/02/2021;11:29:00;221;Acidente sem vítima;307,5;BR-101/ES;Sul;Engavetamento;2;0;1;0;0;0;0;;;;4;0;0;0;0
03/02/2021;12:02:00;236;Acidente sem vítima;256,6;BR-101/ES;Sul;Queda de Moto;0;0;0;1;0;0;0;;;;1;0;0;0;0
03/02/2021;12:57:00;262;Acidente com vítima;159,2;BR-101/ES;Sul;Colisão Transversal;2;0;0;0;0;0;0;;;;1;0;1;0;0
03/02/2021;14:36:00;291;Acidente sem vítima;66,2;BR-101/ES;Norte;Colisão Lateral;1;0;1;0;0;0;0;;;;2;0;0;0;0
03/02/2021;15:25:00;304;Acidente com vítima;392,4;BR-101/ES;Norte;Colisão Transversal;1;0;1;0;0;0;0;;;;1;3;0;1;0
03/02/2021;20:13:00;388;Atropelamento sem morte;94,6;BR-101/ES;Norte;Atropelamento e Fuga;1;0;0;0;0;0;0;;;;1;0;0;1;0
04/02/2021;05:01:00;52;Acidente sem vítima;79,3;BR-101/ES;Sul;Choque com Objeto Fixo;1;0;0;0;0;0;0;;;;1;0;0;0;0
04/02/2021;08:50:00;121;Acidente com vítima;101,1;BR-101/ES;Norte;Queda de Moto;0;0;0;1;0;0;0;;;;0;0;1;0;0
04/02/2021;16:11:00;301;Acidente sem vítima;203,6;BR-101/ES;Norte;Tombamento;0;0;0;0;0;0;0;;;;1;0;0;0;0
04/02/2021;16:58:00;322;Atropelamento sem morte;203,9;BR-101/ES;Sul;Atropelamento;0;0;0;1;0;0;0;;;;0;0;1;1;0
04/02/2021;17:43:00;340;Acidente sem vítima;253;BR-101/ES;Sul;Engavetamento;0;0;2;0;0;0;0;;;;3;0;0;0;0
04/02/2021;17:57:00;346;Acidente com vítima;296;BR-101/ES (Contorno de Vitória);Sul;Queda de Moto;0;0;0;1;0;0;0;;;;0;0;1;0;0
04/02/2021;19:08:00;363;Acidente com vítima;290,2;BR-101/ES (Contorno de Vitória);Sul;Colisão Transversal;1;0;0;1;0;0;0;;;;4;0;2;0;0
04/02/2021;22:43:00;418;Atropelamento com morte;308,2;BR-101/ES;Sul;Atropelamento e Fuga;1;0;0;0;0;0;0;;;;0;0;0;0;1
05/02/2021;07:04:00;131;Acidente sem vítima;242;BR-101/ES;Norte;Colisão Traseira;1;0;1;0;0;0;0;;;;2;0;0;0;0
05/02/2021;07:44:00;143;Acidente com vítima;259,4;BR-101/ES;Sul;Colisão com ciclista;0;1;0;1;0;0;0;;;;1;0;2;0;0
05/02/2021;11:28:00;235;Atropelamento sem morte;267,8;BR-101/ES;Sul;Atropelamento;0;0;0;1;0;0;0;;;;1;0;1;0;0
05/02/2021;14:35:00;314;Acidente sem vítima;427,4;BR-101/ES;Sul;Danos Eventuais;1;0;0;0;0;0;0;;;;1;0;0;0;0
05/02/2021;15:18:00;328;Acidente sem vítima;360,9;BR-101/ES;Sul;Saída de Pista;1;0;0;0;0;0;0;;;;1;0;0;0;0
05/02/2021;16:33:00;350;Acidente com vítima;287,5;BR-101/ES (Contorno de Vitória);Sul;Colisão Traseira;2;0;0;1;0;0;0;;;;2;0;1;0;0
05/02/2021;18:44:00;390;Acidente sem vítima;287;BR-101/ES (Contorno de Vitória);Sul;Colisão Transversal;1;0;0;1;0;0;0;;;;2;0;0;0;0
05/02/2021;19:09:00;397;Acidente sem vítima;221;BR-101/ES;Norte;Colisão Traseira;3;0;0;0;0;0;0;;;;9;0;0;0;0
05/02/2021;20:59:00;427;Acidente sem vítima;415;BR-101/ES;Norte;Saída de Pista;1;0;0;0;0;0;0;;;;1;0;0;0;0
05/02/2021;22:13:00;448;Acidente com vítima;268;BR-101/ES;Sul;Colisão com ciclista;1;1;0;0;0;0;0;;;;1;0;1;0;0
05/02/2021;22:40:00;455;Acidente com vítima;183,5;BR-101/ES;Norte;Tombamento;0;0;0;0;0;0;0;;;;0;0;1;0;0
06/02/2021;01:13:00;24;Acidente com vítima;325;BR-101/ES;Sul;Colisão Traseira;0;0;0;0;0;0;0;;;;1;0;1;1;0
06/02/2021;03:41:00;60;Acidente sem vítima;269,6;BR-101/ES;Norte;Choque com Objeto Fixo;1;0;0;0;0;0;0;;;;1;0;0;0;0
06/02/2021;07:09:00;91;Acidente com vítima;18,4;BR-101/ES;Norte;Capotamento;0;0;1;0;0;0;0;;;;0;0;0;1;0
06/02/2021;08:06:00;99;Acidente com vítima;254,6;BR-101/ES;Sul;Queda de ciclista;0;1;0;0;0;0;0;;;;0;0;1;0;0
06/02/2021;08:12:00;101;Acidente sem vítima;277,6;BR-101/ES (Contorno de Vitória);Sul;Saída de Pista;1;0;0;0;0;0;0;;;;1;0;0;0;0
06/02/2021;11:54:00;179;Acidente sem vítima;270,4;BR-101/ES;Norte;Colisão Lateral;1;0;0;0;0;0;0;;;;3;0;0;0;0
06/02/2021;19:54:00;319;Acidente com vítima;259;BR-101/ES;Sul;Colisão Frontal;1;0;0;1;0;0;0;;;;0;0;1;2;0
06/02/2021;22:56:00;359;Acidente com vítima;264,8;BR-101/ES;Norte;Tombamento;0;0;1;0;0;0;0;;;;0;0;1;0;0
07/02/2021;00:49:00;15;Acidente sem vítima;257;BR-101/ES;Norte;Choque com Objeto Fixo;1;0;0;0;0;0;0;;;;1;0;0;0;0