data;horario;n_da_ocorrencia;tipo_de_ocorrencia;km;trecho;sentido;tipo_de_acidente;automovel;bicicleta;caminhao;moto;onibus;outros;tracao_animal;transporte_de_cargas_especiais;trator_maquinas;utilitarios;ilesos;levemente_feridos;moderadamente_feridos;gravemente_feridos;mortos
07/02/2021;01:30:00;24;Acidente sem vítima;363;BR-101/ES;Sul;Choque com Objeto Fixo;0;0;0;0;0;0;0;;;;2;0;0;0;0
07/02/2021;07:13:00;76;Acidente sem vítima;283,2;BR-101/ES (Contorno de Vitória);Sul;Saída de Pista;1;0;0;0;0;0;0;;;;1;0;0;0;0
07/02/2021;08:55:00;100;Acidente sem vítima;121,6;BR-101/ES;Norte;Saída de Pista;1;0;0;0;0;0;0;;;;1;0;0;0;0
07/02/2021;10:28:00;132;Acidente com vítima;350,8;BR-101/ES;Sul;Colisão Lateral;1;0;1;0;0;0;0;;;;2;1;1;0;0
07/02/2021;11:53:00;166;Acidente sem vítima;286,9;BR-101/ES (Contorno de Vitória);Sul;Choque com Objeto Fixo;1;0;0;0;0;0;0;;;;1;0;0;0;0
07/02/2021;12:26:00;182;Acidente com vítima;209,1;BR-101/ES;Sul;Capotamento;1;0;0;0;0;0;0;;;;1;1;0;0;0
07/02/2021;13:07:00;197;Acidente sem vítima;204,8;BR-101/ES;Norte;Colisão Transversal;2;0;0;0;0;0;0;;;;2;0;0;0;0
07/02/2021;15:50:00;243;Acidente sem vítima;459,4;BR-101/ES;Sul;Saída de Pista;1;0;0;0;0;0;0;;;;1;0;0;0;0
07/02/2021;17:06:00;267;Acidente sem vítima;272;BR-101/ES (Contorno de Vitória);Norte;Choque com Objeto Fixo;1;0;0;0;0;0;0;;;;1;0;0;0;0
07/02/2021;20:00:00;306;Acidente com vítima;270;BR-101/ES;Norte;Colisão Lateral;1;0;0;1;0;0;0;;;;1;1;0;0;0
08/02/2021;01:49:00;37;Acidente sem vítima;17,3;BR-101/ES;Norte;Saída de Pista;0;0;0;0;0;0;0;;;;1;0;0;0;0
08/02/2021;06:10:00;111;Acidente sem vítima;407,8;BR-101/ES;Norte;Capotamento;1;0;0;0;0;0;0;;;;1;0;0;0;0
08/02/2021;06:49:00;114;Acidente sem vítima;392,4;BR-101/ES;Norte;Colisão Lateral;2;0;0;0;0;0;0;;;;2;0;0;0;0
08/02/2021;07:21:00;125;Acidente sem vítima;68,2;BR-101/ES;Sul;Choque com Objeto Fixo;1;0;0;0;0;0;0;;;;1;0;0;0;0
08/02/2021;08:59:00;155;Acidente sem vítima;270;BR-101/ES;Sul;Colisão Lateral;1;0;1;0;0;0;0;;;;2;0;0;0;0
08/02/2021;11:43:00;226;Acidente com vítima;270,6;BR-101/ES;Norte;Colisão Transversal;1;0;0;0;0;0;0;;;;1;1;0;0;0
08/02/2021;14:16:00;273;Acidente sem vítima;270,8;BR-101/ES;Norte;Colisão Traseira;1;0;0;1;0;0;0;;;;2;0;0;0;0
08/02/2021;15:43:00;294;Acidente sem vítima;267,9;BR-101/ES;Norte;Colisão Lateral;1;0;0;0;0;0;0;;;;2;0;0;0;0
08/02/2021;16:31:00;312;Acidente com vítima;265,9;BR-101/ES;Norte;Engavetamento;1;0;0;2;0;0;0;;;;1;0;2;0;0
08/02/2021;20:25:00;374;Acidente com vítima;139;BR-101/ES;Norte;Queda de Moto;0;0;0;1;0;0;0;;;;0;1;0;0;0
08/02/2021;20:54:00;377;Acidente sem vítima;267;BR-101/ES;Norte;Colisão Traseira;2;0;0;0;0;0;0;;;;2;0;0;0;0
08/02/2021;23:18:00;418;Atropelamento sem morte;264,95;BR-101/ES;Norte;Atropelamento e Fuga;1;0;0;0;0;0;0;;;;0;0;1;0;0
09/02/2021;00:30:00;22;Acidente sem vítima;212;BR-101/ES;Sul;Colisão Traseira;1;0;1;0;0;0;0;;;;2;0;0;0;0
09/02/2021;07:23:00;123;Acidente sem vítima;229,3;BR-101/ES;Sul;Colisão Traseira;2;0;0;0;0;0;0;;;;1;0;0;0;0
09/02/2021;08:23:00;137;Acidente sem vítima;264;BR-101/ES;Norte;Colisão Lateral;1;0;0;0;0;0;0;;;;2;0;0;0;0
09/02/2021;10:14:00;176;Acidente com vítima;260;BR-101/ES;Sul;Saída de Pista;1;0;0;0;0;0;0;;;;1;1;0;0;0
09/02/2021;13:19:00;253;Acidente com vítima;146,5;BR-101/ES;Sul;Engavetamento;3;0;0;0;0;0;0;;;;3;1;0;0;0
09/02/2021;14:10:00;268;Acidente com vítima;267,8;BR-101/ES;Sul;Colisão Traseira;3;0;0;0;0;0;0;;;;3;0;1;0;0
09/02/2021;15:13:00;281;Acidente sem vítima;291,9;BR-101/ES (Contorno de Vitória);Sul;Choque com Objeto Fixo;0;0;0;0;0;0;0;;;;1;0;0;0;0
09/02/2021;15:38:00;284;Acidente sem vítima;141,1;BR-101/ES;Norte;Colisão Lateral;1;0;0;0;0;0;0;;;;2;0;0;0;0
09/02/2021;15:55:00;287;Acidente sem vítima;396;BR-101/ES;Sul;Saída de Pista;1;0;0;0;0;0;0;;;;3;0;0;0;0
09/02/2021;16:03:00;290;Acidente com vítima;291;BR-101/ES (Contorno de Vitória);Sul;Colisão Transversal;1;0;0;1;0;0;0;;;;2;1;0;0;0
09/02/2021;17:39:00;314;Acidente com vítima;214;BR-101/ES;Sul;Colisão Transversal;1;0;0;1;0;0;0;;;;2;1;1;0;0
09/02/2021;20:25:00;346;Acidente sem vítima;190;BR-101/ES;Norte;Saída de Pista;1;0;0;0;0;0;0;;;;1;0;0;0;0
10/02/2021;02:59:00;41;Acidente sem vítima;170;BR-101/ES;Norte;Choque;1;0;0;0;0;0;0;;;;2;0;0;0;0
10/02/2021;07:53:00;133;Acidente com vítima;287;BR-101/ES (Contorno de Vitória);Norte;Colisão Lateral;0;0;0;1;0;0;0;;;;1;0;0;1;0
10/02/2021;11:40:00;239;Acidente sem vítima;365;BR-101/ES;Sul;Queda de Moto;0;0;0;1;0;0;0;;;;1;0;0;0;0
10/02/2021;16:03:00;348;Acidente com vítima;266;BR-101/ES;Sul;Colisão Traseira;1;0;1;0;0;0;0;;;;2;1;0;0;0
10/02/2021;16:49:00;360;Acidente sem vítima;399;BR-101/ES;Sul;Colisão Traseira;1;0;1;0;0;0;0;;;;2;0;0;0;0
10/02/2021;18:43:00;395;Acidente com vítima;265;BR-101/ES;Norte;Colisão Lateral;1;0;0;1;0;0;0;;;;1;0;1;0;0
10/02/2021;22:13:00;455;Acidente com vítima;297,2;BR-101/ES;Norte;Colisão Traseira;1;0;0;1;0;0;0;;;;1;0;2;0;0
11/02/2021;05:48:00;92;Acidente sem vítima;368,05;BR-101/ES;Sul;Saída de Pista;1;0;0;0;0;0;0;;;;1;0;0;0;0
11/02/2021;06:54:00;104;Acidente sem vítima;162;BR-101/ES;Norte;Colisão Transversal;2;0;0;0;0;0;0;;;;2;0;0;0;0
11/02/2021;14:57:00;285;Acidente com vítima;222;BR-101/ES;Sul;Colisão Frontal;0;0;2;0;0;0;0;;;;0;0;0;2;0
11/02/2021;17:30:00;325;Acidente sem vítima;262,9;BR-101/ES;Sul;Colisão Traseira;2;0;0;0;0;0;0;;;;2;0;0;0;0
11/02/2021;17:32:00;327;Acidente com vítima;277,9;BR-101/ES (Contorno de Vitória);Sul;Colisão Transversal;1;0;0;1;0;0;0;;;;2;0;1;0;0
11/02/2021;19:24:00;358;Acidente sem vítima;85;BR-101/ES;Norte;Atropelamento Animal;1;0;0;0;0;0;0;;;;1;0;0;0;0
12/02/2021;01:25:00;34;Acidente sem vítima;266;BR-101/ES;Sul;Choque com Objeto Fixo;2;0;0;0;0;0;0;;;;3;0;0;0;0
12/02/2021;03:02:00;60;Acidente sem vítima;341;BR-101/ES;Norte;Engavetamento;0;0;2;0;0;0;0;;;;6;0;0;0;0
12/02/2021;04:17:00;77;Acidente com morte;269,5;BR-101/ES;Norte;Colisão Transversal;0;0;0;1;0;0;0;;;;1;0;0;0;1
12/02/2021;06:00:00;117;Acidente sem vítima;147;BR-101/ES;Norte;Colisão Traseira;2;0;0;0;0;0;0;;;;2;0;0;0;0
12/02/2021;12:42:00;282;Acidente sem vítima;297,7;BR-101/ES;Norte;Colisão Traseira;1;0;1;0;0;0;0;;;;3;0;0;0;0
12/02/2021;15:39:00;327;Acidente sem vítima;108;BR-101/ES;Sul;Veículo em Chamas;1;0;0;0;0;0;0;;;;4;0;0;0;0
12/02/2021;16:40:00;349;Acidente com vítima;355;BR-101/ES;Norte;Colisão Transversal;0;0;0;1;0;0;0;;;;1;0;1;0;0
12/02/2021;17:41:00;375;Acidente sem vítima;452;BR-101/ES;Sul;Colisão Traseira;1;0;0;0;0;0;0;;;;4;0;0;0;0
12/02/2021;17:58:00;381;Acidente com vítima;67,5;BR-101/ES;Sul;Colisão Traseira;1;0;0;1;0;0;0;;;;1;1;0;0;0
12/02/2021;20:47:00;427;Acidente com vítima;229;BR-101/ES;Sul;Saída de Pista;1;0;0;0;0;0;0;;;;1;1;0;0;0
12/02/2021;21:55:00;452;Acidente com vítima;67,4;BR-101/ES;Norte;Colisão Traseira;1;0;0;1;0;0;0;;;;3;0;1;0;0
12/02/2021;22:05:00;454;Acidente sem vítima;295;BR-101/ES (Contorno de Vitória);Sul;Colisão Traseira;0;0;0;0;0;0;0;;;;1;0;0;0;0
12/02/2021;23:50:00;490;Acidente sem vítima;302;BR-101/ES;Norte;Choque com Objeto Fixo;1;0;0;0;0;0;0;;;;1;0;0;0;0
13/02/2021;03:49:00;54;Acidente sem vítima;144;BR-101/ES;Sul;Colisão Traseira;2;0;0;0;0;0;0;;;;2;0;0;0;0
13/02/2021;04:15:00;57;Acidente sem vítima;264;BR-101/ES;Sul;Saída de Pista;1;0;0;0;0;0;0;;;;1;0;0;0;0
13/02/2021;07:37:00;110;Acidente com vítima;254,9;BR-101/ES;Norte;Colisão Traseira;1;0;0;1;0;0;0;;;;1;1;0;0;0
13/02/2021;08:21:00;121;Acidente sem vítima;183,7;BR-101/ES;Norte;Colisão Traseira;2;0;0;0;0;0;0;;;;2;0;0;0;0
13/02/2021;08:21:00;122;Acidente com vítima;347,6;BR-101/ES;Norte;Queda de ciclista;0;1;0;0;0;0;0;;;;0;1;0;0;0
13/02/2021;08:36:00;126;Acidente com vítima;68,5;BR-101/ES;Norte;Queda de Moto;0;0;0;1;0;0;0;;;;0;1;0;0;0
13/02/2021;08:59:00;134;Acidente sem vítima;94,2;BR-101/ES;Norte;Colisão Traseira;2;0;0;0;0;0;0;;;;2;0;0;0;0
13/02/2021;09:54:00;157;Acidente sem vítima;287,6;BR-101/ES (Contorno de Vitória);Sul;Colisão Lateral;1;0;1;0;0;0;0;;;;5;0;0;0;0
13/02/2021;10:08:00;165;Acidente sem vítima;400,1;BR-101/ES;Norte;Colisão Traseira;2;0;0;0;0;0;0;;;;8;0;0;0;0
13/02/2021;10:19:00;169;Acidente sem vítima;254;BR-101/ES;Norte;Engavetamento;5;0;0;0;0;0;0;;;;8;0;0;0;0
13/02/2021;19:28:00;357;Acidente com vítima;92;BR-101/ES;Sul;Saída de Pista;1;0;0;0;0;0;0;;;;1;1;0;0;0
13/02/2021;20:37:00;377;Acidente com vítima;418;BR-101/ES;Sul;Colisão Lateral;0;0;0;1;0;0;0;;;;1;0;0;2;0
14/02/2021;06:42:00;77;Acidente com vítima;234,4;BR-101/ES;Norte;Choque com Objeto Fixo;0;0;0;0;0;0;0;;;;0;0;1;0;0
14/02/2021;12:59:00;183;Acidente sem vítima;18,6;BR-101/ES;Norte;Queda de Moto;0;0;0;1;0;0;0;;;;1;0;0;0;0
14/02/2021;14:31:00;202;Acidente sem vítima;82;BR-101/ES;Norte;Choque com Objeto Fixo;1;0;0;0;0;0;0;;;;1;0;0;0;0
14/02/2021;18:07:00;275;Acidente sem vítima;270,8;BR-101/ES;Sul;Choque com Objeto Fixo;1;0;0;0;0;0;0;;;;1;0;0;0;0
14/02/2021;18:41:00;283;Acidente com vítima;68;BR-101/ES;Sul;Colisão Transversal;1;0;0;1;0;0;0;;;;1;0;0;2;0
14/02/2021;18:54:00;287;Atropelamento sem morte;234;BR-101/ES;Norte;Atropelamento e Fuga;1;1;0;0;0;0;0;;;;1;0;1;0;0
14/02/2021;19:57:00;297;Acidente com vítima;346,5;BR-101/ES;Sul;Colisão Traseira;1;0;0;1;0;0;0;;;;2;0;1;0;0
14/02/2021;22:23:00;329;Acidente com vítima;86,6;BR-101/ES;Sul;Queda de Moto;0;0;0;1;0;0;0;;;;0;0;0;2;0
15/02/2021;01:30:00;26;Acidente sem vítima;188,6;BR-101/ES;Norte;Choque com Objeto Fixo;1;0;0;0;0;0;0;;;;1;0;0;0;0
15/02/2021;11:24:00;207;Acidente com vítima;329,8;BR-101/ES;Norte;Queda de Moto;0;0;0;1;0;0;0;;;;0;2;0;0;0
15/02/2021;12:31:00;239;Acidente com vítima;148,9;BR-101/ES;Norte;Colisão Lateral;1;0;0;1;0;0;0;;;;3;1;1;0;0
15/02/2021;13:16:00;258;Acidente com vítima;270,6;BR-101/ES;Sul;Colisão com ciclista;0;1;0;1;0;0;0;;;;1;1;0;0;0
15/02/2021;16:14:00;302;Acidente sem vítima;267,7;BR-101/ES;Norte;Colisão Traseira;0;0;0;0;0;0;0;;;;3;0;0;0;0
15/02/2021;17:34:00;333;Acidente sem vítima;370;BR-101/ES;Norte;Colisão Transversal;2;0;0;0;0;0;0;;;;3;0;0;0;0
15/02/2021;17:44:00;338;Acidente sem vítima;269,5;BR-101/ES;Norte;Colisão Transversal;1;0;0;0;0;0;0;;;;4;0;0;0;0
15/02/2021;19:29:00;374;Acidente sem vítima;276;BR-101/ES (Contorno de Vitória);Sul;Saída de Pista;1;0;0;0;0;0;0;;;;1;0;0;0;0
15/02/2021;19:40:00;379;Acidente sem vítima;266;BR-101/ES;Norte;Colisão Transversal;1;0;0;0;0;0;0;;;;2;0;0;0;0
15/02/2021;20:00:00;382;Acidente sem vítima;276;BR-101/ES (Contorno de Vitória);Sul;Saída de Pista;1;0;0;0;0;0;0;;;;1;0;0;0;0
15/02/2021;20:04:00;383;Acidente sem vítima;255;BR-101/ES;Sul;Colisão Traseira;2;0;0;0;0;0;0;;;;2;0;0;0;0
15/02/2021;23:12:00;435;Acidente sem vítima;429;BR-101/ES;Norte;Saída de Pista;1;0;0;0;0;0;0;;;;3;0;0;0;0
16/02/2021;01:26:00;28;Acidente sem vítima;6,8;BR-101/ES;Norte;Saída de Pista;1;0;0;0;0;0;0;;;;1;0;0;0;0
16/02/2021;02:16:00;33;Acidente sem vítima;266;BR-101/ES;Sul;Colisão Traseira;2;0;0;0;0;0;0;;;;5;0;0;0;0
16/02/2021;02:19:00;34;Acidente com vítima;148,9;BR-101/ES;Norte;Colisão Transversal;0;0;0;1;0;0;0;;;;0;0;2;0;0
16/02/2021;05:46:00;70;Acidente sem vítima;359;BR-101/ES;Norte;Saída de Pista;1;0;0;0;0;0;0;;;;2;0;0;0;0
16/02/2021;07:41:00;118;Acidente com vítima;270,6;BR-101/ES;Sul;Colisão com ciclista;0;1;0;1;0;0;0;;;;0;1;1;0;0
16/02/2021;08:23:00;132;Acidente sem vítima;266;BR-101/ES;Sul;Colisão Traseira;1;0;1;0;0;0;0;;;;4;0;0;0;0
16/02/2021;11:23:00;197;Acidente sem vítima;270;BR-101/ES;Norte;Colisão Lateral;1;0;1;0;0;0;0;;;;2;0;0;0;0
16/02/2021;12:45:00;235;Acidente sem vítima;262,1;BR-101/ES;Norte;Colisão Traseira;1;0;0;1;0;0;0;;;;2;0;0;0;0
16/02/2021;12:50:00;239;Acidente sem vítima;458;BR-101/ES;Sul;Colisão Lateral;2;0;0;0;0;0;0;;;;5;0;0;0;0
16/02/2021;12:50:00;240;Acidente com vítima;322,5;BR-101/ES;Norte;Queda de Moto;0;0;0;1;0;0;0;;;;0;0;1;0;0
16/02/2021;16:46:00;313;Acidente com vítima;262,5;BR-101/ES;Sul;Colisão Lateral;3;0;0;0;0;0;0;;;;2;1;1;1;0
16/02/2021;19:11:00;353;Acidente sem vítima;269;BR-101/ES;Sul;Colisão Lateral;1;0;0;0;0;0;0;;;;2;0;0;0;0
16/02/2021;21:17:00;379;Acidente sem vítima;293,8;BR-101/ES (Contorno de Vitória);Sul;Tombamento;1;0;0;0;0;0;0;;;;6;0;0;0;0
16/02/2021;21:35:00;384;Acidente com vítima;335;BR-101/ES;Sul;Saída de Pista;1;0;0;0;0;0;0;;;;0;1;0;0;0
17/02/2021;08:29:00;121;Acidente sem vítima;264,7;BR-101/ES;Sul;Colisão Traseira;2;0;0;0;0;0;0;;;;2;0;0;0;0
17/02/2021;10:14:00;165;Acidente sem vítima;125;BR-101/ES;Norte;Colisão com ciclista;1;1;0;0;0;0;0;;;;1;0;0;0;0
17/02/2021;10:18:00;169;Acidente sem vítima;270,4;BR-101/ES;Sul;Colisão Traseira;1;0;1;0;0;0;0;;;;1;0;0;0;0
17/02/2021;10:44:00;178;Acidente sem vítima;294;BR-101/ES (Contorno de Vitória);Norte;Colisão Lateral;1;0;0;0;0;0;0;;;;3;0;0;0;0
17/02/2021;13:03:00;257;Acidente com vítima;945,2;BR-101/BA;Norte;Colisão Traseira;1;0;1;0;0;0;0;;;;1;1;0;0;0
17/02/2021;19:23:00;364;Acidente sem vítima;110,4;BR-101/ES;Sul;Colisão Traseira;2;0;0;0;0;0;0;;;;5;0;0;0;0
17/02/2021;20:08:00;374;Acidente sem vítima;61,8;BR-101/ES;Sul;Colisão Traseira;2;0;0;0;0;0;0;;;;2;0;0;0;0
17/02/2021;21:02:00;394;Atropelamento com morte;209,5;BR-101/ES;Norte;Atropelamento;1;0;0;0;0;0;0;;;;2;0;0;0;1
17/02/2021;21:51:00;408;Acidente com vítima;63,8;BR-101/ES;Sul;Colisão Lateral;2;0;0;0;0;0;0;;;;6;1;0;0;0
17/02/2021;23:33:00;443;Atropelamento sem morte;78;BR-101/ES;Sul;Atropelamento e Fuga;0;1;0;0;0;0;0;;;;1;1;0;0;0
18/02/2021;06:39:00;109;Acidente sem vítima;329,4;BR-101/ES;Norte;Choque com Objeto Fixo;1;0;0;0;0;0;0;;;;1;0;0;0;0
18/02/2021;06:56:00;114;Acidente sem vítima;102,6;BR-101/ES;Sul;Colisão Traseira;1;0;1;0;0;0;0;;;;6;0;0;0;0
18/02/2021;07:14:00;125;Acidente com vítima;265,3;BR-101/ES;Sul;Colisão Lateral;0;0;0;1;0;0;0;;;;1;1;0;0;0
18/02/2021;16:21:00;347;Acidente com vítima;145,8;BR-101/ES;Sul;Colisão Lateral;1;0;0;1;0;0;0;;;;1;1;0;0;0
18/02/2021;17:47:00;373;Acidente com vítima;392,9;BR-101/ES;Sul;Queda de Moto;0;0;0;1;0;0;0;;;;0;1;0;0;0
18/02/2021;18:08:00;378;Acidente sem vítima;208;BR-101/ES;Sul;Colisão Lateral;0;0;1;0;0;0;0;;;;2;0;0;0;0
19/02/2021;04:37:00;59;Acidente com vítima;0,9;BR-101/ES;Norte;Tombamento;0;0;0;0;0;0;0;;;;0;0;0;1;0
19/02/2021;05:51:00;106;Acidente sem vítima;0,9;BR-101/ES;Norte;Colisão Lateral;0;0;2;0;0;0;0;;;;2;0;0;0;0
19/02/2021;07:38:00;118;Acidente sem vítima;177,5;BR-101/ES;Sul;Saída de Pista;0;0;1;0;0;0;0;;;;1;0;0;0;0
19/02/2021;12:36:00;234;Acidente com vítima;36,2;BR-101/ES;Sul;Queda de Moto;0;0;0;1;0;0;0;;;;0;1;0;0;0
19/02/2021;14:24:00;273;Acidente sem vítima;399;BR-101/ES;Sul;Colisão Lateral;1;0;0;0;0;0;0;;;;3;0;0;0;0
19/02/2021;15:16:00;289;Acidente com vítima;229,7;BR-101/ES;Sul;Queda de Moto;0;0;0;1;0;0;0;;;;0;2;0;0;0
19/02/2021;15:52:00;303;Acidente sem vítima;262;BR-101/ES;Sul;Colisão Traseira;2;0;0;0;0;0;0;;;;1;0;0;0;0
19/02/2021;16:43:00;320;Acidente sem vítima;228,5;BR-101/ES;Norte;Colisão Lateral;1;0;1;0;0;0;0;;;;3;0;0;0;0
19/02/2021;17:09:00;329;Acidente sem vítima;266,2;BR-101/ES;Norte;Colisão Traseira;2;0;0;0;0;0;0;;;;2;0;0;0;0
19/02/2021;17:34:00;340;Acidente com vítima;220,6;BR-101/ES;Norte;Colisão Traseira;0;0;1;1;0;0;0;;;;1;0;0;1;0
19/02/2021;18:11:00;351;Acidente sem vítima;214,1;BR-101/ES;Sul;Colisão Transversal;2;0;0;0;0;0;0;;;;5;0;0;0;0
19/02/2021;19:42:00;380;Acidente sem vítima;279;BR-101/ES (Contorno de Vitória);Sul;Saída de Pista;1;0;0;0;0;0;0;;;;1;0;0;0;0
20/02/2021;06:34:00;78;Acidente com vítima;259,8;BR-101/ES;Sul;Colisão Lateral;1;0;0;1;0;0;0;;;;1;0;1;0;0
20/02/2021;14:18:00;232;Acidente sem vítima;266;BR-101/ES;Sul;Colisão Traseira;1;0;0;0;1;0;0;;;;3;0;0;0;0
20/02/2021;15:00:00;245;Acidente com vítima;262;BR-101/ES;Norte;Queda de Moto;0;0;0;1;0;0;0;;;;0;1;0;0;0
20/02/2021;15:10:00;248;Acidente sem vítima;267;BR-101/ES;Norte;Colisão Lateral;1;0;0;0;1;0;0;;;;2;0;0;0;0
20/02/2021;15:29:00;254;Acidente com vítima;305;BR-101/ES;Sul;Queda de Moto;0;0;0;1;0;0;0;;;;0;0;2;0;0
20/02/2021;23:19:00;382;Acidente sem vítima;458;BR-101/ES;Sul;Choque;0;0;0;0;0;0;0;;;;1;0;0;0;0
21/02/2021;10:26:00;117;Acidente sem vítima;212,9;BR-101/ES;Sul;Saída de Pista;1;0;0;0;0;0;0;;;;1;0;0;0;0
21/02/2021;13:48:00;191;Acidente com vítima;412,4;BR-101/ES;Sul;Colisão Lateral;0;0;0;1;0;0;0;;;;1;0;0;1;0
21/02/2021;16:49:00;230;Acidente sem vítima;171,7;BR-101/ES;Sul;Colisão Traseira;2;0;0;0;0;0;0;;;;5;0;0;0;0
21/02/2021;19:44:00;274;Acidente com vítima;297,53;BR-101/ES;Norte;Colisão com ciclista;1;1;0;0;0;0;0;;;;1;0;1;0;0
22/02/2021;10:02:00;194;Acidente com vítima;270,5;BR-101/ES;Norte;Colisão Lateral;1;0;0;1;0;0;0;;;;1;1;0;0;0
22/02/2021;13:49:00;302;Acidente com vítima;30,5;BR-101/ES;Sul;Colisão Lateral;1;0;0;1;0;0;0;;;;0;0;1;0;0
22/02/2021;17:29:00;365;Acidente sem vítima;234;BR-101/ES;Sul;Colisão Traseira;2;0;0;0;0;0;0;;;;5;0;0;0;0
22/02/2021;17:31:00;367;Acidente sem vítima;446,7;BR-101/ES;Sul;Saída de Pista;1;0;0;0;0;0;0;;;;1;0;0;0;0
23/02/2021;08:17:00;148;Acidente sem vítima;190,5;BR-101/ES;Sul;Colisão Transversal;2;0;0;0;0;0;0;;;;2;0;0;0;0
23/02/2021;09:21:00;181;Acidente sem vítima;263,1;BR-101/ES;Norte;Colisão Lateral;0;0;1;0;0;0;0;;;;2;0;0;0;0
23/02/2021;09:37:00;186;Acidente sem vítima;213,6;BR-101/ES;Norte;Capotamento;1;0;0;0;0;0;0;;;;1;0;0;0;0
23/02/2021;11:45:00;245;Acidente com vítima;392,4;BR-101/ES;Norte;Colisão Traseira;1;0;0;1;0;0;0;;;;1;0;1;0;0
23/02/2021;13:53:00;297;Acidente sem vítima;257,1;BR-101/ES;Sul;Colisão Lateral;0;0;2;0;0;0;0;;;;2;0;0;0;0
23/02/2021;14:12:00;300;Acidente sem vítima;263;BR-101/ES;Sul;Colisão Traseira;2;0;0;0;0;0;0;;;;1;0;0;0;0
23/02/2021;16:03:00;336;Acidente sem vítima;303,5;BR-101/ES;Sul;Saída de Pista;0;0;1;0;0;0;0;;;;1;0;0;0;0
23/02/2021;18:07:00;379;Acidente com vítima;288,3;BR-101/ES (Contorno de Vitória);Norte;Colisão Traseira;1;0;0;1;0;0;0;;;;2;0;1;0;0
24/02/2021;08:11:00;150;Acidente com vítima;387,5;BR-101/ES;Sul;Colisão Traseira;2;0;0;0;0;0;0;;;;1;1;0;0;0
24/02/2021;10:14:00;197;Acidente sem vítima;142;BR-101/ES;Norte;Colisão Traseira;2;0;0;0;0;0;0;;;;3;0;0;0;0
24/02/2021;12:25:00;269;Acidente sem vítima;269;BR-101/ES;Sul;Colisão Traseira;1;0;0;0;0;0;0;;;;1;0;0;0;0
24/02/2021;14:15:00;309;Acidente com vítima;258;BR-101/ES;Norte;Saída de Pista;1;0;0;0;0;0;0;;;;2;0;1;0;0
24/02/2021;14:19:00;311;Acidente sem vítima;50,9;BR-101/ES;Sul;Colisão Lateral;1;0;0;0;0;0;0;;;;4;0;0;0;0
24/02/2021;15:10:00;322;Acidente sem vítima;49,9;BR-101/ES;Norte;Colisão Traseira;2;0;0;0;0;0;0;;;;4;0;0;0;0
24/02/2021;20:48:00;426;Acidente sem vítima;263;BR-101/ES;Sul;Atropelamento de Bovino;1;0;0;0;0;0;0;;;;2;0;0;0;0
25/02/2021;04:59:00;66;Acidente com vítima;137;BR-101/ES;Sul;Queda de Bicicleta;0;1;0;0;0;0;0;;;;0;1;0;0;0
25/02/2021;07:30:00;125;Acidente sem vítima;300,5;BR-101/ES;Norte;Colisão Lateral;1;0;1;0;0;0;0;;;;2;0;0;0;0
25/02/2021;09:08:00;163;Acidente sem vítima;267,1;BR-101/ES;Sul;Colisão Traseira;1;0;0;1;0;0;0;;;;2;0;0;0;0
25/02/2021;10:56:00;206;Acidente sem vítima;145,9;BR-101/ES;Sul;Colisão Traseira;2;0;0;0;0;0;0;;;;2;0;0;0;0
25/02/2021;11:35:00;225;Acidente com vítima;12,1;BR-101/ES;Norte;Colisão Lateral;1;0;0;0;0;1;0;;;;4;0;1;0;0
25/02/2021;15:06:00;292;Acidente sem vítima;303;BR-101/ES;Norte;Saída de Pista;1;0;0;0;0;0;0;;;;2;0;0;0;0
25/02/2021;16:22:00;312;Acidente com vítima;159,8;BR-101/ES;Sul;Colisão Traseira;1;0;1;0;0;0;0;;;;1;0;1;0;0
26/02/2021;00:37:00;17;Acidente sem vítima;289;BR-101/ES (Contorno de Vitória);Sul;Colisão Traseira;1;0;1;0;0;0;0;;;;1;0;0;0;0
26/02/2021;01:16:00;22;Acidente sem vítima;270,9;BR-101/ES;Norte;Choque com Objeto Fixo;0;0;0;0;0;0;0;;;;1;0;0;0;0
26/02/2021;05:02:00;108;Acidente sem vítima;8,6;BR-101/ES;Sul;Veículo em Chamas;0;0;0;0;0;0;0;;;;1;0;0;0;0
26/02/2021;05:39:00;115;Acidente com vítima;69;BR-101/ES;Norte;Colisão Lateral;1;0;0;1;0;0;0;;;;1;1;1;0;0
26/02/2021;06:09:00;118;Acidente sem vítima;250;BR-101/ES;Norte;Saída de Pista;1;0;0;0;0;0;0;;;;1;0;0;0;0
26/02/2021;10:15:00;187;Acidente sem vítima;452;BR-101/ES;Norte;Colisão Traseira;2;0;0;0;0;0;0;;;;9;0;0;0;0
26/02/2021;10:23:00;189;Acidente com vítima;267;BR-101/ES;Sul;Colisão Traseira;1;0;0;1;0;0;0;;;;1;0;1;0;0
26/02/2021;11:07:00;213;Acidente sem vítima;294,8;BR-101/ES (Contorno de Vitória);Sul;Colisão Lateral;1;0;0;1;0;0;0;;;;1;0;0;0;0
26/02/2021;12:25:00;244;Acidente com vítima;298,1;BR-101/ES;Norte;Colisão Lateral;1;0;0;1;0;0;0;;;;1;2;0;0;0