data;horario;n_da_ocorrencia;tipo_de_ocorrencia;km;trecho;sentido;tipo_de_acidente;automovel;bicicleta;caminhao;moto;onibus;outros;tracao_animal;transporte_de_cargas_especiais;trator_maquinas;utilitarios;ilesos;levemente_feridos;moderadamente_feridos;gravemente_feridos;mortos
10/08/2021;18:50:00;357;Acidente sem vítima;116,8;BR-101/ES;Norte;Colisão Traseira;0;0;2;0;0;0;0;0;;;2;0;0;0;0
10/08/2021;19:13:00;361;Acidente sem vítima;297;BR-101/ES;Sul;Colisão Traseira;1;0;0;1;0;0;0;0;;;2;0;0;0;0
10/08/2021;21:17:00;381;Acidente sem vítima;294;BR-101/ES;Norte;Colisão Traseira;2;0;0;0;0;0;0;0;;;2;0;0;0;0
11/08/2021;01:43:00;35;Acidente sem vítima;294;BR-101/ES;Sul;Choque com Objeto Fixo;1;0;0;0;0;0;0;0;;;1;0;0;0;0
11/08/2021;06:58:00;104;Acidente com vítima;268,85;BR-101/ES;Sul;Colisão Lateral;1;0;0;1;0;0;0;0;;;0;0;1;0;0
11/08/2021;07:07:00;108;Acidente sem vítima;267;BR-101/ES;Norte;Colisão Lateral;1;0;2;0;0;0;0;0;;;2;0;0;0;0
11/08/2021;07:37:00;113;Acidente sem vítima;390;BR-101/ES;Sul;Engavetamento;0;0;3;0;1;0;0;0;;;26;0;0;0;0
11/08/2021;07:55:00;120;Acidente sem vítima;946;BR-101/BA;Norte;Saída de Pista;1;0;0;0;0;0;0;0;;;1;0;0;0;0
11/08/2021;09:34:00;154;Acidente sem vítima;321;BR-101/ES;Norte;Choque;1;0;0;0;0;0;0;0;;;1;0;0;0;0
11/08/2021;09:36:00;155;Acidente com vítima;213,5;BR-101/ES;Norte;Colisão Transversal;1;0;0;1;0;0;0;0;;;2;1;0;0;0
11/08/2021;10:28:00;180;Acidente sem vítima;370;BR-101/ES;Norte;Choque com Objeto Fixo;1;0;0;0;0;0;0;0;;;2;0;0;0;0
11/08/2021;12:01:00;224;Acidente sem vítima;268;BR-101/ES;Norte;Colisão Traseira;2;0;0;0;0;0;0;0;;;5;0;0;0;0
11/08/2021;12:02:00;225;Acidente com vítima;135,9;BR-101/ES;Norte;Colisão Transversal;2;0;0;0;0;0;0;0;;;1;0;2;0;0
11/08/2021;14:43:00;276;Atropelamento sem morte;231;BR-101/ES;Sul;Atropelamento e Fuga;0;0;1;0;0;0;0;0;;;1;0;1;0;0
11/08/2021;16:25:00;303;Acidente sem vítima;0,8;BR-101/ES;Sul;Choque com Objeto Fixo;1;0;0;0;0;0;0;0;;;1;0;0;0;0
11/08/2021;17:29:00;323;Acidente com vítima;271,2;BR-101/ES;Sul;Colisão Lateral;1;0;0;1;0;0;0;0;;;1;0;1;0;0
11/08/2021;18:07:00;329;Acidente sem vítima;278;BR-101/ES;Sul;Colisão Transversal;2;0;0;0;0;0;0;0;;;2;0;0;0;0
11/08/2021;23:12:00;388;Acidente sem vítima;267,9;BR-101/ES;Norte;Colisão Traseira;2;0;0;0;0;0;0;0;;;4;0;0;0;0
12/08/2021;06:23:00;96;Acidente com vítima;291,6;BR-101/ES;Norte;Colisão Lateral;1;0;0;1;0;0;0;0;;;1;0;1;0;0
12/08/2021;07:16:00;105;Acidente sem vítima;266,5;BR-101/ES;Sul;Colisão Lateral;1;0;2;0;0;0;0;0;;;3;0;0;0;0
12/08/2021;18:27:00;313;Acidente com vítima;345;BR-101/ES;Sul;Engavetamento;1;0;3;0;0;0;0;0;;;6;2;0;0;0
12/08/2021;19:52:00;330;Acidente sem vítima;276;BR-101/ES;Norte;Choque com Objeto Fixo;1;0;0;0;0;0;0;0;;;1;0;0;0;0
12/08/2021;22:54:00;369;Acidente sem vítima;269;BR-101/ES;Norte;Saída de Pista;1;0;0;0;0;0;0;0;;;3;0;0;0;0
12/08/2021;23:46:00;377;Acidente com vítima;76;BR-101/ES;Sul;Colisão Traseira;2;0;0;0;0;0;0;0;;;2;1;0;0;0
13/08/2021;00:51:00;8;Acidente com vítima;69;BR-101/ES;Sul;Colisão Traseira;2;0;0;0;0;0;0;0;;;1;3;0;0;0
13/08/2021;06:35:00;83;Acidente com vítima;324,3;BR-101/ES;Norte;Queda de Moto;0;0;0;1;0;0;0;0;;;0;2;0;0;0
13/08/2021;07:55:00;97;Acidente sem vítima;297,2;BR-101/ES;Norte;Colisão Traseira;1;0;1;0;0;0;0;0;;;1;0;0;0;0
13/08/2021;09:13:00;134;Acidente sem vítima;212,9;BR-101/ES;Sul;Colisão Traseira;1;0;0;1;0;0;0;0;;;4;0;0;0;0
13/08/2021;16:47:00;288;Acidente com vítima;243,2;BR-101/ES;Sul;Queda de Moto;1;0;0;1;0;0;0;0;;;1;1;0;0;0
13/08/2021;17:45:00;304;Atropelamento sem morte;126,3;BR-101/ES;Sul;Atropelamento;1;0;0;0;0;0;0;0;;;2;1;0;0;0
13/08/2021;18:03:00;309;Acidente sem vítima;180;BR-101/ES;Norte;Choque com Objeto Fixo;1;0;0;0;0;0;0;0;;;1;0;0;0;0
13/08/2021;18:23:00;314;Acidente sem vítima;366;BR-101/ES;Sul;Colisão Transversal;1;0;2;0;0;0;0;0;;;2;0;0;0;0
13/08/2021;18:55:00;321;Acidente com vítima;95;BR-101/ES;Sul;Queda de Moto;0;0;0;1;0;0;0;0;;;0;1;0;0;0
13/08/2021;19:30:00;329;Acidente com vítima;271,5;BR-101/ES;Norte;Queda de Moto;0;0;0;1;0;0;0;0;;;0;1;0;0;0
13/08/2021;20:18:00;342;Acidente com vítima;279;BR-101/ES;Sul;Colisão Traseira;1;0;2;0;0;0;0;0;;;2;0;1;0;0
13/08/2021;21:34:00;363;Acidente sem vítima;285;BR-101/ES;Norte;Queda de Moto;0;0;0;1;0;0;0;0;;;1;0;0;0;0
14/08/2021;05:25:00;64;Acidente com vítima;264,4;BR-101/ES;Norte;Colisão Transversal;2;0;0;0;0;0;0;0;;;1;0;1;0;0
14/08/2021;06:53:00;90;Acidente com vítima;392,7;BR-101/ES;Sul;Saída de Pista;1;0;0;0;0;0;0;0;;;0;1;0;0;0
14/08/2021;07:16:00;96;Acidente com vítima;266,7;BR-101/ES;Norte;Queda de Moto;1;0;0;1;0;0;0;0;;;0;0;1;0;0
14/08/2021;07:20:00;98;Acidente sem vítima;169;BR-101/ES;Norte;Choque;1;0;1;0;0;0;0;0;;;1;0;0;0;0
14/08/2021;07:26:00;99;Acidente sem vítima;266,7;BR-101/ES;Norte;Colisão Lateral;0;0;2;0;1;0;0;0;;;2;0;0;0;0
14/08/2021;09:29:00;145;Atropelamento com morte;297,4;BR-101/ES;Norte;Atropelamento;1;0;0;0;0;0;0;0;;;1;0;0;0;1
14/08/2021;11:02:00;190;Acidente sem vítima;58;BR-101/ES;Sul;Colisão Traseira;1;0;1;0;0;0;0;0;;;1;0;0;0;0
14/08/2021;11:54:00;206;Acidente sem vítima;264,2;BR-101/ES;Sul;Colisão Traseira;1;0;1;0;0;0;0;0;;;3;0;0;0;0
14/08/2021;16:23:00;292;Acidente com vítima;188,9;BR-101/ES;Norte;Colisão Transversal;1;0;0;1;0;0;0;0;;;1;0;1;1;0
14/08/2021;18:00:00;322;Acidente sem vítima;346;BR-101/ES;Sul;Choque com Veículo Estacionado;2;0;0;0;0;0;0;0;;;2;0;0;0;0
14/08/2021;22:51:00;380;Acidente com vítima;296;BR-101/ES;Norte;Colisão Traseira;1;0;0;1;0;0;0;0;;;2;0;1;0;0
15/08/2021;01:25:00;21;Acidente sem vítima;63;BR-101/ES;Norte;Atropelamento de Equino;0;0;1;0;0;0;0;0;;;1;0;0;0;0
15/08/2021;07:53:00;68;Acidente sem vítima;289;BR-101/ES;Sul;Queda de Moto;0;0;0;1;0;0;0;0;;;1;0;0;0;0
15/08/2021;11:57:00;160;Acidente sem vítima;204,8;BR-101/ES;Sul;Colisão Transversal;2;0;0;0;0;0;0;0;;;4;0;0;0;0
15/08/2021;14:31:00;206;Acidente com vítima;426;BR-101/ES;Norte;Colisão Lateral;1;0;2;0;0;0;0;0;;;1;0;0;1;0
15/08/2021;15:03:00;209;Acidente sem vítima;425,9;BR-101/ES;Norte;Choque;0;0;2;0;0;0;0;0;;;1;0;0;0;0
15/08/2021;15:16:00;213;Acidente sem vítima;133,2;BR-101/ES;Norte;Capotamento;1;0;0;0;0;0;0;0;;;3;0;0;0;0
15/08/2021;15:36:00;219;Acidente sem vítima;300,7;BR-101/ES;Sul;Saída de Pista;1;0;0;0;0;0;0;0;;;3;0;0;0;0
15/08/2021;16:45:00;237;Acidente sem vítima;266,4;BR-101/ES;Sul;Queda de Moto;0;0;0;1;0;0;0;0;;;1;0;0;0;0
15/08/2021;16:52:00;241;Acidente sem vítima;262;BR-101/ES;Sul;Colisão Traseira;2;0;0;0;0;0;0;0;;;2;0;0;0;0
15/08/2021;19:14:00;277;Acidente sem vítima;171;BR-101/ES;Sul;Colisão Lateral;2;0;0;0;0;0;0;0;;;12;0;0;0;0
15/08/2021;21:47:00;299;Acidente com vítima;302;BR-101/ES;Norte;Colisão Traseira;0;0;2;1;0;0;0;0;;;1;0;1;0;0
15/08/2021;22:15:00;304;Acidente sem vítima;260;BR-101/ES;Sul;Veículo em Chamas;1;0;0;0;0;0;0;0;;;2;0;0;0;0
15/08/2021;22:54:00;312;Acidente sem vítima;70;BR-101/ES;Sul;Choque com Veículo Estacionado;1;0;0;1;0;0;0;0;;;1;0;0;0;0
15/08/2021;23:22:00;317;Atropelamento com morte;397,2;BR-101/ES;Norte;Atropelamento e Fuga;1;0;0;0;0;0;0;0;;;0;0;0;0;1
16/08/2021;00:18:00;3;Acidente com vítima;268;BR-101/ES;Norte;Queda de Moto;0;0;0;1;0;0;0;0;;;0;0;1;0;0
16/08/2021;06:03:00;78;Acidente sem vítima;233;BR-101/ES;Sul;Colisão Traseira;2;0;0;0;0;0;0;0;;;2;0;0;0;0
16/08/2021;07:13:00;88;Acidente com vítima;177;BR-101/ES;Norte;Queda de Moto;0;0;0;1;0;0;0;0;;;0;0;1;0;0
16/08/2021;07:54:00;101;Acidente sem vítima;351;BR-101/ES;Sul;Choque com Objeto Fixo;1;0;0;0;0;0;0;0;;;1;0;0;0;0
16/08/2021;08:09:00;104;Acidente com vítima;262,3;BR-101/ES;Sul;Colisão Lateral;1;0;0;1;0;0;0;0;;;1;1;0;0;0
16/08/2021;08:25:00;108;Atropelamento sem morte;268,8;BR-101/ES;Sul;Atropelamento;0;0;0;1;0;0;0;0;;;0;1;1;0;0
16/08/2021;09:27:00;126;Acidente com vítima;268,2;BR-101/ES;Sul;Colisão Lateral;1;0;0;1;0;0;0;0;;;1;1;0;0;0
16/08/2021;10:30:00;157;Acidente sem vítima;181,1;BR-101/ES;Sul;Colisão Transversal;2;0;0;0;0;0;0;0;;;2;0;0;0;0
16/08/2021;13:21:00;221;Acidente sem vítima;249;BR-101/ES;Norte;Saída de Pista;1;0;0;0;0;0;0;0;;;2;0;0;0;0
16/08/2021;15:01:00;251;Acidente com vítima;146,8;BR-101/ES;Norte;Colisão Traseira;2;0;0;0;0;0;0;0;;;1;1;0;0;0
16/08/2021;18:43:00;304;Acidente com vítima;66;BR-101/ES;Sul;Colisão Transversal;1;0;0;1;0;0;0;0;;;1;0;1;0;0
16/08/2021;19:08:00;307;Acidente com vítima;297;BR-101/ES;Sul;Colisão com ciclista;1;1;0;0;0;0;0;0;;;1;0;1;0;0
16/08/2021;19:49:00;311;Acidente sem vítima;133,5;BR-101/ES;Norte;Colisão Frontal;2;0;0;0;0;0;0;0;;;2;0;0;0;0
16/08/2021;22:32:00;347;Acidente sem vítima;30,3;BR-101/ES;Sul;Tombamento;0;0;3;0;0;0;0;0;;;1;0;0;0;0
16/08/2021;22:36:00;355;Acidente sem vítima;291;BR-101/ES;Sul;Saída de Pista;0;0;1;0;0;0;0;0;;;1;0;0;0;0
16/08/2021;22:49:00;359;Acidente sem vítima;320;BR-101/ES;Norte;Colisão Traseira;2;0;0;0;0;0;0;0;;;2;0;0;0;0
17/08/2021;02:25:00;40;Acidente sem vítima;288;BR-101/ES;Sul;Saída de Pista;1;0;0;0;0;0;0;0;;;1;0;0;0;0
17/08/2021;08:20:00;117;Acidente sem vítima;270,7;BR-101/ES;Sul;Colisão Traseira;0;0;3;0;0;0;0;0;;;2;0;0;0;0
17/08/2021;11:46:00;206;Acidente sem vítima;288;BR-101/ES;Norte;Colisão Lateral;1;0;2;0;0;0;0;0;;;2;0;0;0;0
17/08/2021;14:17:00;251;Acidente com vítima;122;BR-101/ES;Sul;Saída de Pista;1;0;0;0;0;0;0;0;;;4;1;0;0;0
17/08/2021;14:50:00;259;Acidente sem vítima;262,4;BR-101/ES;Norte;Colisão Traseira;2;0;0;0;0;0;0;0;;;2;0;0;0;0
17/08/2021;18:00:00;318;Acidente sem vítima;266,3;BR-101/ES;Sul;Colisão Traseira;2;0;0;0;0;0;0;0;;;4;0;0;0;0
17/08/2021;18:26:00;327;Atropelamento sem morte;376;BR-101/ES;Sul;Atropelamento;0;0;0;1;0;0;0;0;;;0;2;1;0;0
17/08/2021;19:13:00;332;Acidente com vítima;270;BR-101/ES;Sul;Queda de Moto;0;0;0;1;0;0;0;0;;;0;1;0;0;0
17/08/2021;22:33:00;380;Acidente sem vítima;403,9;BR-101/ES;Norte;Choque;1;0;0;0;0;0;0;0;;;1;0;0;0;0
18/08/2021;00:29:00;11;Acidente com vítima;424,6;BR-101/ES;Norte;Choque com Objeto Fixo;0;0;1;0;0;0;0;0;;;0;0;0;1;0
18/08/2021;02:18:00;31;Acidente sem vítima;299;BR-101/ES;Sul;Choque;1;0;2;0;0;0;0;0;;;2;0;0;0;0
18/08/2021;07:03:00;93;Acidente sem vítima;245,5;BR-101/ES;Sul;Capotamento;1;0;0;0;0;0;0;0;;;1;0;0;0;0
18/08/2021;09:58:00;151;Acidente sem vítima;267,5;BR-101/ES;Norte;Colisão Transversal;1;0;1;0;0;0;0;0;;;2;0;0;0;0
18/08/2021;12:46:00;232;Acidente sem vítima;297;BR-101/ES;Sul;Colisão Lateral;2;0;1;0;0;0;0;0;;;2;0;0;0;0
18/08/2021;13:21:00;245;Acidente com vítima;298,1;BR-101/ES;Sul;Queda de Moto;0;0;0;1;0;0;0;0;;;0;1;0;0;0
18/08/2021;14:15:00;266;Acidente com vítima;144;BR-101/ES;Norte;Colisão Transversal;1;0;3;0;0;0;0;0;;;1;1;0;0;0
18/08/2021;15:21:00;291;Acidente com vítima;288,8;BR-101/ES;Norte;Queda de Moto;0;0;0;1;0;0;0;0;;;0;0;1;0;0
18/08/2021;17:24:00;332;Acidente com vítima;289,3;BR-101/ES;Sul;Queda de Moto;0;0;0;1;0;0;0;0;;;0;0;1;0;0
18/08/2021;18:37:00;342;Acidente sem vítima;245;BR-101/ES;Sul;Saída de Pista;1;0;0;0;0;0;0;0;;;2;0;0;0;0
18/08/2021;22:39:00;385;Acidente sem vítima;266;BR-101/ES;Sul;Colisão Traseira;1;0;2;0;0;0;0;0;;;2;0;0;0;0
19/08/2021;04:26:00;48;Acidente com vítima;131,99;BR-101/ES;Sul;Colisão Frontal;1;0;2;0;0;0;0;0;;;0;1;1;1;0
19/08/2021;05:07:00;55;Acidente com vítima;253,7;BR-101/ES;Sul;Colisão Lateral;1;0;2;0;0;0;0;0;;;2;0;1;0;0
19/08/2021;05:29:00;57;Acidente sem vítima;268;BR-101/ES;Sul;Colisão Traseira;0;0;1;0;0;0;0;0;;;1;0;0;0;0
19/08/2021;05:40:00;71;Acidente sem vítima;332,4;BR-101/ES;Sul;Saída de Pista;0;0;2;0;0;0;0;0;;;1;0;0;0;0
19/08/2021;07:11:00;90;Acidente com vítima;277,8;BR-101/ES;Norte;Colisão Transversal;0;0;2;1;0;0;0;0;;;1;0;0;1;0
19/08/2021;08:12:00;104;Acidente sem vítima;270;BR-101/ES;Sul;Colisão Traseira;1;0;1;0;0;0;0;0;;;2;0;0;0;0
19/08/2021;13:43:00;241;Acidente com vítima;450,1;BR-101/ES;Norte;Tombamento;0;0;2;0;0;0;0;0;;;0;1;0;0;0
19/08/2021;14:09:00;246;Acidente com vítima;143;BR-101/ES;Norte;Colisão Traseira;2;0;0;0;0;0;0;0;;;1;1;0;0;0
19/08/2021;19:10:00;334;Acidente sem vítima;181,3;BR-101/ES;Sul;Choque;1;0;0;0;0;0;0;0;;;1;0;0;0;0
19/08/2021;20:56:00;359;Acidente sem vítima;460,5;BR-101/ES;Norte;Saída de Pista;1;0;0;0;0;0;0;0;;;1;0;0;0;0
19/08/2021;21:07:00;362;Acidente sem vítima;297;BR-101/ES;Sul;Colisão Traseira;1;0;0;0;0;0;0;0;;;1;0;0;0;0
19/08/2021;22:07:00;372;Acidente com vítima;150;BR-101/ES;Sul;Queda de Moto;0;0;0;1;0;0;0;0;;;1;1;0;0;0
19/08/2021;23:33:00;386;Acidente sem vítima;218;BR-101/ES;Norte;Saída de Pista;1;0;0;0;0;0;0;0;;;2;0;0;0;0
20/08/2021;04:41:00;48;Acidente com vítima;146;BR-101/ES;Norte;Colisão Transversal;1;0;0;1;0;0;0;0;;;4;1;0;0;0
20/08/2021;08:51:00;115;Acidente sem vítima;68,4;BR-101/ES;Norte;Colisão Transversal;1;0;2;0;0;0;0;0;;;2;0;0;0;0
20/08/2021;09:39:00;126;Acidente com vítima;260,5;BR-101/ES;Norte;Engavetamento;4;0;0;0;0;0;0;0;;;3;0;1;0;0
20/08/2021;11:49:00;175;Acidente com vítima;145,5;BR-101/ES;Norte;Colisão Lateral;1;0;1;1;0;0;0;0;;;1;1;0;0;0
20/08/2021;13:43:00;230;Acidente com vítima;164,2;BR-101/ES;Norte;Colisão Transversal;1;0;0;1;0;0;0;0;;;0;1;0;0;0
20/08/2021;14:33:00;251;Acidente com vítima;287,3;BR-101/ES;Sul;Colisão Lateral;1;0;0;1;0;0;0;0;;;2;1;1;0;0
20/08/2021;14:42:00;255;Acidente com vítima;260,5;BR-101/ES;Norte;Colisão Traseira;1;0;0;1;0;0;0;0;;;2;0;1;0;0
20/08/2021;18:24:00;303;Acidente com vítima;298;BR-101/ES;Norte;Colisão Traseira;2;0;0;1;0;0;0;0;;;2;1;0;0;0
20/08/2021;18:48:00;309;Acidente com vítima;266;BR-101/ES;Sul;Colisão Lateral;1;0;0;1;0;0;0;0;;;1;0;1;0;0
20/08/2021;18:49:00;310;Acidente com vítima;209;BR-101/ES;Sul;Colisão Traseira;2;0;0;0;0;0;0;0;;;4;1;0;0;0
20/08/2021;22:15:00;358;Acidente sem vítima;310;BR-101/ES;Sul;Choque com Objeto Fixo;1;0;0;0;0;0;0;0;;;1;0;0;0;0
21/08/2021;05:10:00;71;Acidente sem vítima;439;BR-101/ES;Norte;Atropelamento de Bovino;0;0;0;1;0;0;0;0;;;1;0;0;0;0
21/08/2021;07:27:00;105;Acidente com vítima;143,1;BR-101/ES;Norte;Colisão Traseira;1;0;0;1;0;0;0;0;;;1;0;1;0;0
21/08/2021;10:10:00;151;Acidente sem vítima;220,2;BR-101/ES;Sul;Colisão Traseira;2;0;0;0;0;0;0;0;;;5;0;0;0;0
21/08/2021;10:36:00;157;Acidente com vítima;268,9;BR-101/ES;Norte;Colisão com ciclista;0;1;1;0;0;0;0;0;;;1;0;1;0;0
21/08/2021;12:08:00;204;Acidente com vítima;337,2;BR-101/ES;Sul;Colisão Traseira;2;0;0;0;0;0;0;0;;;3;0;1;0;0
21/08/2021;12:57:00;224;Acidente sem vítima;297;BR-101/ES;Sul;Colisão Traseira;1;0;1;0;0;0;0;0;;;3;0;0;0;0
21/08/2021;15:43:00;279;Acidente sem vítima;152,2;BR-101/ES;Norte;Veículo em Chamas;0;0;4;0;0;0;0;0;;;1;0;0;0;0
21/08/2021;18:49:00;335;Acidente sem vítima;265,7;BR-101/ES;Sul;Colisão Traseira;3;0;0;0;0;0;0;0;;;3;0;0;0;0
21/08/2021;19:10:00;341;Acidente sem vítima;30,8;BR-101/ES;Sul;Colisão Traseira;2;0;0;0;0;0;0;0;;;3;0;0;0;0
22/08/2021;01:17:00;17;Acidente sem vítima;293;BR-101/ES;Norte;Choque com Objeto Fixo;1;0;0;0;0;0;0;0;;;1;0;0;0;0
22/08/2021;05:06:00;54;Acidente com vítima;147,3;BR-101/ES;Sul;Engavetamento;4;0;0;0;0;0;0;0;;;5;1;0;0;0
22/08/2021;12:21:00;179;Acidente com vítima;117;BR-101/ES;Sul;Saída de Pista;1;0;0;0;0;0;0;0;;;1;2;1;0;0
22/08/2021;16:10:00;240;Acidente sem vítima;270;BR-101/ES;Sul;Colisão Lateral;1;0;0;1;0;0;0;0;;;3;0;0;0;0
22/08/2021;16:43:00;250;Acidente com vítima;65;BR-101/ES;Norte;Colisão Traseira;1;0;0;1;0;0;0;0;;;1;0;1;0;0
22/08/2021;19:35:00;289;Atropelamento sem morte;190;BR-101/ES;Norte;Atropelamento;1;0;0;0;0;0;0;0;;;2;0;1;0;0
22/08/2021;21:16:00;310;Acidente sem vítima;271;BR-101/ES;Norte;Choque com Objeto Fixo;1;0;0;0;0;0;0;0;;;1;0;0;0;0
22/08/2021;22:10:00;317;Acidente com vítima;335;BR-101/ES;Norte;Queda de Moto;0;0;0;1;0;0;0;0;;;0;1;0;0;0
22/08/2021;23:52:00;356;Acidente com vítima;205,7;BR-101/ES;Norte;Choque com Objeto Fixo;1;0;0;0;0;0;0;0;;;0;0;1;0;0
23/08/2021;00:01:00;1;Acidente sem vítima;282;BR-101/ES;Norte;Choque com Objeto Fixo;1;0;0;0;0;0;0;0;;;1;0;0;0;0
23/08/2021;00:53:00;14;Acidente com vítima;261;BR-101/ES;Sul;Queda de Moto;0;0;0;1;0;0;0;0;;;0;2;0;0;0
23/08/2021;06:52:00;74;Acidente sem vítima;298;BR-101/ES;Norte;Colisão Transversal;0;0;0;1;0;0;0;0;;;2;0;0;0;0
23/08/2021;07:36:00;89;Acidente com vítima;269;BR-101/ES;Sul;Colisão com ciclista;0;1;0;1;0;0;0;0;;;0;0;2;0;0
23/08/2021;07:36:00;90;Acidente com vítima;125;BR-101/ES;Sul;Colisão Traseira;1;0;0;1;0;0;0;0;;;1;1;0;0;0
23/08/2021;08:43:00;113;Acidente sem vítima;268;BR-101/ES;Sul;Colisão Traseira;1;0;1;0;0;0;0;0;;;3;0;0;0;0
23/08/2021;13:39:00;243;Acidente sem vítima;32,4;BR-101/ES;Sul;Saída de Pista;0;0;1;0;0;0;0;0;;;1;0;0;0;0
23/08/2021;18:48:00;322;Acidente com vítima;292,1;BR-101/ES;Norte;Colisão com ciclista;1;1;0;0;0;0;0;0;;;1;0;1;0;0
23/08/2021;19:11:00;326;Acidente sem vítima;314;BR-101/ES;Sul;Atropelamento Animal;1;0;0;0;0;0;0;0;;;5;0;0;0;0
24/08/2021;06:38:00;88;Acidente sem vítima;298;BR-101/ES;Norte;Colisão Traseira;1;0;0;1;0;0;0;0;;;1;0;0;0;0
24/08/2021;07:38:00;116;Acidente com vítima;297;BR-101/ES;Sul;Colisão Traseira;1;0;0;1;0;0;0;0;;;1;0;1;0;0
24/08/2021;08:21:00;131;Acidente sem vítima;285,6;BR-101/ES;Norte;Colisão Lateral;1;0;2;0;0;0;0;0;;;4;0;0;0;0
24/08/2021;10:30:00;179;Acidente sem vítima;259,7;BR-101/ES;Sul;Saída de Pista;1;0;0;0;0;0;0;0;;;1;0;0;0;0
24/08/2021;10:51:00;189;Acidente com vítima;269,5;BR-101/ES;Norte;Colisão Traseira;2;0;0;0;0;0;0;0;;;4;0;1;0;0
24/08/2021;11:28:00;206;Acidente com vítima;269,7;BR-101/ES;Sul;Queda de Moto;0;0;0;1;0;0;0;0;;;0;0;1;0;0
24/08/2021;13:16:00;244;Acidente sem vítima;204,1;BR-101/ES;Sul;Colisão Transversal;2;0;0;0;0;0;0;0;;;2;0;0;0;0
24/08/2021;15:52:00;286;Acidente sem vítima;96,8;BR-101/ES;Sul;Saída de Pista;1;0;0;0;0;0;0;0;;;3;0;0;0;0
24/08/2021;19:02:00;331;Acidente sem vítima;263;BR-101/ES;Norte;Colisão Traseira;2;0;0;0;0;0;0;0;;;3;0;0;0;0
24/08/2021;19:25:00;335;Acidente sem vítima;263;BR-101/ES;Norte;Choque com Objeto Fixo;0;0;1;0;0;0;0;0;;;2;0;0;0;0
24/08/2021;20:02:00;342;Atropelamento sem morte;240;BR-101/ES;Norte;Atropelamento;0;0;0;0;1;0;0;0;;;14;0;1;0;0
25/08/2021;07:10:00;77;Acidente com vítima;267,6;BR-101/ES;Sul;Colisão Lateral;1;0;0;1;0;0;0;0;;;1;0;1;0;0
25/08/2021;13:12:00;222;Acidente sem vítima;136,8;BR-101/ES;Norte;Veículo em Chamas;1;0;0;0;0;0;0;0;;;3;0;0;0;0
25/08/2021;15:46:00;261;Acidente com vítima;255,1;BR-101/ES;Sul;Colisão Traseira;2;0;0;0;0;0;0;0;;;2;0;1;0;0
25/08/2021;19:11:00;321;Acidente sem vítima;457,7;BR-101/ES;Sul;Colisão Lateral;1;0;1;0;0;0;0;0;;;5;0;0;0;0
25/08/2021;20:09:00;331;Acidente sem vítima;171;BR-101/ES;Sul;Danos Eventuais;0;0;1;0;0;0;0;0;;;1;0;0;0;0
25/08/2021;22:07:00;351;Acidente sem vítima;10;BR-101/ES;Sul;Choque com Objeto Fixo;1;0;0;0;0;0;0;0;;;1;0;0;0;0
26/08/2021;00:01:00;1;Acidente sem vítima;321;BR-101/ES;Norte;Choque com Objeto Fixo;0;0;1;0;0;0;0;0;;;1;0;0;0;0
26/08/2021;00:20:00;6;Acidente sem vítima;266;BR-101/ES;Sul;Colisão Traseira;2;0;0;0;0;0;0;0;;;2;0;0;0;0
26/08/2021;01:28:00;12;Acidente sem vítima;171;BR-101/ES;Sul;Colisão Traseira;1;0;1;0;0;0;0;0;;;2;0;0;0;0
26/08/2021;05:44:00;83;Acidente com vítima;272,1;BR-101/ES;Norte;Colisão Lateral;0;0;0;2;0;0;0;0;;;0;1;1;0;0
26/08/2021;07:13:00;106;Acidente com vítima;293;BR-101/ES;Sul;Colisão Lateral;1;0;0;1;0;0;0;0;;;0;0;1;0;0
26/08/2021;07:29:00;113;Acidente sem vítima;264;BR-101/ES;Sul;Colisão Transversal;1;0;2;0;0;0;0;0;;;2;0;0;0;0
26/08/2021;09:22:00;159;Acidente com vítima;5;BR-101/ES;Sul;Colisão Traseira;1;0;2;0;0;0;0;0;;;5;1;0;0;0
26/08/2021;13:07:00;261;Acidente sem vítima;241;BR-101/ES;Norte;Choque;1;0;0;0;0;0;0;0;;;1;0;0;0;0
26/08/2021;19:40:00;375;Atropelamento sem morte;90;BR-101/ES;Sul;Atropelamento;1;0;0;0;0;0;0;0;;;1;0;1;0;0
26/08/2021;22:10:00;400;Acidente com vítima;294;BR-101/ES;Sul;Tombamento;0;0;1;0;0;0;0;0;;;0;0;1;0;0
26/08/2021;22:58:00;411;Acidente com vítima;296,9;BR-101/ES;Norte;Saída de Pista;1;0;0;0;0;0;0;0;;;0;1;0;0;0
26/08/2021;23:26:00;420;Acidente sem vítima;296,9;BR-101/ES;Sul;Colisão Traseira;2;0;0;0;0;0;0;0;;;2;0;0;0;0
27/08/2021;05:38:00;80;Acidente sem vítima;260;BR-101/ES;Norte;Choque com Objeto Fixo;1;0;0;0;0;0;0;0;;;1;0;0;0;0
27/08/2021;06:35:00;89;Acidente sem vítima;121;BR-101/ES;Sul;Colisão Traseira;1;0;0;1;0;0;0;0;;;4;0;0;0;0
27/08/2021;06:49:00;91;Acidente sem vítima;150;BR-101/ES;Norte;Choque com Objeto Fixo;1;0;0;0;0;0;0;0;;;2;0;0;0;0
27/08/2021;13:00:00;254;Acidente sem vítima;244;BR-101/ES;Sul;Saída de Pista;0;0;2;0;0;0;0;0;;;1;0;0;0;0