data;horario;n_da_ocorrencia;tipo_de_ocorrencia;km;trecho;sentido;tipo_de_acidente;automovel;bicicleta;caminhao;moto;onibus;outros;tracao_animal;transporte_de_cargas_especiais;trator_maquinas;utilitarios;ilesos;levemente_feridos;moderadamente_feridos;gravemente_feridos;mortos
16/09/2021;16:56:00;327;Acidente com vítima;146;BR-101/ES;Norte;Colisão Traseira;1;0;0;1;0;0;0;0;;;1;0;1;0;0
16/09/2021;17:44:00;347;Acidente sem vítima;146,8;BR-101/ES;Norte;Engavetamento;3;0;0;0;0;0;0;0;;;3;0;0;0;0
16/09/2021;18:09:00;356;Acidente sem vítima;264;BR-101/ES;Norte;Colisão Traseira;1;0;0;0;0;0;0;0;;;1;0;0;0;0
16/09/2021;20:11:00;384;Atropelamento sem morte;267;BR-101/ES;Norte;Atropelamento;3;0;0;0;0;1;0;0;;;4;0;1;0;0
17/09/2021;07:11:00;104;Acidente com morte;177,1;BR-101/ES;Sul;Colisão Frontal;1;0;2;0;0;0;0;0;;;0;1;0;0;2
17/09/2021;09:05:00;151;Acidente com vítima;293,7;BR-101/ES;Norte;Engavetamento;2;0;1;0;0;0;0;0;;;2;1;0;0;0
17/09/2021;17:36:00;316;Acidente sem vítima;269,7;BR-101/ES;Norte;Colisão Transversal;1;0;0;1;0;0;0;0;;;2;0;0;0;0
17/09/2021;18:26:00;323;Acidente com vítima;268;BR-101/ES;Sul;Colisão Traseira;1;0;0;1;0;0;0;0;;;1;1;0;0;0
17/09/2021;18:48:00;329;Acidente com vítima;255;BR-101/ES;Sul;Colisão Transversal;1;0;0;1;0;0;0;0;;;2;1;0;0;0
17/09/2021;19:12:00;335;Acidente com vítima;69,4;BR-101/ES;Sul;Colisão Transversal;0;0;0;2;0;0;0;0;;;0;0;1;1;0
17/09/2021;21:43:00;365;Acidente com vítima;122,5;BR-101/ES;Norte;Colisão com ciclista;1;1;0;0;0;0;0;0;;;3;0;1;0;0
18/09/2021;04:32:00;67;Acidente com vítima;30,1;BR-101/ES;Sul;Colisão Traseira;1;0;2;0;0;0;0;0;;;1;3;1;0;0
18/09/2021;06:09:00;83;Acidente sem vítima;118;BR-101/ES;Norte;Colisão Lateral;1;0;1;0;0;0;0;0;;;3;0;0;0;0
18/09/2021;07:07:00;93;Acidente com vítima;304,8;BR-101/ES;Norte;Queda de Moto;0;0;0;1;0;0;0;0;;;0;1;1;0;0
18/09/2021;07:58:00;113;Acidente sem vítima;401,1;BR-101/ES;Sul;Colisão Traseira;1;0;2;0;0;0;0;0;;;2;0;0;0;0
18/09/2021;16:53:00;271;Acidente sem vítima;290;BR-101/ES;Sul;Saída de Pista;1;0;0;0;0;0;0;0;;;1;0;0;0;0
18/09/2021;19:17:00;300;Acidente com vítima;262;BR-101/ES;Sul;Colisão Traseira;1;0;0;1;0;0;0;0;;;1;0;1;0;0
18/09/2021;20:27:00;317;Acidente com vítima;76,8;BR-101/ES;Sul;Saída de Pista;0;0;1;0;0;0;0;0;;;0;0;0;1;0
19/09/2021;00:12:00;10;Acidente sem vítima;260;BR-101/ES;Sul;Colisão Traseira;1;0;1;0;0;0;0;0;;;2;0;0;0;0
19/09/2021;01:03:00;25;Acidente sem vítima;70;BR-101/ES;Norte;Colisão Traseira;2;0;0;0;0;0;0;0;;;2;0;0;0;0
19/09/2021;02:28:00;38;Acidente sem vítima;237;BR-101/ES;Sul;Saída de Pista;1;0;0;0;0;0;0;0;;;1;0;0;0;0
19/09/2021;04:11:00;49;Acidente com vítima;146,7;BR-101/ES;Norte;Colisão Traseira;2;0;0;0;0;0;0;0;;;2;1;0;0;0
19/09/2021;10:30:00;136;Acidente com vítima;57;BR-101/ES;Sul;Queda de Moto;0;0;0;1;0;0;0;0;;;0;2;0;0;0
19/09/2021;12:29:00;194;Acidente com vítima;299,9;BR-101/ES;Norte;Queda de Moto;0;0;0;1;0;0;0;0;;;0;2;0;0;0
19/09/2021;13:23:00;211;Acidente com vítima;195,3;BR-101/ES;Sul;Colisão Transversal;2;0;0;0;0;0;0;0;;;4;2;0;0;0
19/09/2021;18:15:00;306;Acidente sem vítima;267,8;BR-101/ES;Norte;Colisão Traseira;2;0;0;0;0;0;0;0;;;3;0;0;0;0
19/09/2021;21:57:00;350;Acidente com morte;411,1;BR-101/ES;Norte;Colisão com ciclista;1;1;1;1;0;0;0;0;;;1;0;1;1;2
19/09/2021;22:48:00;363;Acidente com vítima;262;BR-101/ES;Sul;Colisão Traseira;2;0;0;0;0;0;0;0;;;2;1;0;0;0
20/09/2021;03:59:00;55;Acidente sem vítima;287,4;BR-101/ES;Sul;Choque com Objeto Fixo;1;0;0;0;0;0;0;0;;;1;0;0;0;0
20/09/2021;07:18:00;103;Acidente com vítima;147,9;BR-101/ES;Sul;Colisão com ciclista;0;1;4;0;0;0;0;0;;;1;1;0;0;0
20/09/2021;08:08:00;120;Acidente sem vítima;135,6;BR-101/ES;Sul;Choque;1;0;0;0;0;0;0;0;;;1;0;0;0;0
20/09/2021;08:51:00;136;Acidente com vítima;267;BR-101/ES;Sul;Queda de Moto;0;0;0;1;0;0;0;0;;;0;0;1;0;0
20/09/2021;10:45:00;186;Acidente com vítima;90,4;BR-101/ES;Norte;Queda de Moto;0;0;0;1;0;0;0;0;;;0;0;1;0;0
20/09/2021;12:00:00;224;Acidente sem vítima;276;BR-101/ES;Norte;Veículo em Chamas;0;0;3;0;0;0;0;0;;;1;0;0;0;0
20/09/2021;14:08:00;265;Acidente sem vítima;320;BR-101/ES;Norte;Choque;1;0;0;0;0;0;0;0;;;1;0;0;0;0
20/09/2021;15:52:00;290;Acidente com vítima;270,4;BR-101/ES;Norte;Colisão Transversal;0;0;2;1;0;0;0;0;;;1;0;1;0;0
20/09/2021;17:44:00;333;Acidente com vítima;66,4;BR-101/ES;Norte;Colisão Lateral;0;0;0;2;0;1;0;0;;;0;1;1;0;0
20/09/2021;23:03:00;398;Acidente sem vítima;235;BR-101/ES;Norte;Atropelamento Animal;1;0;0;0;0;0;0;0;;;1;0;0;0;0
20/09/2021;23:58:00;413;Acidente com vítima;230;BR-101/ES;Sul;Queda de Moto;0;0;1;1;0;0;0;0;;;1;2;0;0;0
21/09/2021;07:09:00;82;Acidente sem vítima;110,5;BR-101/ES;Sul;Colisão Traseira;1;0;1;0;0;0;0;0;;;2;0;0;0;0
21/09/2021;07:13:00;83;Acidente com vítima;276;BR-101/ES;Sul;Queda de Moto;0;0;0;1;0;0;0;0;;;0;1;0;0;0
21/09/2021;08:27:00;110;Acidente sem vítima;295;BR-101/ES;Sul;Colisão Lateral;1;0;1;0;0;0;0;0;;;2;0;0;0;0
21/09/2021;10:03:00;149;Acidente sem vítima;273;BR-101/ES;Norte;Colisão Lateral;1;0;0;0;0;1;0;0;;;1;0;0;0;0
21/09/2021;13:02:00;237;Acidente sem vítima;266,5;BR-101/ES;Sul;Colisão Traseira;1;0;0;1;0;0;0;0;;;2;0;0;0;0
21/09/2021;16:20:00;299;Acidente sem vítima;320,8;BR-101/ES;Sul;Choque com Objeto Fixo;1;0;0;0;0;0;0;0;;;5;0;0;0;0
21/09/2021;16:24:00;300;Acidente sem vítima;301,4;BR-101/ES;Norte;Atropelamento Animal;1;0;0;0;0;0;0;0;;;2;0;0;0;0
21/09/2021;18:21:00;337;Acidente com vítima;208;BR-101/ES;Norte;Queda de Moto;0;0;0;1;0;0;0;0;;;0;1;0;0;0
21/09/2021;23:33:00;397;Acidente com vítima;264;BR-101/ES;Norte;Choque com Objeto Fixo;0;0;0;1;0;0;0;0;;;0;1;0;0;0
22/09/2021;02:14:00;51;Acidente sem vítima;6;BR-101/ES;Norte;Choque com Objeto Fixo;0;0;3;0;0;0;0;0;;;1;0;0;0;0
22/09/2021;05:07:00;76;Acidente sem vítima;394,4;BR-101/ES;Sul;Tombamento;0;0;2;0;0;0;0;0;;;1;0;0;0;0
22/09/2021;20:50:00;314;Acidente sem vítima;354;BR-101/ES;Norte;Saída de Pista;0;0;1;0;0;0;0;0;;;1;0;0;0;0
22/09/2021;22:06:00;327;Acidente sem vítima;388,4;BR-101/ES;Norte;Tombamento;0;0;2;0;0;0;0;0;;;1;0;0;0;0
22/09/2021;22:56:00;349;Acidente sem vítima;388,4;BR-101/ES;Sul;Choque;1;0;0;0;0;0;0;0;;;1;0;0;0;0
23/09/2021;01:35:00;26;Acidente sem vítima;269;BR-101/ES;Norte;Choque com Objeto Fixo;1;0;0;0;0;0;0;0;;;1;0;0;0;0
23/09/2021;03:36:00;38;Atropelamento com morte;299,6;BR-101/ES;Norte;Atropelamento e Fuga;0;0;1;0;0;0;0;0;;;1;0;0;0;1
23/09/2021;10:55:00;170;Acidente com vítima;269,7;BR-101/ES;Norte;Colisão Lateral;1;0;0;1;0;0;0;0;;;1;0;1;0;0
23/09/2021;12:55:00;214;Acidente sem vítima;295,1;BR-101/ES;Norte;Colisão Traseira;0;0;1;1;0;0;0;0;;;2;0;0;0;0
23/09/2021;19:13:00;318;Acidente com vítima;389,2;BR-101/ES;Sul;Colisão Traseira;2;0;5;0;0;0;0;0;;;6;0;1;0;0
23/09/2021;19:43:00;323;Acidente sem vítima;277,7;BR-101/ES;Sul;Atropelamento de Equino;1;0;0;0;0;0;0;0;;;1;0;0;0;0
23/09/2021;21:38:00;345;Acidente sem vítima;263;BR-101/ES;Norte;Saída de Pista;1;0;0;0;0;0;0;0;;;2;0;0;0;0
23/09/2021;22:12:00;350;Acidente sem vítima;267,2;BR-101/ES;Norte;Colisão Lateral;1;0;0;0;1;0;0;0;;;2;0;0;0;0
24/09/2021;05:34:00;60;Acidente sem vítima;366,6;BR-101/ES;Sul;Saída de Pista;1;0;0;0;0;0;0;0;;;1;0;0;0;0
24/09/2021;06:30:00;69;Acidente com vítima;266;BR-101/ES;Sul;Colisão Traseira;1;0;0;1;0;0;0;0;;;5;0;1;0;0
24/09/2021;06:56:00;70;Acidente sem vítima;258;BR-101/ES;Norte;Atropelamento Animal;1;0;0;0;0;0;0;0;;;1;0;0;0;0
24/09/2021;07:38:00;88;Acidente sem vítima;270;BR-101/ES;Norte;Colisão Lateral;1;0;2;0;0;0;0;0;;;2;0;0;0;0
24/09/2021;07:58:00;98;Acidente com vítima;140,5;BR-101/ES;Norte;Colisão Transversal;0;0;0;2;0;0;0;0;;;0;1;1;0;0
24/09/2021;10:12:00;151;Acidente sem vítima;262,6;BR-101/ES;Norte;Colisão Lateral;1;0;3;0;0;0;0;0;;;3;0;0;0;0
24/09/2021;14:05:00;255;Acidente sem vítima;294,9;BR-101/ES;Sul;Colisão Lateral;1;0;2;0;0;0;0;0;;;3;0;0;0;0
24/09/2021;14:39:00;264;Acidente sem vítima;246;BR-101/ES;Sul;Choque;1;0;0;0;0;0;0;0;;;1;0;0;0;0
24/09/2021;15:17:00;279;Acidente sem vítima;947,2;BR-101/BA;Sul;Tombamento;0;0;3;0;0;0;0;0;;;1;0;0;0;0
24/09/2021;16:14:00;299;Acidente sem vítima;137;BR-101/ES;Sul;Colisão Traseira;2;0;0;0;0;0;0;0;;;3;0;0;0;0
24/09/2021;17:19:00;320;Acidente sem vítima;247;BR-101/ES;Norte;Choque;1;0;0;0;0;0;0;0;;;1;0;0;0;0
24/09/2021;17:36:00;325;Acidente com vítima;297;BR-101/ES;Norte;Colisão Traseira;1;0;0;1;0;0;0;0;;;0;1;0;0;0
24/09/2021;17:44:00;330;Acidente sem vítima;210,8;BR-101/ES;Norte;Queda de Moto;0;0;0;1;0;0;0;0;;;1;0;0;0;0
24/09/2021;17:52:00;332;Acidente sem vítima;139;BR-101/ES;Norte;Colisão Traseira;2;0;0;0;0;0;0;0;;;9;0;0;0;0
24/09/2021;18:51:00;347;Acidente sem vítima;179;BR-101/ES;Norte;Saída de Pista;1;0;0;0;0;0;0;0;;;2;0;0;0;0
24/09/2021;19:03:00;353;Acidente com vítima;270;BR-101/ES;Norte;Colisão Lateral;1;0;0;1;0;0;0;0;;;1;0;1;0;0
24/09/2021;19:40:00;365;Acidente sem vítima;241;BR-101/ES;Sul;Colisão Traseira;1;0;1;0;0;0;0;0;;;4;0;0;0;0
24/09/2021;20:14:00;378;Acidente sem vítima;278;BR-101/ES;Sul;Saída de Pista;0;0;0;0;1;0;0;0;;;1;0;0;0;0
24/09/2021;20:41:00;383;Acidente sem vítima;296,1;BR-101/ES;Sul;Colisão Lateral;1;0;2;0;0;0;0;0;;;2;0;0;0;0
25/09/2021;05:20:00;55;Acidente com vítima;402;BR-101/ES;Norte;Saída de Pista;1;0;0;0;0;0;0;0;;;0;2;0;0;0
25/09/2021;09:30:00;136;Acidente com vítima;143,3;BR-101/ES;Sul;Colisão Traseira;2;0;0;1;0;0;0;0;;;4;1;0;0;0
25/09/2021;10:16:00;152;Acidente com vítima;160;BR-101/ES;Norte;Queda de Moto;0;0;0;1;0;0;0;0;;;0;0;1;0;0
25/09/2021;11:40:00;179;Acidente com vítima;258,9;BR-101/ES;Norte;Queda de Bicicleta;0;1;0;0;0;0;0;0;;;0;0;1;0;0
25/09/2021;16:56:00;246;Acidente sem vítima;368;BR-101/ES;Sul;Engavetamento;3;0;0;0;0;0;0;0;;;3;0;0;0;0
25/09/2021;17:36:00;258;Acidente com vítima;159,1;BR-101/ES;Sul;Colisão Lateral;2;0;0;0;0;0;0;0;;;1;2;0;0;0
25/09/2021;19:38:00;286;Acidente com morte;294;BR-101/ES;Norte;Colisão com ciclista;1;1;0;0;0;0;0;0;;;2;0;0;0;1
25/09/2021;23:22:00;333;Acidente com vítima;203,6;BR-101/ES;Norte;Tombamento;0;0;0;0;1;0;0;0;;;22;0;7;0;0
26/09/2021;01:16:00;21;Acidente com vítima;29;BR-101/ES;Sul;Queda de Moto;0;0;0;1;0;0;0;0;;;0;0;0;1;0
26/09/2021;01:22:00;22;Acidente sem vítima;69;BR-101/ES;Sul;Saída de Pista;1;0;0;0;0;0;0;0;;;1;0;0;0;0
26/09/2021;02:06:00;32;Acidente sem vítima;393,6;BR-101/ES;Norte;Colisão Transversal;1;0;2;0;0;0;0;0;;;2;0;0;0;0
26/09/2021;03:55:00;54;Acidente sem vítima;326;BR-101/ES;Norte;Atropelamento de Bovino;1;0;0;0;0;0;0;0;;;1;0;0;0;0
26/09/2021;07:23:00;89;Acidente sem vítima;46,6;BR-101/ES;Sul;Saída de Pista;1;0;0;0;0;0;0;0;;;3;0;0;0;0
26/09/2021;11:26:00;144;Acidente sem vítima;144,5;BR-101/ES;Norte;Colisão Traseira;2;0;0;0;0;0;0;0;;;5;0;0;0;0
26/09/2021;12:51:00;182;Acidente com vítima;448,7;BR-101/ES;Norte;Capotamento;1;0;0;0;0;0;0;0;;;0;0;1;0;0
26/09/2021;16:32:00;218;Acidente sem vítima;337,9;BR-101/ES;Norte;Saída de Pista;0;0;2;0;0;0;0;0;;;1;0;0;0;0
26/09/2021;17:23:00;234;Acidente sem vítima;219,1;BR-101/ES;Sul;Colisão Traseira;2;0;0;0;0;0;0;0;;;9;0;0;0;0
26/09/2021;22:31:00;302;Acidente com vítima;221,7;BR-101/ES;Sul;Queda de Moto;0;0;0;1;0;0;0;0;;;0;0;1;0;0
27/09/2021;09:06:00;113;Acidente sem vítima;264,4;BR-101/ES;Norte;Colisão Lateral;1;0;1;0;0;0;0;0;;;2;0;0;0;0
27/09/2021;09:22:00;120;Acidente sem vítima;268;BR-101/ES;Sul;Colisão Lateral;1;0;1;0;0;0;0;0;;;1;0;0;0;0
27/09/2021;09:47:00;130;Acidente sem vítima;245,9;BR-101/ES;Sul;Choque;1;0;0;0;0;0;0;0;;;1;0;0;0;0
27/09/2021;10:59:00;170;Acidente sem vítima;269;BR-101/ES;Norte;Colisão Traseira;1;0;2;0;0;0;0;0;;;2;0;0;0;0
27/09/2021;12:45:00;221;Acidente sem vítima;207,9;BR-101/ES;Sul;Colisão Traseira;2;0;0;0;0;0;0;0;;;4;0;0;0;0
27/09/2021;13:23:00;238;Acidente sem vítima;257,3;BR-101/ES;Norte;Colisão Lateral;0;0;1;1;0;0;0;0;;;2;0;0;0;0
27/09/2021;14:58:00;266;Acidente sem vítima;266,4;BR-101/ES;Norte;Colisão Traseira;2;0;0;0;0;0;0;0;;;2;0;0;0;0
27/09/2021;16:10:00;290;Acidente sem vítima;204,3;BR-101/ES;Norte;Colisão Lateral;1;0;1;0;0;0;0;0;;;3;0;0;0;0
27/09/2021;16:19:00;294;Acidente sem vítima;158,7;BR-101/ES;Norte;Colisão Traseira;0;0;2;0;0;0;0;0;;;2;0;0;0;0
27/09/2021;18:01:00;325;Acidente com vítima;333;BR-101/ES;Norte;Queda de Moto;0;0;0;1;0;0;0;0;;;0;1;0;0;0
27/09/2021;19:30:00;343;Acidente com vítima;408;BR-101/ES;Sul;Tombamento;0;0;2;0;0;0;0;0;;;0;0;0;1;0
27/09/2021;22:56:00;384;Acidente com vítima;256,8;BR-101/ES;Sul;Colisão Lateral;1;0;1;0;0;0;0;0;;;3;1;0;0;0
27/09/2021;23:00:00;387;Acidente sem vítima;149,5;BR-101/ES;Sul;Choque com Objeto Fixo;0;0;2;0;0;0;0;0;;;1;0;0;0;0
28/09/2021;02:46:00;46;Acidente sem vítima;443,4;BR-101/ES;Norte;Tombamento;0;0;2;0;0;0;0;0;;;1;0;0;0;0
28/09/2021;10:51:00;166;Acidente sem vítima;380;BR-101/ES;Sul;Choque;1;0;0;0;0;0;0;0;;;1;0;0;0;0
28/09/2021;11:53:00;190;Acidente sem vítima;184,9;BR-101/ES;Norte;Saída de Pista;1;0;0;0;0;0;0;0;;;1;0;0;0;0
28/09/2021;12:24:00;210;Acidente sem vítima;268;BR-101/ES;Norte;Colisão Traseira;1;0;0;0;1;0;0;0;;;2;0;0;0;0
28/09/2021;12:45:00;219;Acidente sem vítima;266,4;BR-101/ES;Sul;Engavetamento;4;0;0;0;0;0;0;0;;;4;0;0;0;0
28/09/2021;14:10:00;240;Acidente com vítima;269;BR-101/ES;Sul;Colisão Traseira;1;0;0;0;1;0;0;0;;;1;0;1;0;0
28/09/2021;14:11:00;241;Acidente com vítima;419,5;BR-101/ES;Norte;Colisão Lateral;0;0;4;0;0;0;0;0;;;1;0;1;0;0
28/09/2021;15:29:00;267;Acidente sem vítima;419,5;BR-101/ES;Norte;Choque;0;0;2;0;0;0;0;0;;;1;0;0;0;0
28/09/2021;16:05:00;280;Acidente sem vítima;287;BR-101/ES;Sul;Colisão Lateral;2;0;0;0;0;0;0;0;;;2;0;0;0;0
28/09/2021;17:34:00;305;Acidente sem vítima;125;BR-101/ES;Norte;Engavetamento;4;0;0;0;0;0;0;0;;;5;0;0;0;0
28/09/2021;19:15:00;320;Acidente sem vítima;218,8;BR-101/ES;Sul;Colisão Traseira;1;0;3;0;0;0;0;0;;;4;0;0;0;0
29/09/2021;10:04:00;120;Acidente com vítima;212,8;BR-101/ES;Norte;Queda de Moto;0;0;0;1;0;0;0;0;;;0;0;1;0;0
29/09/2021;13:45:00;221;Acidente com vítima;159,6;BR-101/ES;Sul;Colisão com ciclista;1;1;0;0;0;0;0;0;;;1;0;1;0;0
29/09/2021;22:06:00;329;Acidente sem vítima;262;BR-101/ES;Norte;Colisão Lateral;1;0;2;0;0;0;0;0;;;3;0;0;0;0
30/09/2021;02:22:00;46;Acidente sem vítima;79,5;BR-101/ES;Norte;Atropelamento de Bovino;0;0;1;0;0;0;0;0;;;1;0;0;0;0
30/09/2021;06:05:00;86;Acidente sem vítima;223,5;BR-101/ES;Sul;Colisão Traseira;0;0;2;0;0;0;0;0;;;2;0;0;0;0
30/09/2021;07:09:00;92;Acidente com vítima;268,7;BR-101/ES;Sul;Colisão Lateral;1;0;0;1;0;0;0;0;;;1;1;1;0;0
30/09/2021;08:09:00;107;Acidente com vítima;459,7;BR-101/ES;Sul;Tombamento;0;0;2;0;0;0;0;0;;;0;1;0;0;0
30/09/2021;08:20:00;114;Atropelamento sem morte;268,4;BR-101/ES;Sul;Atropelamento;0;0;0;1;0;0;0;0;;;1;0;1;0;0
30/09/2021;09:37:00;132;Acidente sem vítima;270,6;BR-101/ES;Norte;Colisão Transversal;2;0;0;0;0;0;0;0;;;2;0;0;0;0
30/09/2021;10:12:00;146;Acidente sem vítima;267,8;BR-101/ES;Sul;Colisão Lateral;1;0;1;0;0;0;0;0;;;2;0;0;0;0
30/09/2021;13:29:00;226;Acidente sem vítima;266,5;BR-101/ES;Sul;Colisão Traseira;2;0;0;0;0;0;0;0;;;2;0;0;0;0
30/09/2021;14:14:00;241;Acidente sem vítima;142;BR-101/ES;Norte;Colisão Traseira;2;0;0;0;0;0;0;0;;;3;0;0;0;0
30/09/2021;17:03:00;279;Acidente sem vítima;393;BR-101/ES;Norte;Colisão Traseira;2;0;0;0;0;0;0;0;;;2;0;0;0;0
30/09/2021;17:48:00;295;Acidente com vítima;266,6;BR-101/ES;Norte;Colisão Lateral;1;0;0;1;0;0;0;0;;;1;0;1;0;0
01/10/2021;05:06:00;65;Acidente sem vítima;103;BR-101/ES;Sul;Choque;1;0;0;0;0;0;0;0;;;1;0;0;0;0
01/10/2021;08:17:00;108;Acidente com vítima;138,8;BR-101/ES;Sul;Colisão Lateral;1;0;1;0;0;0;0;0;;;1;2;0;0;0
01/10/2021;13:01:00;235;Acidente sem vítima;331;BR-101/ES;Sul;Choque com Objeto Fixo;1;0;0;0;0;0;0;0;;;1;0;0;0;0
01/10/2021;14:30:00;268;Acidente com vítima;159,9;BR-101/ES;Sul;Colisão Transversal;1;0;0;1;0;0;0;0;;;1;0;1;0;0
01/10/2021;16:02:00;293;Acidente com vítima;110,3;BR-101/ES;Norte;Colisão Traseira;0;0;2;0;0;0;0;0;;;1;1;0;0;0
01/10/2021;16:12:00;296;Acidente com vítima;354,4;BR-101/ES;Sul;Colisão Transversal;1;0;0;1;0;0;0;0;;;3;0;1;0;0
01/10/2021;17:08:00;320;Acidente sem vítima;207,8;BR-101/ES;Sul;Choque com Objeto Fixo;1;0;0;0;0;0;0;0;;;1;0;0;0;0
01/10/2021;18:04:00;334;Acidente sem vítima;262;BR-101/ES;Norte;Colisão Traseira;2;0;0;0;0;0;0;0;;;2;0;0;0;0
01/10/2021;18:32:00;339;Acidente sem vítima;303;BR-101/ES;Sul;Choque;1;0;1;0;0;0;0;0;;;3;0;0;0;0
01/10/2021;18:40:00;341;Acidente sem vítima;279,9;BR-101/ES;Sul;Saída de Pista;1;0;0;0;0;0;0;0;;;1;0;0;0;0
01/10/2021;19:02:00;344;Acidente sem vítima;74,4;BR-101/ES;Sul;Atropelamento Animal;0;0;0;1;0;0;0;0;;;2;0;0;0;0
02/10/2021;00:24:00;5;Acidente sem vítima;268;BR-101/ES;Sul;Saída de Pista;1;0;0;0;0;0;0;0;;;1;0;0;0;0
02/10/2021;05:52:00;83;Acidente com vítima;287,8;BR-101/ES;Sul;Queda de Moto;0;0;0;1;0;0;0;0;;;0;0;0;1;0
02/10/2021;09:05:00;142;Acidente sem vítima;265,8;BR-101/ES;Sul;Engavetamento;3;0;0;0;0;0;0;0;;;3;0;0;0;0
02/10/2021;09:06:00;144;Acidente com vítima;143,2;BR-101/ES;Sul;Colisão Lateral;2;0;1;0;0;0;0;0;;;2;2;1;0;0
02/10/2021;10:21:00;169;Acidente sem vítima;302;BR-101/ES;Sul;Colisão Lateral;2;0;0;0;0;0;0;0;;;2;0;0;0;0
02/10/2021;11:25:00;209;Acidente com vítima;165,4;BR-101/ES;Norte;Colisão Lateral;1;0;0;1;0;0;0;0;;;2;0;1;0;0
02/10/2021;13:28:00;259;Acidente com vítima;24,9;BR-101/ES;Sul;Colisão Traseira;2;0;0;0;0;0;0;0;;;1;1;1;0;0
02/10/2021;13:37:00;262;Acidente sem vítima;85,9;BR-101/ES;Norte;Engavetamento;3;0;0;0;0;0;0;0;;;8;0;0;0;0
02/10/2021;16:05:00;304;Acidente sem vítima;355;BR-101/ES;Norte;Saída de Pista;1;0;0;0;0;0;0;0;;;1;0;0;0;0
02/10/2021;22:29:00;392;Acidente com vítima;398;BR-101/ES;Sul;Capotamento;1;0;0;0;0;0;0;0;;;0;1;0;0;0
03/10/2021;08:05:00;91;Acidente sem vítima;368,5;BR-101/ES;Sul;Capotamento;1;0;0;0;0;0;0;0;;;5;0;0;0;0
03/10/2021;09:19:00;113;Acidente sem vítima;240,5;BR-101/ES;Sul;Danos Eventuais;1;0;0;0;0;0;0;0;;;2;0;0;0;0
03/10/2021;12:37:00;184;Acidente sem vítima;262;BR-101/ES;Norte;Colisão Traseira;2;0;0;0;0;0;0;0;;;2;0;0;0;0
03/10/2021;17:17:00;253;Acidente com vítima;109,7;BR-101/ES;Sul;Atropelamento Animal;0;0;0;1;0;0;0;0;;;0;0;1;0;0
03/10/2021;19:22:00;292;Acidente sem vítima;319;BR-101/ES;Sul;Atropelamento Animal;1;0;0;0;0;0;0;0;;;2;0;0;0;0
03/10/2021;20:38:00;309;Acidente com vítima;124,5;BR-101/ES;Norte;Colisão com ciclista;0;1;0;0;1;0;0;0;;;20;0;0;1;0
04/10/2021;06:30:00;84;Acidente sem vítima;244;BR-101/ES;Norte;Colisão Lateral;0;0;2;0;0;0;0;0;;;2;0;0;0;0
04/10/2021;15:22:00;250;Acidente com morte;191,2;BR-101/ES;Norte;Colisão Frontal;2;0;0;0;0;0;0;0;;;0;1;1;0;2
04/10/2021;16:00:00;256;Atropelamento sem morte;269;BR-101/ES;Sul;Atropelamento;1;0;0;1;0;0;0;0;;;1;1;1;0;0
04/10/2021;16:57:00;274;Acidente sem vítima;296,8;BR-101/ES;Sul;Tombamento;0;0;1;0;0;0;0;0;;;1;0;0;0;0
04/10/2021;17:09:00;278;Acidente sem vítima;302;BR-101/ES;Norte;Colisão Lateral;1;0;1;0;0;0;0;0;;;1;0;0;0;0
04/10/2021;19:57:00;314;Acidente com vítima;458;BR-101/ES;Norte;Colisão Transversal;1;0;2;0;0;0;0;0;;;0;2;0;0;0
04/10/2021;22:09:00;341;Acidente sem vítima;292;BR-101/ES;Norte;Danos Eventuais;0;0;1;0;0;0;0;0;;;1;0;0;0;0
05/10/2021;04:11:00;72;Acidente sem vítima;358;BR-101/ES;Sul;Choque;1;0;0;0;0;0;0;0;;;1;0;0;0;0
05/10/2021;06:24:00;96;Acidente com vítima;203,6;BR-101/ES;Norte;Queda de Moto;0;0;0;1;0;0;0;0;;;0;0;2;0;0
05/10/2021;07:24:00;109;Acidente com vítima;400,9;BR-101/ES;Sul;Queda de Moto;0;0;0;1;0;0;0;0;;;0;1;0;0;0
05/10/2021;07:55:00;125;Acidente sem vítima;249,9;BR-101/ES;Norte;Choque;1;0;0;0;0;0;0;0;;;1;0;0;0;0
05/10/2021;08:06:00;130;Acidente com morte;63,3;BR-101/ES;Norte;Colisão Lateral;1;0;1;0;0;0;0;0;;;0;1;0;0;1
05/10/2021;08:18:00;137;Acidente sem vítima;249,9;BR-101/ES;Norte;Choque;1;0;0;0;0;0;0;0;;;1;0;0;0;0
05/10/2021;08:22:00;139;Acidente sem vítima;296,8;BR-101/ES;Norte;Colisão Traseira;1;0;2;0;0;0;0;0;;;2;0;0;0;0
05/10/2021;08:33:00;142;Acidente sem vítima;354,8;BR-101/ES;Norte;Colisão Transversal;0;0;2;0;0;0;0;0;;;2;0;0;0;0
05/10/2021;09:56:00;160;Acidente sem vítima;62,9;BR-101/ES;Sul;Colisão Traseira;2;0;0;0;0;0;0;0;;;3;0;0;0;0
05/10/2021;17:14:00;306;Acidente com vítima;296,2;BR-101/ES;Norte;Colisão com ciclista;0;1;0;1;0;0;0;0;;;0;0;1;1;0
05/10/2021;18:20:00;320;Acidente sem vítima;270;BR-101/ES;Sul;Colisão Transversal;2;0;0;0;0;0;0;0;;;2;0;0;0;0
05/10/2021;20:26:00;345;Acidente com vítima;255,1;BR-101/ES;Sul;Colisão Traseira;1;0;0;1;0;0;0;0;;;3;0;0;1;0