data;horario;n_da_ocorrencia;tipo_de_ocorrencia;km;trecho;sentido;tipo_de_acidente;automovel;bicicleta;caminhao;moto;onibus;outros;tracao_animal;transporte_de_cargas_especiais;trator_maquinas;utilitarios;ilesos;levemente_feridos;moderadamente_feridos;gravemente_feridos;mortos
05/10/2021;23:30:00;385;Acidente sem vítima;443;BR-101/ES;Sul;Saída de Pista;0;0;1;0;0;0;0;0;;;1;0;0;0;0
06/10/2021;01:20:00;14;Acidente com vítima;421;BR-101/ES;Sul;Queda de Moto;0;0;0;1;0;0;0;0;;;0;1;0;0;0
06/10/2021;02:37:00;29;Acidente com vítima;316,2;BR-101/ES;Sul;Choque com Objeto Fixo;0;0;2;0;0;0;0;0;;;0;1;0;0;0
06/10/2021;04:46:00;46;Acidente com vítima;215,4;BR-101/ES;Sul;Tombamento;0;0;1;0;0;0;0;0;;;2;1;0;0;0
06/10/2021;05:40:00;53;Acidente com vítima;125;BR-101/ES;Norte;Colisão Traseira;1;0;0;1;0;0;0;0;;;1;0;1;0;0
06/10/2021;08:44:00;109;Acidente sem vítima;351;BR-101/ES;Sul;Saída de Pista;1;0;0;0;0;0;0;0;;;4;0;0;0;0
06/10/2021;08:57:00;120;Acidente sem vítima;242;BR-101/ES;Norte;Choque com Objeto Fixo;1;0;0;0;0;0;0;0;;;1;0;0;0;0
06/10/2021;11:45:00;184;Acidente sem vítima;174,8;BR-101/ES;Sul;Colisão Lateral;1;0;3;0;0;0;0;0;;;2;0;0;0;0
06/10/2021;12:51:00;211;Acidente com vítima;144,1;BR-101/ES;Sul;Colisão Traseira;2;0;0;0;0;0;0;0;;;5;1;0;0;0
06/10/2021;15:36:00;262;Acidente com vítima;269,8;BR-101/ES;Sul;Colisão Lateral;1;0;0;1;0;0;0;0;;;1;0;1;0;0
06/10/2021;15:43:00;266;Atropelamento sem morte;147;BR-101/ES;Norte;Atropelamento e Fuga;0;0;0;1;0;0;0;0;;;1;0;1;0;0
06/10/2021;18:13:00;314;Atropelamento com morte;204,4;BR-101/ES;Norte;Atropelamento;0;0;1;0;0;0;0;0;;;2;0;0;0;1
06/10/2021;18:42:00;319;Acidente com vítima;331,5;BR-101/ES;Sul;Saída de Pista;1;0;0;0;0;0;0;0;;;0;0;1;0;0
06/10/2021;21:50:00;342;Acidente com vítima;262;BR-101/ES;Sul;Queda de Moto;0;0;0;1;0;0;0;0;;;0;1;0;0;0
06/10/2021;21:54:00;344;Acidente com vítima;140;BR-101/ES;Norte;Queda de Bicicleta;0;1;0;0;0;0;0;0;;;0;1;0;0;0
07/10/2021;08:26:00;114;Acidente sem vítima;147,5;BR-101/ES;Sul;Colisão Traseira;1;0;2;0;0;0;0;0;;;2;0;0;0;0
07/10/2021;15:04:00;269;Acidente com vítima;335,7;BR-101/ES;Norte;Colisão Traseira;2;0;2;0;0;0;0;0;;;1;0;1;0;0
07/10/2021;15:59:00;287;Acidente com vítima;266,5;BR-101/ES;Sul;Colisão Lateral;1;0;0;1;0;0;0;0;;;1;0;1;0;0
07/10/2021;16:27:00;294;Acidente sem vítima;172,2;BR-101/ES;Sul;Queda de Moto;0;0;0;1;0;0;0;0;;;2;0;0;0;0
07/10/2021;21:45:00;367;Acidente com vítima;147;BR-101/ES;Sul;Colisão com ciclista;1;1;0;0;0;0;0;0;;;1;1;0;0;0
07/10/2021;21:47:00;368;Acidente sem vítima;251;BR-101/ES;Norte;Choque;0;0;1;0;0;0;0;0;;;1;0;0;0;0
08/10/2021;03:41:00;68;Acidente com vítima;322,5;BR-101/ES;Norte;Saída de Pista;1;0;1;0;0;0;0;0;;;1;1;0;0;0
08/10/2021;05:30:00;81;Acidente com vítima;85;BR-101/ES;Norte;Choque;0;0;0;1;0;0;0;0;;;1;1;0;0;0
08/10/2021;08:16:00;112;Acidente sem vítima;269,7;BR-101/ES;Sul;Colisão Transversal;0;0;1;0;1;0;0;0;;;2;0;0;0;0
08/10/2021;09:22:00;130;Acidente sem vítima;266,3;BR-101/ES;Norte;Colisão Transversal;1;0;1;0;0;0;0;0;;;2;0;0;0;0
08/10/2021;13:37:00;229;Acidente sem vítima;149;BR-101/ES;Sul;Colisão Lateral;1;0;2;0;0;0;0;0;;;2;0;0;0;0
08/10/2021;18:30:00;314;Acidente sem vítima;153,3;BR-101/ES;Norte;Engavetamento;3;0;0;0;0;0;0;0;;;4;0;0;0;0
08/10/2021;19:41:00;334;Acidente sem vítima;208;BR-101/ES;Sul;Colisão Lateral;1;0;0;1;0;0;0;0;;;3;0;0;0;0
08/10/2021;20:17:00;340;Atropelamento sem morte;119;BR-101/ES;Norte;Atropelamento e Fuga;1;0;0;0;0;0;0;0;;;1;0;1;0;0
08/10/2021;20:34:00;344;Acidente sem vítima;269;BR-101/ES;Sul;Colisão Traseira;1;0;3;0;0;0;0;0;;;2;0;0;0;0
09/10/2021;04:36:00;63;Acidente sem vítima;431,5;BR-101/ES;Sul;Choque;1;0;0;0;0;1;0;0;;;2;0;0;0;0
09/10/2021;06:20:00;77;Acidente sem vítima;284,6;BR-101/ES;Norte;Choque com Objeto Fixo;1;0;0;0;0;1;0;0;;;3;0;0;0;0
09/10/2021;06:49:00;82;Acidente sem vítima;402,7;BR-101/ES;Sul;Saída de Pista;1;0;0;0;0;0;0;0;;;1;0;0;0;0
09/10/2021;07:13:00;89;Acidente com vítima;171,7;BR-101/ES;Norte;Queda de ciclista;0;1;0;0;0;0;0;0;;;0;1;0;0;0
09/10/2021;07:23:00;93;Acidente sem vítima;264,1;BR-101/ES;Sul;Colisão Traseira;2;0;0;0;0;0;0;0;;;2;0;0;0;0
09/10/2021;09:35:00;129;Acidente com vítima;176,7;BR-101/ES;Norte;Colisão Traseira;1;0;2;0;0;0;0;0;;;1;1;0;0;0
09/10/2021;10:39:00;153;Acidente sem vítima;398,9;BR-101/ES;Norte;Colisão Traseira;2;0;0;0;0;0;0;0;;;5;0;0;0;0
09/10/2021;10:49:00;159;Acidente sem vítima;256,3;BR-101/ES;Norte;Colisão Traseira;2;0;0;0;0;0;0;0;;;7;0;0;0;0
09/10/2021;11:59:00;189;Acidente com vítima;267,8;BR-101/ES;Norte;Colisão Traseira;1;0;0;1;0;0;0;0;;;0;0;1;0;0
09/10/2021;13:35:00;230;Acidente com vítima;939;BR-101/BA;Norte;Colisão Traseira;2;0;0;0;0;0;0;0;;;3;4;0;0;0
09/10/2021;14:00:00;234;Acidente sem vítima;228;BR-101/ES;Norte;Saída de Pista;1;0;0;0;0;0;0;0;;;1;0;0;0;0
09/10/2021;15:29:00;264;Acidente com vítima;287,4;BR-101/ES;Sul;Colisão Traseira;1;0;0;1;0;0;0;0;;;1;0;1;0;0
09/10/2021;15:59:00;272;Acidente sem vítima;293,6;BR-101/ES;Norte;Colisão Lateral;1;0;1;0;0;0;0;0;;;2;0;0;0;0
09/10/2021;16:54:00;288;Acidente com vítima;301,1;BR-101/ES;Sul;Saída de Pista;1;0;0;0;0;0;0;0;;;0;1;0;0;0
09/10/2021;17:46:00;306;Acidente com vítima;141,8;BR-101/ES;Sul;Colisão Traseira;2;0;0;0;0;0;0;0;;;1;2;0;0;0
09/10/2021;18:16:00;313;Acidente com vítima;179,7;BR-101/ES;Norte;Colisão Lateral;2;0;0;0;0;0;0;0;;;5;0;2;0;0
09/10/2021;19:29:00;324;Acidente com vítima;450,5;BR-101/ES;Sul;Queda de Moto;0;0;0;1;0;0;0;0;;;0;0;1;0;0
09/10/2021;19:38:00;327;Acidente sem vítima;425;BR-101/ES;Sul;Colisão Traseira;0;0;2;0;0;0;0;0;;;2;0;0;0;0
09/10/2021;23:23:00;366;Acidente sem vítima;184,2;BR-101/ES;Norte;Colisão Traseira;1;0;1;0;0;0;0;0;;;3;0;0;0;0
09/10/2021;23:47:00;382;Acidente com vítima;122;BR-101/ES;Sul;Queda de Bicicleta;0;1;0;0;0;0;0;0;;;0;1;0;0;0
10/10/2021;00:29:00;7;Acidente com vítima;288,5;BR-101/ES;Norte;Atropelamento de Equino;0;0;0;1;0;0;0;0;;;0;1;1;0;0
10/10/2021;01:30:00;21;Acidente com vítima;291,9;BR-101/ES;Sul;Queda de Moto;0;0;0;1;0;0;0;0;;;0;0;1;0;0
10/10/2021;06:09:00;70;Acidente sem vítima;268,2;BR-101/ES;Norte;Colisão Traseira;2;0;0;0;0;0;0;0;;;3;0;0;0;0
10/10/2021;11:25:00;145;Acidente com vítima;315,9;BR-101/ES;Norte;Capotamento;1;0;0;0;0;0;0;0;;;0;1;0;0;0
10/10/2021;16:12:00;224;Acidente com vítima;241;BR-101/ES;Sul;Colisão Transversal;2;0;3;0;0;0;0;0;;;5;0;3;0;0
10/10/2021;19:35:00;257;Acidente sem vítima;278,3;BR-101/ES;Sul;Saída de Pista;1;0;0;0;0;0;0;0;;;2;0;0;0;0
10/10/2021;19:38:00;259;Acidente sem vítima;283;BR-101/ES;Sul;Choque com Objeto Fixo;1;0;0;0;0;0;0;0;;;1;0;0;0;0
10/10/2021;20:10:00;262;Acidente sem vítima;280;BR-101/ES;Sul;Saída de Pista;1;0;0;0;0;0;0;0;;;1;0;0;0;0
10/10/2021;20:17:00;265;Acidente com vítima;372,7;BR-101/ES;Norte;Colisão Traseira;1;0;1;0;0;0;0;0;;;3;3;0;0;0
11/10/2021;01:16:00;25;Acidente com vítima;366,8;BR-101/ES;Norte;Capotamento;1;0;0;0;0;0;0;0;;;0;3;0;0;0
11/10/2021;05:30:00;64;Acidente sem vítima;437,8;BR-101/ES;Sul;Saída de Pista;1;0;0;0;0;0;0;0;;;1;0;0;0;0
11/10/2021;05:43:00;67;Acidente com vítima;146,8;BR-101/ES;Sul;Colisão Lateral;1;0;0;0;1;0;0;0;;;1;1;1;0;0
11/10/2021;06:07:00;72;Acidente sem vítima;219,2;BR-101/ES;Norte;Choque com Objeto Fixo;1;0;0;0;0;0;0;0;;;2;0;0;0;0
11/10/2021;06:26:00;75;Acidente sem vítima;278,5;BR-101/ES;Sul;Choque com Objeto Fixo;1;0;0;0;0;0;0;0;;;3;0;0;0;0
11/10/2021;06:33:00;77;Acidente sem vítima;221;BR-101/ES;Sul;Colisão Traseira;1;0;1;0;0;0;0;0;;;1;0;0;0;0
11/10/2021;07:00:00;81;Acidente sem vítima;950,5;BR-101/BA;Norte;Saída de Pista;1;0;0;0;0;0;0;0;;;3;0;0;0;0
11/10/2021;07:02:00;82;Acidente sem vítima;435,5;BR-101/ES;Sul;Saída de Pista;1;0;0;0;0;0;0;0;;;1;0;0;0;0
11/10/2021;07:21:00;86;Acidente sem vítima;281,5;BR-101/ES;Norte;Choque com Objeto Fixo;1;0;0;0;0;0;0;0;;;1;0;0;0;0
11/10/2021;08:06:00;100;Acidente sem vítima;333,6;BR-101/ES;Norte;Colisão Lateral;0;0;3;0;0;0;0;0;;;3;0;0;0;0
11/10/2021;08:21:00;106;Acidente sem vítima;188,4;BR-101/ES;Norte;Saída de Pista;1;0;0;0;0;0;0;0;;;1;0;0;0;0
11/10/2021;09:17:00;121;Acidente sem vítima;197,1;BR-101/ES;Norte;Saída de Pista;1;0;0;0;0;0;0;0;;;1;0;0;0;0
11/10/2021;09:50:00;125;Acidente sem vítima;284,6;BR-101/ES;Norte;Choque com Objeto Fixo;1;0;0;0;0;0;0;0;;;1;0;0;0;0
11/10/2021;11:15:00;149;Acidente com vítima;370;BR-101/ES;Sul;Choque;1;0;1;0;0;0;0;0;;;2;0;1;0;0
11/10/2021;12:17:00;174;Acidente sem vítima;436,1;BR-101/ES;Sul;Saída de Pista;1;0;0;0;0;0;0;0;;;1;0;0;0;0
11/10/2021;15:44:00;241;Acidente com vítima;126;BR-101/ES;Norte;Colisão com ciclista;1;1;0;0;0;0;0;0;;;1;1;0;0;0
11/10/2021;16:08:00;249;Acidente sem vítima;220,1;BR-101/ES;Sul;Saída de Pista;1;0;0;0;0;0;0;0;;;1;0;0;0;0
11/10/2021;16:32:00;259;Acidente sem vítima;361;BR-101/ES;Norte;Saída de Pista;1;0;0;0;0;0;0;0;;;2;0;0;0;0
11/10/2021;16:52:00;265;Acidente com vítima;186,9;BR-101/ES;Sul;Saída de Pista;1;0;0;0;0;0;0;0;;;1;1;0;0;0
11/10/2021;18:32:00;288;Acidente com vítima;326,3;BR-101/ES;Sul;Atropelamento Animal;0;0;0;1;0;0;0;0;;;0;0;1;0;0
11/10/2021;19:23:00;307;Acidente sem vítima;296,1;BR-101/ES;Sul;Colisão Traseira;1;0;0;0;1;0;0;0;;;2;0;0;0;0
11/10/2021;20:24:00;324;Acidente sem vítima;208;BR-101/ES;Sul;Choque;0;0;1;0;0;0;0;0;;;2;0;0;0;0
12/10/2021;00:03:00;1;Acidente sem vítima;346,5;BR-101/ES;Sul;Saída de Pista;1;0;0;0;0;0;0;0;;;1;0;0;0;0
12/10/2021;05:29:00;72;Acidente sem vítima;323,8;BR-101/ES;Norte;Choque com Objeto Fixo;1;0;0;0;0;0;0;0;;;4;0;0;0;0
12/10/2021;05:54:00;76;Acidente sem vítima;258;BR-101/ES;Sul;Saída de Pista;1;0;0;0;0;0;0;0;;;1;0;0;0;0
12/10/2021;07:33:00;92;Acidente com vítima;88,4;BR-101/ES;Sul;Colisão Frontal;2;0;0;0;0;0;0;0;;;7;5;1;0;0
12/10/2021;10:34:00;141;Acidente sem vítima;314,5;BR-101/ES;Norte;Choque com Objeto Fixo;1;0;0;0;0;0;0;0;;;1;0;0;0;0
12/10/2021;14:24:00;250;Acidente sem vítima;3,6;BR-101/ES (Contorno Iconha);Sul;Choque com Objeto Fixo;1;0;0;0;0;0;0;0;;;1;0;0;0;0
12/10/2021;15:54:00;312;Acidente sem vítima;422,8;BR-101/ES;Norte;Saída de Pista;1;0;0;0;0;0;0;0;;;1;0;0;0;0
12/10/2021;17:45:00;347;Acidente sem vítima;399;BR-101/ES;Sul;Choque com Objeto Fixo;1;0;0;0;0;0;0;0;;;4;0;0;0;0
12/10/2021;18:44:00;365;Acidente com vítima;270,8;BR-101/ES;Norte;Colisão com ciclista;1;1;0;0;0;0;0;0;;;0;0;1;0;0
12/10/2021;21:56:00;422;Acidente sem vítima;299;BR-101/ES;Norte;Colisão Traseira;2;0;0;0;0;0;0;0;;;2;0;0;0;0
13/10/2021;06:16:00;90;Acidente com morte;228,3;BR-101/ES;Norte;Saída de Pista;0;0;2;0;0;0;0;0;;;0;0;0;0;1
13/10/2021;07:21:00;101;Acidente sem vítima;299,1;BR-101/ES;Norte;Colisão Transversal;0;0;2;0;1;0;0;0;;;2;0;0;0;0
13/10/2021;08:38:00;124;Acidente sem vítima;442,8;BR-101/ES;Norte;Choque com Objeto Fixo;1;0;0;0;0;0;0;0;;;2;0;0;0;0
13/10/2021;10:21:00;171;Acidente sem vítima;256,4;BR-101/ES;Norte;Colisão Traseira;2;0;0;0;0;0;0;0;;;2;0;0;0;0
13/10/2021;10:42:00;175;Acidente sem vítima;381,1;BR-101/ES;Sul;Colisão Traseira;1;0;1;0;0;0;0;0;;;2;0;0;0;0
13/10/2021;20:09:00;373;Acidente com vítima;158;BR-101/ES;Sul;Queda de ciclista;0;1;0;0;0;0;0;0;;;0;1;0;0;0
14/10/2021;08:18:00;127;Acidente com vítima;129,7;BR-101/ES;Sul;Colisão Lateral;2;0;2;0;0;0;0;0;;;3;2;0;0;0
14/10/2021;08:21:00;128;Acidente sem vítima;295;BR-101/ES;Sul;Colisão Lateral;0;0;3;0;0;0;0;0;;;2;0;0;0;0
14/10/2021;11:20:00;198;Acidente sem vítima;270,5;BR-101/ES;Sul;Engavetamento;1;0;1;1;0;1;0;0;;;3;0;0;0;0
14/10/2021;12:07:00;213;Acidente com vítima;262,2;BR-101/ES;Norte;Colisão Traseira;1;0;0;1;0;0;0;0;;;1;1;0;0;0
14/10/2021;12:11:00;216;Acidente sem vítima;332;BR-101/ES;Norte;Choque;1;0;0;0;0;0;0;0;;;1;0;0;0;0
14/10/2021;12:26:00;223;Acidente sem vítima;264;BR-101/ES;Sul;Choque com Objeto Fixo;1;0;0;0;0;0;0;0;;;1;0;0;0;0
14/10/2021;13:05:00;238;Acidente sem vítima;332;BR-101/ES;Norte;Choque;0;0;1;0;0;0;0;0;;;1;0;0;0;0
14/10/2021;18:36:00;327;Acidente sem vítima;294;BR-101/ES;Sul;Queda de ciclista;0;1;0;0;0;0;0;0;;;1;0;0;0;0
14/10/2021;19:25:00;337;Acidente com vítima;145;BR-101/ES;Norte;Engavetamento;4;0;0;0;0;0;0;0;;;2;3;0;0;0
14/10/2021;20:52:00;348;Acidente sem vítima;277,95;BR-101/ES;Norte;Saída de Pista;1;0;0;0;0;0;0;0;;;1;0;0;0;0
15/10/2021;09:18:00;152;Acidente com vítima;297,2;BR-101/ES;Sul;Colisão Traseira;1;0;0;1;0;0;0;0;;;1;0;1;0;0
15/10/2021;10:33:00;183;Acidente sem vítima;270,8;BR-101/ES;Sul;Colisão Traseira;2;0;0;0;0;0;0;0;;;1;0;0;0;0
15/10/2021;12:07:00;228;Acidente com vítima;368;BR-101/ES;Norte;Colisão Traseira;1;0;0;1;0;0;0;0;;;2;1;0;0;0
15/10/2021;16:04:00;312;Acidente sem vítima;365;BR-101/ES;Sul;Colisão Lateral;1;0;1;0;0;0;0;0;;;2;0;0;0;0
15/10/2021;16:06:00;313;Acidente com vítima;292,9;BR-101/ES;Sul;Colisão Traseira;0;0;2;1;0;0;0;0;;;1;0;0;1;0
15/10/2021;18:54:00;354;Acidente sem vítima;147;BR-101/ES;Norte;Colisão Traseira;2;0;0;0;0;0;0;0;;;2;0;0;0;0
15/10/2021;20:21:00;372;Acidente com morte;184;BR-101/ES;Sul;Colisão com ciclista;0;1;1;0;0;0;0;0;;;2;0;0;0;2
16/10/2021;11:26:00;157;Acidente sem vítima;213;BR-101/ES;Sul;Colisão Traseira;2;0;0;0;0;0;0;0;;;2;0;0;0;0
16/10/2021;19:24:00;269;Atropelamento com morte;336;BR-101/ES;Norte;Atropelamento e Fuga;0;0;0;0;0;1;0;0;;;1;0;0;0;1
16/10/2021;19:29:00;270;Acidente com vítima;146;BR-101/ES;Norte;Colisão com ciclista;0;1;0;1;0;0;0;0;;;0;0;2;0;0
17/10/2021;01:22:00;23;Acidente com vítima;294;BR-101/ES;Sul;Queda de Moto;0;0;0;1;0;0;0;0;;;0;0;1;0;0
17/10/2021;06:52:00;69;Acidente com vítima;160,8;BR-101/ES;Norte;Colisão Frontal;2;0;0;0;0;0;0;0;;;1;1;0;0;0
17/10/2021;13:23:00;197;Acidente com vítima;208;BR-101/ES;Sul;Colisão Lateral;1;0;0;1;0;0;0;0;;;1;2;0;0;0
17/10/2021;14:30:00;208;Acidente sem vítima;269,7;BR-101/ES;Norte;Colisão Traseira;2;0;0;0;0;0;0;0;;;7;0;0;0;0
17/10/2021;15:00:00;218;Acidente sem vítima;401;BR-101/ES;Sul;Choque;0;0;0;1;0;0;0;0;;;1;0;0;0;0
17/10/2021;15:09:00;222;Acidente sem vítima;85,8;BR-101/ES;Sul;Choque;1;0;0;0;0;0;0;0;;;1;0;0;0;0
17/10/2021;15:58:00;236;Acidente com vítima;405,8;BR-101/ES;Norte;Queda de Moto;0;0;0;1;0;0;0;0;;;0;2;0;0;0
17/10/2021;17:39:00;264;Acidente sem vítima;247;BR-101/ES;Sul;Colisão Traseira;2;0;0;0;0;0;0;0;;;4;0;0;0;0
17/10/2021;17:40:00;266;Acidente com vítima;230;BR-101/ES;Sul;Colisão Frontal;2;0;0;0;0;0;0;0;;;0;6;1;0;0
18/10/2021;02:55:00;40;Acidente sem vítima;268;BR-101/ES;Norte;Choque com Objeto Fixo;1;0;0;0;0;0;0;0;;;1;0;0;0;0
18/10/2021;08:44:00;107;Acidente com vítima;271;BR-101/ES;Sul;Colisão com ciclista;1;1;0;0;0;0;0;0;;;1;0;1;0;0
18/10/2021;08:45:00;109;Acidente sem vítima;268,7;BR-101/ES;Sul;Colisão Traseira;1;0;0;1;0;0;0;0;;;2;0;0;0;0
18/10/2021;09:29:00;121;Acidente sem vítima;75,3;BR-101/ES;Sul;Colisão Lateral;2;0;0;0;0;0;0;0;;;4;0;0;0;0
18/10/2021;09:47:00;132;Acidente sem vítima;14,3;BR-101/ES;Norte;Colisão Lateral;2;0;0;0;0;0;0;0;;;3;0;0;0;0
18/10/2021;11:30:00;172;Acidente com vítima;297;BR-101/ES;Norte;Queda de Moto;0;0;0;1;0;0;0;0;;;0;1;0;0;0
18/10/2021;14:09:00;229;Acidente com vítima;213,3;BR-101/ES;Norte;Colisão Lateral;1;0;1;0;0;0;0;0;;;1;2;1;0;0
18/10/2021;15:21:00;250;Acidente sem vítima;66,1;BR-101/ES;Norte;Colisão Transversal;0;0;0;1;0;0;0;0;;;1;0;0;0;0
18/10/2021;19:10:00;312;Acidente com vítima;287;BR-101/ES;Sul;Colisão Traseira;0;0;1;1;1;0;0;0;;;2;0;1;0;0
18/10/2021;19:16:00;316;Acidente com vítima;295;BR-101/ES;Norte;Queda de ciclista;0;1;0;0;0;0;0;0;;;0;1;0;0;0
18/10/2021;19:55:00;327;Acidente sem vítima;260,5;BR-101/ES;Sul;Saída de Pista;1;0;0;0;0;0;0;0;;;1;0;0;0;0
18/10/2021;22:45:00;359;Acidente sem vítima;267,8;BR-101/ES;Norte;Colisão Traseira;1;0;0;0;1;0;0;0;;;5;0;0;0;0
19/10/2021;06:34:00;67;Acidente sem vítima;197,1;BR-101/ES;Norte;Saída de Pista;1;0;0;0;0;0;0;0;;;1;0;0;0;0
19/10/2021;08:30:00;99;Acidente sem vítima;279;BR-101/ES;Norte;Colisão Traseira;0;0;2;0;0;0;0;0;;;1;0;0;0;0
19/10/2021;09:26:00;119;Acidente sem vítima;275,4;BR-101/ES;Norte;Saída de Pista;1;0;0;0;0;0;0;0;;;1;0;0;0;0
19/10/2021;10:32:00;144;Acidente sem vítima;394,9;BR-101/ES;Sul;Colisão Lateral;1;0;2;0;0;0;0;0;;;2;0;0;0;0
19/10/2021;14:51:00;241;Acidente sem vítima;265;BR-101/ES;Norte;Colisão Traseira;2;0;0;0;0;0;0;0;;;2;0;0;0;0
19/10/2021;14:55:00;243;Acidente com vítima;270,7;BR-101/ES;Sul;Queda de Moto;0;0;0;1;0;0;0;0;;;0;0;1;0;0
19/10/2021;15:32:00;250;Acidente sem vítima;217,5;BR-101/ES;Norte;Choque com Objeto Fixo;1;0;0;0;0;0;0;0;;;2;0;0;0;0
19/10/2021;16:56:00;268;Acidente com vítima;369,4;BR-101/ES;Norte;Saída de Pista;1;0;0;0;0;0;0;0;;;0;2;0;0;0
19/10/2021;20:25:00;311;Acidente sem vítima;170,5;BR-101/ES;Sul;Choque com Veículo Estacionado;2;0;0;0;0;0;0;0;;;2;0;0;0;0
20/10/2021;02:00:00;32;Acidente sem vítima;262,1;BR-101/ES;Sul;Choque com Objeto Fixo;1;0;0;0;0;0;0;0;;;1;0;0;0;0
20/10/2021;10:13:00;145;Acidente sem vítima;169,2;BR-101/ES;Norte;Colisão Traseira;1;0;1;0;0;0;0;0;;;5;0;0;0;0
20/10/2021;11:42:00;186;Acidente sem vítima;399,8;BR-101/ES;Norte;Danos Eventuais;0;0;2;0;0;0;0;0;;;1;0;0;0;0
20/10/2021;13:14:00;218;Acidente com vítima;288,3;BR-101/ES;Sul;Queda de Moto;0;0;0;1;0;0;0;0;;;0;1;0;0;0
20/10/2021;15:17:00;240;Acidente com vítima;204,8;BR-101/ES;Sul;Colisão Transversal;1;0;1;0;0;0;0;0;;;4;1;0;0;0
20/10/2021;15:38:00;248;Acidente sem vítima;270,4;BR-101/ES;Sul;Engavetamento;3;0;0;0;0;0;0;0;;;3;0;0;0;0
20/10/2021;18:37:00;293;Acidente sem vítima;214;BR-101/ES;Sul;Choque;0;0;2;0;0;0;0;0;;;1;0;0;0;0
20/10/2021;19:38:00;303;Acidente sem vítima;255;BR-101/ES;Sul;Colisão Traseira;1;0;2;0;1;0;0;0;;;3;0;0;0;0
20/10/2021;21:36:00;322;Atropelamento sem morte;299;BR-101/ES;Sul;Atropelamento;0;0;2;0;0;0;0;0;;;1;0;1;0;0
21/10/2021;05:55:00;96;Acidente sem vítima;121;BR-101/ES;Norte;Choque com Objeto Fixo;1;0;0;0;0;0;0;0;;;4;0;0;0;0
21/10/2021;10:15:00;175;Acidente sem vítima;387,9;BR-101/ES;Norte;Choque;0;0;2;0;0;0;0;0;;;1;0;0;0;0
21/10/2021;10:56:00;202;Acidente com vítima;264,4;BR-101/ES;Sul;Colisão Lateral;1;0;0;1;0;0;0;0;;;1;1;0;0;0
21/10/2021;14:16:00;289;Acidente sem vítima;271,8;BR-101/ES;Norte;Colisão Traseira;1;0;1;0;0;0;0;0;;;2;0;0;0;0
21/10/2021;22:22:00;421;Acidente com vítima;261;BR-101/ES;Sul;Queda de Moto;0;0;0;1;0;0;0;0;;;0;1;0;0;0
22/10/2021;01:16:00;22;Acidente com vítima;144;BR-101/ES;Norte;Capotamento;1;0;0;0;0;0;0;0;;;0;1;0;0;0
22/10/2021;07:44:00;104;Acidente com vítima;279,3;BR-101/ES;Norte;Queda de Moto;0;0;0;1;0;0;0;0;;;0;1;0;0;0
22/10/2021;08:42:00;115;Acidente com vítima;140;BR-101/ES;Sul;Colisão Lateral;1;0;0;1;0;0;0;0;;;1;1;0;0;0
22/10/2021;10:56:00;172;Acidente com vítima;285;BR-101/ES;Norte;Queda de Moto;0;0;0;1;0;0;0;0;;;0;0;1;0;0
22/10/2021;13:09:00;230;Acidente com vítima;280;BR-101/ES;Sul;Engavetamento;2;0;0;1;0;0;0;0;;;2;1;1;0;0
22/10/2021;14:27:00;256;Acidente sem vítima;426;BR-101/ES;Norte;Choque;1;0;0;0;0;0;0;0;;;1;0;0;0;0
22/10/2021;15:09:00;271;Acidente sem vítima;283;BR-101/ES;Norte;Choque;1;0;0;0;0;0;0;0;;;2;0;0;0;0
22/10/2021;15:12:00;273;Acidente sem vítima;141,2;BR-101/ES;Sul;Colisão Traseira;2;0;0;0;0;0;0;0;;;2;0;0;0;0
22/10/2021;15:29:00;278;Acidente sem vítima;288;BR-101/ES;Sul;Colisão Lateral;0;0;4;0;0;0;0;0;;;2;0;0;0;0
22/10/2021;16:22:00;292;Acidente com vítima;270;BR-101/ES;Sul;Colisão Traseira;1;0;0;1;0;0;0;0;;;1;1;1;0;0
22/10/2021;18:34:00;330;Acidente com morte;312;BR-101/ES;Norte;Colisão com ciclista;1;1;0;0;0;0;0;0;;;1;0;0;0;1
22/10/2021;19:23:00;341;Acidente sem vítima;65;BR-101/ES;Sul;Colisão Traseira;2;0;0;0;0;0;0;0;;;5;0;0;0;0
22/10/2021;19:36:00;343;Acidente sem vítima;73;BR-101/ES;Sul;Colisão Lateral;0;0;2;0;0;1;0;0;;;2;0;0;0;0
22/10/2021;22:31:00;381;Acidente sem vítima;213,4;BR-101/ES;Norte;Colisão Transversal;2;0;0;0;0;0;0;0;;;3;0;0;0;0
22/10/2021;23:02:00;389;Acidente sem vítima;424;BR-101/ES;Sul;Choque;1;0;0;0;0;0;0;0;;;2;0;0;0;0
23/10/2021;04:37:00;59;Acidente com vítima;287;BR-101/ES;Sul;Queda de Moto;0;0;0;1;0;0;0;0;;;0;1;1;0;0
23/10/2021;04:53:00;63;Acidente sem vítima;334;BR-101/ES;Sul;Choque com Objeto Fixo;1;0;0;0;0;0;0;0;;;1;0;0;0;0
23/10/2021;10:41:00;171;Acidente sem vítima;163;BR-101/ES;Norte;Colisão Transversal;2;0;0;0;0;0;0;0;;;2;0;0;0;0
23/10/2021;16:42:00;305;Acidente sem vítima;153;BR-101/ES;Sul;Veículo em Chamas;1;0;0;0;0;0;0;0;;;1;0;0;0;0
23/10/2021;18:07:00;328;Acidente sem vítima;244;BR-101/ES;Sul;Colisão Traseira;2;0;0;0;0;0;0;0;;;2;0;0;0;0