data;horario;n_da_ocorrencia;tipo_de_ocorrencia;km;trecho;sentido;tipo_de_acidente;automovel;bicicleta;caminhao;moto;onibus;outros;tracao_animal;transporte_de_cargas_especiais;trator_maquinas;utilitarios;ilesos;levemente_feridos;moderadamente_feridos;gravemente_feridos;mortos
24/10/2021;02:52:00;50;Acidente sem vítima;298;BR-101/ES;Sul;Choque com Objeto Fixo;1;0;0;0;0;0;0;0;;;1;0;0;0;0
24/10/2021;07:32:00;86;Acidente com vítima;371,8;BR-101/ES;Sul;Colisão Frontal;1;0;2;0;0;0;0;0;;;4;0;0;1;0
24/10/2021;12:25:00;184;Acidente com vítima;295,8;BR-101/ES;Sul;Colisão Lateral;1;0;0;1;0;0;0;0;;;2;0;1;0;0
24/10/2021;13:58:00;214;Acidente sem vítima;426,9;BR-101/ES;Sul;Tombamento;0;0;2;0;0;0;0;0;;;1;0;0;0;0
24/10/2021;17:19:00;260;Acidente com vítima;277,2;BR-101/ES;Norte;Choque com Objeto Fixo;0;0;0;1;0;0;0;0;;;0;0;0;1;0
24/10/2021;20:36:00;289;Acidente sem vítima;267;BR-101/ES;Norte;Choque com Objeto Fixo;0;0;1;0;0;0;0;0;;;1;0;0;0;0
24/10/2021;21:48:00;303;Acidente sem vítima;123;BR-101/ES;Sul;Choque com Veículo Estacionado;1;0;1;0;0;0;0;0;;;5;0;0;0;0
24/10/2021;21:55:00;306;Acidente com vítima;372,3;BR-101/ES;Norte;Colisão Frontal;1;0;0;1;0;0;0;0;;;1;0;0;1;0
24/10/2021;23:09:00;314;Acidente sem vítima;271;BR-101/ES;Norte;Choque com Objeto Fixo;1;0;0;0;0;0;0;0;;;2;0;0;0;0
25/10/2021;00:03:00;1;Acidente sem vítima;264;BR-101/ES;Norte;Colisão Traseira;2;0;0;0;0;0;0;0;;;2;0;0;0;0
25/10/2021;06:40:00;106;Acidente com vítima;206,2;BR-101/ES;Norte;Queda de Moto;0;0;0;1;0;0;0;0;;;0;1;0;0;0
25/10/2021;07:09:00;120;Acidente sem vítima;144;BR-101/ES;Norte;Colisão Traseira;1;0;1;0;0;1;0;0;;;2;0;0;0;0
25/10/2021;11:18:00;204;Acidente com vítima;265,3;BR-101/ES;Norte;Colisão Transversal;1;0;0;1;0;0;0;0;;;1;0;1;0;0
25/10/2021;11:52:00;215;Acidente com vítima;332,5;BR-101/ES;Norte;Choque com Objeto Fixo;1;0;0;0;0;0;0;0;;;2;0;1;0;0
25/10/2021;15:44:00;293;Acidente sem vítima;451,9;BR-101/ES;Norte;Choque;1;0;0;0;0;0;0;0;;;1;0;0;0;0
25/10/2021;17:53:00;336;Acidente com vítima;246,5;BR-101/ES;Norte;Choque;1;0;0;1;0;0;0;0;;;2;0;1;0;0
25/10/2021;17:59:00;337;Acidente sem vítima;276,6;BR-101/ES;Norte;Veículo em Chamas;1;0;0;0;0;0;0;0;;;2;0;0;0;0
26/10/2021;07:09:00;104;Acidente sem vítima;8;BR-101/ES;Norte;Choque;0;0;1;0;0;0;0;0;;;1;0;0;0;0
26/10/2021;10:40:00;184;Acidente sem vítima;209;BR-101/ES;Sul;Choque com Objeto Fixo;1;0;0;0;0;1;0;0;;;2;0;0;0;0
26/10/2021;14:08:00;284;Acidente sem vítima;3,2;BR-101/ES (Contorno Iconha);Norte;Choque;1;0;0;0;0;0;0;0;;;2;0;0;0;0
26/10/2021;14:23:00;287;Acidente com vítima;381;BR-101/ES;Sul;Choque;1;0;0;0;0;0;0;0;;;1;1;0;0;0
26/10/2021;15:07:00;299;Acidente com vítima;391;BR-101/ES;Norte;Colisão Traseira;1;0;6;0;0;0;0;0;;;1;3;0;0;0
26/10/2021;17:30:00;343;Acidente sem vítima;163,9;BR-101/ES;Sul;Engavetamento;3;0;0;0;0;0;0;0;;;5;0;0;0;0
27/10/2021;07:28:00;86;Acidente com vítima;354,5;BR-101/ES;Sul;Colisão Traseira;2;0;0;0;0;0;0;0;;;13;1;0;0;0
27/10/2021;18:33:00;311;Acidente com vítima;270,5;BR-101/ES;Sul;Colisão Lateral;1;0;0;1;0;0;0;0;;;1;0;1;0;0
28/10/2021;07:44:00;106;Acidente com vítima;269,7;BR-101/ES;Sul;Queda de ciclista;0;1;0;0;0;0;0;0;;;0;0;1;0;0
28/10/2021;11:03:00;165;Acidente sem vítima;190,1;BR-101/ES;Norte;Choque;1;0;1;0;0;0;0;0;;;1;0;0;0;0
28/10/2021;13:00:00;203;Acidente sem vítima;271,8;BR-101/ES;Norte;Colisão Lateral;1;0;1;0;0;0;0;0;;;1;0;0;0;0
28/10/2021;14:49:00;229;Acidente sem vítima;298;BR-101/ES;Norte;Engavetamento;3;0;0;0;0;0;0;0;;;3;0;0;0;0
28/10/2021;17:14:00;270;Acidente sem vítima;127;BR-101/ES;Sul;Colisão Lateral;2;0;0;0;0;0;0;0;;;2;0;0;0;0
28/10/2021;18:18:00;293;Acidente sem vítima;284;BR-101/ES;Sul;Choque com Objeto Fixo;1;0;0;0;0;0;0;0;;;1;0;0;0;0
28/10/2021;18:22:00;296;Atropelamento sem morte;201;BR-101/ES;Sul;Atropelamento e Fuga;1;0;0;0;0;0;0;0;;;1;0;0;1;0
28/10/2021;18:49:00;303;Acidente sem vítima;265,4;BR-101/ES;Norte;Engavetamento;4;0;0;0;0;0;0;0;;;4;0;0;0;0
28/10/2021;19:31:00;309;Acidente com vítima;275;BR-101/ES;Sul;Atropelamento Animal;0;0;0;1;0;0;0;0;;;0;1;0;0;0
28/10/2021;22:06:00;343;Acidente com vítima;146;BR-101/ES;Norte;Colisão Traseira;1;0;0;1;0;0;0;0;;;1;1;0;0;0
28/10/2021;22:25:00;346;Acidente sem vítima;292;BR-101/ES;Sul;Veículo em Chamas;0;0;1;0;0;0;0;0;;;1;0;0;0;0
29/10/2021;00:14:00;1;Acidente sem vítima;176;BR-101/ES;Norte;Colisão Traseira;0;0;2;0;0;0;0;0;;;2;0;0;0;0
29/10/2021;06:45:00;96;Acidente com vítima;75,1;BR-101/ES;Sul;Queda de Moto;0;0;0;1;0;0;0;0;;;0;0;1;0;0
29/10/2021;08:49:00;141;Acidente sem vítima;414;BR-101/ES;Norte;Colisão Lateral;0;0;1;0;1;0;0;0;;;2;0;0;0;0
29/10/2021;09:18:00;151;Acidente sem vítima;291,7;BR-101/ES;Norte;Colisão Lateral;0;0;2;0;0;0;0;0;;;2;0;0;0;0
29/10/2021;11:09:00;208;Acidente com vítima;270,4;BR-101/ES;Norte;Colisão Traseira;1;0;1;0;0;0;0;0;;;3;0;1;0;0
29/10/2021;12:00:00;235;Acidente sem vítima;32;BR-101/ES;Norte;Colisão Transversal;2;0;0;0;0;0;0;0;;;2;0;0;0;0
29/10/2021;13:22:00;270;Acidente sem vítima;441;BR-101/ES;Sul;Engavetamento;1;0;4;0;0;0;0;0;;;3;0;0;0;0
29/10/2021;15:23:00;314;Atropelamento sem morte;240,9;BR-101/ES;Sul;Atropelamento;1;0;1;0;0;0;0;0;;;5;1;0;0;0
29/10/2021;16:05:00;332;Acidente com vítima;293,3;BR-101/ES;Norte;Colisão com ciclista;0;1;1;0;0;0;0;0;;;1;0;1;0;0
29/10/2021;16:18:00;339;Acidente com vítima;266;BR-101/ES;Norte;Colisão Traseira;1;0;0;1;0;0;0;0;;;1;0;1;0;0
29/10/2021;20:48:00;405;Acidente sem vítima;282;BR-101/ES;Sul;Saída de Pista;1;0;0;0;0;0;0;0;;;1;0;0;0;0
30/10/2021;03:06:00;43;Acidente sem vítima;368;BR-101/ES;Norte;Choque com Objeto Fixo;1;0;0;0;0;0;0;0;;;1;0;0;0;0
30/10/2021;07:37:00;93;Acidente com vítima;436;BR-101/ES;Sul;Saída de Pista;1;0;0;0;0;0;0;0;;;2;1;1;0;0
30/10/2021;10:27:00;139;Acidente com vítima;162,9;BR-101/ES;Norte;Colisão Transversal;1;0;0;1;0;0;0;0;;;1;1;0;0;0
30/10/2021;11:03:00;150;Acidente com vítima;357,3;BR-101/ES;Norte;Colisão Frontal;1;0;1;0;0;0;0;0;;;1;4;0;0;0
30/10/2021;12:19:00;194;Acidente sem vítima;304,4;BR-101/ES;Sul;Colisão Traseira;0;0;2;0;0;0;0;0;;;1;0;0;0;0
30/10/2021;14:04:00;245;Acidente sem vítima;208,1;BR-101/ES;Sul;Choque com Objeto Fixo;1;0;0;0;0;0;0;0;;;1;0;0;0;0
30/10/2021;14:25:00;253;Acidente com vítima;344;BR-101/ES;Sul;Capotamento;1;0;0;0;0;0;0;0;;;0;1;0;0;0
30/10/2021;14:41:00;258;Acidente sem vítima;209;BR-101/ES;Norte;Queda de Moto;0;0;0;1;0;0;0;0;;;2;0;0;0;0
30/10/2021;15:16:00;266;Acidente com vítima;233,6;BR-101/ES;Sul;Capotamento;1;0;0;0;0;0;0;0;;;0;2;0;0;0
30/10/2021;15:27:00;273;Acidente com vítima;183,9;BR-101/ES;Norte;Saída de Pista;1;0;0;0;0;0;0;0;;;1;1;0;0;0
30/10/2021;15:33:00;277;Acidente com vítima;354,1;BR-101/ES;Norte;Colisão Lateral;2;0;0;0;0;0;0;0;;;1;0;1;0;0
30/10/2021;16:22:00;288;Acidente sem vítima;942,5;BR-101/BA;Norte;Saída de Pista;1;0;0;0;0;0;0;0;;;1;0;0;0;0
30/10/2021;16:47:00;304;Acidente com vítima;207,8;BR-101/ES;Norte;Capotamento;1;0;0;0;0;0;0;0;;;2;1;1;0;0
30/10/2021;17:38:00;321;Acidente sem vítima;258;BR-101/ES;Norte;Colisão Traseira;2;0;0;0;0;0;0;0;;;2;0;0;0;0
30/10/2021;23:17:00;380;Atropelamento sem morte;129;BR-101/ES;Sul;Atropelamento;1;0;0;0;0;0;0;0;;;1;0;0;1;0
31/10/2021;00:33:00;7;Acidente com vítima;103,6;BR-101/ES;Sul;Saída de Pista;1;0;0;0;0;0;0;0;;;0;1;0;0;0
31/10/2021;14:53:00;226;Acidente sem vítima;944;BR-101/BA;Norte;Saída de Pista;1;0;0;0;0;0;0;0;;;1;0;0;0;0
31/10/2021;19:02:00;272;Acidente com vítima;31;BR-101/ES;Norte;Colisão Frontal;1;0;2;0;0;0;0;0;;;1;0;0;2;0
31/10/2021;20:07:00;280;Acidente com morte;286,4;BR-101/ES;Sul;Queda de Moto;0;0;0;1;0;0;0;0;;;0;0;0;0;1
16/11/2021;06:28:00;62;Com vítima;18,500;BR-101/ES;Decrescente;Queda de moto;0;0;0;1;0;0;0;0;0;0;0;1;0;0;0
17/11/2021;22:17:00;371;Com vítima;297,000;BR-101/ES;Decrescente;Queda de moto;0;0;0;1;0;0;0;0;0;0;0;0;1;0;0
01/12/2021;01:43:00;6;Com vítima;366,000;BR-101/ES;Decrescente;Queda de moto;0;0;0;1;0;0;0;0;0;0;0;1;0;0;0
01/12/2021;02:25:00;13;Sem vítima;242,000;BR-101/ES;Crescente;Colisão traseira;0;0;1;0;0;0;0;0;0;0;1;0;0;0;0
01/12/2021;05:44:00;22;Com vítima;284,000;BR-101/ES;Decrescente;Saída de pista;1;0;0;0;0;0;0;0;0;0;0;0;1;0;0
01/12/2021;07:38:00;40;Sem vítima;272,000;BR-101/ES;Crescente;Saída de pista;1;0;0;0;0;0;0;0;0;0;1;0;0;0;0
01/12/2021;07:56:00;43;Sem vítima;267,000;BR-101/ES;Crescente;Colisão lateral no mesmo sentido;1;0;0;1;0;0;0;0;0;0;2;0;0;0;0
01/12/2021;12:33:00;97;Com vítima;438,000;BR-101/ES;Crescente;Colisão transversal;0;0;0;1;0;1;0;0;0;0;1;0;1;0;0
01/12/2021;13:21:00;104;Sem vítima;242,000;BR-101/ES;Decrescente;Queda de moto;0;0;0;1;0;0;0;0;0;0;1;0;0;0;0
02/12/2021;09:53:00;77;Sem vítima;359,000;BR-101/ES;Crescente;Colisão traseira;2;0;0;0;0;0;0;0;0;0;2;0;0;0;0
02/12/2021;11:40:00;92;Sem vítima;357,000;BR-101/ES;Decrescente;Colisão traseira;1;0;1;0;0;0;0;0;0;0;3;0;0;0;0
02/12/2021;11:49:00;94;Sem vítima;370,005;BR-101/ES;Crescente;Colisão traseira;2;0;0;0;0;0;0;0;0;0;2;0;0;0;0
02/12/2021;12:06:00;96;Sem vítima;279,000;BR-101/ES;Crescente;Colisão traseira;0;0;1;0;0;1;0;0;0;0;2;0;0;0;0
02/12/2021;20:05:00;169;Sem vítima;278,300;BR-101/ES;Decrescente;Saída de pista;0;0;0;1;0;1;0;0;0;0;2;0;0;0;0
03/12/2021;19:13:00;185;Sem vítima;61,000;BR-101/ES;Decrescente;Colisão traseira;1;0;0;0;0;0;0;0;0;0;1;0;0;0;0
03/12/2021;20:55:00;202;Sem vítima;254,600;BR-101/ES;Crescente;Colisão traseira;1;0;1;0;0;0;0;0;0;0;2;0;0;0;0
04/12/2021;02:43:00;7;Com vítima;390,800;BR-101/ES;Crescente;Saída de pista;1;0;0;0;0;0;0;0;0;0;0;1;0;0;0
04/12/2021;11:11:00;75;Sem vítima;66,000;BR-101/ES;Decrescente;Colisão lateral no mesmo sentido;1;0;1;0;0;0;0;0;0;0;3;0;0;0;0
04/12/2021;22:28:00;180;Sem vítima;145,000;BR-101/ES;Crescente;Saída de pista;1;0;0;0;0;0;0;0;0;0;1;0;0;0;0
04/12/2021;22:47:00;182;Com vítima;371,000;BR-101/ES;Crescente;Queda de moto;0;0;0;1;0;0;0;0;0;0;0;0;1;0;0
05/12/2021;01:24:00;4;Sem vítima;173,000;BR-101/ES;Decrescente;Queda de moto;0;0;0;1;0;0;0;0;0;0;1;0;0;0;0
05/12/2021;02:36:00;8;Com vítima;293,800;BR-101/ES;Decrescente;Capotamento;1;0;0;0;0;0;0;0;0;0;0;2;0;0;0
05/12/2021;19:47:00;157;Com vítima;265,000;BR-101/ES;Decrescente;Colisão lateral no mesmo sentido;1;0;0;1;0;0;0;0;0;0;1;0;1;0;0
06/12/2021;06:04:00;20;Sem vítima;398,000;BR-101/ES;Crescente;Choque;1;0;0;0;0;0;0;0;0;0;1;0;0;0;0
06/12/2021;07:21:00;36;Sem vítima;270,000;BR-101/ES;Decrescente;Colisão traseira;2;0;0;0;0;1;0;0;0;0;3;0;0;0;0
06/12/2021;08:27:00;51;Com vítima;284,000;BR-101/ES;Decrescente;Queda de moto;0;0;0;1;0;0;0;0;0;0;0;0;2;0;0
06/12/2021;13:36:00;99;Sem vítima;274,000;BR-101/ES;Crescente;Queda de moto;1;0;0;0;0;0;0;0;0;0;1;0;0;0;0
06/12/2021;14:09:00;103;Sem vítima;359,000;BR-101/ES;Crescente;Choque;1;0;0;0;0;0;0;0;0;0;1;0;0;0;0
06/12/2021;15:58:00;124;Sem vítima;265,000;BR-101/ES;Decrescente;Colisão traseira;1;0;0;0;0;0;0;0;0;1;2;0;0;0;0
06/12/2021;17:24:00;133;Sem vítima;285,000;BR-101/ES;Crescente;Acidentes de outra natureza;1;0;0;0;0;0;0;0;0;0;1;0;0;0;0
07/12/2021;12:17:00;93;Sem vítima;206,000;BR-101/ES;Decrescente;Saída de pista;1;0;0;0;0;0;0;0;0;0;1;0;0;0;0
07/12/2021;12:40:00;99;Sem vítima;144,000;BR-101/ES;Crescente;Saída de pista;1;0;0;0;0;0;0;0;0;0;1;0;0;0;0
07/12/2021;16:32:00;135;Com vítima;422,000;BR-101/ES;Crescente;Saída de pista;1;0;0;0;0;0;0;0;0;0;0;1;0;0;0
08/12/2021;11:23:00;71;Sem vítima;288,004;BR-101/ES;Decrescente;Choque;1;0;0;0;0;0;0;0;0;0;1;0;0;0;0
08/12/2021;15:18:00;118;Com vítima;270,003;BR-101/ES;Crescente;Colisão traseira;0;0;0;1;0;1;0;0;0;0;1;1;0;0;0
08/12/2021;20:12:00;168;Sem vítima;258,400;BR-101/ES;Crescente;Colisão traseira;0;0;1;0;0;1;0;0;0;0;2;0;0;0;0
08/12/2021;20:34:00;173;Com vítima;258,400;BR-101/ES;Crescente;Saída de pista;1;0;0;0;0;0;0;0;0;0;0;0;1;0;0
08/12/2021;23:16:00;188;Com vítima;143,100;BR-101/ES;Decrescente;Acidentes de outra natureza;0;0;0;1;0;0;0;0;0;0;0;0;0;0;1
09/12/2021;06:28:00;16;Sem vítima;371,009;BR-101/ES;Crescente;Saída de pista;1;0;0;0;0;0;0;0;0;0;1;0;0;0;0
09/12/2021;14:05:00;99;Sem vítima;184,000;BR-101/ES;Crescente;Colisão traseira;2;0;0;0;0;0;0;0;0;0;2;0;0;0;0
09/12/2021;19:04:00;156;Sem vítima;317,200;BR-101/ES;Decrescente;Colisão traseira;2;0;1;0;0;0;0;0;0;0;4;0;0;0;0
09/12/2021;19:26:00;159;Com vítima;955,500;BR-101/ES;Decrescente;Atropelamento de pedestre;0;0;0;0;0;0;0;0;0;0;0;0;0;0;1
10/12/2021;08:16:00;51;Com vítima;276,000;BR-101/ES;Crescente;Saída de pista;1;0;0;0;0;0;0;0;0;0;0;0;1;0;0
10/12/2021;11:02:00;93;Sem vítima;241,000;BR-101/ES;Decrescente;Choque;1;0;0;0;0;0;0;0;0;0;1;0;0;0;0
10/12/2021;17:28:00;157;Sem vítima;354,000;BR-101/ES;Crescente;Saída de pista;0;0;1;0;0;0;0;0;0;0;2;0;0;0;0
10/12/2021;21:24:00;196;Sem vítima;130,000;BR-101/ES;Crescente;Colisão lateral no mesmo sentido;0;0;1;0;0;1;0;0;0;0;3;0;0;0;0
11/12/2021;10:04:00;73;Sem vítima;265,000;BR-101/ES;Crescente;Colisão traseira;2;0;0;0;0;0;0;0;0;0;2;0;0;0;0
11/12/2021;12:42:00;100;Com vítima;164,000;BR-101/ES;Crescente;Atropelamento de ciclista;0;1;0;0;0;1;0;0;0;0;1;1;0;0;0
11/12/2021;21:51:00;191;Sem vítima;268,000;BR-101/ES;Decrescente;Colisão traseira;2;0;0;0;0;0;0;0;0;0;4;0;0;0;0
11/12/2021;22:52:00;199;Sem vítima;89,000;BR-101/ES;Crescente;Saída de pista;0;0;1;0;0;0;0;0;0;0;1;0;0;0;0
12/12/2021;11:40:00;82;Sem vítima;422,003;BR-101/ES;Crescente;Choque;1;0;0;0;0;0;0;0;0;0;1;0;0;0;0
12/12/2021;14:10:00;113;Com vítima;248,005;BR-101/ES;Crescente;Colisão traseira;1;0;0;1;0;0;0;0;0;0;1;0;1;0;0
12/12/2021;23:38:00;207;Com vítima;393,000;BR-101/ES;Crescente;Queda de moto;0;0;0;1;0;0;0;0;0;0;0;2;0;0;0
13/12/2021;10:07:00;76;Sem vítima;257,000;BR-101/ES;Decrescente;Colisão traseira;2;0;0;0;0;0;0;0;0;0;3;0;0;0;0
13/12/2021;20:41:00;198;Com vítima;265,400;BR-101/ES;Crescente;Atropelamento de pedestre;1;0;0;0;0;0;0;0;0;0;1;0;0;1;0
13/12/2021;20:50:00;199;Sem vítima;447,000;BR-101/ES;Crescente;Colisão lateral em sentido contrário;1;0;0;0;0;1;0;0;0;0;2;0;0;0;0
14/12/2021;08:34:00;57;Sem vítima;282,000;BR-101/ES;Decrescente;Colisão frontal;2;0;0;0;0;0;0;0;0;0;2;0;0;0;0
15/12/2021;07:01:00;24;Sem vítima;269,000;BR-101/ES;Decrescente;Colisão traseira;1;0;0;1;0;0;0;0;0;0;2;0;0;0;0
15/12/2021;07:08:00;28;Sem vítima;262,000;BR-101/ES;Crescente;Choque;1;0;0;0;0;0;0;0;0;0;1;0;0;0;0
15/12/2021;07:44:00;43;Com vítima;266,005;BR-101/ES;Crescente;Colisão lateral no mesmo sentido;1;0;0;1;0;0;0;0;0;0;1;0;1;0;0
15/12/2021;16:37:00;151;Sem vítima;270,000;BR-101/ES;Decrescente;Colisão lateral no mesmo sentido;1;0;0;0;0;0;0;0;0;0;1;0;0;0;0
15/12/2021;19:07:00;186;Com vítima;269,800;BR-101/ES;Crescente;Queda de moto;0;0;0;1;0;0;0;0;0;0;0;1;0;0;0
16/12/2021;08:56:00;69;Sem vítima;281,000;BR-101/ES;Crescente;Choque;1;0;0;0;0;0;0;0;0;0;1;0;0;0;0
16/12/2021;15:58:00;153;Sem vítima;262,500;BR-101/ES;Decrescente;Colisão traseira;2;0;0;0;0;0;0;0;0;0;2;0;0;0;0
16/12/2021;21:33:00;218;Com vítima;139,000;BR-101/ES;Decrescente;Colisão frontal;1;0;0;1;0;0;0;0;0;0;1;0;1;0;0
16/12/2021;23:49:00;228;Sem vítima;129,100;BR-101/ES;Decrescente;Colisão transversal;1;0;0;0;0;1;0;0;0;0;2;0;0;0;0
17/12/2021;03:10:00;6;Com vítima;140,050;BR-101/ES;Crescente;Queda de moto;0;0;0;1;0;0;0;0;0;0;0;1;0;0;0
17/12/2021;08:51:00;69;Sem vítima;345,000;BR-101/ES;Crescente;Choque;1;0;0;0;0;0;0;0;0;0;1;0;0;0;0
17/12/2021;11:08:00;105;Sem vítima;295,000;BR-101/ES;Decrescente;Choque;0;0;1;0;0;0;0;0;0;0;1;0;0;0;0
17/12/2021;13:10:00;129;Sem vítima;282,000;BR-101/ES;Decrescente;Colisão frontal;0;0;1;0;0;1;0;0;0;0;2;0;0;0;0
17/12/2021;22:50:00;237;Sem vítima;61,000;BR-101/ES;Crescente;Colisão traseira;2;0;0;0;0;0;0;0;0;0;2;0;0;0;0
18/12/2021;09:53:00;68;Sem vítima;448,000;BR-101/ES;Crescente;Saída de pista;1;0;0;0;0;0;0;0;0;0;1;0;0;0;0
18/12/2021;15:59:00;129;Com vítima;148,000;BR-101/ES;Crescente;Colisão traseira;1;0;0;1;0;0;0;0;0;0;1;1;0;0;0
18/12/2021;17:08:00;139;Sem vítima;398,000;BR-101/ES;Decrescente;Acidentes de outra natureza;1;0;0;0;0;0;0;0;0;0;1;0;0;0;0
18/12/2021;18:52:00;160;Sem vítima;147,000;BR-101/ES;Crescente;Colisão traseira;3;0;0;0;0;0;0;0;0;0;3;0;0;0;0
19/12/2021;00:57:00;1;Com vítima;146,000;BR-101/ES;Decrescente;Colisão traseira;2;0;0;0;0;0;0;0;0;0;0;2;0;0;0
19/12/2021;06:56:00;20;Sem vítima;27,100;BR-101/ES;Decrescente;Saída de pista;1;0;0;0;0;0;0;0;0;0;1;0;0;0;0
19/12/2021;09:06:00;48;Sem vítima;442,000;BR-101/ES;Crescente;Choque;1;0;0;0;0;0;0;0;0;0;1;0;0;0;0
20/12/2021;13:39:00;109;Sem vítima;205,000;BR-101/ES;Decrescente;Colisão transversal;2;0;0;0;0;0;0;0;0;0;2;0;0;0;0
20/12/2021;22:01:00;202;Sem vítima;452,000;BR-101/ES;Crescente;Choque;1;0;0;0;0;0;0;0;0;0;1;0;0;0;0
21/12/2021;05:39:00;7;Com vítima;297,000;BR-101/ES;Decrescente;Atropelamento de ciclista;0;0;0;1;0;0;0;0;0;0;0;0;1;0;0
21/12/2021;12:40:00;107;Sem vítima;222,900;BR-101/ES;Crescente;Capotamento;1;0;0;0;0;0;0;0;0;0;1;0;0;0;0
21/12/2021;13:36:00;121;Sem vítima;271,000;BR-101/ES;Crescente;Colisão traseira;0;0;0;0;0;2;0;0;0;0;2;0;0;0;0
21/12/2021;23:53:00;214;Sem vítima;268,500;BR-101/ES;Decrescente;Choque;1;0;0;0;0;0;0;0;0;0;1;0;0;0;0
22/12/2021;01:59:00;12;Sem vítima;418,800;BR-101/ES;Crescente;Colisão lateral em sentido contrário;0;0;2;0;0;0;0;0;0;0;2;0;0;0;0
24/12/2021;09:05:00;61;Sem vítima;31,000;BR-101/ES;Crescente;Colisão transversal;1;0;1;0;0;0;0;0;0;0;2;0;0;0;0
24/12/2021;15:12:00;147;Sem vítima;398,000;BR-101/ES;Decrescente;Colisão traseira;0;0;1;0;0;0;0;0;0;0;1;0;0;0;0
27/12/2021;18:24:00;167;Sem vítima;278,600;BR-101/ES;Crescente;Colisão lateral no mesmo sentido;1;0;0;0;0;1;0;0;0;0;2;0;0;0;0
29/12/2021;18:14:00;166;Sem vítima;252,000;BR-101/ES;Crescente;Colisão traseira;0;0;2;0;0;0;0;0;0;0;2;0;0;0;0
30/12/2021;09:24:00;61;Sem vítima;35,000;BR-101/ES;Decrescente;Saída de pista;1;0;0;0;0;0;0;0;0;0;5;0;0;0;0
30/12/2021;09:38:00;67;Sem vítima;304,000;BR-101/ES;Crescente;Choque;0;0;1;0;0;0;0;0;0;0;1;0;0;0;0
30/12/2021;10:42:00;79;Sem vítima;255,000;BR-101/ES;Crescente;Engavetamento;4;0;0;0;0;0;0;0;0;0;6;0;0;0;0
30/12/2021;11:23:00;85;Com vítima;306,000;BR-101/ES;Crescente;Tombamento;0;0;0;0;0;1;0;0;0;0;0;1;0;0;0
30/12/2021;14:51:00;114;Com vítima;272,000;BR-101/ES;Decrescente;Colisão transversal;1;0;0;0;1;0;0;0;0;0;1;1;0;3;0
30/12/2021;18:20:00;151;Com vítima;138,000;BR-101/ES;Decrescente;Queda de moto;0;0;0;1;0;0;0;0;0;0;0;2;0;0;0
31/12/2021;01:25:00;6;Sem vítima;168,000;BR-101/ES;Decrescente;Saída de pista;1;0;0;0;0;0;0;0;0;0;1;0;0;0;0
31/12/2021;04:28:00;10;Com vítima;43,700;BR-101/ES;Crescente;Choque;1;0;0;0;0;0;0;0;0;0;0;4;0;0;0
31/12/2021;06:02:00;21;Sem vítima;202,000;BR-101/ES;Crescente;Saída de pista;1;0;0;0;0;0;0;0;0;0;2;0;0;0;0
31/12/2021;11:09:00;78;Com vítima;391,000;BR-101/ES;Crescente;Colisão transversal;2;0;0;0;0;0;0;0;0;0;0;7;2;0;0
31/12/2021;12:53:00;93;Com vítima;219,000;BR-101/ES;Crescente;Saída de pista;0;0;1;0;0;0;0;0;0;0;0;0;1;0;0
31/12/2021;13:38:00;97;Com vítima;266,400;BR-101/ES;Crescente;Colisão transversal;1;0;0;1;0;0;0;0;0;0;0;0;2;0;0
31/12/2021;14:18:00;101;Sem vítima;205,150;BR-101/ES;Decrescente;Colisão lateral em sentido contrário;2;0;0;0;0;0;0;0;0;0;5;0;0;0;0
31/12/2021;15:14:00;115;Sem vítima;218,000;BR-101/ES;Decrescente;Saída de pista;1;0;0;0;0;0;0;0;0;0;1;0;0;0;0
31/12/2021;15:19:00;117;Sem vítima;259,000;BR-101/ES;Decrescente;Colisão lateral em sentido contrário;2;0;0;0;0;0;0;0;0;0;3;0;0;0;0
31/12/2021;15:21:00;118;Sem vítima;394,000;BR-101/ES;Decrescente;Colisão traseira;1;0;0;0;0;0;0;0;0;0;1;0;0;0;0
31/12/2021;17:33:00;146;Com vítima;304,500;BR-101/ES;Crescente;Colisão traseira;1;0;0;0;0;0;0;0;0;0;1;0;1;0;0
31/12/2021;18:06:00;149;Com vítima;261,000;BR-101/ES;Crescente;Queda de bicicleta;0;1;0;0;0;0;0;0;0;0;0;0;1;0;0
01/01/2022;00:46:00;4;Com vítima;117,000;BR-101/ES;Decrescente;Saída de pista;0;0;0;0;0;1;0;0;0;0;0;1;0;0;0
01/01/2022;06:25:00;22;Com vítima;446,000;BR-101/ES;Decrescente;Saída de pista;1;0;0;0;0;0;0;0;0;0;0;0;2;0;0
01/01/2022;09:15:00;40;Sem vítima;85,000;BR-101/ES;Decrescente;Colisão traseira;2;0;0;0;0;0;0;0;0;0;2;0;0;0;0
01/01/2022;11:25:00;61;Sem vítima;358,000;BR-101/ES;Decrescente;Colisão traseira;2;0;0;0;0;0;0;0;0;0;6;0;0;0;0
01/01/2022;17:37:00;118;Sem vítima;395,200;BR-101/ES;Decrescente;Choque;0;0;0;0;0;0;0;0;0;1;1;0;0;0;0
02/01/2022;11:17:00;59;Com vítima;282,000;BR-101/ES;Decrescente;Queda de moto;0;0;0;1;0;0;0;0;0;0;0;1;0;0;0