data;horario;n_da_ocorrencia;tipo_de_ocorrencia;km;trecho;sentido;tipo_de_acidente;automovel;bicicleta;caminhao;moto;onibus;outros;tracao_animal;transporte_de_cargas_especiais;trator_maquinas;utilitarios;ilesos;levemente_feridos;moderadamente_feridos;gravemente_feridos;mortos
21/01/2022;06:55:00;30;Com vítima;289,200;BR-101/ES;Crescente;Colisão traseira;0;0;0;0;1;1;0;0;0;0;2;2;0;1;0
21/01/2022;07:57:00;42;Sem vítima;266,000;BR-101/ES;Crescente;Colisão traseira;1;0;0;1;0;0;0;0;0;0;2;0;0;0;0
21/01/2022;08:53:00;58;Sem vítima;66,500;BR-101/ES;Decrescente;Colisão frontal;2;0;0;0;0;0;0;0;0;0;2;0;0;0;0
21/01/2022;09:02:00;60;Com vítima;77,000;BR-101/ES;Decrescente;Colisão traseira;0;0;1;1;0;0;0;0;0;0;2;1;0;0;0
21/01/2022;09:50:00;75;Sem vítima;267,900;BR-101/ES;Decrescente;Engavetamento;2;0;0;0;0;0;0;0;0;0;2;0;0;0;0
21/01/2022;10:40:00;85;Sem vítima;260,100;BR-101/ES;Decrescente;Tombamento;0;0;0;0;0;1;0;0;0;0;1;0;0;0;0
21/01/2022;11:32:00;99;Com vítima;179,000;BR-101/ES;Decrescente;Colisão transversal;1;0;0;1;0;0;0;0;0;0;1;0;0;1;0
21/01/2022;12:30:00;111;Sem vítima;150,100;BR-101/ES;Decrescente;Colisão traseira;1;0;1;0;0;0;0;0;0;0;2;0;0;0;0
21/01/2022;13:15:00;119;Sem vítima;241,000;BR-101/ES;Crescente;Colisão lateral no mesmo sentido;1;0;0;0;0;1;0;0;0;0;2;0;0;0;0
21/01/2022;16:39:00;174;Com vítima;127,000;BR-101/ES;Crescente;Colisão traseira;1;0;0;1;0;0;0;0;0;0;1;1;0;0;0
21/01/2022;18:05:00;193;Sem vítima;238,000;BR-101/ES;Decrescente;Colisão lateral no mesmo sentido;1;0;0;1;0;0;0;0;0;0;2;0;0;0;0
21/01/2022;19:17:00;206;Com vítima;361,000;BR-101/ES;Crescente;Queda de moto;0;0;0;1;0;0;0;0;0;0;0;1;0;0;0
21/01/2022;22:42:00;238;Sem vítima;320,000;BR-101/ES;Crescente;Choque;0;0;0;0;0;1;0;0;0;0;1;0;0;0;0
22/01/2022;06:10:00;34;Sem vítima;243,000;BR-101/ES;Crescente;Choque;0;0;0;1;0;0;0;0;0;0;2;0;0;0;0
22/01/2022;07:23:00;47;Sem vítima;316,000;BR-101/ES;Decrescente;Choque;1;0;0;0;0;0;0;0;0;0;1;0;0;0;0
22/01/2022;14:34:00;119;Sem vítima;399,700;BR-101/ES;Decrescente;Colisão traseira;2;0;0;0;0;0;0;0;0;0;3;0;0;0;0
22/01/2022;15:21:00;123;Com vítima;246,500;BR-101/ES;Crescente;Saída de pista;0;0;0;0;0;1;0;0;0;0;0;1;0;0;0
22/01/2022;19:13:00;151;Com vítima;67,000;BR-101/ES;Decrescente;Queda de moto;0;0;0;1;0;0;0;0;0;0;0;0;1;0;0
22/01/2022;19:56:00;158;Com vítima;941,000;BR-101/ES;Crescente;Colisão transversal;1;0;0;0;0;1;0;0;0;0;1;1;0;0;0
22/01/2022;23:24:00;172;Sem vítima;294,300;BR-101/ES;Decrescente;Colisão traseira;1;0;1;0;0;0;0;0;0;0;2;0;0;0;0
23/01/2022;01:41:00;4;Com vítima;441,000;BR-101/ES;Crescente;Queda de moto;0;0;0;1;0;0;0;0;0;0;0;1;0;0;0
23/01/2022;02:14:00;5;Sem vítima;149,000;BR-101/ES;Decrescente;Colisão lateral no mesmo sentido;2;0;0;0;0;0;0;0;0;0;3;0;0;0;0
23/01/2022;09:27:00;55;Com vítima;261,000;BR-101/ES;Decrescente;Tombamento;1;0;1;0;0;0;0;0;0;0;0;2;1;0;0
23/01/2022;13:06:00;91;Sem vítima;265,500;BR-101/ES;Decrescente;Colisão traseira;2;0;0;0;0;0;0;0;0;0;3;0;0;0;0
23/01/2022;13:53:00;97;Sem vítima;247,000;BR-101/ES;Decrescente;Colisão lateral em sentido contrário;2;0;0;0;0;0;0;0;0;0;2;0;0;0;0
23/01/2022;14:51:00;103;Com vítima;947,000;BR-101/ES;Decrescente;Queda de moto;0;0;0;1;0;0;0;0;0;0;0;0;1;0;0
23/01/2022;22:12:00;158;Com vítima;266,000;BR-101/ES;Crescente;Saída de pista;1;0;0;0;0;0;0;0;0;0;0;2;2;0;0
24/01/2022;07:34:00;41;Com vítima;285,008;BR-101/ES;Decrescente;Colisão traseira;0;0;1;1;0;0;0;0;0;0;1;1;0;0;0
24/01/2022;09:24:00;76;Com vítima;204,400;BR-101/ES;Decrescente;Colisão lateral no mesmo sentido;0;0;0;1;0;0;0;0;0;0;0;1;0;0;0
24/01/2022;12:23:00;120;Sem vítima;241,000;BR-101/ES;Crescente;Colisão traseira;1;0;0;0;0;0;0;0;0;0;1;0;0;0;0
24/01/2022;13:37:00;127;Com vítima;232,500;BR-101/ES;Decrescente;Colisão lateral em sentido contrário;0;0;1;0;1;0;0;0;0;0;4;2;0;0;0
24/01/2022;15:20:00;143;Sem vítima;298,000;BR-101/ES;Crescente;Colisão transversal;1;0;0;0;0;1;0;0;0;0;2;0;0;0;0
24/01/2022;15:38:00;146;Com vítima;442,000;BR-101/ES;Decrescente;Colisão transversal;2;0;0;0;0;0;0;0;0;0;3;0;0;1;0
25/01/2022;09:24:00;78;Sem vítima;264,000;BR-101/ES;Decrescente;Colisão lateral no mesmo sentido;1;0;0;1;0;0;0;0;0;0;3;0;0;0;0
25/01/2022;09:59:00;91;Sem vítima;317,200;BR-101/ES;Decrescente;Choque;1;0;0;0;0;0;0;0;0;0;4;0;0;0;0
25/01/2022;11:03:00;105;Sem vítima;148,500;BR-101/ES;Decrescente;Engavetamento;3;0;0;0;0;0;0;0;0;0;3;0;0;0;0
25/01/2022;15:25:00;157;Com vítima;355,800;BR-101/ES;Decrescente;Colisão lateral no mesmo sentido;1;0;0;1;0;0;0;0;0;0;1;0;1;0;0
25/01/2022;15:38:00;162;Sem vítima;355,800;BR-101/ES;Crescente;Engavetamento;1;0;1;0;0;1;0;0;0;0;3;0;0;0;0
25/01/2022;19:24:00;196;Com vítima;240,000;BR-101/ES;Crescente;Colisão transversal;1;0;1;0;0;0;0;0;0;0;1;0;1;0;0
25/01/2022;22:10:00;214;Com vítima;293,000;BR-101/ES;Decrescente;Queda de moto;0;0;0;1;0;0;0;0;0;0;0;0;1;0;0
26/01/2022;07:25:00;27;Com vítima;270,800;BR-101/ES;Crescente;Colisão traseira;1;0;0;1;0;0;0;0;0;0;1;0;1;0;0
26/01/2022;09:51:00;57;Sem vítima;206,200;BR-101/ES;Decrescente;Choque;1;0;0;0;0;0;0;0;0;0;3;0;0;0;0
26/01/2022;15:49:00;123;Sem vítima;422,000;BR-101/ES;Crescente;Colisão traseira;0;0;1;0;0;1;0;0;0;0;3;0;0;0;0
26/01/2022;17:30:00;144;Sem vítima;373,000;BR-101/ES;Decrescente;Colisão lateral no mesmo sentido;1;0;0;0;0;1;0;0;0;0;4;0;0;0;0
26/01/2022;18:27:00;157;Sem vítima;314,000;BR-101/ES;Decrescente;Choque;1;0;0;0;0;0;0;0;0;0;1;0;0;0;0
26/01/2022;20:58:00;176;Com vítima;447,000;BR-101/ES;Crescente;Capotamento;0;0;0;0;0;0;0;0;0;1;0;2;0;0;0
27/01/2022;02:42:00;11;Com vítima;450,000;BR-101/ES;Decrescente;Saída de pista;0;0;0;0;0;1;0;0;0;0;0;0;0;0;1
27/01/2022;04:49:00;18;Sem vítima;180,000;BR-101/ES;Decrescente;Saída de pista;1;0;0;0;0;0;0;0;0;0;1;0;0;0;0
27/01/2022;07:03:00;23;Com vítima;292,000;BR-101/ES;Decrescente;Queda de moto;0;0;0;1;0;0;0;0;0;0;0;1;0;0;0
27/01/2022;12:05:00;77;Sem vítima;68,000;BR-101/ES;Decrescente;Engavetamento;1;0;2;0;0;0;0;0;0;2;7;0;0;0;0
27/01/2022;17:50:00;140;Com vítima;267,700;BR-101/ES;Crescente;Atropelamento de pedestre;0;0;0;0;0;0;0;0;0;0;0;0;0;1;0
27/01/2022;19:03:00;150;Sem vítima;141,000;BR-101/ES;Decrescente;Colisão traseira;2;0;0;0;0;0;0;0;0;0;2;0;0;0;0
28/01/2022;10:33:00;73;Com vítima;199,250;BR-101/ES;Decrescente;Colisão traseira;1;0;0;0;0;1;0;0;0;0;1;0;0;0;1
28/01/2022;10:42:00;75;Sem vítima;425,000;BR-101/ES;Decrescente;Saída de pista;1;0;0;0;0;0;0;0;0;0;1;0;0;0;0
28/01/2022;13:38:00;100;Sem vítima;264,000;BR-101/ES;Crescente;Colisão traseira;1;0;1;0;0;0;0;0;0;0;2;0;0;0;0
28/01/2022;14:54:00;116;Sem vítima;285,000;BR-101/ES;Decrescente;Colisão traseira;2;0;0;0;0;1;0;0;0;0;3;0;0;0;0
28/01/2022;16:21:00;135;Sem vítima;106,000;BR-101/ES;Decrescente;Engavetamento;1;0;1;0;0;1;0;0;0;0;4;0;0;0;0
28/01/2022;16:45:00;137;Com vítima;270,000;BR-101/ES;Decrescente;Colisão lateral no mesmo sentido;0;0;0;1;0;1;0;0;0;0;1;0;1;0;0
28/01/2022;17:10:00;143;Com vítima;269,000;BR-101/ES;Crescente;Queda de moto;0;0;0;1;0;0;0;0;0;0;0;0;1;0;0
28/01/2022;18:10:00;155;Sem vítima;298,000;BR-101/ES;Crescente;Engavetamento;3;0;0;0;0;0;0;0;0;0;3;0;0;0;0
29/01/2022;05:36:00;16;Com vítima;300,200;BR-101/ES;Decrescente;Atropelamento de pedestre;0;0;0;0;0;1;0;0;0;0;2;0;0;0;1
29/01/2022;06:11:00;18;Com vítima;126,400;BR-101/ES;Decrescente;Queda de moto;0;0;0;1;0;0;0;0;0;0;0;4;0;0;0
29/01/2022;07:53:00;38;Com vítima;58,000;BR-101/ES;Crescente;Queda de moto;0;0;0;1;0;0;0;0;0;0;0;4;0;0;0
29/01/2022;14:37:00;128;Sem vítima;101,400;BR-101/ES;Crescente;Colisão traseira;0;0;1;0;0;1;0;0;0;0;4;0;0;0;0
29/01/2022;18:46:00;175;Com vítima;125,300;BR-101/ES;Crescente;Atropelamento de ciclista;0;1;0;0;0;1;0;0;0;0;2;0;4;0;0
29/01/2022;19:55:00;189;Com vítima;324,100;BR-101/ES;Crescente;Colisão frontal;1;0;0;1;0;0;0;0;0;0;1;0;0;1;0
29/01/2022;20:42:00;197;Com vítima;293,600;BR-101/ES;Crescente;Queda de moto;0;0;0;1;0;0;0;0;0;0;0;0;2;0;0
30/01/2022;02:39:00;10;Com vítima;219,000;BR-101/ES;Crescente;Atropelamento de animal;1;0;0;0;0;0;0;0;0;0;0;0;1;0;0
30/01/2022;12:38:00;64;Com vítima;291,700;BR-101/ES;Crescente;Queda de moto;0;0;0;1;0;0;0;0;0;0;1;0;1;0;0
30/01/2022;14:27:00;88;Sem vítima;219,100;BR-101/ES;Decrescente;Colisão lateral no mesmo sentido;1;0;0;0;0;1;0;0;0;0;5;0;0;0;0
30/01/2022;14:37:00;94;Com vítima;286,800;BR-101/ES;Decrescente;Saída de pista;1;0;0;0;0;0;0;0;0;0;1;0;1;0;0
30/01/2022;14:59:00;97;Sem vítima;287,100;BR-101/ES;Decrescente;Saída de pista;1;0;0;0;0;0;0;0;0;0;1;0;0;0;0
30/01/2022;15:57:00;108;Sem vítima;353,000;BR-101/ES;Crescente;Queda de moto;0;0;0;1;0;0;0;0;0;0;2;0;0;0;0
30/01/2022;16:23:00;113;Sem vítima;197,000;BR-101/ES;Decrescente;Saída de pista;1;0;0;0;0;0;0;0;0;0;1;0;0;0;0
30/01/2022;16:48:00;121;Com vítima;369,000;BR-101/ES;Decrescente;Atropelamento de ciclista;0;1;1;0;0;0;0;0;0;0;1;0;0;0;1
30/01/2022;19:02:00;148;Com vítima;285,000;BR-101/ES;Crescente;Queda de moto;0;0;0;1;0;0;0;0;0;0;0;1;0;0;0
30/01/2022;19:54:00;158;Sem vítima;124,000;BR-101/ES;Decrescente;Colisão traseira;2;0;0;0;0;0;0;0;0;0;7;0;0;0;0
31/01/2022;05:06:00;18;Sem vítima;282,000;BR-101/ES;Decrescente;Choque;2;0;0;0;0;0;0;0;0;0;2;0;0;0;0
31/01/2022;09:22:00;52;Com vítima;176,002;BR-101/ES;Decrescente;Queda de moto;0;0;0;1;0;0;0;0;0;0;0;0;1;0;0
31/01/2022;10:12:00;58;Sem vítima;212,000;BR-101/ES;Decrescente;Saída de pista;1;0;0;0;0;0;0;0;0;0;4;0;0;0;0
31/01/2022;15:21:00;121;Com vítima;418,000;BR-101/ES;Decrescente;Colisão frontal;2;0;0;0;0;0;0;0;0;0;7;1;0;0;0
31/01/2022;20:38:00;171;Sem vítima;272,000;BR-101/ES;Crescente;Choque;1;0;0;0;0;0;0;0;0;0;1;0;0;0;0
01/02/2022;08:19:00;42;Sem vítima;267,000;BR-101/ES;Decrescente;Colisão lateral no mesmo sentido;1;0;1;0;0;0;0;0;0;0;2;0;0;0;0
01/02/2022;08:24:00;44;Com vítima;264,000;BR-101/ES;Decrescente;Colisão traseira;1;0;0;1;0;0;0;0;0;0;1;1;1;0;0
01/02/2022;10:11:00;63;Sem vítima;297,000;BR-101/ES;Crescente;Colisão traseira;1;0;1;0;0;1;0;0;0;0;3;0;0;0;0
01/02/2022;13:57:00;105;Sem vítima;436,000;BR-101/ES;Decrescente;Saída de pista;0;0;1;0;0;0;0;0;0;0;2;0;0;0;0
01/02/2022;14:16:00;110;Sem vítima;262,000;BR-101/ES;Crescente;Colisão traseira;2;0;0;0;0;0;0;0;0;0;2;0;0;0;0
01/02/2022;18:35:00;152;Com vítima;270,800;BR-101/ES;Crescente;Colisão lateral no mesmo sentido;0;0;0;1;0;0;0;0;0;0;0;0;1;0;0
01/02/2022;21:36:00;169;Com vítima;260,600;BR-101/ES;Crescente;Colisão lateral em sentido contrário;1;0;0;0;0;1;0;0;0;0;1;0;1;0;0
02/02/2022;02:05:00;5;Sem vítima;176,000;BR-101/ES;Decrescente;Colisão traseira;0;0;1;0;0;1;0;0;0;0;2;0;0;0;0
02/02/2022;06:23:00;17;Com vítima;269,900;BR-101/ES;Decrescente;Colisão transversal;0;0;0;1;1;0;0;0;0;0;1;0;1;0;0
02/02/2022;11:28:00;85;Sem vítima;271,000;BR-101/ES;Crescente;Colisão transversal;1;0;0;0;0;0;0;0;0;1;2;0;0;0;0
02/02/2022;13:16:00;100;Sem vítima;246,800;BR-101/ES;Decrescente;Acidentes de outra natureza;1;0;0;0;0;0;0;0;0;0;1;0;0;0;0
02/02/2022;16:29:00;135;Com vítima;202,980;BR-101/ES;Crescente;Colisão transversal;1;0;0;1;0;0;0;0;0;0;1;0;1;0;0
03/02/2022;01:32:00;3;Sem vítima;413,000;BR-101/ES;Decrescente;Choque;1;0;0;0;0;0;0;0;0;0;1;0;0;0;0
03/02/2022;06:48:00;21;Com vítima;264,400;BR-101/ES;Decrescente;Colisão lateral no mesmo sentido;1;0;0;2;0;0;0;0;0;0;2;0;2;0;0
03/02/2022;07:00:00;25;Sem vítima;274,200;BR-101/ES;Crescente;Colisão lateral no mesmo sentido;2;0;0;0;0;0;0;0;0;0;2;0;0;0;0
03/02/2022;08:07:00;47;Sem vítima;262,600;BR-101/ES;Decrescente;Colisão traseira;2;0;0;0;0;0;0;0;0;0;3;0;0;0;0
03/02/2022;08:24:00;49;Sem vítima;18,900;BR-101/ES;Crescente;Colisão lateral em sentido contrário;1;0;0;0;0;1;0;0;0;0;3;0;0;0;0
03/02/2022;14:13:00;100;Com vítima;139,400;BR-101/ES;Crescente;Queda de moto;0;0;0;1;0;0;0;0;0;0;0;2;0;0;0
03/02/2022;14:32:00;102;Sem vítima;258,500;BR-101/ES;Crescente;Choque;1;0;0;0;0;0;0;0;0;0;2;0;0;0;0
03/02/2022;16:23:00;121;Sem vítima;270,000;BR-101/ES;Crescente;Colisão traseira;1;0;0;0;0;1;0;0;0;0;2;0;0;0;0
03/02/2022;18:03:00;138;Com vítima;213,000;BR-101/ES;Decrescente;Colisão traseira;0;0;0;2;0;0;0;0;0;0;3;0;1;0;0
03/02/2022;20:14:00;158;Com vítima;135,900;BR-101/ES;Decrescente;Colisão transversal;0;0;0;1;0;0;0;0;0;0;0;1;1;0;0
03/02/2022;20:28:00;161;Sem vítima;189,000;BR-101/ES;Crescente;Saída de pista;1;0;0;0;0;0;0;0;0;0;2;0;0;0;0
03/02/2022;20:48:00;164;Com vítima;66,000;BR-101/ES;Decrescente;Atropelamento de ciclista;0;1;0;0;0;1;0;0;0;0;1;0;1;0;0
04/02/2022;04:47:00;14;Sem vítima;289,900;BR-101/ES;Decrescente;Choque;1;0;0;0;0;0;0;0;0;0;1;0;0;0;0
04/02/2022;05:18:00;18;Sem vítima;313,000;BR-101/ES;Crescente;Tombamento;0;0;1;0;0;0;0;0;0;0;1;0;0;0;0
04/02/2022;09:27:00;69;Com vítima;276,400;BR-101/ES;Decrescente;Colisão traseira;1;0;0;1;0;0;0;0;0;0;1;1;0;0;0
04/02/2022;10:08:00;72;Com vítima;204,000;BR-101/ES;Crescente;Colisão lateral no mesmo sentido;1;0;0;1;0;0;0;0;0;0;1;1;0;0;0
04/02/2022;10:23:00;77;Com vítima;282,800;BR-101/ES;Crescente;Colisão frontal;0;0;0;1;0;0;0;0;0;0;0;0;1;0;0
04/02/2022;22:46:00;205;Sem vítima;171,700;BR-101/ES;Decrescente;Choque;1;0;0;0;0;0;0;0;0;0;1;0;0;0;0
04/02/2022;23:23:00;208;Com vítima;77,000;BR-101/ES;Decrescente;Colisão traseira;0;0;0;1;0;0;0;0;0;0;0;1;0;0;0
04/02/2022;23:26:00;211;Sem vítima;70,500;BR-101/ES;Decrescente;Atropelamento de animal;1;0;0;0;0;0;0;0;0;0;1;0;0;0;0
05/02/2022;05:47:00;18;Sem vítima;302,000;BR-101/ES;Crescente;Tombamento;0;0;1;0;0;0;0;0;0;0;1;0;0;0;0
05/02/2022;07:21:00;25;Sem vítima;265,000;BR-101/ES;Crescente;Colisão traseira;2;0;0;0;0;0;0;0;0;0;2;0;0;0;0
05/02/2022;07:36:00;28;Com vítima;203,200;BR-101/ES;Crescente;Colisão traseira;1;0;0;1;0;0;0;0;0;0;1;1;0;0;0
05/02/2022;10:00:00;59;Sem vítima;288,000;BR-101/ES;Crescente;Colisão lateral no mesmo sentido;1;0;1;0;0;0;0;0;0;0;2;0;0;0;0
05/02/2022;11:03:00;77;Sem vítima;291,000;BR-101/ES;Crescente;Colisão lateral no mesmo sentido;1;0;1;0;0;0;0;0;0;0;2;0;0;0;0
05/02/2022;11:26:00;83;Com vítima;67,000;BR-101/ES;Decrescente;Colisão transversal;1;0;1;0;0;0;0;0;0;0;2;2;0;0;0
05/02/2022;12:54:00;98;Com vítima;309,000;BR-101/ES;Crescente;Queda de moto;0;0;0;1;0;0;0;0;0;0;0;0;1;0;0
05/02/2022;14:00:00;108;Sem vítima;307,000;BR-101/ES;Crescente;Saída de pista;1;0;0;0;0;0;0;0;0;0;1;0;0;0;0
05/02/2022;14:03:00;109;Sem vítima;289,000;BR-101/ES;Crescente;Colisão traseira;1;0;0;0;0;0;0;0;0;0;1;0;0;0;0
05/02/2022;15:50:00;124;Sem vítima;66,000;BR-101/ES;Crescente;Colisão traseira;2;0;0;1;0;0;0;0;0;0;7;0;0;0;0
05/02/2022;17:31:00;136;Com vítima;99,000;BR-101/ES;Crescente;Colisão traseira;0;0;0;1;0;0;0;0;0;0;1;0;1;0;0
05/02/2022;19:14:00;145;Com vítima;62,000;BR-101/ES;Decrescente;Atropelamento de ciclista;0;1;0;0;0;0;0;0;0;0;0;0;1;0;0
05/02/2022;19:39:00;154;Com vítima;23,000;BR-101/ES;Crescente;Queda de moto;0;0;0;1;0;0;0;0;0;0;0;1;0;0;0
05/02/2022;20:39:00;161;Com vítima;431,200;BR-101/ES;Decrescente;Colisão lateral em sentido contrário;1;0;0;0;0;2;0;0;0;0;2;0;1;0;0
06/02/2022;02:40:00;7;Sem vítima;380,000;BR-101/ES;Decrescente;Saída de pista;1;0;0;0;0;0;0;0;0;0;1;0;0;0;0
06/02/2022;14:47:00;99;Sem vítima;104,500;BR-101/ES;Decrescente;Queda de moto;0;0;0;1;0;0;0;0;0;0;2;0;0;0;0
06/02/2022;21:03:00;170;Com vítima;286,500;BR-101/ES;Crescente;Choque;2;0;0;0;0;0;0;0;0;0;1;0;1;0;0
06/02/2022;22:25:00;173;Com vítima;231,000;BR-101/ES;Decrescente;Colisão lateral em sentido contrário;2;0;1;0;0;0;0;0;0;0;3;1;0;0;0
06/02/2022;23:02:00;176;Com vítima;391,000;BR-101/ES;Decrescente;Queda de moto;0;0;0;1;0;0;0;0;0;0;0;1;0;0;0
07/02/2022;05:07:00;12;Com vítima;135,900;BR-101/ES;Crescente;Atropelamento de animal;1;0;0;0;0;0;0;0;0;0;2;0;1;0;0
07/02/2022;06:35:00;25;Com vítima;198,700;BR-101/ES;Decrescente;Saída de pista;1;0;0;0;0;0;0;0;0;0;0;1;0;0;0
07/02/2022;07:01:00;31;Sem vítima;207,000;BR-101/ES;Crescente;Colisão traseira;1;0;1;0;0;0;0;0;0;0;2;0;0;0;0
07/02/2022;07:55:00;45;Com vítima;270,100;BR-101/ES;Decrescente;Queda de moto;0;0;0;1;0;0;0;0;0;0;0;0;1;0;0
07/02/2022;12:27:00;112;Com vítima;299,000;BR-101/ES;Decrescente;Colisão lateral no mesmo sentido;0;0;0;1;0;0;0;0;0;0;0;1;0;0;0
07/02/2022;15:24:00;155;Com vítima;388,100;BR-101/ES;Decrescente;Colisão lateral em sentido contrário;0;0;1;0;0;1;0;0;0;0;1;1;0;0;0
07/02/2022;15:51:00;161;Com vítima;67,600;BR-101/ES;Decrescente;Colisão lateral no mesmo sentido;1;0;0;1;0;0;0;0;0;0;3;0;1;0;0
07/02/2022;17:12:00;188;Com vítima;65,500;BR-101/ES;Crescente;Colisão traseira;0;0;0;1;0;0;0;0;0;1;2;1;0;0;0
07/02/2022;18:05:00;198;Sem vítima;270,000;BR-101/ES;Decrescente;Colisão lateral no mesmo sentido;1;0;1;0;0;0;0;0;0;0;2;0;0;0;0
07/02/2022;18:43:00;205;Com vítima;142,300;BR-101/ES;Crescente;Atropelamento de ciclista;0;1;0;0;0;0;0;0;0;0;0;0;1;0;0
07/02/2022;20:51:00;226;Com vítima;142,000;BR-101/ES;Decrescente;Queda de moto;0;0;0;1;0;0;0;0;0;0;0;0;1;0;0
08/02/2022;07:58:00;53;Com vítima;137,000;BR-101/ES;Crescente;Queda de moto;0;0;0;1;0;0;0;0;0;0;0;1;0;0;0
08/02/2022;09:53:00;83;Sem vítima;255,400;BR-101/ES;Crescente;Colisão traseira;2;0;0;0;0;0;0;0;0;0;3;0;0;0;0
08/02/2022;13:50:00;119;Sem vítima;241,000;BR-101/ES;Crescente;Colisão traseira;1;0;1;0;0;0;0;0;0;0;2;0;0;0;0
08/02/2022;15:43:00;137;Sem vítima;214,000;BR-101/ES;Crescente;Colisão traseira;1;0;1;0;0;0;0;0;0;0;5;0;0;0;0
08/02/2022;18:53:00;178;Com vítima;88,000;BR-101/ES;Decrescente;Queda de moto;0;0;0;1;0;0;0;0;0;0;0;2;0;0;0
08/02/2022;21:01:00;193;Sem vítima;294,800;BR-101/ES;Decrescente;Engavetamento;3;0;0;0;0;0;0;0;0;0;3;0;0;0;0
09/02/2022;11:47:00;80;Com vítima;65,000;BR-101/ES;Crescente;Atropelamento de pedestre;1;0;0;0;0;0;0;0;0;0;2;0;1;0;0
09/02/2022;11:57:00;82;Com vítima;120,800;BR-101/ES;Decrescente;Choque;1;0;0;1;0;0;0;0;0;0;3;0;1;0;0
09/02/2022;19:33:00;150;Sem vítima;277,000;BR-101/ES;Crescente;Saída de pista;1;0;0;0;0;0;0;0;0;0;1;0;0;0;0
09/02/2022;19:34:00;151;Sem vítima;290,000;BR-101/ES;Crescente;Colisão traseira;0;0;0;1;0;0;0;0;0;1;2;0;0;0;0
09/02/2022;20:17:00;154;Com vítima;271,000;BR-101/ES;Decrescente;Colisão traseira;0;0;0;2;0;0;0;0;0;0;1;1;0;0;0
09/02/2022;22:16:00;167;Sem vítima;28,900;BR-101/ES;Decrescente;Tombamento;0;0;0;0;0;1;0;0;0;0;1;0;0;0;0
10/02/2022;04:13:00;15;Com vítima;266,300;BR-101/ES;Crescente;Colisão traseira;1;0;1;0;0;0;0;0;0;0;1;0;1;0;0
10/02/2022;06:36:00;21;Com vítima;163,500;BR-101/ES;Crescente;Saída de pista;0;0;1;0;0;0;0;0;0;0;0;1;0;0;0
10/02/2022;09:04:00;66;Sem vítima;241,000;BR-101/ES;Crescente;Saída de pista;1;0;0;0;0;0;0;0;0;0;1;0;0;0;0
10/02/2022;09:58:00;79;Sem vítima;101,600;BR-101/ES;Decrescente;Choque;0;0;1;0;0;0;0;0;0;0;2;0;0;0;0
10/02/2022;12:23:00;101;Sem vítima;216,000;BR-101/ES;Crescente;Colisão traseira;0;0;2;0;0;0;0;0;0;0;2;0;0;0;0
10/02/2022;12:40:00;105;Sem vítima;250,900;BR-101/ES;Decrescente;Colisão lateral no mesmo sentido;1;0;0;0;0;1;0;0;0;0;2;0;0;0;0
10/02/2022;13:27:00;109;Com vítima;270,500;BR-101/ES;Decrescente;Colisão transversal;1;0;0;1;0;0;0;0;0;0;1;0;1;0;0
10/02/2022;17:44:00;161;Sem vítima;339,000;BR-101/ES;Decrescente;Saída de pista;1;0;0;0;0;0;0;0;0;0;1;0;0;0;0
10/02/2022;19:18:00;177;Com vítima;254,000;BR-101/ES;Crescente;Colisão transversal;1;0;0;1;0;0;0;0;0;0;1;0;1;0;0
10/02/2022;21:19:00;195;Sem vítima;273,300;BR-101/ES;Decrescente;Colisão transversal;2;0;0;0;0;0;0;0;0;0;2;0;0;0;0
11/02/2022;05:18:00;21;Sem vítima;452,000;BR-101/ES;Decrescente;Colisão traseira;0;0;0;0;0;2;0;0;0;0;2;0;0;0;0
11/02/2022;05:20:00;22;Sem vítima;270,000;BR-101/ES;Decrescente;Saída de pista;1;0;0;0;0;0;0;0;0;0;1;0;0;0;0
11/02/2022;06:50:00;38;Com vítima;298,000;BR-101/ES;Decrescente;Colisão traseira;1;0;1;0;0;0;0;0;0;0;2;0;1;0;0
11/02/2022;09:01:00;67;Com vítima;208,000;BR-101/ES;Crescente;Saída de pista;1;0;0;0;0;0;0;0;0;0;0;1;0;0;0
11/02/2022;13:38:00;126;Sem vítima;281,500;BR-101/ES;Decrescente;Colisão lateral no mesmo sentido;1;0;0;0;0;0;0;0;0;0;1;0;0;0;0
11/02/2022;13:43:00;128;Sem vítima;285,900;BR-101/ES;Crescente;Choque;1;0;0;0;0;0;0;0;0;0;1;0;0;0;0
11/02/2022;14:13:00;133;Com vítima;258,500;BR-101/ES;Decrescente;Choque;1;0;0;0;0;0;0;0;0;0;0;1;0;0;0
11/02/2022;15:33:00;150;Com vítima;146,800;BR-101/ES;Decrescente;Colisão traseira;1;0;0;1;0;0;0;0;0;0;3;1;0;0;0
11/02/2022;17:27:00;173;Sem vítima;145,000;BR-101/ES;Decrescente;Engavetamento;3;0;0;0;0;0;0;0;0;0;3;0;0;0;0
11/02/2022;17:41:00;178;Sem vítima;302,000;BR-101/ES;Decrescente;Colisão traseira;1;0;0;0;0;0;0;0;0;0;1;0;0;0;0