data;horario;n_da_ocorrencia;tipo_de_ocorrencia;km;trecho;sentido;tipo_de_acidente;automovel;bicicleta;caminhao;moto;onibus;outros;tracao_animal;transporte_de_cargas_especiais;trator_maquinas;utilitarios;ilesos;levemente_feridos;moderadamente_feridos;gravemente_feridos;mortos
11/02/2022;17:49:00;182;Com vítima;186,500;BR-101/ES;Crescente;Colisão lateral no mesmo sentido;1;0;0;1;0;0;0;0;0;0;2;0;0;0;1
11/02/2022;18:44:00;187;Com vítima;377,000;BR-101/ES;Crescente;Queda de moto;0;0;0;1;0;0;0;0;0;0;0;1;0;0;0
11/02/2022;19:52:00;207;Sem vítima;120,000;BR-101/ES;Decrescente;Colisão traseira;2;0;0;0;0;0;0;0;0;0;5;0;0;0;0
11/02/2022;21:09:00;222;Sem vítima;348,000;BR-101/ES;Decrescente;Colisão traseira;1;0;0;0;0;0;0;0;0;0;3;0;0;0;0
11/02/2022;23:16:00;234;Com vítima;256,300;BR-101/ES;Crescente;Atropelamento de pedestre;0;0;0;0;1;0;0;0;0;0;1;0;0;1;0
12/02/2022;08:37:00;58;Com vítima;145,000;BR-101/ES;Decrescente;Colisão lateral no mesmo sentido;1;0;0;1;0;0;0;0;0;0;1;1;0;0;0
12/02/2022;08:48:00;61;Com vítima;208,006;BR-101/ES;Decrescente;Colisão lateral no mesmo sentido;2;0;0;0;0;0;0;0;0;0;5;1;0;0;0
12/02/2022;11:47:00;91;Com vítima;300,000;BR-101/ES;Crescente;Queda de moto;0;0;0;1;0;0;0;0;0;0;1;0;2;0;0
12/02/2022;12:18:00;96;Com vítima;259,000;BR-101/ES;Crescente;Colisão traseira;1;0;0;0;1;0;0;0;0;0;2;1;0;0;0
12/02/2022;18:14:00;146;Com vítima;140,000;BR-101/ES;Decrescente;Colisão traseira;1;0;0;1;0;0;0;0;0;0;4;1;0;0;0
12/02/2022;20:18:00;161;Com vítima;240,000;BR-101/ES;Decrescente;Colisão lateral em sentido contrário;2;0;0;0;0;0;0;0;0;0;3;0;2;0;0
12/02/2022;22:34:00;179;Sem vítima;260,000;BR-101/ES;Decrescente;Colisão traseira;2;0;0;0;0;0;0;0;0;0;3;0;0;0;0
13/02/2022;05:17:00;14;Com vítima;265,300;BR-101/ES;Decrescente;Queda de moto;0;0;0;1;0;0;0;0;0;0;0;1;0;0;0
13/02/2022;07:14:00;21;Com vítima;255,500;BR-101/ES;Crescente;Colisão transversal;1;0;0;0;0;1;0;0;0;0;1;1;0;0;0
13/02/2022;12:09:00;53;Sem vítima;262,005;BR-101/ES;Crescente;Choque;1;0;0;0;0;0;0;0;0;0;4;0;0;0;0
13/02/2022;14:07:00;66;Com vítima;293,500;BR-101/ES;Decrescente;Queda de moto;0;0;0;1;0;0;0;0;0;0;0;0;1;0;0
13/02/2022;16:46:00;85;Sem vítima;207,000;BR-101/ES;Crescente;Saída de pista;1;0;0;0;0;0;0;0;0;0;1;0;0;0;0
13/02/2022;17:44:00;101;Com vítima;208,000;BR-101/ES;Crescente;Colisão transversal;2;0;0;0;0;0;0;0;0;0;4;1;1;0;0
13/02/2022;22:34:00;126;Sem vítima;280,700;BR-101/ES;Crescente;Choque;1;0;0;0;0;0;0;0;0;0;1;0;0;0;0
14/02/2022;00:04:00;1;Com vítima;350,000;BR-101/ES;Crescente;Colisão traseira;0;0;0;1;0;0;0;0;0;0;0;0;1;0;0
14/02/2022;03:00:00;10;Sem vítima;159,000;BR-101/ES;Crescente;Acidentes de outra natureza;1;0;0;0;0;0;0;0;0;0;1;0;0;0;0
14/02/2022;06:16:00;21;Sem vítima;194,800;BR-101/ES;Decrescente;Saída de pista;1;0;0;0;0;0;0;0;0;0;2;0;0;0;0
14/02/2022;10:05:00;60;Sem vítima;257,800;BR-101/ES;Decrescente;Colisão traseira;2;0;0;0;0;0;0;0;0;0;4;0;0;0;0
14/02/2022;12:04:00;94;Sem vítima;307,000;BR-101/ES;Decrescente;Choque;0;0;0;0;0;0;0;0;0;1;1;0;0;0;0
14/02/2022;13:38:00;107;Com vítima;100,200;BR-101/ES;Crescente;Colisão transversal;0;0;1;1;0;0;0;0;0;0;2;0;1;0;0
14/02/2022;15:27:00;126;Sem vítima;276,000;BR-101/ES;Decrescente;Tombamento;1;0;0;0;0;0;0;0;0;0;1;0;0;0;0
14/02/2022;15:54:00;134;Sem vítima;160,000;BR-101/ES;Crescente;Colisão transversal;1;0;0;1;0;0;0;0;0;0;2;0;0;0;0
14/02/2022;19:30:00;165;Sem vítima;145,200;BR-101/ES;Decrescente;Colisão lateral no mesmo sentido;1;0;1;0;0;0;0;0;0;0;4;0;0;0;0
15/02/2022;04:27:00;20;Sem vítima;161,200;BR-101/ES;Decrescente;Saída de pista;0;0;0;0;0;1;0;0;0;0;1;0;0;0;0
15/02/2022;07:43:00;43;Com vítima;944,200;BR-101/ES;Decrescente;Colisão transversal;1;0;0;1;0;0;0;0;0;0;1;0;0;1;0
15/02/2022;09:00:00;74;Com vítima;133,000;BR-101/ES;Crescente;Queda de moto;0;0;0;1;0;0;0;0;0;0;0;0;0;1;0
15/02/2022;12:32:00;128;Sem vítima;246,800;BR-101/ES;Decrescente;Acidentes de outra natureza;1;0;0;0;0;0;0;0;0;0;1;0;0;0;0
15/02/2022;12:39:00;129;Sem vítima;258,500;BR-101/ES;Crescente;Acidentes de outra natureza;1;0;0;0;0;0;0;0;0;0;1;0;0;0;0
15/02/2022;14:08:00;144;Sem vítima;205,500;BR-101/ES;Decrescente;Colisão traseira;2;0;0;0;0;0;0;0;0;0;3;0;0;0;0
15/02/2022;14:32:00;150;Sem vítima;445,700;BR-101/ES;Crescente;Colisão traseira;1;0;0;0;1;0;0;0;0;0;22;0;0;0;0
15/02/2022;18:29:00;211;Com vítima;442,600;BR-101/ES;Decrescente;Colisão transversal;0;0;0;1;0;0;0;0;0;0;0;0;1;1;0
15/02/2022;19:19:00;219;Sem vítima;393,300;BR-101/ES;Decrescente;Colisão lateral em sentido contrário;2;0;0;0;0;0;0;0;0;0;2;0;0;0;0
15/02/2022;21:53:00;247;Sem vítima;265,700;BR-101/ES;Crescente;Colisão traseira;1;0;2;0;0;0;0;0;0;0;3;0;0;0;0
16/02/2022;06:33:00;22;Com vítima;287,000;BR-101/ES;Crescente;Colisão transversal;0;0;0;1;1;0;0;0;0;0;1;0;0;1;0
16/02/2022;06:47:00;24;Sem vítima;1,000;Contorno de Iconha/ES;Crescente;Saída de pista;0;0;0;0;0;1;0;0;0;0;1;0;0;0;0
16/02/2022;08:30:00;57;Com vítima;261,000;BR-101/ES;Crescente;Colisão traseira;1;0;0;1;0;0;0;0;0;0;1;0;1;0;0
16/02/2022;08:42:00;59;Sem vítima;452,000;BR-101/ES;Crescente;Colisão traseira;0;0;1;0;0;1;0;0;0;0;2;0;0;0;0
16/02/2022;09:38:00;83;Com vítima;294,700;BR-101/ES;Decrescente;Colisão lateral no mesmo sentido;0;0;0;1;0;0;0;0;0;0;1;1;0;0;0
16/02/2022;12:07:00;112;Sem vítima;295,000;BR-101/ES;Crescente;Colisão traseira;0;0;0;0;0;2;0;0;0;0;2;0;0;0;0
16/02/2022;12:13:00;114;Sem vítima;406,000;BR-101/ES;Crescente;Colisão lateral no mesmo sentido;1;0;0;0;0;0;0;0;0;0;1;0;0;0;0
16/02/2022;12:16:00;116;Sem vítima;264,000;BR-101/ES;Crescente;Colisão lateral no mesmo sentido;1;0;1;0;0;0;0;0;0;0;2;0;0;0;0
16/02/2022;16:30:00;164;Sem vítima;270,000;BR-101/ES;Decrescente;Colisão traseira;1;0;0;0;0;1;0;0;0;0;3;0;0;0;0
16/02/2022;17:43:00;176;Sem vítima;287,000;BR-101/ES;Crescente;Colisão lateral no mesmo sentido;1;0;0;0;0;0;0;0;0;0;1;0;0;0;0
16/02/2022;21:54:00;198;Com vítima;141,000;BR-101/ES;Crescente;Choque;1;0;0;1;0;0;0;0;0;0;2;0;0;1;0
16/02/2022;22:09:00;199;Com vítima;62,000;BR-101/ES;Crescente;Queda de moto;0;0;0;1;0;0;0;0;0;0;0;1;0;0;0
17/02/2022;05:05:00;13;Sem vítima;325,600;BR-101/ES;Crescente;Colisão traseira;1;0;1;0;0;0;0;0;0;0;3;0;0;0;0
17/02/2022;06:53:00;23;Com vítima;144,000;BR-101/ES;Decrescente;Queda de moto;0;0;0;1;0;0;0;0;0;0;0;0;1;0;0
17/02/2022;07:59:00;40;Com vítima;66,000;BR-101/ES;Crescente;Colisão transversal;0;1;0;1;0;0;0;0;0;0;1;1;0;0;0
17/02/2022;09:11:00;63;Sem vítima;208,000;BR-101/ES;Crescente;Colisão lateral no mesmo sentido;1;0;1;0;0;0;0;0;0;0;3;0;0;0;0
17/02/2022;09:13:00;64;Sem vítima;242,000;BR-101/ES;Crescente;Colisão traseira;2;0;0;0;0;0;0;0;0;0;3;0;0;0;0
17/02/2022;10:58:00;86;Com vítima;279,000;BR-101/ES;Crescente;Queda de moto;0;0;0;1;0;0;0;0;0;0;0;0;1;0;0
17/02/2022;11:18:00;91;Sem vítima;219,000;BR-101/ES;Decrescente;Choque;1;0;0;0;0;0;0;0;0;0;1;0;0;0;0
17/02/2022;11:56:00;97;Sem vítima;58,000;BR-101/ES;Crescente;Colisão transversal;2;0;0;0;0;0;0;0;0;0;4;0;0;0;0
17/02/2022;13:07:00;104;Com vítima;29,000;BR-101/ES;Decrescente;Queda de bicicleta;0;0;0;1;0;0;0;0;0;0;0;1;0;0;0
17/02/2022;14:23:00;119;Sem vítima;293,000;BR-101/ES;Decrescente;Colisão transversal;2;0;0;0;0;0;0;0;0;0;2;0;0;0;0
17/02/2022;15:12:00;124;Sem vítima;147,005;BR-101/ES;Decrescente;Engavetamento;3;0;0;0;0;0;0;0;0;0;3;0;0;0;0
17/02/2022;15:53:00;130;Sem vítima;323,000;BR-101/ES;Decrescente;Saída de pista;1;0;0;0;0;0;0;0;0;0;1;0;0;0;0
17/02/2022;19:22:00;159;Com vítima;267,800;BR-101/ES;Crescente;Atropelamento de ciclista;0;1;0;1;0;0;0;0;0;0;1;0;1;0;0
17/02/2022;22:04:00;176;Sem vítima;203,000;BR-101/ES;Crescente;Saída de pista;1;0;0;0;0;0;0;0;0;0;3;0;0;0;0
18/02/2022;02:23:00;11;Com vítima;146,500;BR-101/ES;Decrescente;Colisão transversal;1;0;1;0;0;0;0;0;0;0;1;1;1;0;0
18/02/2022;07:21:00;35;Sem vítima;59,000;BR-101/ES;Decrescente;Choque;2;0;0;0;0;0;0;0;0;0;2;0;0;0;0
18/02/2022;12:34:00;105;Com vítima;146,600;BR-101/ES;Crescente;Engavetamento;3;0;0;1;0;0;0;0;0;0;3;1;0;0;0
18/02/2022;13:10:00;113;Sem vítima;145,300;BR-101/ES;Crescente;Colisão traseira;2;0;0;0;0;0;0;0;0;0;2;0;0;0;0
18/02/2022;13:16:00;115;Com vítima;276,000;BR-101/ES;Crescente;Queda de moto;0;0;0;1;0;0;0;0;0;0;0;0;1;0;0
18/02/2022;13:41:00;118;Sem vítima;362,000;BR-101/ES;Crescente;Choque;1;0;0;0;0;0;0;0;0;0;1;0;0;0;0
18/02/2022;14:09:00;125;Sem vítima;146,000;BR-101/ES;Crescente;Colisão traseira;1;0;0;1;0;0;0;0;0;0;2;0;0;0;0
18/02/2022;14:16:00;127;Com vítima;284,000;BR-101/ES;Decrescente;Queda de moto;0;0;0;1;0;0;0;0;0;0;1;1;0;0;0
18/02/2022;14:37:00;131;Sem vítima;327,400;BR-101/ES;Crescente;Choque;1;0;0;0;0;0;0;0;0;0;1;0;0;0;0
18/02/2022;14:47:00;137;Com vítima;146,000;BR-101/ES;Crescente;Queda de moto;0;0;0;1;0;0;0;0;0;0;0;1;0;0;0
18/02/2022;15:52:00;158;Com vítima;287,000;BR-101/ES;Crescente;Colisão traseira;1;0;0;0;0;0;0;0;0;0;0;2;0;0;0
18/02/2022;16:42:00;164;Com vítima;126,900;BR-101/ES;Crescente;Queda de bicicleta;0;1;0;0;0;0;0;0;0;0;0;1;0;0;0
18/02/2022;20:46:00;221;Sem vítima;304,000;BR-101/ES;Decrescente;Colisão transversal;1;0;1;0;0;0;0;0;0;0;2;0;0;0;0
19/02/2022;00:00:00;1;Sem vítima;274,000;BR-101/ES;Crescente;Choque;1;0;0;0;0;0;0;0;0;0;1;0;0;0;0
19/02/2022;02:11:00;10;Com vítima;128,000;BR-101/ES;Crescente;Colisão frontal;2;0;0;0;0;0;0;0;0;0;4;1;0;0;0
19/02/2022;02:46:00;12;Sem vítima;270,000;BR-101/ES;Crescente;Colisão traseira;0;0;1;0;0;0;0;0;0;0;2;0;0;0;0
19/02/2022;07:18:00;34;Sem vítima;355,900;BR-101/ES;Decrescente;Tombamento;0;0;0;0;0;1;0;0;0;0;1;0;0;0;0
19/02/2022;15:41:00;141;Sem vítima;380,000;BR-101/ES;Decrescente;Colisão lateral em sentido contrário;2;0;0;0;0;0;0;0;0;0;4;0;0;0;0
19/02/2022;18:38:00;175;Sem vítima;135,000;BR-101/ES;Decrescente;Saída de pista;1;0;0;0;0;0;0;0;0;0;2;0;0;0;0
19/02/2022;19:14:00;180;Sem vítima;945,000;BR-101/ES;Decrescente;Colisão transversal;1;0;0;0;0;0;0;0;0;0;1;0;0;0;0
19/02/2022;19:33:00;182;Com vítima;139,900;BR-101/ES;Crescente;Queda de moto;0;0;0;1;0;0;0;0;0;0;0;1;0;0;0
19/02/2022;20:48:00;196;Sem vítima;66,300;BR-101/ES;Crescente;Colisão transversal;1;0;0;1;0;0;0;0;0;0;3;0;0;0;0
19/02/2022;22:21:00;200;Com vítima;297,000;BR-101/ES;Crescente;Colisão traseira;1;0;0;0;1;0;0;0;0;0;2;0;1;0;0
20/02/2022;03:10:00;11;Com vítima;235,950;BR-101/ES;Crescente;Saída de pista;1;0;0;0;0;0;0;0;0;0;0;1;3;0;0
20/02/2022;03:52:00;12;Sem vítima;149,500;BR-101/ES;Crescente;Choque;1;0;0;0;0;0;0;0;0;0;1;0;0;0;0
20/02/2022;05:51:00;18;Com vítima;162,800;BR-101/ES;Decrescente;Atropelamento de ciclista;0;1;0;0;0;0;0;0;0;0;0;0;0;1;0
20/02/2022;11:10:00;87;Sem vítima;1,000;Contorno de Iconha/ES;Crescente;Choque;1;0;0;0;0;0;0;0;0;0;1;0;0;0;0
20/02/2022;15:11:00;151;Com vítima;371,000;BR-101/ES;Crescente;Colisão transversal;1;0;0;0;0;0;0;0;0;1;2;0;1;0;0
20/02/2022;16:03:00;164;Sem vítima;414,000;BR-101/ES;Crescente;Tombamento;0;0;0;0;0;1;0;0;0;0;1;0;0;0;0
20/02/2022;17:14:00;176;Sem vítima;256,400;BR-101/ES;Decrescente;Choque;1;0;0;0;0;0;0;0;0;0;1;0;0;0;0
20/02/2022;18:28:00;186;Com vítima;393,000;BR-101/ES;Crescente;Colisão transversal;2;0;0;0;0;0;0;0;0;0;3;0;1;0;0
20/02/2022;22:42:00;212;Com vítima;146,700;BR-101/ES;Decrescente;Colisão transversal;1;0;0;1;0;0;0;0;0;0;2;0;1;1;0
21/02/2022;00:18:00;1;Com vítima;295,000;BR-101/ES;Crescente;Choque;0;0;0;1;0;0;0;0;0;0;0;0;1;0;0
21/02/2022;05:54:00;20;Sem vítima;272,000;BR-101/ES;Crescente;Colisão traseira;1;0;0;0;0;0;0;0;0;0;1;0;0;0;0
21/02/2022;06:20:00;25;Sem vítima;426,000;BR-101/ES;Crescente;Saída de pista;1;0;0;0;0;0;0;0;0;0;1;0;0;0;0
21/02/2022;07:05:00;36;Sem vítima;262,000;BR-101/ES;Crescente;Colisão traseira;1;0;0;0;0;1;0;0;0;0;3;0;0;0;0
21/02/2022;08:11:00;51;Com vítima;399,800;BR-101/ES;Crescente;Colisão transversal;1;0;1;0;0;0;0;0;0;0;0;1;0;0;1
21/02/2022;08:26:00;55;Com vítima;144,000;BR-101/ES;Crescente;Colisão lateral no mesmo sentido;1;0;1;0;0;0;0;0;0;0;3;1;0;0;0
21/02/2022;08:37:00;58;Sem vítima;295,000;BR-101/ES;Decrescente;Colisão lateral no mesmo sentido;1;0;0;1;0;0;0;0;0;0;2;0;0;0;0
21/02/2022;09:03:00;69;Sem vítima;267,800;BR-101/ES;Crescente;Colisão traseira;1;0;0;0;0;1;0;0;0;0;2;0;0;0;0
21/02/2022;09:51:00;82;Com vítima;388,000;BR-101/ES;Crescente;Capotamento;1;0;0;0;0;0;0;0;0;0;0;1;0;0;0
21/02/2022;16:08:00;143;Sem vítima;297,000;BR-101/ES;Decrescente;Colisão traseira;0;0;0;2;0;0;0;0;0;0;2;0;0;0;0
21/02/2022;16:32:00;148;Sem vítima;238,000;BR-101/ES;Decrescente;Colisão traseira;3;0;0;0;0;1;0;0;0;0;6;0;0;0;0
21/02/2022;17:15:00;155;Com vítima;129,900;BR-101/ES;Decrescente;Queda de bicicleta;0;1;0;0;0;0;0;0;0;0;0;1;0;0;0
21/02/2022;17:32:00;157;Com vítima;262,000;BR-101/ES;Decrescente;Colisão transversal;0;0;0;2;0;0;0;0;0;0;1;0;1;0;0
21/02/2022;18:52:00;174;Sem vítima;230,000;BR-101/ES;Decrescente;Colisão traseira;1;0;0;0;0;0;0;0;0;1;3;0;0;0;0
21/02/2022;19:26:00;188;Com vítima;179,000;BR-101/ES;Decrescente;Queda de moto;0;0;0;1;0;0;0;0;0;0;0;1;1;0;0
21/02/2022;20:50:00;198;Com vítima;458,000;BR-101/ES;Crescente;Colisão transversal;1;0;0;0;0;1;0;0;0;0;1;0;1;0;0
21/02/2022;21:14:00;200;Com vítima;204,000;BR-101/ES;Decrescente;Queda de moto;0;0;0;1;0;0;0;0;0;0;0;1;1;0;0
21/02/2022;23:54:00;223;Com vítima;406,000;BR-101/ES;Crescente;Tombamento;0;0;0;0;0;1;0;0;0;0;0;0;1;0;0
22/02/2022;06:27:00;22;Sem vítima;299,000;BR-101/ES;Decrescente;Colisão traseira;1;0;0;0;0;1;0;0;0;0;2;0;0;0;0
22/02/2022;08:35:00;56;Sem vítima;118,800;BR-101/ES;Crescente;Acidentes de outra natureza;1;0;0;0;0;0;0;0;0;0;2;0;0;0;0
22/02/2022;09:34:00;75;Com vítima;288,000;BR-101/ES;Decrescente;Atropelamento de pedestre;0;0;0;0;0;0;0;0;0;0;0;0;0;0;1
22/02/2022;09:38:00;77;Com vítima;270,700;BR-101/ES;Crescente;Colisão lateral no mesmo sentido;0;0;0;2;0;0;0;0;0;0;1;2;0;0;0
22/02/2022;10:44:00;96;Sem vítima;276,000;BR-101/ES;Decrescente;Colisão traseira;0;0;1;0;0;0;0;0;0;0;3;0;0;0;0
22/02/2022;11:49:00;111;Com vítima;145,000;BR-101/ES;Crescente;Colisão traseira;0;0;1;0;1;0;0;0;0;0;2;1;0;0;0
22/02/2022;12:36:00;115;Sem vítima;213,000;BR-101/ES;Decrescente;Colisão traseira;2;0;0;0;0;0;0;0;0;0;2;0;0;0;0
22/02/2022;15:42:00;148;Sem vítima;69,100;BR-101/ES;Crescente;Saída de pista;1;0;0;0;0;0;0;0;0;0;2;0;0;0;0
22/02/2022;19:20:00;186;Com vítima;146,100;BR-101/ES;Crescente;Atropelamento de ciclista;0;1;0;1;0;0;0;0;0;0;0;1;1;0;0
23/02/2022;05:56:00;16;Sem vítima;443,100;BR-101/ES;Crescente;Saída de pista;1;0;0;0;0;0;0;0;0;0;1;0;0;0;0
23/02/2022;08:39:00;66;Com vítima;208,000;BR-101/ES;Crescente;Queda de moto;0;0;0;1;0;0;0;0;0;0;0;0;0;1;0
23/02/2022;11:06:00;101;Sem vítima;204,000;BR-101/ES;Crescente;Colisão transversal;2;0;0;0;0;0;0;0;0;0;2;0;0;0;0
23/02/2022;12:10:00;119;Com vítima;94,000;BR-101/ES;Decrescente;Engavetamento;0;0;1;0;0;0;0;0;0;3;5;7;2;0;0
23/02/2022;12:24:00;122;Sem vítima;269,300;BR-101/ES;Decrescente;Colisão traseira;1;0;0;0;0;0;0;0;0;0;2;0;0;0;0
23/02/2022;14:13:00;142;Sem vítima;265,000;BR-101/ES;Decrescente;Colisão transversal;1;0;0;1;0;0;0;0;0;0;2;0;0;0;0
23/02/2022;14:45:00;150;Com vítima;237,000;BR-101/ES;Crescente;Saída de pista;1;0;0;0;0;0;0;0;0;0;0;1;1;0;0
23/02/2022;17:38:00;180;Com vítima;16,900;BR-101/ES;Crescente;Queda de moto;0;0;0;1;0;0;0;0;0;0;0;0;1;0;0
23/02/2022;17:48:00;184;Sem vítima;295,800;BR-101/ES;Crescente;Colisão traseira;1;0;0;0;0;1;0;0;0;0;2;0;0;0;0
23/02/2022;18:27:00;196;Com vítima;298,800;BR-101/ES;Decrescente;Queda de moto;0;0;0;1;0;0;0;0;0;0;0;0;1;0;0
23/02/2022;18:38:00;198;Sem vítima;204,000;BR-101/ES;Decrescente;Colisão transversal;2;0;0;0;0;0;0;0;0;0;3;0;0;0;0
25/02/2022;08:06:00;32;Sem vítima;146,000;BR-101/ES;Crescente;Engavetamento;2;0;0;0;0;0;0;0;0;0;3;0;0;0;0
25/02/2022;08:09:00;33;Sem vítima;270,000;BR-101/ES;Crescente;Engavetamento;2;0;0;0;0;0;0;0;0;0;2;0;0;0;0
25/02/2022;09:47:00;52;Sem vítima;282,000;BR-101/ES;Decrescente;Colisão lateral em sentido contrário;2;0;0;0;0;0;0;0;0;0;6;0;0;0;0
25/02/2022;10:23:00;63;Com vítima;372,700;BR-101/ES;Crescente;Saída de pista;2;0;0;0;0;0;0;0;0;0;1;1;0;0;0
25/02/2022;12:57:00;85;Sem vítima;144,000;BR-101/ES;Decrescente;Colisão lateral no mesmo sentido;1;0;0;1;0;0;0;0;0;0;3;0;0;0;0
25/02/2022;13:09:00;86;Sem vítima;149,000;BR-101/ES;Crescente;Colisão transversal;1;0;0;1;0;0;0;0;0;0;2;0;0;0;0
25/02/2022;15:39:00;115;Sem vítima;333,000;BR-101/ES;Decrescente;Colisão traseira;0;1;1;0;0;0;0;0;0;0;2;0;0;0;0
25/02/2022;16:11:00;124;Com vítima;304,000;BR-101/ES;Decrescente;Queda de moto;0;0;0;1;0;0;0;0;0;0;0;2;0;0;0
25/02/2022;17:54:00;143;Com vítima;146,000;BR-101/ES;Crescente;Colisão transversal;2;0;0;0;0;1;0;0;0;0;2;1;0;0;0
25/02/2022;19:12:00;163;Sem vítima;203,000;BR-101/ES;Crescente;Colisão traseira;2;0;0;0;0;0;0;0;0;0;3;0;0;0;0
25/02/2022;23:17:00;222;Com vítima;293,000;BR-101/ES;Crescente;Saída de pista;1;0;0;0;0;0;0;0;0;0;0;2;0;0;0
26/02/2022;00:14:00;1;Sem vítima;160,000;BR-101/ES;Decrescente;Acidentes de outra natureza;0;0;0;0;0;1;0;0;0;0;1;0;0;0;0
26/02/2022;01:41:00;15;Sem vítima;265,500;BR-101/ES;Decrescente;Choque;1;0;0;0;0;0;0;0;0;0;1;0;0;0;0
26/02/2022;03:05:00;22;Sem vítima;264,000;BR-101/ES;Crescente;Choque;0;0;0;0;0;1;0;0;0;0;1;0;0;0;0
26/02/2022;03:34:00;29;Sem vítima;67,000;BR-101/ES;Crescente;Queda de moto;0;0;0;1;0;0;0;0;0;0;1;0;0;0;0
26/02/2022;04:04:00;31;Com vítima;155,000;BR-101/ES;Decrescente;Colisão frontal;4;0;0;0;0;0;0;0;0;0;4;1;2;0;0
26/02/2022;06:02:00;41;Sem vítima;395,000;BR-101/ES;Crescente;Colisão traseira;1;0;0;1;0;0;0;0;0;0;4;0;0;0;0
26/02/2022;07:47:00;61;Com vítima;222,000;BR-101/ES;Crescente;Colisão frontal;3;0;0;0;0;0;0;0;0;0;1;8;0;0;0
26/02/2022;08:17:00;74;Sem vítima;953,500;BR-101/ES;Crescente;Choque;1;0;0;0;0;0;0;0;0;0;1;0;0;0;0
26/02/2022;08:34:00;79;Sem vítima;85,000;BR-101/ES;Decrescente;Colisão traseira;2;0;0;0;0;0;0;0;0;0;3;0;0;0;0
26/02/2022;09:07:00;91;Com vítima;68,000;BR-101/ES;Decrescente;Colisão traseira;1;0;0;1;0;0;0;0;0;0;1;1;1;0;0
26/02/2022;09:09:00;92;Sem vítima;321,700;BR-101/ES;Crescente;Colisão lateral no mesmo sentido;1;0;0;0;0;0;0;0;0;0;3;0;0;0;0
26/02/2022;09:23:00;95;Com vítima;414,400;BR-101/ES;Decrescente;Colisão traseira;1;0;0;1;0;0;0;0;0;0;1;2;0;0;0
26/02/2022;09:31:00;98;Com vítima;204,000;BR-101/ES;Decrescente;Atropelamento de pedestre;0;0;1;0;0;0;0;0;0;0;1;1;0;0;0
26/02/2022;09:49:00;107;Com vítima;19,800;BR-101/ES;Crescente;Colisão transversal;0;0;0;1;0;0;0;0;0;0;0;0;0;0;2
26/02/2022;12:15:00;150;Com vítima;26,000;BR-101/ES;Decrescente;Atropelamento de pedestre;1;0;0;0;0;0;0;0;0;0;1;0;0;1;0
26/02/2022;12:27:00;153;Sem vítima;255,400;BR-101/ES;Crescente;Colisão transversal;1;0;0;0;0;0;0;0;0;0;1;0;0;0;0
26/02/2022;14:21:00;180;Com vítima;349,000;BR-101/ES;Crescente;Colisão lateral em sentido contrário;1;0;0;0;0;1;0;0;0;0;1;2;0;0;0
26/02/2022;14:24:00;183;Sem vítima;224,000;BR-101/ES;Crescente;Colisão traseira;2;0;0;0;0;0;0;0;0;0;9;0;0;0;0
26/02/2022;19:31:00;253;Com vítima;399,000;BR-101/ES;Decrescente;Colisão traseira;3;0;0;0;0;0;0;0;0;0;0;8;0;0;0
26/02/2022;19:40:00;255;Sem vítima;266,000;BR-101/ES;Crescente;Colisão traseira;1;0;0;0;0;1;0;0;0;0;2;0;0;0;0
26/02/2022;20:27:00;271;Sem vítima;390,000;BR-101/ES;Crescente;Saída de pista;1;0;0;0;0;0;0;0;0;0;1;0;0;0;0
27/02/2022;04:53:00;20;Com vítima;398,900;BR-101/ES;Crescente;Choque;0;0;0;1;0;0;0;0;0;0;0;0;1;0;0
27/02/2022;05:12:00;21;Sem vítima;176,000;BR-101/ES;Decrescente;Colisão traseira;2;0;0;0;0;0;0;0;0;0;4;0;0;0;0
27/02/2022;07:21:00;31;Sem vítima;264,400;BR-101/ES;Crescente;Colisão traseira;1;0;0;0;0;0;0;0;0;0;1;0;0;0;0
27/02/2022;11:59:00;63;Com vítima;242,500;BR-101/ES;Decrescente;Queda de moto;0;0;0;1;0;0;0;0;0;0;0;0;2;0;0
27/02/2022;21:28:00;147;Com vítima;236,950;BR-101/ES;Crescente;Atropelamento de pedestre;0;0;0;1;0;0;0;0;0;0;1;0;1;0;0
27/02/2022;22:35:00;157;Sem vítima;266,000;BR-101/ES;Decrescente;Colisão traseira;2;0;0;0;0;0;0;0;0;0;4;0;0;0;0
28/02/2022;07:59:00;47;Com vítima;270,000;BR-101/ES;Crescente;Colisão lateral no mesmo sentido;0;0;0;1;0;0;0;0;0;0;0;0;1;0;0
28/02/2022;09:36:00;70;Com vítima;82,600;BR-101/ES;Decrescente;Queda de moto;0;0;1;1;0;0;0;0;0;0;2;1;1;0;0
28/02/2022;10:31:00;78;Com vítima;385,000;BR-101/ES;Decrescente;Queda de moto;0;0;0;1;0;0;0;0;0;0;0;0;2;0;0