data;horario;n_da_ocorrencia;tipo_de_ocorrencia;km;trecho;sentido;tipo_de_acidente;automovel;bicicleta;caminhao;moto;onibus;outros;tracao_animal;transporte_de_cargas_especiais;trator_maquinas;utilitarios;ilesos;levemente_feridos;moderadamente_feridos;gravemente_feridos;mortos
18/03/2022;22:25:00;221;Sem vítima;176,000;BR-101/ES;Decrescente;Colisão transversal;1;0;0;0;0;1;0;0;0;0;2;0;0;0;0
18/03/2022;23:16:00;226;Com vítima;66,000;BR-101/ES;Crescente;Queda de bicicleta;0;1;0;0;0;0;0;0;0;0;0;1;0;0;0
19/03/2022;00:47:00;6;Com vítima;282,100;BR-101/ES;Crescente;Saída de pista;1;0;0;0;0;0;0;0;0;0;2;1;1;0;0
19/03/2022;01:43:00;11;Sem vítima;295,500;BR-101/ES;Crescente;Atropelamento de animal;1;0;0;0;0;0;0;0;0;0;2;0;0;0;0
19/03/2022;02:14:00;13;Com vítima;276,000;BR-101/ES;Decrescente;Queda de moto;0;0;0;1;0;0;0;0;0;0;0;0;1;0;0
19/03/2022;05:14:00;27;Sem vítima;299,000;BR-101/ES;Crescente;Queda de moto;0;0;0;1;0;0;0;0;0;0;1;0;0;0;0
19/03/2022;05:32:00;29;Com vítima;203,500;BR-101/ES;Decrescente;Queda de moto;0;0;0;1;0;0;0;0;0;0;0;0;0;0;1
19/03/2022;08:11:00;57;Com vítima;280,000;BR-101/ES;Decrescente;Queda de moto;0;0;0;1;0;0;0;0;0;0;0;2;0;0;0
19/03/2022;16:50:00;152;Com vítima;118,100;BR-101/ES;Decrescente;Colisão lateral em sentido contrário;1;0;1;1;0;1;0;0;0;0;2;3;2;0;0
19/03/2022;18:12:00;170;Sem vítima;241,800;BR-101/ES;Crescente;Colisão lateral no mesmo sentido;1;0;1;0;0;0;0;0;0;0;2;0;0;0;0
19/03/2022;23:27:00;205;Sem vítima;297,000;BR-101/ES;Decrescente;Colisão traseira;1;0;1;0;0;0;0;0;0;0;2;0;0;0;0
20/03/2022;09:33:00;63;Com vítima;298,000;BR-101/ES;Decrescente;Queda de moto;0;0;0;1;0;0;0;0;0;0;0;0;2;0;0
20/03/2022;14:15:00;134;Com vítima;295,000;BR-101/ES;Crescente;Capotamento;1;0;0;0;0;0;0;0;0;0;0;1;0;0;0
20/03/2022;17:34:00;179;Sem vítima;112,500;BR-101/ES;Crescente;Colisão lateral no mesmo sentido;1;0;0;0;0;1;0;0;0;0;3;0;0;0;0
20/03/2022;18:26:00;193;Sem vítima;262,000;BR-101/ES;Crescente;Colisão traseira;1;0;0;0;0;0;0;0;0;0;1;0;0;0;0
20/03/2022;19:01:00;198;Sem vítima;254,000;BR-101/ES;Decrescente;Saída de pista;1;0;0;0;0;0;0;0;0;0;1;0;0;0;0
21/03/2022;15:12:00;143;Sem vítima;281,000;BR-101/ES;Decrescente;Tombamento;0;0;1;0;0;0;0;0;0;0;1;0;0;0;0
21/03/2022;23:21:00;214;Sem vítima;68,000;BR-101/ES;Crescente;Colisão traseira;0;0;0;0;0;2;0;0;0;0;3;0;0;0;0
22/03/2022;00:10:00;2;Com vítima;357,700;BR-101/ES;Decrescente;Saída de pista;0;0;1;0;0;0;0;0;0;0;0;0;0;0;2
22/03/2022;01:48:00;10;Sem vítima;363,300;BR-101/ES;Decrescente;Saída de pista;0;0;1;0;0;0;0;0;0;0;1;0;0;0;0
22/03/2022;08:11:00;50;Com vítima;294,000;BR-101/ES;Crescente;Colisão traseira;1;0;0;1;0;0;0;0;0;0;2;1;0;0;0
22/03/2022;10:49:00;84;Sem vítima;154,000;BR-101/ES;Crescente;Colisão lateral no mesmo sentido;1;0;0;0;0;0;0;0;0;0;1;0;0;0;0
22/03/2022;10:59:00;89;Sem vítima;270,000;BR-101/ES;Crescente;Engavetamento;3;0;0;0;0;0;0;0;0;0;3;0;0;0;0
22/03/2022;12:45:00;105;Sem vítima;354,000;BR-101/ES;Crescente;Carreta deu L;0;0;0;0;0;1;0;0;0;0;1;0;0;0;0
22/03/2022;13:31:00;112;Com vítima;258,600;BR-101/ES;Crescente;Choque;1;0;0;0;0;0;0;0;0;0;1;1;0;0;0
22/03/2022;19:28:00;170;Sem vítima;265,000;BR-101/ES;Decrescente;Colisão traseira;2;0;0;0;0;0;0;0;0;0;2;0;0;0;0
22/03/2022;19:36:00;172;Sem vítima;273,200;BR-101/ES;Crescente;Saída de pista;0;0;0;0;0;1;0;0;0;0;1;0;0;0;0
22/03/2022;21:16:00;181;Sem vítima;339,100;BR-101/ES;Crescente;Choque;0;0;0;0;0;1;0;0;0;0;1;0;0;0;0
22/03/2022;21:52:00;186;Sem vítima;407,400;BR-101/ES;Crescente;Colisão lateral em sentido contrário;2;0;0;0;0;0;0;0;0;0;2;0;0;0;0
22/03/2022;23:43:00;196;Sem vítima;293,000;BR-101/ES;Crescente;Saída de pista;1;0;0;0;0;0;0;0;0;0;1;0;0;0;0
23/03/2022;07:18:00;32;Sem vítima;66,000;BR-101/ES;Crescente;Colisão traseira;1;0;0;0;0;1;0;0;0;0;2;0;0;0;0
23/03/2022;09:46:00;73;Sem vítima;247,100;BR-101/ES;Decrescente;Colisão traseira;1;0;0;0;0;0;0;0;0;0;1;0;0;0;0
23/03/2022;13:18:00;109;Com vítima;146,500;BR-101/ES;Crescente;Colisão traseira;1;0;0;1;0;0;0;0;0;0;1;1;0;0;0
23/03/2022;14:00:00;115;Sem vítima;146,300;BR-101/ES;Decrescente;Colisão traseira;2;0;0;0;0;0;0;0;0;0;2;0;0;0;0
23/03/2022;17:36:00;168;Sem vítima;281,000;BR-101/ES;Crescente;Colisão lateral no mesmo sentido;1;0;0;0;0;0;0;0;0;0;1;0;0;0;0
23/03/2022;20:00:00;191;Com vítima;268,000;BR-101/ES;Decrescente;Queda de moto;0;0;0;1;0;0;0;0;0;0;0;0;1;0;0
23/03/2022;20:38:00;195;Com vítima;144,000;BR-101/ES;Crescente;Tombamento;0;0;0;0;0;1;0;0;0;0;0;1;0;0;0
23/03/2022;22:37:00;203;Sem vítima;265,000;BR-101/ES;Decrescente;Colisão traseira;2;0;0;0;0;0;0;0;0;0;2;0;0;0;0
24/03/2022;03:44:00;14;Com vítima;334,000;BR-101/ES;Decrescente;Queda de moto;0;0;0;1;0;0;0;0;0;0;0;0;0;1;0
24/03/2022;05:58:00;25;Com vítima;186,900;BR-101/ES;Crescente;Saída de pista;1;0;0;0;0;0;0;0;0;0;1;1;0;0;0
24/03/2022;12:16:00;92;Com vítima;266,000;BR-101/ES;Decrescente;Colisão transversal;1;0;0;1;0;0;0;0;0;0;1;0;1;0;0
24/03/2022;16:05:00;129;Sem vítima;262,000;BR-101/ES;Crescente;Colisão traseira;2;0;0;0;0;0;0;0;0;0;2;0;0;0;0
24/03/2022;18:36:00;152;Sem vítima;226,000;BR-101/ES;Crescente;Colisão traseira;3;0;0;0;0;0;0;0;0;0;4;0;0;0;0
24/03/2022;20:08:00;164;Sem vítima;226,000;BR-101/ES;Crescente;Choque;0;0;1;0;0;0;0;0;0;1;4;0;0;0;0
25/03/2022;07:12:00;33;Sem vítima;270,800;BR-101/ES;Crescente;Choque;1;0;0;0;0;0;0;0;0;0;1;0;0;0;0
25/03/2022;08:04:00;45;Com vítima;264,900;BR-101/ES;Crescente;Colisão traseira;2;0;0;0;0;0;0;0;0;0;1;0;1;0;0
25/03/2022;08:56:00;60;Sem vítima;241,000;BR-101/ES;Crescente;Colisão traseira;2;0;0;0;0;0;0;0;0;0;6;0;0;0;0
25/03/2022;15:27:00;143;Sem vítima;159,000;BR-101/ES;Decrescente;Colisão traseira;0;0;1;0;0;1;0;0;0;0;4;0;0;0;0
25/03/2022;16:45:00;162;Com vítima;414,000;BR-101/ES;Decrescente;Acidentes de outra natureza;1;0;0;0;0;0;0;0;0;0;0;1;0;0;0
25/03/2022;16:48:00;164;Com vítima;268,000;BR-101/ES;Crescente;Saída de pista;1;0;0;0;0;0;0;0;0;0;0;1;0;0;0
25/03/2022;20:38:00;211;Sem vítima;66,000;BR-101/ES;Crescente;Colisão lateral no mesmo sentido;1;0;0;1;0;0;0;0;0;0;4;0;0;0;0
25/03/2022;21:01:00;218;Com vítima;146,000;BR-101/ES;Decrescente;Colisão traseira;1;0;1;0;0;0;0;0;0;0;2;1;0;0;0
25/03/2022;21:16:00;222;Sem vítima;104,000;BR-101/ES;Decrescente;Saída de pista;1;0;0;0;0;0;0;0;0;0;1;0;0;0;0
25/03/2022;23:40:00;230;Com vítima;257,000;BR-101/ES;Decrescente;Saída de pista;1;0;0;0;0;0;0;0;0;0;1;0;0;2;0
26/03/2022;01:16:00;9;Sem vítima;305,000;BR-101/ES;Decrescente;Choque;1;0;0;0;0;0;0;0;0;0;1;0;0;0;0
26/03/2022;02:03:00;12;Sem vítima;357,500;BR-101/ES;Decrescente;Colisão traseira;0;0;1;0;0;1;0;0;0;0;3;0;0;0;0
26/03/2022;04:42:00;23;Sem vítima;369,000;BR-101/ES;Crescente;Colisão lateral em sentido contrário;0;0;0;0;0;1;0;0;0;0;1;0;0;0;0
26/03/2022;07:46:00;50;Sem vítima;117,000;BR-101/ES;Crescente;Choque;0;0;0;0;0;1;0;0;0;0;1;0;0;0;0
26/03/2022;10:46:00;81;Sem vítima;273,000;BR-101/ES;Crescente;Choque;1;0;0;0;0;0;0;0;0;0;1;0;0;0;0
26/03/2022;12:08:00;95;Com vítima;37,700;BR-101/ES;Decrescente;Colisão transversal;1;0;0;1;0;0;0;0;0;0;0;0;0;1;0
26/03/2022;12:15:00;97;Com vítima;139,100;BR-101/ES;Crescente;Colisão traseira;1;0;0;0;0;1;0;0;0;0;1;1;1;0;0
26/03/2022;22:53:00;169;Sem vítima;275,000;BR-101/ES;Crescente;Atropelamento de animal;0;0;0;0;0;1;0;0;0;0;1;0;0;0;0
27/03/2022;12:20:00;83;Sem vítima;460,000;BR-101/ES;Crescente;Saída de pista;1;0;0;0;0;0;0;0;0;0;1;0;0;0;0
27/03/2022;13:24:00;97;Com vítima;270,700;BR-101/ES;Decrescente;Queda de moto;0;0;0;1;0;0;0;0;0;0;0;0;2;0;0
27/03/2022;13:58:00;102;Com vítima;288,000;BR-101/ES;Crescente;Colisão traseira;1;0;0;1;0;0;0;0;0;0;0;2;0;0;0
27/03/2022;14:35:00;107;Sem vítima;297,500;BR-101/ES;Crescente;Colisão traseira;2;0;0;1;0;0;0;0;0;0;3;0;0;0;0
27/03/2022;17:06:00;138;Com vítima;1,000;Contorno de Iconha/ES;Decrescente;Queda de moto;0;0;0;1;0;0;0;0;0;0;0;0;1;0;0
27/03/2022;18:12:00;164;Com vítima;264,000;BR-101/ES;Decrescente;Colisão transversal;1;0;0;1;0;0;0;0;0;0;1;0;1;0;0
27/03/2022;18:27:00;167;Com vítima;94,600;BR-101/ES;Crescente;Engavetamento;3;0;0;0;0;0;0;0;0;0;9;1;0;0;0
27/03/2022;20:22:00;197;Sem vítima;276,400;BR-101/ES;Decrescente;Saída de pista;0;0;0;0;1;0;0;0;0;0;1;0;0;0;0
27/03/2022;20:26:00;198;Sem vítima;68,500;BR-101/ES;Crescente;Colisão transversal;1;0;1;0;0;0;0;0;0;0;2;0;0;0;0
27/03/2022;20:37:00;199;Sem vítima;257,800;BR-101/ES;Decrescente;Colisão traseira;0;0;0;0;0;1;0;0;0;0;0;0;0;0;0
27/03/2022;22:39:00;218;Com vítima;64,800;BR-101/ES;Decrescente;Colisão lateral em sentido contrário;1;0;0;0;0;1;0;0;0;0;1;1;0;0;0
28/03/2022;06:33:00;27;Com vítima;279,000;BR-101/ES;Decrescente;Colisão lateral no mesmo sentido;0;0;0;2;0;0;0;0;0;0;1;0;1;0;0
28/03/2022;07:01:00;33;Com vítima;279,300;BR-101/ES;Decrescente;Colisão lateral no mesmo sentido;1;0;0;0;0;0;0;0;0;1;1;2;0;0;0
28/03/2022;07:02:00;34;Sem vítima;279,500;BR-101/ES;Decrescente;Colisão traseira;1;0;1;0;0;0;0;0;0;0;2;0;0;0;0
28/03/2022;07:09:00;35;Sem vítima;279,500;BR-101/ES;Decrescente;Colisão traseira;0;0;1;0;0;0;0;0;0;1;2;0;0;0;0
28/03/2022;07:29:00;41;Sem vítima;276,000;BR-101/ES;Decrescente;Choque;1;0;0;0;0;0;0;0;0;0;2;0;0;0;0
28/03/2022;07:41:00;43;Sem vítima;424,000;BR-101/ES;Crescente;Choque;1;0;0;0;0;0;0;0;0;0;1;0;0;0;0
28/03/2022;14:16:00;121;Com vítima;276,300;BR-101/ES;Crescente;Colisão transversal;2;0;0;0;0;0;0;0;0;0;1;2;1;0;0
28/03/2022;14:28:00;125;Com vítima;209,000;BR-101/ES;Decrescente;Engavetamento;1;0;1;0;1;0;0;0;0;0;3;1;0;0;0
29/03/2022;22:51:00;193;Sem vítima;435,500;BR-101/ES;Decrescente;Tombamento;0;0;0;0;0;1;0;0;0;0;1;0;0;0;0
30/03/2022;04:57:00;13;Com vítima;269,000;BR-101/ES;Crescente;Queda de moto;0;0;0;1;0;0;0;0;0;0;0;0;1;0;0
30/03/2022;05:00:00;15;Com vítima;153,000;BR-101/ES;Decrescente;Atropelamento de pedestre;0;0;0;0;0;0;0;0;0;0;0;1;0;0;0
30/03/2022;05:39:00;26;Com vítima;165,000;BR-101/ES;Decrescente;Saída de pista;0;0;1;0;0;0;0;0;0;0;0;0;1;0;0
30/03/2022;07:15:00;39;Sem vítima;182,400;BR-101/ES;Decrescente;Queda de moto;0;0;0;1;0;0;0;0;0;0;1;0;0;0;0
30/03/2022;07:18:00;41;Sem vítima;270,000;BR-101/ES;Crescente;Colisão lateral no mesmo sentido;1;0;0;0;0;1;0;0;0;0;3;0;0;0;0
30/03/2022;07:24:00;37;Com vítima;291,000;BR-101/ES;Decrescente;Colisão lateral no mesmo sentido;2;0;0;0;0;0;0;0;0;0;1;1;0;0;0
30/03/2022;07:48:00;48;Com vítima;268,000;BR-101/ES;Crescente;Atropelamento de pedestre;0;0;0;0;0;0;0;0;0;0;0;0;1;0;0
30/03/2022;11:26:00;101;Com vítima;203,500;BR-101/ES;Decrescente;Colisão lateral em sentido contrário;0;0;1;0;1;1;0;0;0;0;3;1;0;0;0
30/03/2022;11:40:00;103;Com vítima;288,500;BR-101/ES;Crescente;Tombamento;0;0;0;0;0;1;0;0;0;0;0;0;1;0;0
30/03/2022;11:49:00;107;Com vítima;354,500;BR-101/ES;Crescente;Colisão transversal;1;0;0;0;1;0;0;0;0;0;5;8;3;2;0
30/03/2022;17:37:00;116;Com vítima;144,900;BR-101/ES;Crescente;Colisão lateral no mesmo sentido;1;0;0;1;0;0;0;0;0;0;2;1;0;0;0
30/03/2022;17:42:00;135;Com vítima;438,000;BR-101/ES;Decrescente;Queda de moto;0;0;0;1;0;0;0;0;0;0;0;1;0;0;0
30/03/2022;20:29:00;207;Sem vítima;431,000;BR-101/ES;Decrescente;Colisão lateral no mesmo sentido;0;0;1;0;0;0;0;0;0;0;1;0;0;0;0
31/03/2022;03:54:00;12;Sem vítima;61,000;BR-101/ES;Crescente;Colisão traseira;0;0;0;0;1;1;0;0;0;0;2;0;0;0;0
31/03/2022;09:37:00;83;Sem vítima;453,950;BR-101/ES;Decrescente;Saída de pista;1;0;0;0;0;0;0;0;0;0;1;0;0;0;0
31/03/2022;10:30:00;98;Sem vítima;270,200;BR-101/ES;Crescente;Colisão traseira;1;0;1;0;0;0;0;0;0;0;2;0;0;0;0
31/03/2022;12:38:00;121;Com vítima;66,000;BR-101/ES;Crescente;Atropelamento de ciclista;0;1;1;0;0;0;0;0;0;0;1;0;1;0;0
31/03/2022;13:10:00;132;Sem vítima;253,000;BR-101/ES;Decrescente;Colisão traseira;1;0;1;0;0;0;0;0;0;0;2;0;0;0;0
31/03/2022;13:22:00;133;Sem vítima;189,000;BR-101/ES;Crescente;Colisão traseira;2;0;0;0;0;0;0;0;0;0;2;0;0;0;0
31/03/2022;14:13:00;139;Com vítima;264,600;BR-101/ES;Crescente;Colisão traseira;0;0;1;1;0;0;0;0;0;0;1;1;0;0;0
31/03/2022;14:40:00;145;Sem vítima;241,800;BR-101/ES;Crescente;Colisão traseira;2;0;0;0;0;0;0;0;0;0;2;0;0;0;0
31/03/2022;15:53:00;160;Sem vítima;212,000;BR-101/ES;Crescente;Colisão transversal;2;0;0;0;0;0;0;0;0;0;3;0;0;0;0
31/03/2022;17:45:00;180;Com vítima;442,000;BR-101/ES;Decrescente;Colisão traseira;0;0;1;1;0;0;0;0;0;0;1;0;1;0;0
31/03/2022;17:52:00;183;Com vítima;340,000;BR-101/ES;Crescente;Queda de moto;0;0;0;1;0;0;0;0;0;0;0;0;1;0;0
31/03/2022;18:29:00;191;Com vítima;439,000;BR-101/ES;Crescente;Queda de moto;0;0;0;1;0;0;0;0;0;0;0;1;0;0;0
31/03/2022;18:33:00;193;Com vítima;253,000;BR-101/ES;Crescente;Colisão lateral em sentido contrário;1;0;0;0;0;1;0;0;0;0;1;1;0;0;0
31/03/2022;19:23:00;208;Sem vítima;439,000;BR-101/ES;Crescente;Colisão traseira;0;0;2;0;0;1;0;0;0;0;3;0;0;0;0
01/04/2022;05:49:00;23;Com vítima;278,000;BR-101/ES;Crescente;Colisão transversal;0;0;0;1;0;1;0;0;0;0;1;0;0;1;0
01/04/2022;05:55:00;24;Com vítima;360,000;BR-101/ES;Crescente;Colisão traseira;0;0;0;2;0;0;0;0;0;0;0;0;2;0;0
01/04/2022;07:00:00;37;Com vítima;268,500;BR-101/ES;Crescente;Atropelamento de ciclista;0;1;0;1;0;0;0;0;0;0;1;0;1;0;0
01/04/2022;07:03:00;39;Com vítima;292,000;BR-101/ES;Decrescente;Atropelamento de ciclista;0;1;0;1;0;0;0;0;0;0;0;2;0;0;0
01/04/2022;09:06:00;73;Com vítima;270,000;BR-101/ES;Decrescente;Colisão lateral no mesmo sentido;0;0;1;1;0;0;0;0;0;0;1;0;1;0;0
01/04/2022;12:43:00;111;Sem vítima;167,000;BR-101/ES;Crescente;Colisão traseira;2;0;0;0;0;0;0;0;0;0;2;0;0;0;0
01/04/2022;14:08:00;123;Com vítima;263,950;BR-101/ES;Crescente;Colisão traseira;1;0;0;1;0;0;0;0;0;0;1;1;1;0;0
01/04/2022;14:50:00;133;Com vítima;404,000;BR-101/ES;Decrescente;Tombamento;0;0;0;0;0;1;0;0;0;0;1;1;0;0;0
01/04/2022;15:48:00;148;Sem vítima;396,000;BR-101/ES;Decrescente;Colisão traseira;2;0;0;0;0;0;0;0;0;0;2;0;0;0;0
01/04/2022;16:46:00;157;Sem vítima;80,000;BR-101/ES;Crescente;Engavetamento;1;0;1;0;0;1;0;0;0;0;4;0;0;0;0
01/04/2022;19:28:00;182;Com vítima;393,000;BR-101/ES;Decrescente;Colisão transversal;1;0;0;1;0;0;0;0;0;0;2;1;0;0;0
01/04/2022;20:04:00;199;Com vítima;7,000;Contorno de Iconha/ES;Crescente;Queda de moto;0;0;0;1;0;0;0;0;0;0;0;0;0;1;0
01/04/2022;23:21:00;225;Com vítima;254,000;BR-101/ES;Decrescente;Queda de moto;0;0;0;1;0;0;0;0;0;0;0;0;0;1;0
02/04/2022;00:49:00;6;Sem vítima;315,000;BR-101/ES;Decrescente;Saída de pista;1;0;0;0;0;0;0;0;0;0;3;0;0;0;0
02/04/2022;00:52:00;7;Com vítima;101,800;BR-101/ES;Crescente;Choque;0;0;1;0;0;0;0;0;0;0;0;1;1;0;0
02/04/2022;01:29:00;13;Sem vítima;262,000;BR-101/ES;Decrescente;Colisão lateral no mesmo sentido;2;0;0;0;0;0;0;0;0;0;7;0;0;0;0
02/04/2022;01:48:00;15;Com vítima;137,000;BR-101/ES;Crescente;Choque;0;0;0;1;0;0;0;0;0;0;0;0;1;0;0
02/04/2022;02:38:00;16;Com vítima;144,200;BR-101/ES;Crescente;Colisão traseira;2;0;0;0;0;0;0;0;0;0;2;0;1;0;0
02/04/2022;05:59:00;26;Com vítima;297,500;BR-101/ES;Crescente;Colisão traseira;1;0;1;0;0;1;0;0;0;0;3;0;1;0;0
02/04/2022;06:10:00;27;Com vítima;954,000;BR-101/ES;Decrescente;Queda de moto;0;0;0;1;0;0;0;0;0;0;0;1;0;0;0
02/04/2022;08:35:00;68;Com vítima;139,200;BR-101/ES;Decrescente;Capotamento;1;0;0;0;0;0;0;0;0;0;0;0;1;1;0
02/04/2022;11:41:00;100;Sem vítima;953,000;BR-101/ES;Crescente;Choque;0;0;0;0;0;0;0;0;0;1;2;0;0;0;0
02/04/2022;14:29:00;129;Com vítima;269,900;BR-101/ES;Crescente;Colisão traseira;0;0;0;1;1;0;0;0;0;0;1;1;0;0;0
03/04/2022;00:34:00;3;Com vítima;268,000;BR-101/ES;Decrescente;Colisão traseira;1;0;0;1;0;0;0;0;0;0;1;1;0;0;0
03/04/2022;04:50:00;20;Com vítima;311,000;BR-101/ES;Decrescente;Choque;1;0;0;0;0;0;0;0;0;0;0;0;1;0;0
03/04/2022;12:04:00;79;Com vítima;261,500;BR-101/ES;Decrescente;Colisão transversal;1;0;0;0;0;0;0;0;0;0;1;1;1;0;0
03/04/2022;12:15:00;80;Com vítima;259,900;BR-101/ES;Crescente;Colisão transversal;2;0;0;0;0;0;0;0;0;0;4;2;0;0;0
03/04/2022;12:35:00;81;Sem vítima;261,500;BR-101/ES;Decrescente;Colisão traseira;2;0;0;0;0;0;0;0;0;0;3;0;0;0;0
03/04/2022;14:32:00;94;Sem vítima;281,900;BR-101/ES;Decrescente;Saída de pista;1;0;0;0;0;0;0;0;0;0;3;0;0;0;0
03/04/2022;17:26:00;124;Sem vítima;297,300;BR-101/ES;Decrescente;Atropelamento de ciclista;0;1;0;0;0;0;0;0;0;0;1;0;0;0;0
03/04/2022;17:44:00;129;Sem vítima;318,000;BR-101/ES;Decrescente;Choque;0;0;0;0;0;0;0;0;0;1;1;0;0;0;0
03/04/2022;18:12:00;133;Com vítima;256,200;BR-101/ES;Decrescente;Colisão traseira;1;0;0;1;0;0;0;0;0;0;5;2;0;0;0
03/04/2022;18:36:00;137;Com vítima;212,000;BR-101/ES;Crescente;Colisão traseira;1;0;0;1;0;0;0;0;0;0;1;1;0;0;0
03/04/2022;22:08:00;170;Com vítima;142,000;BR-101/ES;Decrescente;Atropelamento de pedestre;0;0;0;1;0;0;0;0;0;0;0;1;0;1;0
04/04/2022;01:53:00;8;Com vítima;265,600;BR-101/ES;Decrescente;Colisão transversal;1;0;0;1;0;0;0;0;0;0;1;0;1;0;0
04/04/2022;04:05:00;14;Com vítima;396,400;BR-101/ES;Crescente;Saída de pista;0;0;1;0;0;0;0;0;0;0;0;1;0;0;0
04/04/2022;06:02:00;23;Com vítima;292,700;BR-101/ES;Decrescente;Queda de moto;0;0;0;1;0;0;0;0;0;0;0;1;0;0;0
04/04/2022;06:12:00;28;Sem vítima;168,000;BR-101/ES;Decrescente;Saída de pista;1;0;0;0;0;0;0;0;0;0;1;0;0;0;0
04/04/2022;06:42:00;33;Sem vítima;281,300;BR-101/ES;Decrescente;Choque;1;0;0;0;0;0;0;0;0;0;1;0;0;0;0
04/04/2022;06:43:00;34;Sem vítima;359,700;BR-101/ES;Crescente;Choque;1;0;0;0;0;0;0;0;0;0;1;0;0;0;0
04/04/2022;10:21:00;101;Sem vítima;205,000;BR-101/ES;Decrescente;Colisão transversal;2;0;0;0;0;0;0;0;0;0;2;0;0;0;0
04/04/2022;12:15:00;123;Sem vítima;75,500;BR-101/ES;Crescente;Colisão lateral no mesmo sentido;0;0;1;0;0;0;0;0;0;0;1;0;0;0;0
04/04/2022;16:49:00;195;Com vítima;144,700;BR-101/ES;Decrescente;Colisão traseira;0;0;0;1;0;0;0;0;0;0;0;1;0;0;0
04/04/2022;17:57:00;184;Sem vítima;394,000;BR-101/ES;Decrescente;Colisão lateral em sentido contrário;1;0;0;0;0;1;0;0;0;0;2;0;0;0;0
04/04/2022;18:16:00;213;Com vítima;142,000;BR-101/ES;Crescente;Choque;0;0;0;1;0;0;0;0;0;0;0;1;0;0;0
05/04/2022;06:28:00;29;Com vítima;200,600;BR-101/ES;Decrescente;Colisão lateral em sentido contrário;1;0;1;0;0;0;0;0;0;0;4;1;1;0;0
05/04/2022;08:08:00;50;Com vítima;267,000;BR-101/ES;Crescente;Colisão traseira;1;0;0;0;0;0;0;0;0;1;3;0;1;0;0
05/04/2022;08:39:00;67;Sem vítima;266,300;BR-101/ES;Crescente;Colisão lateral no mesmo sentido;1;0;0;0;0;1;0;0;0;0;2;0;0;0;0
05/04/2022;09:18:00;77;Sem vítima;266,000;BR-101/ES;Crescente;Colisão lateral no mesmo sentido;0;0;0;2;0;0;0;0;0;0;3;0;0;0;0
05/04/2022;10:27:00;101;Com vítima;277,000;BR-101/ES;Decrescente;Colisão lateral no mesmo sentido;0;0;1;0;0;0;0;0;0;0;0;1;0;0;0
05/04/2022;10:40:00;104;Com vítima;402,000;BR-101/ES;Crescente;Colisão lateral no mesmo sentido;0;0;1;1;0;0;0;0;0;0;1;2;0;0;0
05/04/2022;13:59:00;144;Com vítima;283,000;BR-101/ES;Crescente;Queda de moto;0;0;0;1;0;0;0;0;0;0;0;0;1;0;0
06/04/2022;05:29:00;13;Sem vítima;104,000;BR-101/ES;Crescente;Colisão lateral em sentido contrário;2;0;0;0;0;0;0;0;0;0;6;0;0;0;0
06/04/2022;06:50:00;18;Sem vítima;365,800;BR-101/ES;Crescente;Choque;0;0;1;0;0;1;0;0;0;0;2;0;0;0;0
06/04/2022;07:14:00;25;Com vítima;293,000;BR-101/ES;Decrescente;Queda de moto;0;0;0;1;0;0;0;0;0;0;0;0;1;0;0
06/04/2022;07:48:00;33;Com vítima;269,000;BR-101/ES;Decrescente;Colisão lateral no mesmo sentido;0;0;0;1;0;0;0;0;0;0;0;0;1;0;0
06/04/2022;11:58:00;72;Com vítima;221,800;BR-101/ES;Crescente;Colisão lateral em sentido contrário;0;0;1;0;0;2;0;0;0;0;2;0;2;0;0
06/04/2022;13:45:00;85;Sem vítima;263,000;BR-101/ES;Crescente;Colisão lateral no mesmo sentido;1;0;0;0;0;1;0;0;0;0;4;0;0;0;0
06/04/2022;14:51:00;98;Sem vítima;117,000;BR-101/ES;Crescente;Colisão transversal;2;0;0;0;0;0;0;0;0;0;4;0;0;0;0
06/04/2022;18:52:00;140;Com vítima;143,000;BR-101/ES;Decrescente;Atropelamento de ciclista;1;1;0;0;0;0;0;0;0;0;1;1;0;0;0
06/04/2022;21:15:00;164;Sem vítima;69,000;BR-101/ES;Decrescente;Colisão traseira;1;0;0;0;0;0;0;0;0;1;2;0;0;0;0
07/04/2022;06:22:00;23;Com vítima;273,100;BR-101/ES;Decrescente;Colisão traseira;0;0;2;0;0;0;0;0;0;0;1;1;0;0;0
07/04/2022;09:46:00;61;Com vítima;269,000;BR-101/ES;Decrescente;Colisão traseira;0;0;0;1;0;0;0;0;0;1;1;0;1;0;0
07/04/2022;11:11:00;76;Com vítima;257,300;BR-101/ES;Crescente;Colisão transversal;0;0;1;1;0;0;0;0;0;0;1;0;1;0;0
07/04/2022;14:49:00;124;Sem vítima;269,000;BR-101/ES;Crescente;Saída de pista;1;0;0;0;0;0;0;0;0;0;1;0;0;0;0
07/04/2022;14:58:00;125;Com vítima;210,800;BR-101/ES;Crescente;Engavetamento;2;0;1;0;0;0;0;0;0;0;3;1;0;0;0