data;horario;n_da_ocorrencia;tipo_de_ocorrencia;km;trecho;sentido;tipo_de_acidente;automovel;bicicleta;caminhao;moto;onibus;outros;tracao_animal;transporte_de_cargas_especiais;trator_maquinas;utilitarios;ilesos;levemente_feridos;moderadamente_feridos;gravemente_feridos;mortos
07/04/2022;15:45:00;139;Sem vítima;166,000;BR-101/ES;Decrescente;Colisão traseira;1;0;1;0;0;0;0;0;0;0;2;0;0;0;0
07/04/2022;22:05:00;194;Sem vítima;259,000;BR-101/ES;Crescente;Colisão traseira;1;0;0;0;0;0;0;0;0;0;1;0;0;0;0
07/04/2022;23:40:00;204;Com vítima;346,500;BR-101/ES;Crescente;Tombamento;0;0;1;0;0;0;0;0;0;0;0;1;0;0;0
08/04/2022;05:52:00;25;Com vítima;203,400;BR-101/ES;Decrescente;Queda de moto;0;0;0;1;0;0;0;0;0;0;0;1;0;0;0
08/04/2022;08:04:00;60;Com vítima;350,400;BR-101/ES;Decrescente;Choque;1;0;0;0;0;0;0;0;0;0;2;1;0;0;0
08/04/2022;14:38:00;132;Sem vítima;263,500;BR-101/ES;Crescente;Colisão traseira;1;0;0;0;1;0;0;0;0;0;2;0;0;0;0
08/04/2022;14:40:00;133;Sem vítima;269,800;BR-101/ES;Crescente;Colisão traseira;2;0;0;0;0;0;0;0;0;0;3;0;0;0;0
08/04/2022;15:02:00;140;Sem vítima;219,000;BR-101/ES;Decrescente;Choque;0;0;0;0;0;1;0;0;0;0;2;0;0;0;0
08/04/2022;16:32:00;160;Com vítima;220,000;BR-101/ES;Crescente;Colisão transversal;2;0;0;0;0;0;0;0;0;0;4;1;0;0;0
08/04/2022;16:49:00;165;Sem vítima;79,600;BR-101/ES;Decrescente;Colisão lateral no mesmo sentido;1;0;0;0;0;0;0;0;0;0;2;0;0;0;0
08/04/2022;18:29:00;182;Com vítima;261,000;BR-101/ES;Decrescente;Colisão lateral no mesmo sentido;1;0;0;1;0;0;0;0;0;0;0;0;2;0;0
08/04/2022;20:25:00;207;Sem vítima;68,000;BR-101/ES;Decrescente;Colisão traseira;2;0;0;0;0;0;0;0;0;0;3;0;0;0;0
08/04/2022;20:33:00;209;Com vítima;204,000;BR-101/ES;Crescente;Colisão transversal;1;0;0;1;0;0;0;0;0;0;1;0;1;0;0
08/04/2022;21:26:00;213;Sem vítima;12,000;BR-101/ES;Crescente;Colisão traseira;2;0;1;0;0;0;0;0;0;0;6;0;0;0;0
08/04/2022;21:35:00;215;Com vítima;344,200;BR-101/ES;Crescente;Queda de moto;0;0;0;1;0;0;0;0;0;0;0;2;0;0;0
09/04/2022;01:47:00;9;Com vítima;76,000;BR-101/ES;Crescente;Queda de moto;0;0;0;1;0;0;0;0;0;0;0;0;0;1;0
09/04/2022;04:22:00;24;Com vítima;278,300;BR-101/ES;Decrescente;Queda de moto;0;0;0;1;0;0;0;0;0;0;0;0;0;0;1
09/04/2022;04:36:00;25;Com vítima;195,000;BR-101/ES;Crescente;Colisão lateral em sentido contrário;2;0;0;0;0;0;0;0;0;0;4;1;0;0;0
09/04/2022;05:17:00;32;Com vítima;266,000;BR-101/ES;Crescente;Choque;0;0;0;0;1;0;0;0;0;0;1;1;0;0;0
09/04/2022;07:29:00;41;Sem vítima;265,000;BR-101/ES;Decrescente;Choque;1;0;0;0;0;0;0;0;0;0;3;0;0;0;0
09/04/2022;10:01:00;77;Sem vítima;396,000;BR-101/ES;Crescente;Choque;0;0;1;0;0;0;0;0;0;0;1;0;0;0;0
09/04/2022;11:19:00;87;Sem vítima;260,000;BR-101/ES;Decrescente;Queda de moto;0;0;0;1;0;0;0;0;0;0;1;0;0;0;0
09/04/2022;15:13:00;116;Sem vítima;266,000;BR-101/ES;Crescente;Engavetamento;4;0;0;0;0;0;0;0;0;0;5;0;0;0;0
09/04/2022;22:42:00;177;Sem vítima;86,000;BR-101/ES;Decrescente;Acidentes de outra natureza;0;0;0;0;0;0;0;0;0;1;1;0;0;0;0
10/04/2022;05:45:00;10;Com vítima;1,599;Contorno de Iconha/ES;Crescente;Tombamento;0;0;1;0;0;0;0;0;0;0;0;1;0;0;0
10/04/2022;07:07:00;16;Sem vítima;451,000;BR-101/ES;Decrescente;Saída de pista;1;0;0;0;0;0;0;0;0;0;1;0;0;0;0
10/04/2022;10:24:00;37;Com vítima;296,000;BR-101/ES;Decrescente;Queda de moto;0;0;0;1;0;0;0;0;0;0;0;1;1;0;0
10/04/2022;13:30:00;52;Com vítima;380,000;BR-101/ES;Decrescente;Queda de moto;0;0;0;1;0;0;0;0;0;0;0;2;0;0;0
10/04/2022;18:36:00;103;Com vítima;163,400;BR-101/ES;Crescente;Atropelamento de pedestre;0;0;0;1;0;0;0;0;0;0;0;2;0;0;0
10/04/2022;21:30:00;128;Com vítima;146,000;BR-101/ES;Crescente;Colisão traseira;1;0;0;1;0;0;0;0;0;0;1;0;1;0;0
10/04/2022;21:56:00;132;Com vítima;30,600;BR-101/ES;Crescente;Colisão traseira;1;0;0;0;1;0;0;0;0;0;1;2;1;0;0
10/04/2022;23:28:00;144;Com vítima;297,700;BR-101/ES;Crescente;Atropelamento de ciclista;0;1;0;0;0;0;0;0;0;0;0;1;0;0;0
11/04/2022;03:55:00;5;Sem vítima;266,500;BR-101/ES;Crescente;Colisão transversal;2;0;0;0;0;0;0;0;0;0;3;0;0;0;0
11/04/2022;07:33:00;22;Sem vítima;213,800;BR-101/ES;Decrescente;Colisão lateral no mesmo sentido;1;0;0;0;0;0;0;0;0;0;2;0;0;0;0
11/04/2022;09:04:00;60;Sem vítima;269,600;BR-101/ES;Crescente;Choque;1;0;0;0;0;1;0;0;0;0;4;0;0;0;0
11/04/2022;18:35:00;185;Sem vítima;399,000;BR-101/ES;Crescente;Colisão traseira;1;0;0;0;0;0;0;0;0;0;1;0;0;0;0
12/04/2022;04:56:00;23;Sem vítima;220,000;BR-101/ES;Decrescente;Colisão traseira;0;0;2;0;0;0;0;0;0;0;2;0;0;0;0
12/04/2022;06:33:00;32;Com vítima;293,400;BR-101/ES;Decrescente;Colisão lateral no mesmo sentido;1;0;0;2;0;1;0;0;0;0;2;0;2;1;0
12/04/2022;08:34:00;67;Sem vítima;297,700;BR-101/ES;Decrescente;Colisão lateral no mesmo sentido;1;0;0;0;0;1;0;0;0;0;3;0;0;0;0
12/04/2022;10:08:00;87;Sem vítima;87,500;BR-101/ES;Decrescente;Colisão traseira;2;0;0;0;0;0;0;0;0;0;4;0;0;0;0
12/04/2022;14:08:00;141;Com vítima;453,201;BR-101/ES;Decrescente;Tombamento;0;0;0;0;0;1;0;0;0;0;0;1;0;0;0
12/04/2022;15:36:00;165;Sem vítima;235,000;BR-101/ES;Decrescente;Colisão lateral em sentido contrário;0;0;1;0;0;0;0;0;0;0;1;0;0;0;0
12/04/2022;16:22:00;173;Com vítima;251,600;BR-101/ES;Crescente;Colisão lateral em sentido contrário;0;0;0;1;0;0;0;0;0;0;0;1;0;0;0
12/04/2022;16:57:00;181;Sem vítima;87,300;BR-101/ES;Decrescente;Colisão traseira;2;0;0;0;0;0;0;0;0;0;2;0;0;0;0
12/04/2022;18:16:00;197;Com vítima;127,400;BR-101/ES;Decrescente;Atropelamento de ciclista;0;1;0;1;0;0;0;0;0;0;1;1;0;0;0
12/04/2022;21:31:00;223;Sem vítima;287,000;BR-101/ES;Crescente;Colisão lateral em sentido contrário;2;0;0;0;0;0;0;0;0;0;2;0;0;0;0
13/04/2022;06:41:00;23;Com vítima;336,000;BR-101/ES;Crescente;Queda de moto;0;0;0;1;0;0;0;0;0;0;0;0;1;0;0
13/04/2022;07:26:00;35;Com vítima;48,500;BR-101/ES;Decrescente;Queda de moto;0;0;0;1;0;0;0;0;0;0;0;0;1;0;0
13/04/2022;09:41:00;87;Sem vítima;291,000;BR-101/ES;Decrescente;Colisão traseira;2;0;0;0;0;0;0;0;0;0;2;0;0;0;0
13/04/2022;10:28:00;96;Sem vítima;335,000;BR-101/ES;Decrescente;Colisão lateral no mesmo sentido;1;0;0;0;0;1;0;0;0;0;3;0;0;0;0
13/04/2022;14:27:00;149;Com vítima;273,000;BR-101/ES;Crescente;Colisão traseira;2;0;0;0;0;0;0;0;0;0;2;0;1;0;0
13/04/2022;17:04:00;176;Com vítima;262,000;BR-101/ES;Decrescente;Colisão traseira;2;0;0;0;0;0;0;0;0;0;0;0;1;0;0
13/04/2022;18:25:00;192;Com vítima;269,900;BR-101/ES;Decrescente;Atropelamento de ciclista;0;1;1;0;0;0;0;0;0;0;1;1;0;0;0
13/04/2022;18:39:00;194;Com vítima;273,000;BR-101/ES;Decrescente;Queda de moto;0;0;0;1;0;0;0;0;0;0;0;1;0;0;0
13/04/2022;19:32:00;202;Com vítima;296,300;BR-101/ES;Decrescente;Queda de moto;0;0;0;1;0;0;0;0;0;0;0;2;0;0;0
13/04/2022;20:52:00;206;Sem vítima;320,000;BR-101/ES;Decrescente;Choque;0;0;1;0;0;1;0;0;0;0;2;0;0;0;0
14/04/2022;05:16:00;31;Com vítima;186,000;BR-101/ES;Decrescente;Atropelamento de pedestre;0;0;0;0;0;1;0;0;0;0;0;1;0;0;0
14/04/2022;06:49:00;43;Com vítima;90,000;BR-101/ES;Decrescente;Colisão traseira;1;0;2;0;0;0;0;0;0;0;2;2;0;0;0
14/04/2022;09:03:00;84;Com vítima;143,000;BR-101/ES;Decrescente;Colisão traseira;1;0;0;1;0;0;0;0;0;0;2;0;1;0;0
14/04/2022;09:22:00;90;Com vítima;270,300;BR-101/ES;Crescente;Colisão lateral no mesmo sentido;0;0;0;1;0;1;0;0;0;1;2;0;1;0;0
14/04/2022;10:27:00;104;Com vítima;204,000;BR-101/ES;Decrescente;Colisão transversal;1;0;0;1;0;0;0;0;0;0;1;0;0;1;0
14/04/2022;12:59:00;129;Sem vítima;253,000;BR-101/ES;Decrescente;Colisão lateral em sentido contrário;3;0;0;0;0;0;0;0;0;0;4;0;0;0;0
14/04/2022;14:27:00;147;Sem vítima;308,000;BR-101/ES;Decrescente;Choque;0;0;1;0;0;1;0;0;0;0;2;0;0;0;0
14/04/2022;14:46:00;150;Sem vítima;219,000;BR-101/ES;Decrescente;Choque;0;0;0;0;0;1;0;0;0;0;1;0;0;0;0
14/04/2022;15:37:00;167;Sem vítima;241,600;BR-101/ES;Crescente;Colisão traseira;0;0;2;0;0;0;0;0;0;0;3;0;0;0;0
14/04/2022;16:17:00;176;Com vítima;443,500;BR-101/ES;Crescente;Colisão transversal;1;0;1;0;0;0;0;0;0;0;0;0;1;0;2
14/04/2022;18:34:00;201;Com vítima;268,000;BR-101/ES;Decrescente;Atropelamento de pedestre;0;0;0;1;0;0;0;0;0;0;1;1;1;0;0
14/04/2022;20:19:00;223;Com vítima;162,000;BR-101/ES;Crescente;Queda de moto;0;0;0;1;0;0;0;0;0;0;0;1;0;0;0
14/04/2022;20:50:00;230;Sem vítima;403,000;BR-101/ES;Decrescente;Colisão traseira;0;0;1;0;0;1;0;0;0;0;3;0;0;0;0
14/04/2022;20:51:00;231;Sem vítima;247,000;BR-101/ES;Decrescente;Colisão lateral no mesmo sentido;1;0;1;0;0;0;0;0;0;0;3;0;0;0;0
14/04/2022;21:14:00;234;Sem vítima;284,000;BR-101/ES;Decrescente;Saída de pista;1;0;0;0;0;0;0;0;0;0;1;0;0;0;0
14/04/2022;21:30:00;239;Sem vítima;304,000;BR-101/ES;Decrescente;Choque;1;0;0;0;0;0;0;0;0;0;1;0;0;0;0
14/04/2022;21:42:00;242;Com vítima;264,300;BR-101/ES;Crescente;Colisão traseira;0;0;1;1;0;0;0;0;0;0;1;0;1;0;0
15/04/2022;06:52:00;56;Com vítima;113,600;BR-101/ES;Decrescente;Queda de moto;0;0;0;1;0;0;0;0;0;0;0;1;0;0;0
15/04/2022;07:53:00;67;Sem vítima;336,800;BR-101/ES;Decrescente;Choque;1;0;0;0;0;0;0;0;0;0;2;0;0;0;0
15/04/2022;08:31:00;80;Sem vítima;254,800;BR-101/ES;Decrescente;Colisão traseira;1;0;0;0;0;0;0;0;0;0;4;0;0;0;0
15/04/2022;08:36:00;82;Com vítima;440,600;BR-101/ES;Crescente;Colisão transversal;1;1;0;0;0;0;0;0;0;0;1;0;1;0;0
15/04/2022;09:59:00;94;Com vítima;125,600;BR-101/ES;Decrescente;Colisão lateral em sentido contrário;1;1;0;0;0;0;0;0;0;0;1;0;1;0;0
15/04/2022;11:11:00;106;Sem vítima;240,100;BR-101/ES;Crescente;Colisão transversal;2;0;0;0;0;0;0;0;0;0;4;0;0;0;0
15/04/2022;18:51:00;165;Com vítima;459,000;BR-101/ES;Crescente;Colisão frontal;1;0;0;0;0;0;0;0;0;1;2;1;4;0;0
15/04/2022;21:43:00;183;Com vítima;265,000;BR-101/ES;Crescente;Colisão traseira;1;0;0;0;0;0;0;0;0;1;2;0;4;0;0
16/04/2022;05:49:00;18;Sem vítima;143,000;BR-101/ES;Decrescente;Saída de pista;1;0;0;0;0;0;0;0;0;0;0;0;0;0;0
16/04/2022;09:09:00;40;Com vítima;296,600;BR-101/ES;Decrescente;Colisão lateral no mesmo sentido;2;0;0;0;0;0;0;0;0;0;1;1;0;0;0
16/04/2022;10:52:00;57;Com vítima;270,000;BR-101/ES;Decrescente;Colisão traseira;2;0;0;0;0;0;0;0;0;0;2;1;0;0;0
16/04/2022;12:22:00;67;Sem vítima;80,800;BR-101/ES;Crescente;Colisão lateral em sentido contrário;1;0;0;0;0;0;0;0;0;0;4;0;0;0;0
16/04/2022;14:54:00;82;Com vítima;149,000;BR-101/ES;Decrescente;Colisão traseira;0;0;0;1;0;0;0;0;0;1;1;0;1;0;0
16/04/2022;17:52:00;113;Com vítima;68,000;BR-101/ES;Crescente;Atropelamento de ciclista;1;1;0;0;0;0;0;0;0;0;2;1;0;0;0
16/04/2022;19:09:00;128;Com vítima;24,400;BR-101/ES;Crescente;Colisão traseira;2;0;0;0;0;0;0;0;0;0;2;2;0;0;0
16/04/2022;20:28:00;140;Sem vítima;293,000;BR-101/ES;Decrescente;Saída de pista;1;0;0;0;0;0;0;0;0;0;1;0;0;0;0
16/04/2022;20:39:00;141;Com vítima;301,000;BR-101/ES;Crescente;Choque;1;0;0;0;0;0;0;0;0;0;2;1;0;0;0
16/04/2022;23:25:00;169;Com vítima;68,400;BR-101/ES;Crescente;Colisão transversal;2;0;0;0;0;0;0;0;0;0;2;1;0;0;0
17/04/2022;02:35:00;12;Sem vítima;158,900;BR-101/ES;Decrescente;Saída de pista;0;0;0;0;0;1;0;0;0;0;1;0;0;0;0
17/04/2022;04:28:00;19;Com vítima;131,600;BR-101/ES;Crescente;Capotamento;1;0;0;0;0;0;0;0;0;0;0;1;0;1;0
17/04/2022;11:55:00;90;Sem vítima;229,500;BR-101/ES;Decrescente;Colisão traseira;2;0;0;0;0;0;0;0;0;0;3;0;0;0;0
17/04/2022;12:23:00;93;Com vítima;267,000;BR-101/ES;Decrescente;Queda de moto;0;0;0;1;0;0;0;0;0;0;0;2;0;0;0
17/04/2022;13:40:00;106;Sem vítima;305,500;BR-101/ES;Crescente;Capotamento;1;0;0;0;0;0;0;0;0;0;1;0;0;0;0
17/04/2022;16:05:00;135;Sem vítima;396,700;BR-101/ES;Crescente;Engavetamento;3;0;0;0;0;0;0;0;0;0;11;0;0;0;0
17/04/2022;17:18:00;150;Sem vítima;293,000;BR-101/ES;Crescente;Colisão traseira;2;0;0;0;0;0;0;0;0;0;4;0;0;0;0
17/04/2022;18:39:00;170;Com vítima;286,000;BR-101/ES;Crescente;Queda de moto;0;0;0;1;0;0;0;0;0;0;0;1;0;0;0
17/04/2022;19:02:00;177;Sem vítima;40,000;BR-101/ES;Decrescente;Colisão lateral em sentido contrário;2;0;0;0;0;0;0;0;0;0;5;0;0;0;0
17/04/2022;21:39:00;200;Sem vítima;68,000;BR-101/ES;Crescente;Engavetamento;4;0;0;0;0;0;0;0;0;0;6;0;0;0;0
18/04/2022;05:54:00;26;Com vítima;393,500;BR-101/ES;Decrescente;Tombamento;0;0;1;0;0;0;0;0;0;0;0;0;0;0;1
18/04/2022;06:49:00;33;Com vítima;460,500;BR-101/ES;Decrescente;Colisão traseira;1;0;0;0;0;1;0;0;0;0;1;0;1;0;0
18/04/2022;07:51:00;45;Sem vítima;266,800;BR-101/ES;Crescente;Colisão traseira;0;0;1;0;0;0;0;0;0;0;2;0;0;0;0
18/04/2022;09:31:00;64;Sem vítima;284,000;BR-101/ES;Decrescente;Acidentes de outra natureza;1;0;0;0;0;0;0;0;0;0;2;0;0;0;0
18/04/2022;14:15:00;121;Sem vítima;189,000;BR-101/ES;Decrescente;Saída de pista;1;0;0;0;0;0;0;0;0;0;1;0;0;0;0
18/04/2022;16:15:00;148;Sem vítima;286,000;BR-101/ES;Decrescente;Colisão traseira;0;0;1;0;0;0;0;0;0;0;1;0;0;0;0
18/04/2022;18:18:00;166;Sem vítima;110,000;BR-101/ES;Crescente;Colisão traseira;1;0;0;0;0;0;0;0;0;1;2;0;0;0;0
19/04/2022;07:13:00;40;Com vítima;65,900;BR-101/ES;Crescente;Colisão traseira;1;0;0;2;0;0;0;0;0;0;1;2;0;0;0
19/04/2022;08:07:00;59;Sem vítima;146,000;BR-101/ES;Crescente;Colisão traseira;1;0;0;0;0;1;0;0;0;0;2;0;0;0;0
19/04/2022;09:15:00;73;Sem vítima;272,000;BR-101/ES;Decrescente;Atropelamento de animal;0;0;1;0;0;0;0;0;0;0;1;0;0;0;0
19/04/2022;10:32:00;92;Sem vítima;362,000;BR-101/ES;Crescente;Acidentes de outra natureza;1;0;0;0;0;0;0;0;0;0;1;0;0;0;0
19/04/2022;11:43:00;110;Com vítima;116,900;BR-101/ES;Crescente;Colisão transversal;1;0;0;1;0;0;0;0;0;0;1;0;2;0;0
19/04/2022;14:08:00;136;Sem vítima;183,000;BR-101/ES;Crescente;Choque;1;0;0;0;0;0;0;0;0;0;1;0;0;0;0
19/04/2022;14:12:00;137;Sem vítima;281,000;BR-101/ES;Crescente;Colisão traseira;1;0;0;0;0;0;0;0;0;0;1;0;0;0;0
19/04/2022;18:56:00;195;Sem vítima;130,000;BR-101/ES;Decrescente;Saída de pista;1;0;0;0;0;0;0;0;0;0;2;0;0;0;0
19/04/2022;20:55:00;217;Sem vítima;266,000;BR-101/ES;Decrescente;Colisão transversal;1;0;0;0;0;0;0;0;0;1;2;0;0;0;0
20/04/2022;06:34:00;27;Com vítima;290,700;BR-101/ES;Crescente;Queda de moto;0;0;0;1;0;0;0;0;0;0;0;0;1;0;0
20/04/2022;07:36:00;49;Com vítima;270,700;BR-101/ES;Decrescente;Colisão lateral no mesmo sentido;0;0;0;2;0;1;0;0;0;0;0;2;0;0;0
20/04/2022;08:18:00;62;Com vítima;345,000;BR-101/ES;Decrescente;Atropelamento de pedestre;0;0;0;0;0;0;0;0;0;0;0;0;1;0;0
20/04/2022;09:13:00;74;Sem vítima;396,400;BR-101/ES;Crescente;Colisão lateral em sentido contrário;1;0;0;0;0;1;0;0;0;0;1;0;0;0;0
20/04/2022;09:53:00;78;Sem vítima;260,500;BR-101/ES;Crescente;Carreta deu L;0;0;0;0;0;1;0;0;0;0;1;0;0;0;0
20/04/2022;12:35:00;108;Com vítima;396,000;BR-101/ES;Crescente;Colisão transversal;0;0;1;1;0;0;0;0;0;0;1;0;0;1;0
20/04/2022;13:11:00;114;Com vítima;330,000;BR-101/ES;Decrescente;Choque;1;0;0;0;0;0;0;0;0;0;3;1;0;0;0
20/04/2022;14:17:00;126;Com vítima;268,000;BR-101/ES;Crescente;Colisão traseira;0;0;1;1;0;0;0;0;0;0;1;0;2;0;0
20/04/2022;16:37:00;154;Sem vítima;68,300;BR-101/ES;Crescente;Tombamento;0;0;1;0;0;0;0;0;0;0;1;0;0;0;0
20/04/2022;17:26:00;167;Sem vítima;385,000;BR-101/ES;Crescente;Saída de pista;1;0;0;0;0;0;0;0;0;0;3;0;0;0;0
20/04/2022;18:25:00;174;Sem vítima;176,000;BR-101/ES;Crescente;Colisão transversal;1;0;0;0;0;0;0;0;0;1;6;0;0;0;0
20/04/2022;19:31:00;187;Com vítima;74,000;BR-101/ES;Decrescente;Colisão traseira;2;0;0;0;0;0;0;0;0;0;3;1;0;0;0
20/04/2022;20:43:00;207;Sem vítima;32,000;BR-101/ES;Decrescente;Acidentes de outra natureza;0;0;0;0;1;0;0;0;0;0;1;0;0;0;0
20/04/2022;20:45:00;209;Com vítima;266,000;BR-101/ES;Decrescente;Colisão traseira;1;0;0;1;0;0;0;0;0;0;1;1;0;0;0
20/04/2022;21:11:00;215;Com vítima;1,000;Contorno de Iconha/ES;Crescente;Colisão lateral no mesmo sentido;0;0;2;0;0;0;0;0;0;0;2;1;0;0;0
21/04/2022;05:23:00;20;Sem vítima;65,000;BR-101/ES;Decrescente;Colisão traseira;0;0;0;0;0;2;0;0;0;0;2;0;0;0;0
21/04/2022;06:35:00;28;Sem vítima;390,000;BR-101/ES;Decrescente;Colisão lateral em sentido contrário;0;0;0;0;0;2;0;0;0;0;0;0;0;0;0
21/04/2022;07:31:00;41;Sem vítima;254,900;BR-101/ES;Decrescente;Colisão traseira;2;0;0;0;0;0;0;0;0;0;2;0;0;0;0
21/04/2022;15:05:00;113;Com vítima;153,700;BR-101/ES;Crescente;Capotamento;1;0;0;0;0;0;0;0;0;0;0;4;1;0;0
22/04/2022;08:06:00;50;Com vítima;282,000;BR-101/ES;Crescente;Queda de moto;0;0;0;1;0;0;0;0;0;0;0;2;0;0;0
22/04/2022;08:40:00;61;Sem vítima;145,900;BR-101/ES;Decrescente;Engavetamento;0;0;0;2;1;0;0;0;0;0;3;0;0;0;0
22/04/2022;09:24:00;68;Com vítima;415,000;BR-101/ES;Crescente;Colisão transversal;1;0;0;1;0;0;0;0;0;0;0;2;2;0;0
22/04/2022;15:05:00;128;Sem vítima;94,000;BR-101/ES;Decrescente;Colisão traseira;1;0;1;0;0;0;0;0;0;0;5;0;0;0;0
22/04/2022;15:09:00;129;Sem vítima;264,300;BR-101/ES;Decrescente;Colisão transversal;1;0;0;0;0;0;0;0;0;0;1;0;0;0;0
22/04/2022;15:50:00;136;Sem vítima;250,400;BR-101/ES;Crescente;Colisão traseira;0;0;1;0;0;0;0;0;0;1;3;0;0;0;0
22/04/2022;16:00:00;137;Sem vítima;418,000;BR-101/ES;Crescente;Choque;0;0;0;0;0;1;0;0;0;0;1;0;0;0;0
22/04/2022;17:49:00;156;Sem vítima;339,001;BR-101/ES;Decrescente;Colisão lateral no mesmo sentido;0;0;0;0;0;1;0;0;0;1;2;0;0;0;0
22/04/2022;18:57:00;173;Sem vítima;262,200;BR-101/ES;Crescente;Colisão traseira;2;0;0;0;0;0;0;0;0;0;2;0;0;0;0
23/04/2022;00:33:00;1;Com vítima;347,000;BR-101/ES;Crescente;Queda de moto;0;0;0;1;0;0;0;0;0;0;0;0;1;0;0
23/04/2022;07:22:00;29;Sem vítima;60,900;BR-101/ES;Crescente;Colisão lateral no mesmo sentido;1;0;0;0;0;0;0;0;0;0;1;0;0;0;0
23/04/2022;08:04:00;36;Com vítima;216,500;BR-101/ES;Decrescente;Colisão traseira;1;0;0;0;0;1;0;0;0;0;2;1;0;0;0
23/04/2022;08:11:00;38;Com vítima;281,100;BR-101/ES;Crescente;Queda de moto;0;0;0;1;0;0;0;0;0;0;0;0;2;0;0
23/04/2022;08:45:00;46;Com vítima;214,001;BR-101/ES;Crescente;Colisão transversal;1;0;0;0;0;1;0;0;0;0;2;3;0;0;0
23/04/2022;10:00:00;58;Sem vítima;358,400;BR-101/ES;Crescente;Colisão traseira;1;0;1;0;0;0;0;0;0;0;4;0;0;0;0
23/04/2022;12:10:00;91;Com vítima;257,000;BR-101/ES;Decrescente;Colisão lateral no mesmo sentido;1;0;0;1;0;0;0;0;0;0;1;0;1;0;0
23/04/2022;17:36:00;152;Com vítima;205,100;BR-101/ES;Crescente;Atropelamento de pedestre;1;0;0;0;0;0;0;0;0;0;1;1;0;0;0
23/04/2022;21:12:00;190;Sem vítima;262,000;BR-101/ES;Crescente;Colisão traseira;1;0;0;1;0;0;0;0;0;0;2;0;0;0;0
24/04/2022;05:22:00;23;Sem vítima;264,400;BR-101/ES;Crescente;Colisão traseira;3;0;0;0;0;0;0;0;0;0;4;0;0;0;0
24/04/2022;05:24:00;24;Sem vítima;285,000;BR-101/ES;Crescente;Choque;1;0;0;0;0;0;0;0;0;0;3;0;0;0;0
24/04/2022;09:17:00;56;Sem vítima;204,800;BR-101/ES;Crescente;Colisão transversal;1;0;0;0;0;1;0;0;0;0;4;0;0;0;0
24/04/2022;11:21:00;67;Sem vítima;288,000;BR-101/ES;Crescente;Colisão traseira;2;0;0;0;0;0;0;0;0;0;4;0;0;0;0
24/04/2022;12:35:00;82;Sem vítima;292,000;BR-101/ES;Crescente;Colisão lateral no mesmo sentido;1;0;0;0;0;1;0;0;0;0;2;0;0;0;0
24/04/2022;13:10:00;90;Sem vítima;294,000;BR-101/ES;Crescente;Choque;1;0;0;0;0;0;0;0;0;0;1;0;0;0;0
24/04/2022;18:55:00;146;Sem vítima;243,700;BR-101/ES;Crescente;Colisão traseira;2;0;0;0;0;0;0;0;0;0;7;0;0;0;0
24/04/2022;20:33:00;169;Sem vítima;287,000;BR-101/ES;Crescente;Queda de moto;0;0;0;1;0;0;0;0;0;0;1;0;0;0;0
24/04/2022;22:33:00;181;Com vítima;260,700;BR-101/ES;Crescente;Saída de pista;1;0;0;0;0;0;0;0;0;0;0;0;1;0;0
25/04/2022;11:16:00;76;Com vítima;271,900;BR-101/ES;Crescente;Colisão transversal;0;0;0;2;0;0;0;0;0;0;1;3;0;0;0
25/04/2022;13:54:00;102;Com vítima;25,000;BR-101/ES;Decrescente;Saída de pista;0;0;0;0;0;1;0;0;0;0;0;0;1;0;0
25/04/2022;14:33:00;106;Com vítima;277,000;BR-101/ES;Crescente;Queda de moto;0;0;0;1;0;0;0;0;0;0;1;0;1;0;0
25/04/2022;15:14:00;113;Sem vítima;213,000;BR-101/ES;Crescente;Colisão traseira;2;0;0;0;0;0;0;0;0;0;3;0;0;0;0
25/04/2022;16:00:00;124;Com vítima;154,000;BR-101/ES;Decrescente;Queda de moto;0;0;0;1;0;0;0;0;0;0;1;1;0;0;0
25/04/2022;17:24:00;146;Com vítima;60,000;BR-101/ES;Decrescente;Colisão traseira;2;0;0;0;0;0;0;0;0;0;1;1;0;0;0
25/04/2022;17:54:00;155;Com vítima;268,000;BR-101/ES;Decrescente;Colisão frontal;1;1;0;0;0;0;0;0;0;0;3;0;1;0;0
25/04/2022;19:01:00;165;Sem vítima;380,400;BR-101/ES;Decrescente;Engavetamento;3;0;0;0;0;0;0;0;0;0;7;0;0;0;0
26/04/2022;00:01:00;1;Com vítima;323,000;BR-101/ES;Decrescente;Atropelamento de animal;1;0;0;0;0;0;0;0;0;0;3;0;1;0;0
26/04/2022;00:35:00;3;Sem vítima;340,300;BR-101/ES;Decrescente;Choque;1;0;0;0;0;0;0;0;0;0;2;0;0;0;0
26/04/2022;08:45:00;57;Com vítima;304,000;BR-101/ES;Decrescente;Colisão traseira;1;0;0;1;0;0;0;0;0;0;1;1;0;0;0
26/04/2022;09:07:00;63;Sem vítima;187,100;BR-101/ES;Decrescente;Colisão lateral no mesmo sentido;1;0;0;0;0;1;0;0;0;0;3;0;0;0;0