data;horario;n_da_ocorrencia;tipo_de_ocorrencia;km;trecho;sentido;tipo_de_acidente;automovel;bicicleta;caminhao;moto;onibus;outros;tracao_animal;transporte_de_cargas_especiais;trator_maquinas;utilitarios;ilesos;levemente_feridos;moderadamente_feridos;gravemente_feridos;mortos
26/04/2022;10:08:00;76;Sem vítima;314,000;BR-101/ES;Decrescente;Colisão traseira;2;0;0;0;0;0;0;0;0;0;2;0;0;0;0
26/04/2022;11:33:00;90;Sem vítima;293,000;BR-101/ES;Crescente;Colisão traseira;0;0;0;0;1;0;0;0;0;0;1;0;0;0;0
26/04/2022;14:00:00;110;Sem vítima;275,000;BR-101/ES;Crescente;Colisão traseira;2;0;0;0;0;0;0;0;0;0;2;0;0;0;0
26/04/2022;14:36:00;119;Sem vítima;452,000;BR-101/ES;Crescente;Colisão lateral no mesmo sentido;0;0;0;0;0;1;0;0;0;1;5;0;0;0;0
26/04/2022;20:56:00;193;Sem vítima;61,000;BR-101/ES;Decrescente;Colisão traseira;2;0;0;0;0;0;0;0;0;0;4;0;0;0;0
26/04/2022;23:16:00;203;Com vítima;163,000;BR-101/ES;Crescente;Atropelamento de animal;0;0;0;0;0;0;0;0;0;1;2;0;0;0;0
27/04/2022;06:48:00;23;Com vítima;268,700;BR-101/ES;Crescente;Queda de moto;0;0;0;1;0;0;0;0;0;0;1;0;1;0;0
27/04/2022;07:24:00;30;Sem vítima;297,800;BR-101/ES;Decrescente;Colisão traseira;2;0;0;0;0;0;0;0;0;0;0;0;0;0;0
27/04/2022;08:21:00;40;Com vítima;270,700;BR-101/ES;Decrescente;Queda de bicicleta;0;1;0;0;0;0;0;0;0;0;0;0;1;0;0
27/04/2022;08:37:00;48;Sem vítima;85,800;BR-101/ES;Decrescente;Colisão traseira;1;0;1;0;0;0;0;0;0;0;3;0;0;0;0
27/04/2022;13:55:00;119;Sem vítima;335,000;BR-101/ES;Crescente;Choque;0;0;0;0;0;0;0;0;0;1;1;0;0;0;0
27/04/2022;14:36:00;128;Com vítima;440,050;BR-101/ES;Crescente;Colisão lateral no mesmo sentido;0;0;0;1;0;1;0;0;0;0;1;0;1;0;0
27/04/2022;14:47:00;131;Com vítima;279,000;BR-101/ES;Decrescente;Choque;0;0;0;1;0;0;0;0;0;0;0;0;0;1;0
27/04/2022;15:28:00;134;Sem vítima;292,000;BR-101/ES;Decrescente;Colisão lateral no mesmo sentido;0;0;0;0;0;1;0;0;0;0;1;0;0;0;0
27/04/2022;16:47:00;148;Sem vítima;277,990;BR-101/ES;Crescente;Colisão transversal;1;0;0;0;0;1;0;0;0;0;2;0;0;0;0
27/04/2022;21:41:00;202;Com vítima;244,000;BR-101/ES;Crescente;Queda de moto;0;0;0;1;0;0;0;0;0;0;0;1;0;0;0
28/04/2022;06:49:00;24;Com vítima;293,700;BR-101/ES;Decrescente;Colisão lateral no mesmo sentido;0;0;0;1;0;1;0;0;0;0;1;0;1;0;0
28/04/2022;08:21:00;50;Com vítima;357,800;BR-101/ES;Crescente;Colisão transversal;1;0;0;1;0;0;0;0;0;0;4;0;0;1;0
28/04/2022;11:01:00;83;Sem vítima;90,300;BR-101/ES;Decrescente;Acidentes de outra natureza;0;0;0;0;0;1;0;0;0;0;1;0;0;0;0
28/04/2022;11:03:00;84;Sem vítima;287,000;BR-101/ES;Crescente;Colisão lateral no mesmo sentido;0;0;1;0;0;1;0;0;0;0;2;0;0;0;0
28/04/2022;11:15:00;85;Sem vítima;114,000;BR-101/ES;Decrescente;Saída de pista;1;0;0;0;0;0;0;0;0;0;1;0;0;0;0
28/04/2022;12:25:00;96;Sem vítima;282,800;BR-101/ES;Crescente;Colisão traseira;0;0;1;0;0;0;0;0;0;0;1;0;0;0;0
28/04/2022;13:37:00;109;Com vítima;183,000;BR-101/ES;Decrescente;Tombamento;0;0;1;0;0;0;0;0;0;0;0;0;1;0;0
28/04/2022;16:58:00;146;Sem vítima;355,000;BR-101/ES;Decrescente;Choque;1;0;0;0;0;0;0;0;0;0;1;0;0;0;0
28/04/2022;17:24:00;152;Sem vítima;69,000;BR-101/ES;Decrescente;Colisão transversal;1;0;0;0;0;0;0;0;0;0;1;0;0;0;0
28/04/2022;19:08:00;170;Sem vítima;291,000;BR-101/ES;Crescente;Colisão traseira;0;0;1;0;0;1;0;0;0;0;2;0;0;0;0
28/04/2022;20:36:00;183;Sem vítima;458,500;BR-101/ES;Crescente;Colisão traseira;0;0;0;0;0;1;0;0;0;0;1;0;0;0;0
28/04/2022;22:29:00;199;Sem vítima;943,000;BR-101/ES;Crescente;Atropelamento de animal;1;0;0;0;0;0;0;0;0;0;1;0;0;0;0
28/04/2022;23:27:00;201;Sem vítima;942,000;BR-101/ES;Crescente;Atropelamento de animal;0;0;1;0;0;0;0;0;0;0;1;0;0;0;0
29/04/2022;05:43:00;22;Com vítima;31,000;BR-101/ES;Crescente;Colisão frontal;0;0;0;1;0;0;0;0;0;0;0;0;1;0;0
29/04/2022;05:51:00;24;Sem vítima;126,000;BR-101/ES;Crescente;Saída de pista;1;0;0;0;0;0;0;0;0;0;0;0;0;0;0
29/04/2022;06:15:00;30;Sem vítima;208,000;BR-101/ES;Decrescente;Colisão transversal;2;0;0;0;0;0;0;0;0;0;6;0;0;0;0
29/04/2022;06:27:00;32;Com vítima;264,000;BR-101/ES;Crescente;Colisão traseira;0;0;0;1;0;1;0;0;0;0;1;1;1;0;0
29/04/2022;06:40:00;33;Com vítima;305,500;BR-101/ES;Crescente;Queda de moto;0;0;0;1;0;0;0;0;0;0;0;1;0;0;0
29/04/2022;06:43:00;35;Sem vítima;254,000;BR-101/ES;Crescente;Engavetamento;2;0;0;0;0;0;0;0;0;0;3;0;0;0;0
29/04/2022;10:27:00;78;Com vítima;358,000;BR-101/ES;Crescente;Colisão frontal;0;0;0;0;0;2;0;0;0;0;1;1;0;0;0
29/04/2022;14:31:00;129;Sem vítima;25,500;BR-101/ES;Decrescente;Colisão transversal;2;0;0;0;0;0;0;0;0;0;4;0;0;0;0
29/04/2022;17:46:00;165;Sem vítima;297,000;BR-101/ES;Crescente;Colisão traseira;0;0;1;0;0;0;0;0;0;0;1;0;0;0;0
29/04/2022;18:07:00;171;Sem vítima;343,000;BR-101/ES;Crescente;Capotamento;1;0;0;0;0;0;0;0;0;0;1;0;0;0;0
29/04/2022;18:10:00;172;Com vítima;145,000;BR-101/ES;Decrescente;Colisão lateral no mesmo sentido;1;0;0;1;0;0;0;0;0;0;1;1;0;0;0
29/04/2022;18:55:00;181;Com vítima;312,100;BR-101/ES;Decrescente;Atropelamento de animal;1;0;0;0;0;0;0;0;0;0;0;0;1;0;0
29/04/2022;19:59:00;197;Sem vítima;294,500;BR-101/ES;Decrescente;Engavetamento;1;0;0;0;0;0;0;0;0;0;2;0;0;0;0
29/04/2022;20:01:00;198;Sem vítima;273,000;BR-101/ES;Decrescente;Atropelamento de animal;0;0;0;0;0;1;0;0;0;0;1;0;0;0;0
29/04/2022;22:04:00;212;Sem vítima;317,000;BR-101/ES;Crescente;Colisão lateral no mesmo sentido;1;0;0;0;0;0;0;0;0;0;1;0;0;0;0
30/04/2022;01:51:00;10;Sem vítima;321,300;BR-101/ES;Decrescente;Atropelamento de animal;0;0;0;0;0;1;0;0;0;0;1;0;0;0;0
30/04/2022;08:12:00;55;Sem vítima;24,000;BR-101/ES;Crescente;Colisão lateral em sentido contrário;0;0;0;0;0;1;0;0;0;0;1;0;0;0;0
30/04/2022;08:23:00;60;Sem vítima;17,500;BR-101/ES;Decrescente;Colisão traseira;2;0;0;0;0;0;0;0;0;0;3;0;0;0;0
30/04/2022;12:57:00;104;Com vítima;266,000;BR-101/ES;Decrescente;Atropelamento de ciclista;1;1;0;0;0;0;0;0;0;0;1;1;0;0;0
30/04/2022;13:03:00;107;Com vítima;131,200;BR-101/ES;Decrescente;Saída de pista;1;0;0;0;0;0;0;0;0;0;0;1;1;0;0
30/04/2022;17:45:00;160;Com vítima;122,500;BR-101/ES;Decrescente;Atropelamento de ciclista;1;1;0;0;0;0;0;0;0;0;1;0;1;0;0
30/04/2022;18:52:00;164;Com vítima;263,000;BR-101/ES;Decrescente;Engavetamento;5;0;0;0;0;0;0;0;0;0;9;0;2;0;0
30/04/2022;21:05:00;177;Sem vítima;302,000;BR-101/ES;Decrescente;Queda de moto;0;0;0;1;0;0;0;0;0;0;2;0;0;0;0
30/04/2022;22:50:00;183;Sem vítima;127,000;BR-101/ES;Decrescente;Colisão traseira;2;0;0;0;0;0;0;0;0;0;4;0;0;0;0
01/05/2022;06:42:00;15;Com vítima;304,850;BR-101/ES;Decrescente;Choque;0;0;0;1;0;0;0;0;0;0;0;0;1;0;0
01/05/2022;13:29:00;69;Sem vítima;299,800;BR-101/ES;Crescente;Colisão transversal;1;0;0;1;0;0;0;0;0;0;2;0;0;0;0
01/05/2022;15:28:00;84;Com vítima;283,300;BR-101/ES;Crescente;Saída de pista;1;0;0;0;0;0;0;0;0;0;0;1;0;0;0
01/05/2022;18:02:00;117;Com vítima;288,000;BR-101/ES;Crescente;Colisão traseira;1;0;0;1;0;0;0;0;0;0;1;1;1;0;0
01/05/2022;18:14:00;116;Sem vítima;288,000;BR-101/ES;Crescente;Colisão traseira;2;0;0;0;0;1;0;0;0;0;3;0;0;0;0
01/05/2022;19:04:00;135;Com vítima;299,000;BR-101/ES;Crescente;Queda de moto;0;0;0;1;0;0;0;0;0;0;0;0;2;0;0
02/05/2022;03:08:00;13;Sem vítima;326,000;BR-101/ES;Decrescente;Choque;1;0;0;0;0;0;0;0;0;0;1;0;0;0;0
02/05/2022;05:37:00;20;Com vítima;274,700;BR-101/ES;Decrescente;Atropelamento de animal;1;0;0;0;0;0;0;0;0;0;0;0;1;0;0
02/05/2022;07:33:00;47;Sem vítima;283,600;BR-101/ES;Decrescente;Colisão traseira;2;0;0;0;0;0;0;0;0;0;2;0;0;0;0
02/05/2022;11:39:00;109;Sem vítima;293,000;BR-101/ES;Crescente;Colisão lateral no mesmo sentido;1;0;0;0;0;1;0;0;0;0;2;0;0;0;0
02/05/2022;12:59:00;126;Com vítima;195,000;BR-101/ES;Decrescente;Saída de pista;1;0;0;0;0;0;0;0;0;0;0;0;1;0;0
02/05/2022;13:39:00;131;Com vítima;125,000;BR-101/ES;Decrescente;Queda de moto;0;0;0;1;0;0;0;0;0;0;0;2;0;0;0
02/05/2022;14:32:00;141;Sem vítima;153,000;BR-101/ES;Decrescente;Colisão lateral no mesmo sentido;1;0;0;0;0;0;0;0;0;0;0;0;0;0;0
02/05/2022;17:02:00;173;Sem vítima;270,000;BR-101/ES;Decrescente;Colisão traseira;0;0;1;0;1;0;0;0;0;0;2;0;0;0;0
02/05/2022;18:20:00;182;Com vítima;72,950;BR-101/ES;Crescente;Atropelamento de pedestre;0;0;0;0;1;0;0;0;0;0;1;1;0;0;0
02/05/2022;18:25:00;183;Sem vítima;148,000;BR-101/ES;Decrescente;Engavetamento;2;0;0;0;0;0;0;0;0;1;3;0;0;0;0
02/05/2022;19:59:00;208;Sem vítima;49,000;BR-101/ES;Decrescente;Queda de moto;0;0;0;1;0;0;0;0;0;0;2;0;0;0;0
02/05/2022;21:10:00;225;Sem vítima;412,800;BR-101/ES;Crescente;Saída de pista;1;0;0;0;0;0;0;0;0;0;1;0;0;0;0
03/05/2022;00:46:00;2;Sem vítima;91,000;BR-101/ES;Crescente;Colisão traseira;0;0;1;0;0;0;0;0;0;0;2;0;0;0;0
03/05/2022;07:03:00;22;Com vítima;189,000;BR-101/ES;Crescente;Colisão transversal;0;0;0;2;0;0;0;0;0;0;0;0;3;0;0
03/05/2022;08:31:00;59;Com vítima;418,000;BR-101/ES;Decrescente;Colisão lateral em sentido contrário;1;0;2;1;0;0;0;0;0;0;4;0;1;0;0
03/05/2022;10:08:00;78;Com vítima;297,700;BR-101/ES;Crescente;Engavetamento;2;0;1;0;0;1;0;0;0;0;5;1;0;0;0
03/05/2022;10:53:00;88;Sem vítima;97,000;BR-101/ES;Decrescente;Carreta deu L;0;0;0;0;0;1;0;0;0;0;1;0;0;0;0
03/05/2022;15:19:00;118;Com vítima;280,000;BR-101/ES;Crescente;Colisão transversal;0;0;0;2;0;0;0;0;0;0;1;0;1;0;0
03/05/2022;16:49:00;133;Sem vítima;298,000;BR-101/ES;Crescente;Colisão traseira;0;0;0;1;0;0;0;0;0;0;1;0;0;0;0
03/05/2022;17:10:00;138;Sem vítima;263,000;BR-101/ES;Crescente;Colisão lateral no mesmo sentido;2;0;2;0;0;0;0;0;0;0;4;0;0;0;0
03/05/2022;18:08:00;149;Sem vítima;75,100;BR-101/ES;Decrescente;Colisão lateral no mesmo sentido;0;0;0;0;0;2;0;0;0;0;3;0;0;0;0
03/05/2022;19:00:00;158;Sem vítima;126,000;BR-101/ES;Crescente;Colisão lateral no mesmo sentido;1;0;0;0;1;0;0;0;0;0;3;0;0;0;0
03/05/2022;19:21:00;161;Com vítima;329,000;BR-101/ES;Decrescente;Queda de moto;0;0;0;1;0;0;0;0;0;0;0;1;1;0;0
03/05/2022;22:17:00;188;Com vítima;167,700;BR-101/ES;Decrescente;Atropelamento de ciclista;0;1;0;0;0;1;0;0;0;0;1;0;0;0;1
04/05/2022;05:54:00;14;Sem vítima;122,000;BR-101/ES;Crescente;Choque;1;0;0;0;0;0;0;0;0;0;1;0;0;0;0
04/05/2022;07:24:00;33;Sem vítima;146,000;BR-101/ES;Crescente;Colisão lateral no mesmo sentido;1;0;1;0;0;0;0;0;0;0;2;0;0;0;0
04/05/2022;07:25:00;35;Sem vítima;260,000;BR-101/ES;Crescente;Saída de pista;1;0;0;0;0;0;0;0;0;0;1;0;0;0;0
04/05/2022;08:08:00;52;Com vítima;146,300;BR-101/ES;Crescente;Colisão traseira;2;0;0;0;0;0;0;0;0;0;2;1;0;0;0
04/05/2022;08:31:00;61;Com vítima;111,000;BR-101/ES;Crescente;Colisão traseira;1;0;0;1;0;0;0;0;0;0;3;0;1;0;0
04/05/2022;09:45:00;74;Sem vítima;297,000;BR-101/ES;Crescente;Colisão traseira;1;0;0;0;0;1;0;0;0;0;2;0;0;0;0
04/05/2022;10:58:00;86;Sem vítima;255,000;BR-101/ES;Crescente;Engavetamento;3;0;0;0;0;0;0;0;0;1;6;0;0;0;0
04/05/2022;12:20:00;101;Sem vítima;213,000;BR-101/ES;Decrescente;Colisão traseira;1;0;0;0;0;0;0;0;0;0;1;0;0;0;0
04/05/2022;14:58:00;129;Sem vítima;397,000;BR-101/ES;Decrescente;Colisão traseira;1;0;0;0;0;0;0;0;0;0;1;0;0;0;0
04/05/2022;17:18:00;150;Com vítima;212,000;BR-101/ES;Crescente;Colisão transversal;1;0;0;1;0;0;0;0;0;0;1;0;1;0;0
04/05/2022;17:59:00;158;Com vítima;146,000;BR-101/ES;Decrescente;Engavetamento;2;0;1;1;0;0;0;0;0;0;3;1;0;0;0
04/05/2022;18:42:00;163;Sem vítima;286,500;BR-101/ES;Crescente;Colisão lateral no mesmo sentido;0;0;0;0;0;1;0;0;0;1;3;0;0;0;0
04/05/2022;18:52:00;167;Sem vítima;242,000;BR-101/ES;Decrescente;Choque;1;0;0;0;0;0;0;0;0;0;1;0;0;0;0
04/05/2022;20:32:00;177;Com vítima;267,000;BR-101/ES;Crescente;Atropelamento de ciclista;0;1;0;0;0;0;0;0;0;0;0;0;1;0;0
04/05/2022;21:04:00;185;Sem vítima;2,000;BR-101/ES;Crescente;Choque;1;0;0;0;0;0;0;0;0;0;1;0;0;0;0
04/05/2022;21:21:00;188;Sem vítima;91,000;BR-101/ES;Decrescente;Colisão traseira;0;0;1;0;0;2;0;0;0;0;3;0;0;0;0
05/05/2022;02:09:00;4;Sem vítima;312,000;BR-101/ES;Crescente;Atropelamento de animal;0;0;0;0;0;1;0;0;0;0;1;0;0;0;0
05/05/2022;05:20:00;15;Sem vítima;335,000;BR-101/ES;Decrescente;Choque;0;0;1;0;0;0;0;0;0;0;1;0;0;0;0
05/05/2022;06:54:00;32;Com vítima;257,500;BR-101/ES;Decrescente;Colisão lateral no mesmo sentido;1;0;0;1;0;0;0;0;0;0;2;0;1;0;0
05/05/2022;07:39:00;36;Com vítima;299,700;BR-101/ES;Crescente;Colisão traseira;1;0;0;0;0;0;0;0;1;0;1;1;0;0;0
05/05/2022;08:26:00;45;Sem vítima;265,400;BR-101/ES;Decrescente;Colisão traseira;2;0;0;0;0;0;0;0;0;0;2;0;0;0;0
05/05/2022;08:34:00;46;Sem vítima;459,800;BR-101/ES;Decrescente;Saída de pista;1;0;0;0;0;0;0;0;0;0;4;0;0;0;0
05/05/2022;09:01:00;54;Sem vítima;270,700;BR-101/ES;Crescente;Choque;1;0;0;0;0;0;0;0;0;0;0;0;0;0;0
05/05/2022;09:15:00;59;Sem vítima;297,000;BR-101/ES;Decrescente;Colisão lateral no mesmo sentido;0;0;0;1;0;0;0;0;0;0;2;0;0;0;0
05/05/2022;09:30:00;65;Sem vítima;123,900;BR-101/ES;Crescente;Choque;0;0;0;0;0;1;0;0;0;0;1;0;0;0;0
05/05/2022;11:41:00;91;Com vítima;333,000;BR-101/ES;Decrescente;Capotamento;1;0;0;0;0;0;0;0;0;0;4;0;1;0;0
05/05/2022;11:55:00;95;Sem vítima;294,000;BR-101/ES;Decrescente;Colisão traseira;1;0;0;0;0;1;0;0;0;0;2;0;0;0;0
05/05/2022;15:15:00;118;Sem vítima;277,300;BR-101/ES;Crescente;Colisão lateral no mesmo sentido;1;0;1;0;0;0;0;0;0;0;2;0;0;0;0
05/05/2022;18:10:00;158;Com vítima;330,000;BR-101/ES;Crescente;Queda de moto;0;0;0;1;0;0;0;0;0;0;0;0;0;0;1
06/05/2022;05:28:00;16;Com vítima;126,400;BR-101/ES;Crescente;Colisão traseira;1;0;1;0;0;0;0;0;0;0;1;1;0;0;0
06/05/2022;07:57:00;30;Sem vítima;266,700;BR-101/ES;Crescente;Atropelamento de animal;0;0;0;1;0;0;0;0;0;0;1;0;0;0;0
06/05/2022;08:36:00;50;Sem vítima;266,300;BR-101/ES;Decrescente;Colisão traseira;1;0;0;0;0;1;0;0;0;0;2;0;0;0;0
06/05/2022;14:25:00;105;Com vítima;163,200;BR-101/ES;Crescente;Queda de moto;0;0;0;1;0;0;0;0;0;0;0;1;0;0;0
06/05/2022;17:01:00;128;Com vítima;159,200;BR-101/ES;Crescente;Colisão transversal;1;0;0;1;0;0;0;0;0;0;2;1;0;0;0
06/05/2022;17:10:00;129;Com vítima;217,600;BR-101/ES;Crescente;Colisão traseira;1;0;0;0;0;0;0;0;0;0;0;0;1;0;0
06/05/2022;17:53:00;138;Com vítima;169,000;BR-101/ES;Crescente;Colisão lateral em sentido contrário;1;0;2;0;0;1;0;0;0;0;4;1;0;0;0
06/05/2022;17:54:00;139;Com vítima;265,400;BR-101/ES;Decrescente;Queda de moto;0;0;0;1;0;0;0;0;0;0;0;0;0;1;0
06/05/2022;18:17:00;145;Sem vítima;279,000;BR-101/ES;Crescente;Colisão traseira;2;0;0;0;0;0;0;0;0;0;2;0;0;0;0
06/05/2022;18:42:00;153;Com vítima;233,000;BR-101/ES;Decrescente;Colisão traseira;1;0;0;1;0;0;0;0;0;0;2;0;0;1;0
06/05/2022;19:02:00;159;Com vítima;85,000;BR-101/ES;Decrescente;Atropelamento de animal;0;0;0;1;0;0;0;0;0;0;0;0;1;0;0
06/05/2022;21:02:00;183;Com vítima;73,300;BR-101/ES;Crescente;Colisão traseira;1;0;0;0;0;0;0;0;0;0;4;0;0;1;0
06/05/2022;22:17:00;193;Com vítima;243,000;BR-101/ES;Crescente;Atropelamento de pedestre;0;0;0;0;0;0;0;0;0;0;0;0;1;0;0
07/05/2022;05:00:00;20;Com vítima;217,000;BR-101/ES;Decrescente;Colisão frontal;0;0;0;1;0;0;0;0;0;0;0;0;1;1;0
07/05/2022;07:33:00;45;Sem vítima;315,499;BR-101/ES;Decrescente;Choque;1;0;0;0;0;0;0;0;0;0;4;0;0;0;0
07/05/2022;08:42:00;72;Sem vítima;304,360;BR-101/ES;Crescente;Engavetamento;3;0;0;0;0;0;0;0;0;0;7;0;0;0;0
07/05/2022;09:13:00;84;Sem vítima;66,000;BR-101/ES;Decrescente;Colisão lateral no mesmo sentido;1;0;0;0;0;0;0;0;0;0;1;0;0;0;0
07/05/2022;10:10:00;97;Com vítima;214,000;BR-101/ES;Decrescente;Colisão transversal;2;0;0;0;0;0;0;0;0;0;0;2;0;0;0
07/05/2022;13:48:00;122;Com vítima;149,200;BR-101/ES;Crescente;Atropelamento de ciclista;0;1;0;0;1;0;0;0;0;0;1;0;0;0;1
07/05/2022;17:23:00;170;Com vítima;343,000;BR-101/ES;Crescente;Colisão traseira;2;0;0;0;0;0;0;0;0;0;3;1;0;0;0
07/05/2022;17:42:00;174;Sem vítima;348,000;BR-101/ES;Decrescente;Saída de pista;1;0;0;0;0;0;0;0;0;0;2;0;0;0;0
07/05/2022;19:43:00;179;Com vítima;356,000;BR-101/ES;Decrescente;Colisão lateral em sentido contrário;1;0;0;0;0;1;0;0;0;0;2;2;0;0;0
07/05/2022;20:10:00;184;Sem vítima;399,000;BR-101/ES;Decrescente;Acidentes de outra natureza;0;0;0;0;0;1;0;0;0;0;1;0;0;0;0
07/05/2022;20:41:00;189;Com vítima;45,500;BR-101/ES;Decrescente;Atropelamento de animal;0;0;0;1;0;0;0;0;0;0;0;0;1;0;0
07/05/2022;22:49:00;197;Sem vítima;266,300;BR-101/ES;Decrescente;Colisão transversal;2;0;0;0;0;0;0;0;0;0;2;0;0;0;0
08/05/2022;00:54:00;4;Com vítima;269,000;BR-101/ES;Decrescente;Queda de moto;0;0;0;1;0;0;0;0;0;0;0;0;1;0;0
08/05/2022;10:10:00;62;Com vítima;299,800;BR-101/ES;Decrescente;Queda de moto;0;0;0;1;0;0;0;0;0;0;0;0;1;0;0
08/05/2022;11:25:00;74;Sem vítima;149,000;BR-101/ES;Decrescente;Queda de bicicleta;0;1;0;0;0;1;0;0;0;0;2;0;0;0;0
08/05/2022;14:48:00;91;Sem vítima;289,000;BR-101/ES;Crescente;Colisão lateral no mesmo sentido;1;0;0;0;0;0;0;0;0;0;2;0;0;0;0
08/05/2022;16:11:00;101;Sem vítima;269,000;BR-101/ES;Crescente;Colisão traseira;1;0;0;0;0;0;0;0;0;0;1;0;0;0;0
08/05/2022;16:27:00;104;Com vítima;144,500;BR-101/ES;Crescente;Colisão traseira;1;0;0;0;0;0;0;0;0;1;3;1;0;0;0
08/05/2022;16:41:00;110;Sem vítima;264,000;BR-101/ES;Crescente;Colisão traseira;2;0;0;0;0;0;0;0;0;0;5;0;0;0;0
08/05/2022;17:35:00;119;Com vítima;48,000;BR-101/ES;Crescente;Colisão traseira;2;0;0;0;0;0;0;0;0;0;4;1;0;0;0
08/05/2022;17:38:00;121;Com vítima;241,000;BR-101/ES;Decrescente;Colisão transversal;0;0;1;1;0;0;0;0;0;0;1;0;1;0;0
09/05/2022;01:25:00;5;Sem vítima;264,500;BR-101/ES;Decrescente;Capotamento;1;0;0;0;0;0;0;0;0;0;2;0;0;0;0
09/05/2022;03:28:00;11;Sem vítima;208,000;BR-101/ES;Crescente;Saída de pista;1;0;0;0;0;0;0;0;0;0;1;0;0;0;0
09/05/2022;05:53:00;23;Com vítima;439,000;BR-101/ES;Decrescente;Atropelamento de animal;1;0;0;0;0;0;0;0;0;0;0;0;1;0;0
09/05/2022;08:23:00;40;Sem vítima;121,200;BR-101/ES;Decrescente;Colisão lateral em sentido contrário;1;0;0;0;0;0;0;0;0;1;5;0;0;0;0
09/05/2022;12:24:00;97;Com vítima;49,500;BR-101/ES;Crescente;Colisão transversal;1;0;0;1;0;0;0;0;0;0;3;0;1;0;0
09/05/2022;13:28:00;105;Com vítima;147,500;BR-101/ES;Decrescente;Colisão traseira;1;0;0;1;0;0;0;0;0;0;1;1;0;0;0
09/05/2022;14:01:00;109;Sem vítima;392,500;BR-101/ES;Crescente;Acidentes de outra natureza;1;0;0;0;0;0;0;0;0;0;8;0;0;0;0
09/05/2022;17:19:00;153;Com vítima;146,500;BR-101/ES;Crescente;Queda de moto;0;0;0;1;0;0;0;0;0;0;0;1;0;0;0
09/05/2022;17:56:00;161;Com vítima;149,000;BR-101/ES;Crescente;Colisão transversal;0;0;0;2;0;0;0;0;0;0;0;2;0;0;0
09/05/2022;18:38:00;172;Com vítima;302,000;BR-101/ES;Decrescente;Queda de moto;0;0;0;1;0;0;0;0;0;0;0;0;1;0;0
09/05/2022;22:17:00;197;Sem vítima;293,000;BR-101/ES;Decrescente;Colisão traseira;0;0;1;0;0;1;0;0;0;0;2;0;0;0;0
10/05/2022;00:13:00;2;Sem vítima;241,000;BR-101/ES;Decrescente;Colisão traseira;1;0;0;0;0;0;0;0;0;0;1;0;0;0;0
10/05/2022;06:31:00;25;Com vítima;304,400;BR-101/ES;Crescente;Queda de moto;0;0;0;1;0;1;0;0;0;0;1;0;1;0;0
10/05/2022;14:45:00;127;Com vítima;354,500;BR-101/ES;Decrescente;Engavetamento;1;0;0;0;0;1;0;0;0;0;1;0;1;0;0
10/05/2022;15:08:00;135;Com vítima;77,600;BR-101/ES;Decrescente;Engavetamento;3;0;0;0;0;0;0;0;0;0;3;1;2;0;0
10/05/2022;17:14:00;157;Sem vítima;53,100;BR-101/ES;Crescente;Capotamento;1;0;0;0;0;0;0;0;0;0;1;0;0;0;0
10/05/2022;18:04:00;170;Sem vítima;268,000;BR-101/ES;Decrescente;Colisão traseira;2;0;0;0;0;0;0;0;0;0;2;0;0;0;0
10/05/2022;19:28:00;183;Sem vítima;297,000;BR-101/ES;Decrescente;Colisão lateral no mesmo sentido;0;0;0;2;0;0;0;0;0;0;2;0;0;0;0
10/05/2022;20:59:00;191;Com vítima;409,700;BR-101/ES;Decrescente;Colisão lateral em sentido contrário;1;0;1;0;0;0;0;0;0;0;1;2;0;0;0
11/05/2022;09:04:00;60;Com vítima;234,001;BR-101/ES;Crescente;Colisão frontal;2;0;0;0;0;0;0;0;0;0;4;0;2;0;0
11/05/2022;10:26:00;79;Sem vítima;261,000;BR-101/ES;Decrescente;Colisão traseira;0;0;0;0;2;0;0;0;0;0;4;0;0;0;0
11/05/2022;11:07:00;84;Sem vítima;296,200;BR-101/ES;Decrescente;Queda de moto;0;0;0;1;0;0;0;0;0;0;2;0;0;0;0
11/05/2022;11:53:00;92;Sem vítima;293,000;BR-101/ES;Decrescente;Colisão traseira;1;0;0;1;0;0;0;0;0;0;4;0;0;0;0
11/05/2022;13:13:00;109;Sem vítima;268,000;BR-101/ES;Decrescente;Colisão traseira;0;0;1;0;1;0;0;0;0;0;4;0;0;0;0
11/05/2022;13:15:00;110;Sem vítima;146,000;BR-101/ES;Crescente;Colisão traseira;1;0;0;0;0;0;0;0;0;0;2;0;0;0;0
11/05/2022;14:11:00;118;Com vítima;8,000;BR-101/ES;Crescente;Tombamento;0;0;1;0;0;0;0;0;0;0;0;1;1;0;0
11/05/2022;14:57:00;124;Sem vítima;270,900;BR-101/ES;Decrescente;Colisão traseira;1;0;0;0;0;0;0;0;0;0;2;0;0;0;0
11/05/2022;15:05:00;126;Com vítima;336,900;BR-101/ES;Crescente;Atropelamento de ciclista;0;1;0;0;0;0;0;0;0;0;0;0;0;2;0