data;horario;n_da_ocorrencia;tipo_de_ocorrencia;km;trecho;sentido;tipo_de_acidente;automovel;bicicleta;caminhao;moto;onibus;outros;tracao_animal;transporte_de_cargas_especiais;trator_maquinas;utilitarios;ilesos;levemente_feridos;moderadamente_feridos;gravemente_feridos;mortos
11/05/2022;16:28:00;139;Sem vítima;382,000;BR-101/ES;Crescente;Colisão traseira;1;0;1;0;0;0;0;0;0;0;4;0;0;0;0
11/05/2022;19:56:00;172;Com vítima;233,800;BR-101/ES;Crescente;Colisão lateral no mesmo sentido;0;0;0;1;0;1;0;0;0;0;1;0;0;0;1
11/05/2022;20:36:00;177;Sem vítima;403,000;BR-101/ES;Decrescente;Colisão traseira;1;0;1;0;0;0;0;0;0;0;4;0;0;0;0
12/05/2022;00:50:00;3;Sem vítima;229,265;BR-101/ES;Decrescente;Choque;0;0;0;0;0;1;0;0;0;0;1;0;0;0;0
12/05/2022;02:00:00;8;Sem vítima;414,200;BR-101/ES;Decrescente;Tombamento;0;0;0;0;0;1;0;0;0;0;1;0;0;0;0
12/05/2022;05:50:00;18;Sem vítima;18,000;BR-101/ES;Decrescente;Tombamento;0;0;0;0;0;1;0;0;0;0;1;0;0;0;0
12/05/2022;06:08:00;21;Com vítima;271,000;BR-101/ES;Crescente;Queda de moto;0;0;0;1;0;0;0;0;0;0;0;0;1;0;0
12/05/2022;06:47:00;25;Sem vítima;293,000;BR-101/ES;Decrescente;Engavetamento;1;0;1;0;0;1;0;0;0;0;5;0;0;0;0
12/05/2022;07:07:00;29;Com vítima;74,000;BR-101/ES;Decrescente;Engavetamento;1;0;1;0;0;1;0;0;0;0;3;1;0;0;0
12/05/2022;08:40:00;55;Sem vítima;320,800;BR-101/ES;Decrescente;Acidentes de outra natureza;1;0;0;0;0;0;0;0;0;0;1;0;0;0;0
12/05/2022;09:01:00;60;Sem vítima;293,000;BR-101/ES;Decrescente;Colisão lateral no mesmo sentido;1;0;0;0;0;1;0;0;0;0;2;0;0;0;0
12/05/2022;09:56:00;67;Sem vítima;17,000;BR-101/ES;Crescente;Tombamento;0;0;0;0;0;1;0;0;0;0;1;0;0;0;0
12/05/2022;10:58:00;78;Sem vítima;255,000;BR-101/ES;Crescente;Colisão traseira;0;0;1;0;1;0;0;0;0;0;2;0;0;0;0
12/05/2022;15:18:00;112;Com vítima;238,400;BR-101/ES;Decrescente;Colisão lateral em sentido contrário;1;0;0;0;0;1;0;0;0;0;0;0;0;0;2
12/05/2022;15:20:00;114;Sem vítima;89,000;BR-101/ES;Crescente;Colisão traseira;1;0;0;0;0;0;0;0;0;0;2;0;0;0;0
12/05/2022;18:13:00;144;Sem vítima;415,000;BR-101/ES;Decrescente;Colisão traseira;0;0;1;0;1;1;0;0;0;0;3;0;0;0;0
12/05/2022;20:15:00;153;Com vítima;198,000;BR-101/ES;Decrescente;Colisão traseira;2;0;0;0;0;0;0;0;0;0;9;0;1;0;0
13/05/2022;01:41:00;2;Sem vítima;443,000;BR-101/ES;Crescente;Capotamento;1;0;0;0;0;0;0;0;0;0;1;0;0;0;0
13/05/2022;05:45:00;15;Com vítima;123,100;BR-101/ES;Decrescente;Queda de moto;0;0;0;1;0;0;0;0;0;0;0;1;0;0;0
13/05/2022;06:18:00;20;Com vítima;335,000;BR-101/ES;Decrescente;Queda de moto;1;0;0;0;0;0;0;0;0;0;0;1;0;0;0
13/05/2022;15:30:00;119;Com vítima;270,000;BR-101/ES;Decrescente;Colisão lateral no mesmo sentido;1;0;0;1;0;0;0;0;0;0;1;0;1;0;0
13/05/2022;17:36:00;138;Sem vítima;335,000;BR-101/ES;Crescente;Colisão traseira;1;0;1;0;0;0;0;0;0;0;2;0;0;0;0
13/05/2022;20:26:00;164;Com vítima;327,900;BR-101/ES;Crescente;Atropelamento de animal;0;0;0;1;0;0;0;0;0;0;0;1;0;0;0
13/05/2022;21:14:00;168;Sem vítima;319,000;BR-101/ES;Decrescente;Choque;0;0;0;0;0;0;0;0;0;1;1;0;0;0;0
14/05/2022;21:38:00;190;Com vítima;195,500;BR-101/ES;Decrescente;Colisão lateral no mesmo sentido;3;0;0;0;0;1;0;0;0;0;6;0;3;0;0
15/05/2022;01:20:00;8;Com vítima;145,000;BR-101/ES;Decrescente;Colisão transversal;1;0;0;1;0;0;0;0;0;0;1;3;0;0;0
15/05/2022;08:04:00;59;Com vítima;137,200;BR-101/ES;Crescente;Colisão traseira;2;0;0;0;0;0;0;0;0;0;7;1;0;0;0
15/05/2022;10:58:00;96;Sem vítima;393,000;BR-101/ES;Decrescente;Choque;0;0;0;0;0;1;0;0;0;0;1;0;0;0;0
15/05/2022;11:18:00;102;Sem vítima;239,000;BR-101/ES;Decrescente;Colisão traseira;1;0;0;0;0;1;0;0;0;0;2;0;0;0;0
15/05/2022;12:46:00;111;Sem vítima;248,300;BR-101/ES;Decrescente;Acidentes de outra natureza;1;0;0;0;0;0;0;0;0;0;3;0;0;0;0
15/05/2022;12:56:00;114;Sem vítima;283,000;BR-101/ES;Decrescente;Colisão lateral no mesmo sentido;1;0;0;0;0;0;0;0;0;0;0;0;0;0;0
15/05/2022;13:51:00;123;Sem vítima;125,000;BR-101/ES;Crescente;Colisão traseira;1;0;0;0;0;0;0;0;0;0;1;0;0;0;0
15/05/2022;16:03:00;148;Com vítima;942,300;BR-101/ES;Decrescente;Saída de pista;1;0;0;0;0;0;0;0;0;0;0;1;0;0;0
15/05/2022;22:29:00;186;Sem vítima;84,003;BR-101/ES;Crescente;Choque;1;0;0;0;0;0;0;0;0;0;2;0;0;0;0
15/05/2022;23:15:00;189;Com vítima;166,000;BR-101/ES;Crescente;Queda de moto;0;0;0;1;0;0;0;0;0;0;0;3;0;0;0
16/05/2022;00:23:00;1;Com vítima;125,000;BR-101/ES;Crescente;Colisão frontal;1;0;0;1;0;0;0;0;0;0;4;0;1;0;0
16/05/2022;01:05:00;3;Sem vítima;204,000;BR-101/ES;Decrescente;Saída de pista;1;0;0;0;0;0;0;0;0;0;1;0;0;0;0
16/05/2022;07:00:00;29;Sem vítima;205,800;BR-101/ES;Decrescente;Colisão lateral no mesmo sentido;1;0;0;0;0;1;0;0;0;0;2;0;0;0;0
16/05/2022;08:58:00;67;Com vítima;276,400;BR-101/ES;Decrescente;Colisão traseira;0;0;2;0;0;0;0;0;0;0;0;2;0;0;0
16/05/2022;09:17:00;73;Com vítima;941,000;BR-101/ES;Crescente;Queda de moto;0;0;0;2;0;0;0;0;0;0;1;0;1;0;0
16/05/2022;10:54:00;87;Com vítima;276,250;BR-101/ES;Decrescente;Colisão traseira;0;0;2;0;0;0;0;0;0;0;2;1;0;0;0
16/05/2022;13:15:00;109;Com vítima;213,000;BR-101/ES;Decrescente;Colisão lateral em sentido contrário;0;0;1;1;0;0;0;0;0;0;1;0;1;0;0
16/05/2022;15:04:00;126;Sem vítima;292,200;BR-101/ES;Crescente;Choque;1;0;0;0;0;0;0;0;0;0;1;0;0;0;0
16/05/2022;20:58:00;181;Sem vítima;119,000;BR-101/ES;Crescente;Atropelamento de animal;1;0;0;0;0;0;0;0;0;0;1;0;0;0;0
16/05/2022;21:55:00;186;Com vítima;131,000;BR-101/ES;Decrescente;Atropelamento de ciclista;0;1;0;1;0;0;0;0;0;0;1;0;0;1;0
17/05/2022;06:16:00;29;Sem vítima;268,000;BR-101/ES;Decrescente;Choque;1;0;0;0;0;0;0;0;0;0;1;0;0;0;0
17/05/2022;12:18:00;92;Sem vítima;355,000;BR-101/ES;Crescente;Choque;1;0;0;0;0;0;0;0;0;0;1;0;0;0;0
17/05/2022;12:59:00;95;Sem vítima;270,000;BR-101/ES;Crescente;Colisão traseira;2;0;0;0;0;0;0;0;0;0;2;0;0;0;0
17/05/2022;14:38:00;111;Com vítima;96,200;BR-101/ES;Decrescente;Colisão transversal;1;0;0;1;0;0;0;0;0;0;0;3;0;0;0
17/05/2022;16:19:00;134;Com vítima;227,500;BR-101/ES;Decrescente;Colisão lateral em sentido contrário;1;0;0;0;0;0;0;0;0;0;4;1;0;0;0
17/05/2022;17:43:00;151;Com vítima;139,200;BR-101/ES;Crescente;Queda de moto;0;0;0;1;0;0;0;0;0;0;0;1;0;0;0
17/05/2022;18:53:00;160;Sem vítima;17,000;BR-101/ES;Decrescente;Colisão traseira;1;0;0;0;0;0;0;0;0;0;1;0;0;0;0
17/05/2022;19:11:00;162;Sem vítima;142,000;BR-101/ES;Decrescente;Colisão traseira;2;0;0;0;0;0;0;0;0;0;2;0;0;0;0
17/05/2022;19:36:00;167;Sem vítima;288,000;BR-101/ES;Crescente;Colisão traseira;0;0;0;0;0;0;0;0;0;1;1;0;0;0;0
18/05/2022;10:03:00;73;Sem vítima;276,600;BR-101/ES;Crescente;Colisão lateral no mesmo sentido;0;0;2;0;0;0;0;0;0;0;2;0;0;0;0
18/05/2022;10:50:00;83;Com vítima;269,500;BR-101/ES;Crescente;Colisão traseira;0;0;0;1;0;1;0;0;0;0;1;1;0;0;0
18/05/2022;15:50:00;125;Sem vítima;270,000;BR-101/ES;Crescente;Colisão traseira;1;0;0;0;1;0;0;0;0;0;2;0;0;0;0
18/05/2022;16:33:00;132;Sem vítima;293,000;BR-101/ES;Decrescente;Colisão traseira;1;0;0;0;0;0;0;0;0;0;1;0;0;0;0
18/05/2022;18:51:00;156;Sem vítima;288,000;BR-101/ES;Decrescente;Acidentes de outra natureza;0;0;1;0;0;0;0;0;0;0;1;0;0;0;0
18/05/2022;21:55:00;185;Sem vítima;263,000;BR-101/ES;Decrescente;Saída de pista;1;0;0;0;0;0;0;0;0;0;1;0;0;0;0
18/05/2022;22:43:00;191;Com vítima;263,900;BR-101/ES;Decrescente;Queda de moto;0;0;0;1;0;0;0;0;0;0;0;1;0;0;0
18/05/2022;23:29:00;195;Sem vítima;66,000;BR-101/ES;Crescente;Colisão transversal;2;0;0;0;0;0;0;0;0;0;2;0;0;0;0
18/05/2022;23:54:00;198;Sem vítima;142,000;BR-101/ES;Crescente;Colisão lateral em sentido contrário;1;0;0;0;0;1;0;0;0;0;4;0;0;0;0
19/05/2022;04:35:00;19;Com vítima;296,000;BR-101/ES;Crescente;Atropelamento de pedestre;0;0;0;0;0;0;0;0;0;0;0;0;1;0;0
19/05/2022;07:53:00;58;Sem vítima;290,000;BR-101/ES;Crescente;Colisão traseira;2;0;0;0;0;0;0;0;0;0;2;0;0;0;0
19/05/2022;15:57:00;169;Sem vítima;301,000;BR-101/ES;Crescente;Colisão traseira;2;0;0;0;0;0;0;0;0;0;4;0;0;0;0
19/05/2022;17:20:00;191;Com vítima;82,000;BR-101/ES;Crescente;Queda de moto;0;0;0;1;0;0;0;0;0;0;0;1;1;0;0
19/05/2022;18:18:00;195;Sem vítima;38,700;BR-101/ES;Crescente;Colisão lateral no mesmo sentido;0;0;1;0;0;0;0;0;0;1;4;0;0;0;0
20/05/2022;03:50:00;9;Sem vítima;209,500;BR-101/ES;Decrescente;Colisão traseira;0;0;0;0;0;2;0;0;0;0;2;0;0;0;0
20/05/2022;11:05:00;75;Com vítima;269,600;BR-101/ES;Crescente;Engavetamento;3;0;0;0;0;0;0;0;0;0;5;1;0;0;0
20/05/2022;11:07:00;76;Com vítima;410,000;BR-101/ES;Crescente;Atropelamento de ciclista;0;1;0;1;0;0;0;0;0;0;0;0;1;0;1
20/05/2022;13:34:00;88;Com vítima;298,500;BR-101/ES;Decrescente;Colisão lateral no mesmo sentido;1;0;0;1;0;0;0;0;0;0;1;0;1;0;0
20/05/2022;14:14:00;97;Sem vítima;117,000;BR-101/ES;Crescente;Engavetamento;1;0;2;0;0;0;0;0;0;0;3;0;0;0;0
20/05/2022;14:20:00;99;Sem vítima;241,700;BR-101/ES;Decrescente;Choque;0;0;0;0;0;1;0;0;0;0;1;0;0;0;0
20/05/2022;14:22:00;100;Com vítima;273,000;BR-101/ES;Decrescente;Colisão traseira;0;0;0;1;0;0;0;0;0;1;1;0;0;1;0
20/05/2022;15:32:00;119;Com vítima;116,500;BR-101/ES;Crescente;Atropelamento de pedestre;0;0;0;1;0;0;0;0;0;0;1;1;0;0;0
20/05/2022;16:13:00;129;Com vítima;300,000;BR-101/ES;Decrescente;Colisão traseira;1;0;1;0;0;0;0;0;0;0;2;2;0;0;0
20/05/2022;17:29:00;145;Sem vítima;220,000;BR-101/ES;Crescente;Colisão transversal;2;0;0;0;0;0;0;0;0;0;2;0;0;0;0
20/05/2022;17:38:00;148;Com vítima;296,001;BR-101/ES;Crescente;Colisão traseira;0;0;0;1;0;0;0;0;0;1;1;1;0;0;0
20/05/2022;19:17:00;175;Sem vítima;98,000;BR-101/ES;Crescente;Colisão lateral no mesmo sentido;1;0;1;0;0;0;0;0;0;0;2;0;0;0;0
20/05/2022;19:48:00;180;Sem vítima;398,900;BR-101/ES;Decrescente;Colisão traseira;0;0;1;0;0;1;0;0;0;0;2;0;0;0;0
20/05/2022;20:45:00;184;Com vítima;114,000;BR-101/ES;Crescente;Colisão traseira;0;0;0;1;0;0;0;0;0;0;0;0;1;0;0
21/05/2022;04:54:00;23;Sem vítima;134,000;BR-101/ES;Decrescente;Colisão traseira;2;0;0;0;0;0;0;0;0;0;2;0;0;0;0
21/05/2022;12:02:00;93;Com vítima;258,000;BR-101/ES;Crescente;Choque;0;0;0;1;0;0;0;0;0;0;0;0;0;1;0
21/05/2022;12:39:00;97;Com vítima;215,100;BR-101/ES;Crescente;Colisão transversal;1;0;0;1;0;0;0;0;0;0;2;1;0;0;0
21/05/2022;16:14:00;137;Com vítima;267,000;BR-101/ES;Decrescente;Atropelamento de ciclista;1;1;0;0;0;0;0;0;0;0;3;1;0;0;0
21/05/2022;17:19:00;152;Sem vítima;282,800;BR-101/ES;Decrescente;Saída de pista;1;0;0;0;0;0;0;0;0;0;1;0;0;0;0
21/05/2022;18:00:00;158;Com vítima;236,000;BR-101/ES;Crescente;Queda de moto;0;0;0;1;0;0;0;0;0;0;0;1;0;0;0
21/05/2022;18:55:00;166;Com vítima;255,000;BR-101/ES;Crescente;Queda de moto;0;0;0;1;0;0;0;0;0;0;1;0;1;0;0
21/05/2022;19:38:00;174;Com vítima;451,401;BR-101/ES;Decrescente;Colisão lateral em sentido contrário;0;0;0;0;0;2;0;0;0;0;3;0;1;0;0
22/05/2022;04:57:00;18;Com vítima;244,000;BR-101/ES;Crescente;Queda de moto;0;0;0;1;0;0;0;0;0;0;0;0;1;0;0
22/05/2022;07:31:00;25;Sem vítima;298,600;BR-101/ES;Decrescente;Engavetamento;3;0;0;0;0;0;0;0;0;0;3;0;0;0;0
22/05/2022;07:53:00;30;Sem vítima;93,000;BR-101/ES;Decrescente;Saída de pista;1;0;0;0;0;0;0;0;0;0;2;0;0;0;0
22/05/2022;08:52:00;37;Sem vítima;459,300;BR-101/ES;Decrescente;Saída de pista;1;0;0;0;0;0;0;0;0;0;1;0;0;0;0
22/05/2022;09:15:00;47;Sem vítima;258,200;BR-101/ES;Decrescente;Colisão traseira;1;0;0;0;1;0;0;0;0;0;2;0;0;0;0
22/05/2022;14:14:00;83;Com vítima;149,200;BR-101/ES;Decrescente;Colisão lateral no mesmo sentido;1;0;1;0;0;0;0;0;0;0;2;1;0;0;0
22/05/2022;14:41:00;88;Sem vítima;97,400;BR-101/ES;Decrescente;Saída de pista;1;0;0;0;0;0;0;0;0;0;2;0;0;0;0
22/05/2022;17:06:00;113;Com vítima;80,400;BR-101/ES;Crescente;Engavetamento;0;0;1;0;1;1;0;0;0;0;39;2;0;0;0
22/05/2022;18:19:00;118;Sem vítima;204,000;BR-101/ES;Crescente;Colisão lateral em sentido contrário;2;0;0;0;0;0;0;0;0;0;3;0;0;0;0
22/05/2022;21:49:00;143;Sem vítima;263,000;BR-101/ES;Decrescente;Colisão lateral no mesmo sentido;1;0;0;0;0;0;0;0;0;0;1;0;0;0;0
23/05/2022;05:57:00;20;Sem vítima;274,000;BR-101/ES;Crescente;Saída de pista;1;0;0;0;0;0;0;0;0;0;1;0;0;0;0
23/05/2022;06:46:00;27;Sem vítima;276,100;BR-101/ES;Crescente;Colisão transversal;0;0;2;0;0;0;0;0;0;0;2;0;0;0;0
23/05/2022;07:55:00;45;Sem vítima;292,800;BR-101/ES;Crescente;Choque;0;0;1;0;0;0;0;0;0;0;1;0;0;0;0
23/05/2022;08:02:00;50;Com vítima;304,000;BR-101/ES;Decrescente;Engavetamento;1;0;0;1;0;1;0;0;0;0;2;1;0;0;0
23/05/2022;09:01:00;84;Sem vítima;270,830;BR-101/ES;Crescente;Colisão traseira;1;0;0;0;1;0;0;0;0;0;3;0;0;0;0
23/05/2022;14:24:00;144;Sem vítima;241,000;BR-101/ES;Decrescente;Choque;1;0;0;0;0;0;0;0;0;0;1;0;0;0;0
23/05/2022;14:35:00;147;Sem vítima;329,300;BR-101/ES;Decrescente;Choque;1;0;0;0;0;0;0;0;0;0;1;0;0;0;0
23/05/2022;14:48:00;149;Com vítima;122,000;BR-101/ES;Crescente;Colisão lateral no mesmo sentido;1;0;0;0;0;0;0;0;0;0;1;1;0;0;0
23/05/2022;16:04:00;163;Sem vítima;266,300;BR-101/ES;Crescente;Colisão lateral no mesmo sentido;1;0;1;0;0;0;0;0;0;0;2;0;0;0;0
23/05/2022;17:11:00;173;Com vítima;140,000;BR-101/ES;Decrescente;Colisão transversal;1;0;0;1;0;0;0;0;0;0;2;1;1;0;0
23/05/2022;17:58:00;180;Sem vítima;299,000;BR-101/ES;Crescente;Acidentes de outra natureza;0;0;1;0;0;0;0;0;0;0;2;0;0;0;0
23/05/2022;19:10:00;191;Com vítima;138,000;BR-101/ES;Decrescente;Atropelamento de animal;0;0;0;0;0;1;0;0;0;0;0;0;1;0;0
23/05/2022;19:58:00;202;Com vítima;268,800;BR-101/ES;Decrescente;Atropelamento de pedestre;0;0;0;0;0;1;0;0;0;0;1;0;0;0;1
23/05/2022;20:52:00;211;Com vítima;299,000;BR-101/ES;Decrescente;Saída de pista;1;0;0;0;0;1;0;0;0;0;1;0;1;0;0
24/05/2022;04:57:00;7;Sem vítima;4,000;BR-101/ES;Crescente;Colisão lateral no mesmo sentido;1;0;0;0;0;1;0;0;0;0;4;0;0;0;0
24/05/2022;06:41:00;18;Com vítima;270,000;BR-101/ES;Crescente;Atropelamento de pedestre;0;0;0;1;0;0;0;0;0;0;1;0;1;0;0
24/05/2022;06:47:00;19;Com vítima;268,600;BR-101/ES;Crescente;Colisão lateral no mesmo sentido;0;0;0;1;0;0;0;0;0;0;1;1;0;0;0
24/05/2022;08:04:00;36;Com vítima;272,000;BR-101/ES;Decrescente;Colisão traseira;0;0;0;1;0;0;0;0;0;1;1;1;0;0;0
24/05/2022;08:36:00;51;Com vítima;417,700;BR-101/ES;Crescente;Saída de pista;1;0;0;0;0;0;0;0;0;0;0;2;1;1;0
24/05/2022;10:37:00;75;Sem vítima;271,000;BR-101/ES;Decrescente;Colisão traseira;2;0;0;0;0;0;0;0;0;0;2;0;0;0;0
24/05/2022;11:39:00;87;Sem vítima;219,000;BR-101/ES;Decrescente;Choque;1;0;0;0;0;0;0;0;0;0;1;0;0;0;0
24/05/2022;15:22:00;123;Sem vítima;237,000;BR-101/ES;Crescente;Engavetamento;2;0;0;0;0;0;0;0;0;1;8;0;0;0;0
24/05/2022;15:36:00;125;Com vítima;302,000;BR-101/ES;Decrescente;Atropelamento de ciclista;0;1;0;1;0;0;0;0;0;0;1;1;0;0;0
24/05/2022;15:48:00;128;Sem vítima;322,000;BR-101/ES;Decrescente;Colisão traseira;0;0;1;0;0;1;0;0;0;0;2;0;0;0;0
24/05/2022;17:38:00;146;Sem vítima;143,000;BR-101/ES;Decrescente;Colisão traseira;1;0;0;0;0;0;0;0;0;1;2;0;0;0;0
24/05/2022;19:04:00;162;Com vítima;270,800;BR-101/ES;Crescente;Colisão traseira;0;0;0;1;0;0;0;0;0;0;1;0;1;0;0
24/05/2022;19:12:00;163;Sem vítima;149,000;BR-101/ES;Decrescente;Colisão transversal;1;0;0;1;0;0;0;0;0;0;3;0;0;0;0
24/05/2022;21:35:00;176;Com vítima;175,000;BR-101/ES;Decrescente;Colisão transversal;1;0;0;0;0;0;0;0;0;0;0;0;2;0;0
24/05/2022;21:53:00;178;Sem vítima;6,000;BR-101/ES;Decrescente;Choque;0;0;0;0;0;1;0;0;0;0;1;0;0;0;0
25/05/2022;08:36:00;43;Sem vítima;426,000;BR-101/ES;Decrescente;Colisão transversal;0;0;1;0;0;1;0;0;0;0;2;0;0;0;0
25/05/2022;11:00:00;74;Sem vítima;358,000;BR-101/ES;Crescente;Choque;1;0;0;0;0;0;0;0;0;0;1;0;0;0;0
25/05/2022;13:44:00;105;Com vítima;270,000;BR-101/ES;Crescente;Colisão lateral no mesmo sentido;1;0;0;1;0;0;0;0;0;0;4;1;0;0;0
25/05/2022;14:55:00;124;Com vítima;146,000;BR-101/ES;Decrescente;Atropelamento de ciclista;1;1;0;0;0;0;0;0;0;0;2;1;0;0;0
26/05/2022;04:45:00;9;Sem vítima;334,000;BR-101/ES;Crescente;Choque;1;0;0;0;0;0;0;0;0;0;1;0;0;0;0
26/05/2022;07:48:00;31;Com vítima;302,000;BR-101/ES;Decrescente;Queda de moto;0;0;0;1;0;0;0;0;0;0;0;0;1;0;0
26/05/2022;12:54:00;104;Sem vítima;94,000;BR-101/ES;Crescente;Choque;1;0;0;0;0;0;0;0;0;0;1;0;0;0;0
26/05/2022;15:27:00;132;Sem vítima;409,000;BR-101/ES;Crescente;Colisão lateral em sentido contrário;0;0;0;0;0;2;0;0;0;0;2;0;0;0;0
26/05/2022;17:39:00;161;Sem vítima;299,000;BR-101/ES;Crescente;Choque;1;0;0;0;0;1;0;0;0;0;2;0;0;0;0
26/05/2022;19:07:00;175;Sem vítima;143,000;BR-101/ES;Decrescente;Colisão traseira;1;0;0;0;0;0;0;0;0;1;3;0;0;0;0
27/05/2022;07:59:00;48;Com vítima;268,000;BR-101/ES;Crescente;Colisão lateral no mesmo sentido;0;0;0;2;0;0;0;0;0;0;1;1;1;0;0
27/05/2022;09:33:00;71;Sem vítima;17,800;BR-101/ES;Crescente;Colisão traseira;0;0;0;0;0;1;0;0;0;0;1;0;0;0;0
27/05/2022;09:54:00;81;Com vítima;230,600;BR-101/ES;Crescente;Colisão traseira;1;0;0;1;0;0;0;0;0;0;1;1;0;0;0
27/05/2022;12:40:00;120;Com vítima;263,000;BR-101/ES;Crescente;Colisão traseira;0;0;1;1;0;0;0;0;0;0;1;0;1;0;0
27/05/2022;12:53:00;122;Sem vítima;264,000;BR-101/ES;Crescente;Colisão traseira;0;0;0;0;0;2;0;0;0;0;2;0;0;0;0
27/05/2022;13:14:00;125;Sem vítima;263,000;BR-101/ES;Crescente;Queda de moto;0;0;0;1;0;0;0;0;0;0;1;0;0;0;0
27/05/2022;14:28:00;132;Sem vítima;294,200;BR-101/ES;Crescente;Tombamento;0;0;1;0;0;0;0;0;0;0;2;0;0;0;0
27/05/2022;14:44:00;136;Com vítima;262,000;BR-101/ES;Crescente;Engavetamento;2;0;0;0;0;0;0;0;0;1;3;1;0;0;0
27/05/2022;15:34:00;150;Sem vítima;322,500;BR-101/ES;Crescente;Choque;0;0;0;0;0;1;0;0;0;0;1;0;0;0;0
27/05/2022;15:41:00;151;Com vítima;291,000;BR-101/ES;Crescente;Choque;1;0;0;0;0;0;0;0;0;0;0;0;1;0;0
27/05/2022;16:06:00;155;Com vítima;206,800;BR-101/ES;Decrescente;Queda de moto;0;0;0;1;0;0;0;0;0;0;0;0;1;0;0
27/05/2022;17:13:00;166;Sem vítima;254,000;BR-101/ES;Crescente;Colisão lateral no mesmo sentido;2;0;0;0;0;0;0;0;0;0;3;0;0;0;0
27/05/2022;18:25:00;177;Sem vítima;290,000;BR-101/ES;Crescente;Engavetamento;2;0;1;0;0;0;0;0;0;0;3;0;0;0;0
27/05/2022;18:28:00;178;Com vítima;292,000;BR-101/ES;Decrescente;Colisão transversal;1;0;0;1;0;0;0;0;0;0;2;0;1;0;0
28/05/2022;04:14:00;13;Sem vítima;296,000;BR-101/ES;Crescente;Saída de pista;1;0;0;0;0;0;0;0;0;0;0;0;0;0;0
28/05/2022;06:53:00;37;Sem vítima;8,000;BR-101/ES;Decrescente;Saída de pista;1;0;0;0;0;0;0;0;0;0;2;0;0;0;0
28/05/2022;08:15:00;50;Com vítima;76,900;BR-101/ES;Decrescente;Colisão traseira;0;0;0;2;0;0;0;0;0;0;0;4;0;0;0
28/05/2022;10:40:00;86;Com vítima;242,500;BR-101/ES;Crescente;Saída de pista;1;0;0;0;0;0;0;0;0;0;0;1;0;0;0
28/05/2022;11:36:00;96;Com vítima;297,000;BR-101/ES;Crescente;Colisão traseira;1;0;0;1;0;0;0;0;0;0;2;1;0;0;0
28/05/2022;14:10:00;120;Com vítima;62,700;BR-101/ES;Decrescente;Colisão frontal;1;0;0;1;0;0;0;0;0;0;0;0;1;0;1
28/05/2022;17:37:00;153;Sem vítima;326,000;BR-101/ES;Decrescente;Atropelamento de animal;1;0;0;0;0;0;0;0;0;0;3;0;0;0;0
28/05/2022;17:47:00;154;Com vítima;384,700;BR-101/ES;Decrescente;Colisão frontal;0;1;0;1;0;0;0;0;0;0;0;0;2;0;0
28/05/2022;21:59:00;192;Sem vítima;282,000;BR-101/ES;Crescente;Choque;1;0;0;0;0;0;0;0;0;1;2;0;0;0;0
28/05/2022;22:47:00;197;Com vítima;126,800;BR-101/ES;Crescente;Colisão lateral em sentido contrário;1;0;0;0;0;1;0;0;0;0;1;1;1;0;0
29/05/2022;00:31:00;3;Sem vítima;266,300;BR-101/ES;Decrescente;Colisão traseira;1;0;0;0;0;0;0;0;0;1;5;0;0;0;0
29/05/2022;00:42:00;4;Sem vítima;39,900;BR-101/ES;Crescente;Acidentes de outra natureza;0;0;0;0;0;1;0;0;0;0;1;0;0;0;0
29/05/2022;04:06:00;14;Sem vítima;295,000;BR-101/ES;Crescente;Choque;1;0;0;0;0;0;0;0;0;0;2;0;0;0;0
29/05/2022;14:01:00;80;Sem vítima;338,000;BR-101/ES;Decrescente;Choque;1;0;0;0;0;0;0;0;0;0;4;0;0;0;0
29/05/2022;14:34:00;85;Com vítima;270,000;BR-101/ES;Crescente;Atropelamento de ciclista;1;1;0;0;0;0;0;0;0;0;1;0;1;0;0
29/05/2022;15:44:00;94;Com vítima;947,000;BR-101/ES;Decrescente;Tombamento;0;0;0;0;0;1;0;0;0;0;0;1;0;0;0
29/05/2022;18:31:00;117;Com vítima;32,000;BR-101/ES;Decrescente;Colisão traseira;0;0;0;1;0;0;0;0;0;0;0;1;0;0;0
29/05/2022;18:50:00;123;Com vítima;325,000;BR-101/ES;Crescente;Colisão traseira;0;0;0;1;0;0;0;0;0;0;0;0;1;0;0
29/05/2022;18:52:00;124;Com vítima;358,000;BR-101/ES;Crescente;Queda de moto;0;0;0;1;0;0;0;0;0;0;0;1;0;0;0
30/05/2022;06:19:00;26;Sem vítima;311,500;BR-101/ES;Crescente;Saída de pista;1;0;0;0;0;0;0;0;0;0;1;0;0;0;0
30/05/2022;07:10:00;31;Sem vítima;294,500;BR-101/ES;Decrescente;Colisão traseira;0;0;1;0;0;1;0;0;0;0;2;0;0;0;0
30/05/2022;07:22:00;34;Com vítima;173,000;BR-101/ES;Decrescente;Colisão transversal;0;0;0;1;0;0;0;0;0;0;0;1;0;1;0