data;horario;n_da_ocorrencia;tipo_de_ocorrencia;km;trecho;sentido;tipo_de_acidente;automovel;bicicleta;caminhao;moto;onibus;outros;tracao_animal;transporte_de_cargas_especiais;trator_maquinas;utilitarios;ilesos;levemente_feridos;moderadamente_feridos;gravemente_feridos;mortos
30/05/2022;07:41:00;39;Sem vítima;279,500;BR-101/ES;Decrescente;Colisão traseira;2;0;0;0;0;0;0;0;0;0;2;0;0;0;0
30/05/2022;08:32:00;48;Sem vítima;306,100;BR-101/ES;Decrescente;Colisão lateral no mesmo sentido;1;0;0;0;0;1;0;0;0;0;2;0;0;0;0
30/05/2022;08:53:00;54;Sem vítima;343,700;BR-101/ES;Crescente;Choque;1;0;0;0;0;0;0;0;0;0;1;0;0;0;0
30/05/2022;10:14:00;72;Sem vítima;206,000;BR-101/ES;Decrescente;Choque;0;0;1;0;0;0;0;0;0;0;0;0;0;0;0
30/05/2022;10:44:00;79;Com vítima;237,600;BR-101/ES;Crescente;Colisão transversal;1;0;0;1;0;0;0;0;0;0;1;0;1;0;0
30/05/2022;11:27:00;87;Sem vítima;393,300;BR-101/ES;Crescente;Colisão traseira;1;0;1;0;0;0;0;0;0;0;2;0;0;0;0
30/05/2022;12:43:00;97;Sem vítima;266,000;BR-101/ES;Crescente;Colisão traseira;1;0;0;0;0;1;0;0;0;0;2;0;0;0;0
30/05/2022;14:19:00;115;Com vítima;110,000;BR-101/ES;Crescente;Choque;1;0;0;0;0;0;0;0;0;0;0;1;0;0;0
30/05/2022;15:11:00;122;Sem vítima;363,500;BR-101/ES;Decrescente;Colisão traseira;0;0;0;0;0;2;0;0;0;0;2;0;0;0;0
30/05/2022;17:56:00;149;Sem vítima;269,000;BR-101/ES;Decrescente;Colisão traseira;2;0;0;0;0;0;0;0;0;0;2;0;0;0;0
31/05/2022;00:43:00;3;Sem vítima;434,400;BR-101/ES;Crescente;Colisão traseira;1;0;1;0;0;0;0;0;0;0;2;0;0;0;0
31/05/2022;06:05:00;29;Com vítima;141,000;BR-101/ES;Crescente;Atropelamento de ciclista;0;1;0;1;0;0;0;0;0;0;1;0;1;0;0
31/05/2022;07:11:00;48;Sem vítima;65,000;BR-101/ES;Decrescente;Colisão traseira;0;0;1;0;0;1;0;0;0;0;2;0;0;0;0
31/05/2022;07:18:00;53;Sem vítima;99,000;BR-101/ES;Crescente;Saída de pista;1;0;0;0;0;0;0;0;0;0;3;0;0;0;0
31/05/2022;10:06:00;88;Sem vítima;267,000;BR-101/ES;Crescente;Colisão traseira;1;0;0;0;0;0;0;0;0;0;1;0;0;0;0
31/05/2022;10:14:00;89;Com vítima;274,800;BR-101/ES;Decrescente;Atropelamento de pedestre;0;0;0;0;0;0;0;0;0;0;0;0;0;0;1
31/05/2022;10:39:00;97;Sem vítima;399,000;BR-101/ES;Decrescente;Choque;1;0;0;0;0;0;0;0;0;0;0;0;0;0;0
31/05/2022;12:07:00;109;Sem vítima;358,000;BR-101/ES;Decrescente;Colisão traseira;2;0;0;0;0;0;0;0;0;0;2;0;0;0;0
31/05/2022;17:48:00;163;Com vítima;77,000;BR-101/ES;Decrescente;Queda de moto;0;0;0;1;0;0;0;0;0;0;0;1;0;0;0
31/05/2022;18:13:00;166;Com vítima;296,000;BR-101/ES;Crescente;Colisão lateral no mesmo sentido;0;0;0;1;0;1;0;0;0;0;1;1;0;0;0
31/05/2022;18:39:00;170;Com vítima;146,000;BR-101/ES;Crescente;Colisão traseira;0;0;0;0;1;0;0;0;0;1;1;1;0;0;0
31/05/2022;20:28:00;193;Com vítima;217,000;BR-101/ES;Decrescente;Queda de bicicleta;0;1;0;0;0;0;0;0;0;0;0;0;1;1;0
01/06/2022;06:47:00;24;Com vítima;268,900;BR-101/ES;Crescente;Colisão traseira;1;0;0;1;0;0;0;0;0;0;1;1;0;0;0
01/06/2022;07:02:00;26;Com vítima;268,900;BR-101/ES;Crescente;Choque;0;0;0;1;0;0;0;0;0;0;0;0;2;0;0
01/06/2022;07:05:00;27;Com vítima;261,000;BR-101/ES;Crescente;Colisão lateral no mesmo sentido;0;0;1;1;0;0;0;0;0;0;1;0;1;0;0
01/06/2022;11:02:00;103;Com vítima;268,000;BR-101/ES;Decrescente;Atropelamento de pedestre;1;0;0;0;0;0;0;0;0;0;3;1;0;0;0
01/06/2022;12:28:00;115;Sem vítima;122,000;BR-101/ES;Crescente;Tombamento;0;0;0;0;0;1;0;0;0;0;1;0;0;0;0
01/06/2022;14:12:00;132;Sem vítima;269,500;BR-101/ES;Decrescente;Colisão lateral no mesmo sentido;1;0;1;0;0;0;0;0;0;0;2;0;0;0;0
01/06/2022;15:13:00;145;Sem vítima;299,000;BR-101/ES;Decrescente;Colisão traseira;2;0;0;0;0;0;0;0;0;0;2;0;0;0;0
01/06/2022;18:54:00;178;Com vítima;23,900;BR-101/ES;Crescente;Atropelamento de animal;0;0;1;0;0;0;0;0;0;0;0;0;1;0;0
01/06/2022;20:07:00;190;Sem vítima;268,000;BR-101/ES;Decrescente;Colisão transversal;1;0;0;1;0;0;0;0;0;0;2;0;0;0;0
01/06/2022;20:07:00;191;Com vítima;25,600;BR-101/ES;Crescente;Queda de moto;0;0;0;1;0;0;0;0;0;0;0;1;1;0;0
01/06/2022;22:02:00;208;Sem vítima;213,000;BR-101/ES;Decrescente;Colisão lateral no mesmo sentido;1;0;0;0;0;0;0;0;0;0;1;0;0;0;0
02/06/2022;06:42:00;24;Com vítima;185,950;BR-101/ES;Decrescente;Engavetamento;0;0;3;0;0;0;0;0;0;0;4;0;1;0;0
02/06/2022;06:53:00;28;Com vítima;264,500;BR-101/ES;Decrescente;Colisão transversal;1;0;0;1;0;0;0;0;0;0;1;1;0;0;0
02/06/2022;07:04:00;38;Com vítima;304,000;BR-101/ES;Decrescente;Colisão traseira;0;0;0;0;0;1;0;0;0;1;1;0;1;0;0
02/06/2022;11:43:00;94;Sem vítima;85,800;BR-101/ES;Decrescente;Choque;0;0;0;0;0;1;0;0;0;0;1;0;0;0;0
02/06/2022;15:39:00;128;Com vítima;82,500;BR-101/ES;Decrescente;Choque;1;0;0;0;0;0;0;0;0;0;0;1;0;0;0
02/06/2022;16:20:00;143;Sem vítima;254,500;BR-101/ES;Crescente;Engavetamento;2;0;0;0;0;1;0;0;0;0;3;0;0;0;0
02/06/2022;17:34:00;156;Sem vítima;316,000;BR-101/ES;Decrescente;Choque;1;0;0;0;0;0;0;0;0;0;1;0;0;0;0
02/06/2022;18:13:00;165;Com vítima;145,300;BR-101/ES;Crescente;Atropelamento de pedestre;0;0;0;1;0;0;0;0;0;0;0;1;1;0;0
02/06/2022;18:29:00;167;Sem vítima;358,000;BR-101/ES;Crescente;Queda de moto;0;0;0;1;0;0;0;0;0;0;1;0;0;0;0
03/06/2022;06:40:00;33;Sem vítima;342,000;BR-101/ES;Crescente;Acidentes de outra natureza;1;0;0;0;0;0;0;0;0;0;1;0;0;0;0
03/06/2022;06:56:00;34;Sem vítima;242,000;BR-101/ES;Crescente;Colisão traseira;1;0;0;0;0;0;0;0;0;0;2;0;0;0;0
03/06/2022;08:12:00;69;Sem vítima;297,800;BR-101/ES;Decrescente;Colisão traseira;1;0;0;0;0;0;0;0;0;0;1;0;0;0;0
03/06/2022;09:11:00;95;Com vítima;290,700;BR-101/ES;Crescente;Atropelamento de pedestre;0;0;0;1;0;0;0;0;0;0;0;0;1;1;0
03/06/2022;11:28:00;131;Sem vítima;409,000;BR-101/ES;Decrescente;Choque;0;0;0;0;0;1;0;0;0;0;1;0;0;0;0
03/06/2022;13:50:00;158;Com vítima;281,500;BR-101/ES;Crescente;Queda de moto;0;0;0;1;0;0;0;0;0;0;0;0;1;0;0
03/06/2022;14:32:00;171;Sem vítima;271,000;BR-101/ES;Decrescente;Queda de moto;0;0;0;1;0;0;0;0;0;0;1;0;0;0;0
03/06/2022;15:11:00;183;Com vítima;353,900;BR-101/ES;Decrescente;Colisão traseira;2;0;0;0;0;0;0;0;0;0;2;0;1;0;0
03/06/2022;18:00:00;227;Com vítima;255,400;BR-101/ES;Crescente;Atropelamento de pedestre;0;0;0;0;1;0;0;0;0;0;1;0;0;0;1
03/06/2022;18:46:00;236;Com vítima;270,000;BR-101/ES;Crescente;Colisão transversal;1;0;0;1;0;0;0;0;0;0;1;1;0;0;0
03/06/2022;19:07:00;242;Com vítima;203,950;BR-101/ES;Crescente;Colisão traseira;3;0;0;0;0;0;0;0;0;0;3;0;1;0;0
04/06/2022;00:06:00;1;Com vítima;116,000;BR-101/ES;Crescente;Choque;1;0;1;0;0;0;0;0;0;0;1;1;0;0;0
04/06/2022;01:00:00;4;Sem vítima;262,000;BR-101/ES;Decrescente;Choque;1;0;0;0;0;0;0;0;0;0;1;0;0;0;0
04/06/2022;10:00:00;74;Sem vítima;359,600;BR-101/ES;Crescente;Colisão lateral no mesmo sentido;1;0;1;0;0;0;0;0;0;0;2;0;0;0;0
04/06/2022;15:46:00;125;Com vítima;81,100;BR-101/ES;Crescente;Colisão traseira;1;0;0;0;0;0;0;0;0;0;0;1;0;0;0
04/06/2022;20:45:00;163;Com vítima;99,800;BR-101/ES;Decrescente;Queda de moto;0;0;0;1;0;0;0;0;0;0;0;1;2;0;0
05/06/2022;05:39:00;8;Sem vítima;178,000;BR-101/ES;Crescente;Saída de pista;1;0;0;0;0;0;0;0;0;0;1;0;0;0;0
05/06/2022;06:49:00;14;Sem vítima;423,000;BR-101/ES;Crescente;Saída de pista;1;0;0;0;0;0;0;0;0;0;1;0;0;0;0
05/06/2022;09:01:00;36;Com vítima;176,000;BR-101/ES;Decrescente;Atropelamento de ciclista;0;1;0;0;0;1;0;0;0;0;1;0;0;1;0
05/06/2022;11:15:00;59;Sem vítima;255,000;BR-101/ES;Crescente;Colisão traseira;1;0;0;0;0;0;0;0;0;0;2;0;0;0;0
05/06/2022;14:48:00;95;Sem vítima;233,000;BR-101/ES;Decrescente;Colisão lateral no mesmo sentido;2;0;0;0;0;0;0;0;0;0;10;0;0;0;0
05/06/2022;15:47:00;107;Com vítima;257,000;BR-101/ES;Crescente;Colisão traseira;2;0;0;0;0;0;0;0;0;0;1;1;0;0;0
05/06/2022;18:38:00;136;Com vítima;213,000;BR-101/ES;Decrescente;Queda de moto;0;0;0;1;0;0;0;0;0;0;0;1;0;0;0
05/06/2022;19:17:00;140;Com vítima;280,000;BR-101/ES;Crescente;Colisão traseira;2;0;0;0;0;0;0;0;0;0;1;0;1;0;0
05/06/2022;22:57:00;156;Com vítima;271,000;BR-101/ES;Decrescente;Colisão traseira;1;0;0;0;0;0;0;0;0;1;1;1;2;0;0
06/06/2022;05:15:00;8;Sem vítima;271,300;BR-101/ES;Crescente;Colisão traseira;0;0;1;0;0;1;0;0;0;0;2;0;0;0;0
06/06/2022;07:05:00;19;Com vítima;148,100;BR-101/ES;Crescente;Colisão traseira;1;0;0;1;0;0;0;0;0;0;1;1;0;0;0
06/06/2022;07:13:00;21;Sem vítima;76,200;BR-101/ES;Decrescente;Choque;1;0;0;0;0;0;0;0;0;0;1;0;0;0;0
06/06/2022;11:49:00;75;Com vítima;139,500;BR-101/ES;Decrescente;Colisão traseira;0;0;0;1;0;0;0;0;0;0;0;0;1;0;0
06/06/2022;14:52:00;109;Com vítima;203,900;BR-101/ES;Decrescente;Colisão traseira;0;0;1;1;0;0;0;0;0;0;1;1;0;0;0
06/06/2022;16:35:00;134;Com vítima;266,600;BR-101/ES;Crescente;Choque;0;1;0;0;0;0;0;0;0;0;0;0;1;0;0
06/06/2022;16:38:00;136;Com vítima;79,400;BR-101/ES;Decrescente;Colisão traseira;1;0;0;0;0;1;0;0;0;0;4;1;0;0;0
06/06/2022;17:43:00;154;Com vítima;249,000;BR-101/ES;Decrescente;Colisão traseira;0;0;0;1;0;0;0;0;0;0;0;0;1;0;0
06/06/2022;18:44:00;164;Sem vítima;94,000;BR-101/ES;Decrescente;Colisão transversal;1;0;1;0;0;0;0;0;0;0;2;0;0;0;0
07/06/2022;01:45:00;6;Sem vítima;147,000;BR-101/ES;Decrescente;Colisão traseira;0;0;1;0;0;1;0;0;0;0;2;0;0;0;0
07/06/2022;05:16:00;21;Sem vítima;315,900;BR-101/ES;Decrescente;Tombamento;0;0;0;0;0;1;0;0;0;0;1;0;0;0;0
07/06/2022;07:27:00;37;Com vítima;150,800;BR-101/ES;Crescente;Colisão traseira;2;0;0;0;0;0;0;0;0;0;2;1;0;0;0
07/06/2022;08:39:00;55;Sem vítima;304,700;BR-101/ES;Crescente;Engavetamento;3;0;0;0;0;0;0;0;0;0;4;0;0;0;0
07/06/2022;13:48:00;105;Sem vítima;246,000;BR-101/ES;Crescente;Choque;1;0;0;0;0;0;0;0;0;0;2;0;0;0;0
07/06/2022;20:20:00;167;Com vítima;183,600;BR-101/ES;Crescente;Choque;0;0;1;0;0;0;0;0;0;1;1;5;1;0;0
07/06/2022;20:28:00;169;Com vítima;149,500;BR-101/ES;Crescente;Colisão transversal;0;0;0;2;0;0;0;0;0;0;1;1;0;0;0
07/06/2022;21:03:00;173;Sem vítima;303,000;BR-101/ES;Decrescente;Colisão lateral no mesmo sentido;1;0;0;0;0;0;0;0;0;0;1;0;0;0;0
07/06/2022;21:28:00;175;Com vítima;285,000;BR-101/ES;Decrescente;Choque;1;0;0;0;0;0;0;0;0;0;0;0;0;1;0
07/06/2022;23:42:00;193;Sem vítima;268,000;BR-101/ES;Decrescente;Colisão transversal;2;0;0;1;0;0;0;0;0;0;3;0;0;0;0
08/06/2022;00:55:00;2;Sem vítima;187,100;BR-101/ES;Decrescente;Choque;1;0;0;0;0;0;0;0;0;0;1;0;0;0;0
08/06/2022;01:43:00;4;Com vítima;116,600;BR-101/ES;Crescente;Saída de pista;0;0;1;0;0;0;0;0;0;0;1;1;0;0;0
08/06/2022;05:45:00;23;Com vítima;269,000;BR-101/ES;Crescente;Queda de moto;0;0;0;1;0;0;0;0;0;0;0;0;2;0;0
08/06/2022;07:09:00;53;Com vítima;268,950;BR-101/ES;Crescente;Atropelamento de pedestre;0;0;0;1;0;0;0;0;0;0;1;0;0;1;0
08/06/2022;11:34:00;139;Com vítima;269,000;BR-101/ES;Decrescente;Colisão traseira;1;0;0;1;0;0;0;0;0;0;1;1;0;0;0
08/06/2022;13:04:00;154;Com vítima;185,000;BR-101/ES;Decrescente;Colisão traseira;0;0;1;1;0;0;0;0;0;0;1;0;1;0;0
08/06/2022;13:39:00;163;Sem vítima;28,000;BR-101/ES;Crescente;Colisão traseira;0;0;1;0;0;0;0;0;0;0;1;0;0;0;0
08/06/2022;13:56:00;167;Com vítima;291,000;BR-101/ES;Decrescente;Engavetamento;2;0;2;0;0;1;0;0;0;0;4;0;1;0;0
08/06/2022;15:16:00;183;Com vítima;400,000;BR-101/ES;Decrescente;Colisão traseira;1;0;0;1;0;0;0;0;0;0;4;1;0;0;0
08/06/2022;18:40:00;222;Com vítima;67,000;BR-101/ES;Decrescente;Colisão traseira;2;0;0;0;0;0;0;0;0;0;2;1;0;0;0
08/06/2022;18:50:00;225;Sem vítima;266,150;BR-101/ES;Crescente;Colisão traseira;2;0;1;0;0;0;0;0;0;0;3;0;0;0;0
08/06/2022;20:50:00;240;Sem vítima;295,000;BR-101/ES;Crescente;Colisão traseira;1;0;1;0;0;0;0;0;0;0;4;0;0;0;0
09/06/2022;05:16:00;9;Com vítima;313,000;BR-101/ES;Crescente;Colisão frontal;1;0;0;0;0;2;0;0;0;0;2;0;1;0;0
09/06/2022;13:06:00;123;Com vítima;292,500;BR-101/ES;Decrescente;Colisão lateral no mesmo sentido;1;0;0;1;0;0;0;0;0;0;0;1;0;1;0
09/06/2022;16:10:00;155;Com vítima;204,000;BR-101/ES;Decrescente;Colisão lateral no mesmo sentido;1;0;0;1;0;0;0;0;0;0;1;0;1;0;0
09/06/2022;17:59:00;177;Sem vítima;228,000;BR-101/ES;Crescente;Colisão traseira;0;0;2;0;0;0;0;0;0;0;2;0;0;0;0
09/06/2022;18:35:00;181;Com vítima;297,500;BR-101/ES;Crescente;Queda de moto;0;0;0;1;0;0;0;0;0;0;0;0;1;0;0
09/06/2022;18:53:00;184;Sem vítima;255,500;BR-101/ES;Crescente;Colisão traseira;0;0;1;1;0;0;0;0;0;0;2;0;0;0;0
09/06/2022;20:08:00;196;Sem vítima;321,000;BR-101/ES;Crescente;Saída de pista;1;0;0;0;0;0;0;0;0;0;1;0;0;0;0
09/06/2022;20:19:00;199;Sem vítima;269,000;BR-101/ES;Decrescente;Colisão lateral no mesmo sentido;1;0;0;0;0;1;0;0;0;0;3;0;0;0;0
09/06/2022;20:23:00;201;Com vítima;79,000;BR-101/ES;Crescente;Queda de bicicleta;0;1;0;0;0;0;0;0;0;0;0;0;1;0;0
09/06/2022;21:05:00;206;Com vítima;335,900;BR-101/ES;Decrescente;Atropelamento de animal;3;0;0;0;0;0;0;0;0;0;3;3;1;0;0
09/06/2022;23:36:00;216;Com vítima;133,200;BR-101/ES;Decrescente;Colisão frontal;0;0;2;0;0;0;0;0;0;0;1;0;1;1;1
10/06/2022;06:14:00;18;Sem vítima;340,000;BR-101/ES;Crescente;Choque;1;0;0;0;0;0;0;0;0;0;2;0;0;0;0
10/06/2022;07:37:00;38;Sem vítima;290,000;BR-101/ES;Decrescente;Colisão lateral no mesmo sentido;1;0;0;0;0;0;0;0;0;0;1;0;0;0;0
10/06/2022;09:06:00;56;Sem vítima;265,800;BR-101/ES;Crescente;Colisão traseira;2;0;0;0;0;0;0;0;0;0;3;0;0;0;0
10/06/2022;10:14:00;75;Sem vítima;270,200;BR-101/ES;Decrescente;Choque;0;0;0;0;0;0;0;0;0;1;1;0;0;0;0
10/06/2022;11:51:00;100;Sem vítima;359,700;BR-101/ES;Crescente;Choque;0;0;0;0;0;1;0;0;0;0;1;0;0;0;0
10/06/2022;13:44:00;118;Com vítima;242,700;BR-101/ES;Decrescente;Colisão lateral no mesmo sentido;0;0;0;1;0;0;0;0;0;0;0;0;0;1;0
10/06/2022;14:11:00;122;Sem vítima;294,300;BR-101/ES;Decrescente;Engavetamento;2;0;1;0;0;0;0;0;0;0;3;0;0;0;0
10/06/2022;14:36:00;126;Com vítima;306,000;BR-101/ES;Decrescente;Queda de moto;0;0;0;1;0;0;0;0;0;0;0;0;1;0;0
10/06/2022;17:00:00;161;Sem vítima;166,000;BR-101/ES;Decrescente;Colisão traseira;2;0;0;0;0;0;0;0;0;0;4;0;0;0;0
10/06/2022;17:12:00;163;Sem vítima;207,000;BR-101/ES;Crescente;Choque;1;0;1;0;0;0;0;0;0;0;4;0;0;0;0
10/06/2022;17:26:00;168;Sem vítima;142,000;BR-101/ES;Decrescente;Colisão traseira;1;0;0;1;0;0;0;0;0;0;2;0;0;0;0
10/06/2022;17:46:00;171;Com vítima;211,000;BR-101/ES;Crescente;Colisão transversal;1;0;0;0;0;0;0;0;0;1;2;1;0;0;0
10/06/2022;18:43:00;182;Sem vítima;211,000;BR-101/ES;Crescente;Colisão lateral no mesmo sentido;2;0;1;0;0;0;0;0;0;0;5;0;0;0;0
10/06/2022;18:54:00;183;Com vítima;126,800;BR-101/ES;Decrescente;Colisão lateral em sentido contrário;2;0;1;0;0;0;0;0;0;0;2;1;0;0;0
10/06/2022;19:14:00;186;Com vítima;199,200;BR-101/ES;Crescente;Colisão traseira;1;0;0;0;0;1;0;0;0;0;1;0;0;1;0
10/06/2022;20:39:00;209;Sem vítima;339,050;BR-101/ES;Crescente;Choque;1;0;0;0;0;0;0;0;0;0;1;0;0;0;0
10/06/2022;20:45:00;210;Sem vítima;143,600;BR-101/ES;Crescente;Saída de pista;1;0;0;0;0;0;0;0;0;0;1;0;0;0;0
10/06/2022;23:56:00;232;Sem vítima;291,000;BR-101/ES;Crescente;Choque;0;0;1;0;0;0;0;0;0;0;1;0;0;0;0
11/06/2022;03:03:00;12;Sem vítima;239,200;BR-101/ES;Crescente;Desatrelamento;0;0;0;0;0;1;0;0;0;0;1;0;0;0;0
11/06/2022;06:08:00;22;Com vítima;284,900;BR-101/ES;Crescente;Colisão transversal;1;0;0;1;0;0;0;0;0;0;1;0;1;0;0
11/06/2022;06:13:00;24;Com vítima;270,600;BR-101/ES;Decrescente;Colisão frontal;1;0;1;0;0;0;0;0;0;0;2;0;0;0;1
11/06/2022;08:57:00;59;Com vítima;111,200;BR-101/ES;Crescente;Colisão lateral no mesmo sentido;0;0;0;2;0;0;0;0;0;0;2;0;1;0;0
11/06/2022;11:16:00;88;Sem vítima;141,000;BR-101/ES;Crescente;Colisão traseira;2;0;0;0;0;0;0;0;0;0;3;0;0;0;0
11/06/2022;11:18:00;90;Sem vítima;253,000;BR-101/ES;Decrescente;Colisão transversal;2;0;0;0;0;0;0;0;0;0;2;0;0;0;0
11/06/2022;11:37:00;94;Sem vítima;241,800;BR-101/ES;Decrescente;Choque;1;0;0;0;0;0;0;0;0;0;2;0;0;0;0
11/06/2022;18:12:00;152;Com vítima;265,500;BR-101/ES;Crescente;Colisão traseira;1;0;0;1;0;0;0;0;0;0;1;0;1;0;0
11/06/2022;18:35:00;154;Com vítima;11,000;BR-101/ES;Decrescente;Colisão frontal;2;0;0;0;0;0;0;0;0;0;0;0;2;2;2
11/06/2022;20:35:00;166;Sem vítima;310,900;BR-101/ES;Crescente;Saída de pista;1;0;0;0;0;0;0;0;0;0;1;0;0;0;0
11/06/2022;20:52:00;167;Sem vítima;269,500;BR-101/ES;Decrescente;Engavetamento;3;0;0;0;0;0;0;0;0;0;3;0;0;0;0
11/06/2022;22:14:00;172;Sem vítima;146,000;BR-101/ES;Crescente;Colisão transversal;2;0;0;0;0;0;0;0;0;0;3;0;0;0;0
12/06/2022;08:12:00;52;Sem vítima;395,000;BR-101/ES;Decrescente;Acidentes de outra natureza;0;0;1;0;0;0;0;0;0;0;1;0;0;0;0
12/06/2022;22:59:00;155;Sem vítima;145,000;BR-101/ES;Crescente;Saída de pista;1;0;0;0;0;0;0;0;0;0;2;0;0;0;0
13/06/2022;10:57:00;70;Sem vítima;61,100;BR-101/ES;Crescente;Colisão traseira;0;0;0;1;0;0;0;0;0;0;1;0;0;0;0
13/06/2022;12:18:00;86;Com vítima;62,200;BR-101/ES;Crescente;Colisão lateral em sentido contrário;1;0;0;1;0;0;0;0;0;0;1;1;0;0;0
13/06/2022;14:01:00;102;Sem vítima;227,800;BR-101/ES;Crescente;Saída de pista;1;0;0;0;0;0;0;0;0;0;1;0;0;0;0
13/06/2022;15:24:00;117;Com vítima;67,200;BR-101/ES;Crescente;Colisão traseira;2;0;0;0;0;0;0;0;0;0;1;2;0;0;0
13/06/2022;16:05:00;123;Sem vítima;313,000;BR-101/ES;Decrescente;Colisão lateral em sentido contrário;2;0;0;0;0;0;0;0;0;0;4;0;0;0;0
13/06/2022;18:11:00;144;Sem vítima;293,000;BR-101/ES;Decrescente;Colisão traseira;2;0;0;0;0;0;0;0;0;0;3;0;0;0;0
14/06/2022;06:53:00;29;Sem vítima;125,100;BR-101/ES;Decrescente;Choque;0;0;1;0;0;1;0;0;0;0;2;0;0;0;0
14/06/2022;08:02:00;51;Sem vítima;222,600;BR-101/ES;Crescente;Colisão lateral no mesmo sentido;0;0;0;0;0;3;0;0;0;0;3;0;0;0;0
14/06/2022;08:46:00;64;Com vítima;350,600;BR-101/ES;Decrescente;Atropelamento de pedestre;0;0;0;0;0;0;0;0;0;0;0;0;0;0;1
14/06/2022;10:45:00;85;Sem vítima;222,850;BR-101/ES;Decrescente;Desatrelamento;0;0;1;0;0;0;0;0;0;0;1;0;0;0;0
14/06/2022;12:58:00;111;Sem vítima;289,100;BR-101/ES;Crescente;Colisão traseira;0;0;0;0;0;2;0;0;0;0;2;0;0;0;0
14/06/2022;17:45:00;158;Com vítima;258,500;BR-101/ES;Crescente;Queda de moto;0;0;0;1;0;0;0;0;0;0;0;0;1;0;0
14/06/2022;18:10:00;161;Com vítima;300,400;BR-101/ES;Crescente;Atropelamento de pedestre;0;0;0;1;0;0;0;0;0;0;0;1;0;1;0
14/06/2022;20:04:00;173;Sem vítima;168,000;BR-101/ES;Crescente;Atropelamento de animal;1;0;0;0;0;0;0;0;0;0;2;0;0;0;0
15/06/2022;08:54:00;66;Com vítima;270,500;BR-101/ES;Decrescente;Colisão lateral no mesmo sentido;1;0;0;1;0;0;0;0;0;0;1;0;1;0;0
15/06/2022;09:49:00;77;Sem vítima;306,200;BR-101/ES;Crescente;Choque;0;0;0;0;0;0;0;0;0;1;1;0;0;0;0
15/06/2022;12:43:00;113;Sem vítima;270,830;BR-101/ES;Decrescente;Acidentes de outra natureza;0;0;1;0;0;0;0;0;0;0;1;0;0;0;0
15/06/2022;13:03:00;122;Sem vítima;295,500;BR-101/ES;Decrescente;Colisão lateral no mesmo sentido;1;0;1;0;0;0;0;0;0;0;2;0;0;0;0
15/06/2022;15:00:00;139;Sem vítima;331,000;BR-101/ES;Decrescente;Choque;0;0;1;0;0;0;0;0;0;0;1;0;0;0;0
15/06/2022;17:08:00;169;Sem vítima;214,000;BR-101/ES;Decrescente;Colisão transversal;2;0;0;0;0;0;0;0;0;0;3;0;0;0;0
15/06/2022;18:27:00;184;Sem vítima;289,100;BR-101/ES;Crescente;Colisão traseira;2;0;0;0;0;0;0;0;0;0;2;0;0;0;0
15/06/2022;18:59:00;191;Sem vítima;269,900;BR-101/ES;Crescente;Colisão traseira;2;0;0;0;0;0;0;0;0;0;2;0;0;0;0
15/06/2022;19:04:00;192;Sem vítima;255,000;BR-101/ES;Decrescente;Colisão traseira;2;0;0;0;0;0;0;0;0;0;4;0;0;0;0
15/06/2022;19:11:00;193;Com vítima;435,000;BR-101/ES;Crescente;Saída de pista;1;0;0;0;0;0;0;0;0;0;0;4;1;0;0
15/06/2022;20:03:00;200;Com vítima;269,000;BR-101/ES;Crescente;Queda de bicicleta;0;1;0;0;0;0;0;0;0;0;0;1;0;0;0
15/06/2022;21:01:00;206;Sem vítima;301,000;BR-101/ES;Crescente;Choque;1;0;0;0;0;0;0;0;0;1;2;0;0;0;0
15/06/2022;21:25:00;209;Com vítima;148,600;BR-101/ES;Crescente;Colisão transversal;0;0;0;1;0;1;0;0;0;0;1;1;0;0;0
15/06/2022;22:18:00;213;Sem vítima;351,000;BR-101/ES;Crescente;Saída de pista;1;0;0;0;0;0;0;0;0;0;1;0;0;0;0
15/06/2022;23:45:00;221;Com vítima;280,000;BR-101/ES;Crescente;Queda de moto;0;0;0;1;0;0;0;0;0;0;0;0;1;0;0
16/06/2022;06:32:00;29;Sem vítima;213,000;BR-101/ES;Decrescente;Colisão traseira;1;0;0;0;0;1;0;0;0;0;1;0;0;0;0
16/06/2022;06:33:00;30;Sem vítima;256,600;BR-101/ES;Crescente;Atropelamento de animal;0;0;0;1;0;0;0;0;0;0;1;0;0;0;0
16/06/2022;12:34:00;166;Com vítima;292,000;BR-101/ES;Decrescente;Colisão transversal;1;0;0;0;0;0;0;0;0;1;1;1;0;0;0
16/06/2022;13:28:00;168;Sem vítima;452,000;BR-101/ES;Crescente;Choque;1;0;0;0;0;0;0;0;0;0;1;0;0;0;0
17/06/2022;00:36:00;1;Sem vítima;270,000;BR-101/ES;Decrescente;Choque;1;0;0;0;0;0;0;0;0;0;1;0;0;0;0
17/06/2022;13:54:00;120;Sem vítima;401,000;BR-101/ES;Decrescente;Tombamento;0;0;0;0;0;1;0;0;0;0;1;0;0;0;0
17/06/2022;17:25:00;160;Com vítima;253,400;BR-101/ES;Crescente;Colisão traseira;0;0;0;1;0;1;0;0;0;0;0;0;1;0;0