data;horario;n_da_ocorrencia;tipo_de_ocorrencia;km;trecho;sentido;tipo_de_acidente;automovel;bicicleta;caminhao;moto;onibus;outros;tracao_animal;transporte_de_cargas_especiais;trator_maquinas;utilitarios;ilesos;levemente_feridos;moderadamente_feridos;gravemente_feridos;mortos
17/06/2022;18:39:00;170;Com vítima;1,900;Contorno de Iconha/ES;Decrescente;Atropelamento de animal;0;0;0;0;0;1;0;0;0;0;0;0;1;0;0
18/06/2022;07:30:00;23;Com vítima;145,900;BR-101/ES;Decrescente;Colisão traseira;0;0;0;2;0;0;0;0;0;0;0;2;0;0;0
18/06/2022;08:23:00;36;Com vítima;146,700;BR-101/ES;Crescente;Colisão lateral no mesmo sentido;1;0;0;1;0;0;0;0;0;0;1;1;0;0;0
18/06/2022;12:50:00;81;Com vítima;262,200;BR-101/ES;Decrescente;Queda de moto;0;0;0;1;0;0;0;0;0;0;0;0;1;0;0
18/06/2022;13:41:00;91;Sem vítima;265,800;BR-101/ES;Decrescente;Engavetamento;3;0;0;0;0;0;0;0;0;0;5;0;0;0;0
18/06/2022;16:57:00;142;Com vítima;115,400;BR-101/ES;Crescente;Colisão frontal;0;0;0;1;0;1;0;0;0;0;1;0;0;0;1
18/06/2022;17:26:00;149;Sem vítima;74,500;BR-101/ES;Crescente;Choque;1;0;0;0;0;0;0;0;0;0;2;0;0;0;0
18/06/2022;17:34:00;151;Sem vítima;12,000;BR-101/ES;Crescente;Colisão transversal;0;0;0;0;0;1;0;0;0;0;0;0;0;0;0
19/06/2022;02:23:00;9;Com vítima;64,600;BR-101/ES;Decrescente;Colisão frontal;1;0;0;0;0;1;0;0;0;0;1;0;1;0;0
19/06/2022;02:47:00;10;Com vítima;270,000;BR-101/ES;Decrescente;Colisão traseira;0;0;0;1;0;1;0;0;0;0;0;0;1;0;0
19/06/2022;05:37:00;22;Sem vítima;149,000;BR-101/ES;Crescente;Saída de pista;1;0;0;0;0;0;0;0;0;0;1;0;0;0;0
19/06/2022;05:41:00;23;Sem vítima;416,600;BR-101/ES;Crescente;Atropelamento de animal;1;0;0;0;0;0;0;0;0;0;1;0;0;0;0
19/06/2022;10:24:00;60;Sem vítima;255,100;BR-101/ES;Crescente;Engavetamento;3;0;0;1;0;0;0;0;0;0;7;0;0;0;0
19/06/2022;11:48:00;75;Sem vítima;265,900;BR-101/ES;Decrescente;Colisão traseira;2;0;0;0;0;0;0;0;0;0;4;0;0;0;0
19/06/2022;12:23:00;81;Sem vítima;85,200;BR-101/ES;Decrescente;Colisão traseira;1;0;0;0;0;1;0;0;0;0;5;0;0;0;0
19/06/2022;14:17:00;99;Sem vítima;237,000;BR-101/ES;Crescente;Colisão lateral em sentido contrário;2;0;0;0;0;0;0;0;0;0;2;0;0;0;0
19/06/2022;16:30:00;130;Sem vítima;313,800;BR-101/ES;Decrescente;Choque;1;0;0;0;0;1;0;0;0;0;3;0;0;0;0
19/06/2022;16:58:00;136;Sem vítima;232,000;BR-101/ES;Crescente;Colisão traseira;1;0;0;0;0;0;0;0;0;1;4;0;0;0;0
19/06/2022;18:09:00;153;Sem vítima;143,000;BR-101/ES;Decrescente;Choque;1;0;0;0;0;0;0;0;0;0;1;0;0;0;0
19/06/2022;18:13:00;154;Com vítima;128,000;BR-101/ES;Decrescente;Colisão transversal;1;0;0;1;0;0;0;0;0;0;3;1;0;0;0
19/06/2022;19:46:00;176;Com vítima;279,000;BR-101/ES;Decrescente;Atropelamento de animal;1;0;0;0;0;0;0;0;0;0;0;0;1;0;0
19/06/2022;20:00:00;184;Sem vítima;358,000;BR-101/ES;Crescente;Choque;1;0;0;0;0;0;0;0;0;0;4;0;0;0;0
19/06/2022;20:31:00;189;Sem vítima;253,000;BR-101/ES;Crescente;Choque;1;0;0;0;0;0;0;0;0;0;1;0;0;0;0
19/06/2022;22:27:00;210;Com vítima;289,900;BR-101/ES;Decrescente;Queda de moto;0;0;0;1;0;1;0;0;0;0;1;0;0;0;1
20/06/2022;13:05:00;134;Com vítima;289,800;BR-101/ES;Decrescente;Choque;1;0;0;0;0;0;0;0;0;0;2;0;1;0;0
20/06/2022;14:17:00;150;Com vítima;60,900;BR-101/ES;Crescente;Colisão transversal;2;0;0;0;0;0;0;0;0;0;0;3;2;0;0
20/06/2022;15:49:00;166;Com vítima;117,000;BR-101/ES;Crescente;Colisão frontal;2;0;0;0;0;0;0;0;0;0;1;4;1;0;0
20/06/2022;16:51:00;171;Sem vítima;388,300;BR-101/ES;Decrescente;Tombamento;0;0;0;0;0;1;0;0;0;0;1;0;0;0;0
20/06/2022;19:56:00;193;Com vítima;436,000;BR-101/ES;Crescente;Colisão frontal;1;0;1;0;0;0;0;0;0;0;1;0;1;0;0
20/06/2022;20:26:00;202;Com vítima;393,000;BR-101/ES;Decrescente;Colisão traseira;0;0;0;1;0;1;0;0;0;0;1;0;1;0;0
20/06/2022;21:31:00;206;Sem vítima;396,000;BR-101/ES;Decrescente;Choque;0;0;0;0;0;1;0;0;0;1;3;0;0;0;0
21/06/2022;07:08:00;38;Sem vítima;285,000;BR-101/ES;Crescente;Choque;1;0;0;0;0;0;0;0;0;0;1;0;0;0;0
21/06/2022;09:27:00;62;Sem vítima;262,000;BR-101/ES;Decrescente;Engavetamento;2;0;0;0;0;0;0;0;0;1;3;0;0;0;0
21/06/2022;10:40:00;83;Com vítima;214,000;BR-101/ES;Decrescente;Colisão transversal;2;0;0;0;0;0;0;0;0;0;2;1;0;0;0
21/06/2022;17:50:00;150;Com vítima;290,000;BR-101/ES;Decrescente;Queda de moto;0;0;1;1;0;0;0;0;0;0;1;0;1;0;0
22/06/2022;00:23:00;2;Sem vítima;322,500;BR-101/ES;Decrescente;Choque;1;0;0;0;0;0;0;0;0;0;1;0;0;0;0
22/06/2022;02:04:00;6;Com vítima;203,200;BR-101/ES;Crescente;Colisão frontal;1;0;0;0;0;1;0;0;0;0;1;0;0;0;1
22/06/2022;04:53:00;12;Sem vítima;183,800;BR-101/ES;Decrescente;Engavetamento;1;0;2;0;0;0;0;0;0;0;3;0;0;0;0
22/06/2022;06:54:00;22;Sem vítima;67,200;BR-101/ES;Decrescente;Choque;1;0;0;0;0;0;0;0;0;0;1;0;0;0;0
22/06/2022;07:08:00;25;Sem vítima;265,600;BR-101/ES;Crescente;Colisão traseira;2;0;0;0;0;0;0;0;0;0;2;0;0;0;0
22/06/2022;08:58:00;60;Com vítima;265,500;BR-101/ES;Crescente;Colisão traseira;1;0;0;1;0;0;0;0;0;0;4;0;2;0;0
22/06/2022;11:47:00;108;Sem vítima;270,400;BR-101/ES;Decrescente;Colisão lateral no mesmo sentido;1;0;0;0;0;1;0;0;0;0;0;0;0;0;0
22/06/2022;12:07:00;114;Sem vítima;270,400;BR-101/ES;Decrescente;Colisão lateral no mesmo sentido;1;0;0;0;0;1;0;0;0;0;2;0;0;0;0
22/06/2022;13:29:00;124;Sem vítima;243,000;BR-101/ES;Crescente;Choque;1;0;0;0;0;0;0;0;0;0;1;0;0;0;0
22/06/2022;16:53:00;156;Sem vítima;262,400;BR-101/ES;Crescente;Colisão traseira;1;0;0;0;0;1;0;0;0;0;1;0;0;0;0
22/06/2022;17:39:00;168;Sem vítima;68,000;BR-101/ES;Decrescente;Engavetamento;2;0;0;0;1;0;0;0;0;0;4;0;0;0;0
22/06/2022;18:59:00;177;Sem vítima;406,400;BR-101/ES;Crescente;Colisão lateral em sentido contrário;0;0;1;0;0;1;0;0;0;0;2;0;0;0;0
23/06/2022;06:21:00;22;Sem vítima;285,900;BR-101/ES;Decrescente;Colisão lateral no mesmo sentido;1;0;0;0;0;0;0;0;0;1;2;0;0;0;0
23/06/2022;10:17:00;92;Sem vítima;113,300;BR-101/ES;Decrescente;Choque;0;0;0;0;0;1;0;0;1;0;2;0;0;0;0
23/06/2022;11:09:00;103;Sem vítima;435,400;BR-101/ES;Decrescente;Colisão traseira;1;0;0;0;1;0;0;0;0;0;2;0;0;0;0
23/06/2022;12:47:00;117;Com vítima;71,700;BR-101/ES;Crescente;Tombamento;0;0;0;0;0;1;0;0;0;0;0;1;0;0;0
23/06/2022;16:34:00;157;Sem vítima;254,200;BR-101/ES;Crescente;Engavetamento;2;0;0;0;0;1;0;0;0;0;3;0;0;0;0
23/06/2022;17:52:00;171;Sem vítima;271,000;BR-101/ES;Decrescente;Colisão traseira;1;0;0;0;0;1;0;0;0;0;2;0;0;0;0
23/06/2022;18:24:00;175;Sem vítima;210,900;BR-101/ES;Crescente;Colisão traseira;1;0;0;0;0;0;0;0;0;0;2;0;0;0;0
23/06/2022;18:32:00;178;Sem vítima;211,000;BR-101/ES;Crescente;Colisão lateral no mesmo sentido;1;0;0;0;0;1;0;0;0;0;2;0;0;0;0
23/06/2022;19:04:00;179;Com vítima;93,000;BR-101/ES;Crescente;Colisão traseira;0;0;0;1;0;0;0;0;0;0;0;1;1;0;0
23/06/2022;19:47:00;192;Com vítima;260,000;BR-101/ES;Crescente;Saída de pista;1;0;0;0;0;0;0;0;0;0;0;1;0;0;0
24/06/2022;05:33:00;22;Com vítima;174,800;BR-101/ES;Decrescente;Colisão transversal;1;0;1;0;0;0;0;0;0;0;4;1;0;0;0
24/06/2022;06:39:00;30;Com vítima;143,000;BR-101/ES;Decrescente;Colisão transversal;1;0;1;0;0;0;0;0;0;0;1;2;0;0;0
24/06/2022;06:56:00;33;Com vítima;288,300;BR-101/ES;Crescente;Queda de moto;0;0;0;1;0;0;0;0;0;0;0;1;0;0;0
24/06/2022;10:50:00;110;Sem vítima;8,000;BR-101/ES;Crescente;Choque;1;0;0;0;0;1;0;0;0;0;6;0;0;0;0
24/06/2022;12:07:00;125;Sem vítima;430,499;BR-101/ES;Decrescente;Choque;2;0;0;0;0;0;0;0;0;0;3;0;0;0;0
24/06/2022;13:30:00;136;Sem vítima;84,300;BR-101/ES;Crescente;Engavetamento;1;0;0;0;0;2;0;0;0;0;4;0;0;0;0
24/06/2022;13:31:00;137;Com vítima;243,400;BR-101/ES;Crescente;Colisão traseira;1;0;0;1;0;0;0;0;0;0;3;1;0;0;0
24/06/2022;14:07:00;143;Com vítima;109,900;BR-101/ES;Crescente;Tombamento;0;0;0;0;0;1;0;0;0;0;0;0;1;0;0
24/06/2022;15:25:00;161;Sem vítima;264,400;BR-101/ES;Crescente;Colisão traseira;1;0;0;0;0;1;0;0;0;0;2;0;0;0;0
24/06/2022;17:33:00;184;Sem vítima;370,500;BR-101/ES;Crescente;Colisão transversal;2;0;0;0;0;0;0;0;0;0;3;0;0;0;0
24/06/2022;17:57:00;188;Sem vítima;268,300;BR-101/ES;Decrescente;Colisão traseira;1;0;0;0;0;0;0;0;0;1;2;0;0;0;0
24/06/2022;18:43:00;200;Com vítima;339,200;BR-101/ES;Crescente;Colisão frontal;2;0;0;0;0;0;0;0;0;0;0;0;2;2;0
24/06/2022;19:17:00;204;Com vítima;101,000;BR-101/ES;Crescente;Engavetamento;1;0;1;0;0;1;0;0;0;0;2;0;2;0;0
25/06/2022;04:45:00;14;Sem vítima;166,000;BR-101/ES;Crescente;Choque;1;0;0;0;0;1;0;0;0;0;3;0;0;0;0
25/06/2022;05:46:00;22;Sem vítima;169,000;BR-101/ES;Decrescente;Engavetamento;2;0;0;0;0;0;0;0;0;0;5;0;0;0;0
25/06/2022;09:28:00;70;Sem vítima;289,000;BR-101/ES;Crescente;Colisão traseira;2;0;0;0;0;0;0;0;0;0;2;0;0;0;0
25/06/2022;10:43:00;86;Com vítima;301,700;BR-101/ES;Crescente;Atropelamento de pedestre;1;0;1;0;0;0;0;0;0;0;2;0;1;0;0
25/06/2022;15:44:00;143;Com vítima;298,000;BR-101/ES;Decrescente;Choque;0;0;0;1;1;0;0;0;0;0;1;0;1;0;0
25/06/2022;15:46:00;145;Sem vítima;273,300;BR-101/ES;Crescente;Colisão lateral no mesmo sentido;1;0;0;0;0;1;0;0;0;0;2;0;0;0;0
25/06/2022;19:21:00;170;Com vítima;428,000;BR-101/ES;Crescente;Queda de moto;0;0;0;1;0;1;0;0;0;0;0;0;0;0;1
25/06/2022;19:22:00;171;Sem vítima;266,000;BR-101/ES;Decrescente;Colisão traseira;2;0;0;0;0;0;0;0;0;1;3;0;0;0;0
25/06/2022;20:06:00;178;Com vítima;62,800;BR-101/ES;Crescente;Colisão frontal;2;0;0;0;0;0;0;0;0;0;0;1;0;0;1
25/06/2022;21:19:00;186;Sem vítima;299,000;BR-101/ES;Decrescente;Colisão traseira;2;0;0;0;0;0;0;0;0;0;5;0;0;0;0
26/06/2022;00:34:00;2;Sem vítima;256,000;BR-101/ES;Crescente;Colisão transversal;1;0;0;1;0;0;0;0;0;0;0;0;0;0;0
26/06/2022;01:49:00;7;Com vítima;285,000;BR-101/ES;Crescente;Colisão transversal;3;0;0;0;0;0;0;0;0;0;2;0;1;0;0
26/06/2022;05:39:00;17;Sem vítima;439,950;BR-101/ES;Crescente;Choque;0;0;1;0;0;0;0;0;0;0;1;0;0;0;0
26/06/2022;06:09:00;21;Com vítima;268,500;BR-101/ES;Decrescente;Queda de moto;0;0;0;1;0;0;0;0;0;0;0;0;1;0;0
26/06/2022;08:14:00;39;Com vítima;290,300;BR-101/ES;Crescente;Saída de pista;1;0;0;0;0;0;0;0;0;0;0;1;0;0;0
26/06/2022;15:45:00;97;Com vítima;335,000;BR-101/ES;Crescente;Queda de moto;0;0;0;1;0;0;0;0;0;0;0;1;1;0;0
26/06/2022;16:33:00;114;Sem vítima;254,300;BR-101/ES;Crescente;Engavetamento;3;0;0;0;0;0;0;0;0;1;13;0;0;0;0
26/06/2022;19:46:00;146;Com vítima;946,000;BR-101/ES;Crescente;Queda de moto;0;0;0;1;0;0;0;0;0;0;0;0;1;0;0
26/06/2022;20:32:00;152;Com vítima;75,100;BR-101/ES;Crescente;Colisão lateral em sentido contrário;2;0;0;0;0;0;0;0;0;0;4;1;0;0;0
27/06/2022;02:13:00;9;Com vítima;260,200;BR-101/ES;Crescente;Queda de moto;0;0;0;1;0;0;0;0;0;0;0;0;0;0;1
27/06/2022;03:54:00;14;Com vítima;163,700;BR-101/ES;Crescente;Queda de moto;0;0;0;1;0;0;0;0;0;0;0;2;0;0;0
27/06/2022;05:32:00;20;Sem vítima;270,600;BR-101/ES;Crescente;Colisão traseira;0;0;1;0;0;1;0;0;0;0;2;0;0;0;0
27/06/2022;06:06:00;28;Sem vítima;265,900;BR-101/ES;Decrescente;Colisão traseira;1;0;0;0;0;1;0;0;0;0;2;0;0;0;0
27/06/2022;06:23:00;29;Sem vítima;314,400;BR-101/ES;Decrescente;Capotamento;1;0;0;0;0;0;0;0;0;0;1;0;0;0;0
27/06/2022;06:50:00;33;Com vítima;264,500;BR-101/ES;Crescente;Engavetamento;3;0;0;0;0;0;0;0;0;1;4;0;1;0;0
27/06/2022;07:17:00;38;Sem vítima;270,700;BR-101/ES;Decrescente;Queda de moto;0;0;0;1;0;0;0;0;0;0;1;0;0;0;0
27/06/2022;07:32:00;42;Sem vítima;266,800;BR-101/ES;Crescente;Colisão traseira;0;0;1;1;0;0;0;0;0;0;2;0;0;0;0
27/06/2022;09:05:00;75;Com vítima;211,800;BR-101/ES;Decrescente;Colisão transversal;1;0;0;1;0;0;0;0;0;0;3;0;1;0;0
27/06/2022;09:08:00;76;Sem vítima;106,000;BR-101/ES;Decrescente;Choque;1;0;1;0;0;0;0;0;0;0;3;0;0;0;0
27/06/2022;09:29:00;83;Com vítima;374,000;BR-101/ES;Decrescente;Atropelamento de animal;1;0;0;0;0;0;0;0;0;0;0;0;1;0;0
27/06/2022;11:31:00;104;Sem vítima;134,900;BR-101/ES;Crescente;Colisão transversal;2;0;0;0;0;0;0;0;0;0;5;0;0;0;0
27/06/2022;14:46:00;140;Sem vítima;203,000;BR-101/ES;Decrescente;Choque;1;0;0;0;0;1;0;0;0;0;4;0;0;0;0
27/06/2022;16:12:00;166;Sem vítima;370,500;BR-101/ES;Crescente;Colisão transversal;1;0;1;0;0;0;0;0;0;0;2;0;0;0;0
27/06/2022;17:04:00;175;Com vítima;445,000;BR-101/ES;Crescente;Capotamento;0;0;0;0;0;0;0;0;0;1;0;5;0;2;0
27/06/2022;18:23:00;188;Com vítima;147,100;BR-101/ES;Crescente;Colisão transversal;0;0;0;1;0;1;0;0;0;0;2;0;1;0;0
27/06/2022;18:56:00;197;Com vítima;269,700;BR-101/ES;Crescente;Colisão transversal;1;0;0;1;0;0;0;0;0;0;2;1;0;0;0
27/06/2022;22:14:00;218;Sem vítima;218,800;BR-101/ES;Crescente;Choque;0;0;1;0;0;0;0;0;0;0;1;0;0;0;0
28/06/2022;00:37:00;1;Sem vítima;135,000;BR-101/ES;Crescente;Choque;0;0;1;0;0;0;0;0;0;0;1;0;0;0;0
28/06/2022;13:24:00;127;Com vítima;421,800;BR-101/ES;Decrescente;Capotamento;1;0;0;0;0;0;0;0;0;0;0;2;0;0;0
28/06/2022;13:58:00;130;Sem vítima;159,900;BR-101/ES;Decrescente;Colisão traseira;1;0;0;0;0;1;0;0;0;0;3;0;0;0;0
28/06/2022;14:33:00;133;Sem vítima;266,400;BR-101/ES;Decrescente;Colisão lateral no mesmo sentido;1;0;0;0;0;1;0;0;0;0;1;0;0;0;0
28/06/2022;14:46:00;137;Sem vítima;266,400;BR-101/ES;Decrescente;Colisão lateral no mesmo sentido;1;0;1;0;0;0;0;0;0;0;2;0;0;0;0
28/06/2022;15:22:00;147;Sem vítima;357,000;BR-101/ES;Decrescente;Desatrelamento;0;0;0;0;0;1;0;0;0;0;1;0;0;0;0
28/06/2022;16:07:00;156;Sem vítima;69,000;BR-101/ES;Crescente;Colisão lateral no mesmo sentido;1;0;0;0;0;1;0;0;0;0;2;0;0;0;0
28/06/2022;16:16:00;157;Sem vítima;288,200;BR-101/ES;Crescente;Tombamento;0;0;1;0;0;0;0;0;0;0;1;0;0;0;0
28/06/2022;16:27:00;161;Sem vítima;65,000;BR-101/ES;Crescente;Colisão traseira;2;0;0;0;0;0;0;0;0;0;5;0;0;0;0
28/06/2022;16:58:00;166;Com vítima;313,200;BR-101/ES;Decrescente;Colisão frontal;1;0;0;0;0;1;0;0;0;0;1;0;0;0;1
28/06/2022;17:26:00;171;Com vítima;270,150;BR-101/ES;Decrescente;Choque;0;0;0;1;0;1;0;0;0;0;0;1;0;0;0
28/06/2022;18:08:00;176;Com vítima;279,000;BR-101/ES;Crescente;Colisão transversal;0;0;0;1;0;1;0;0;0;0;0;0;1;0;0
29/06/2022;00:19:00;2;Com vítima;947,000;BR-101/ES;Decrescente;Tombamento;0;0;0;0;0;1;0;0;0;0;0;0;1;0;0
29/06/2022;08:39:00;57;Sem vítima;295,000;BR-101/ES;Crescente;Colisão lateral no mesmo sentido;1;0;0;0;0;1;0;0;0;0;6;0;0;0;0
29/06/2022;09:01:00;65;Com vítima;268,400;BR-101/ES;Crescente;Atropelamento de pedestre;0;0;0;1;0;0;0;0;0;0;0;2;0;0;0
29/06/2022;15:30:00;140;Sem vítima;170,000;BR-101/ES;Decrescente;Capotamento;1;0;0;0;0;0;0;0;0;0;2;0;0;0;0
29/06/2022;16:11:00;143;Com vítima;392,800;BR-101/ES;Decrescente;Colisão lateral em sentido contrário;1;0;1;0;0;0;0;0;0;0;1;1;0;0;0
29/06/2022;23:08:00;200;Com vítima;439,000;BR-101/ES;Decrescente;Colisão lateral no mesmo sentido;1;0;1;0;0;0;0;0;0;0;1;0;2;0;0
30/06/2022;07:12:00;24;Sem vítima;263,800;BR-101/ES;Crescente;Colisão lateral no mesmo sentido;1;0;1;0;0;0;0;0;0;0;3;0;0;0;0
30/06/2022;08:01:00;43;Sem vítima;320,700;BR-101/ES;Decrescente;Colisão traseira;1;0;1;0;0;0;0;0;0;0;4;0;0;0;0
30/06/2022;08:59:00;57;Sem vítima;259,000;BR-101/ES;Crescente;Choque;1;0;0;0;0;0;0;0;0;0;1;0;0;0;0
30/06/2022;10:15:00;73;Com vítima;396,400;BR-101/ES;Crescente;Saída de pista;0;0;1;0;0;0;0;0;0;0;0;1;0;0;0
30/06/2022;12:59:00;103;Com vítima;64,500;BR-101/ES;Decrescente;Queda de carga;0;0;0;1;0;0;0;0;0;0;0;0;1;0;0
30/06/2022;13:36:00;109;Com vítima;380,500;BR-101/ES;Decrescente;Colisão transversal;1;0;0;1;0;0;0;0;0;0;2;0;1;0;0
30/06/2022;15:59:00;134;Com vítima;53,700;BR-101/ES;Decrescente;Colisão traseira;1;0;1;0;0;0;0;0;0;0;1;1;0;0;0
30/06/2022;23:40:00;198;Sem vítima;285,000;BR-101/ES;Decrescente;Tombamento;0;0;0;0;0;1;0;0;0;0;1;0;0;0;0
01/07/2022;03:43:00;11;Sem vítima;150,000;BR-101/ES;Decrescente;Choque;1;0;0;0;0;0;0;0;0;0;1;0;0;0;0
01/07/2022;07:25:00;43;Sem vítima;241,800;BR-101/ES;Crescente;Choque;0;0;0;0;0;1;0;0;0;0;1;0;0;0;0
01/07/2022;08:31:00;66;Sem vítima;288,000;BR-101/ES;Decrescente;Colisão traseira;1;0;1;0;0;0;0;0;0;0;3;0;0;0;0
01/07/2022;13:16:00;136;Sem vítima;224,000;BR-101/ES;Crescente;Colisão traseira;1;0;0;0;0;0;0;0;0;1;2;0;0;0;0
01/07/2022;14:26:00;148;Sem vítima;255,200;BR-101/ES;Crescente;Colisão traseira;2;0;0;0;0;0;0;0;0;0;4;0;0;0;0
01/07/2022;14:28:00;150;Sem vítima;226,500;BR-101/ES;Decrescente;Colisão traseira;2;0;0;0;0;0;0;0;0;0;5;0;0;0;0
01/07/2022;15:58:00;170;Com vítima;28,200;BR-101/ES;Crescente;Colisão traseira;1;0;1;0;0;0;0;0;0;0;1;0;1;1;0
01/07/2022;16:36:00;178;Sem vítima;62,000;BR-101/ES;Crescente;Colisão lateral em sentido contrário;1;0;0;0;0;0;0;0;0;1;3;0;0;0;0
01/07/2022;18:50:00;204;Sem vítima;304,000;BR-101/ES;Crescente;Colisão traseira;1;0;0;0;0;0;0;0;0;0;1;0;0;0;0
01/07/2022;20:54:00;233;Com vítima;62,800;BR-101/ES;Decrescente;Colisão lateral no mesmo sentido;1;0;0;0;0;1;0;0;0;0;1;1;0;0;0
01/07/2022;21:10:00;234;Sem vítima;260,000;BR-101/ES;Crescente;Saída de pista;1;0;0;0;0;0;0;0;0;0;2;0;0;0;0
01/07/2022;21:58:00;243;Sem vítima;377,000;BR-101/ES;Crescente;Choque;0;0;1;1;0;0;0;0;0;0;2;0;0;0;0
02/07/2022;00:22:00;2;Com vítima;4,500;BR-101/ES;Crescente;Tombamento;0;0;1;0;0;0;0;0;0;0;0;2;0;0;0
02/07/2022;00:56:00;7;Com vítima;66,100;BR-101/ES;Decrescente;Colisão transversal;0;0;0;1;0;1;0;0;0;0;0;0;1;0;0
02/07/2022;05:11:00;24;Com vítima;61,000;BR-101/ES;Decrescente;Colisão traseira;1;0;0;0;0;1;0;0;0;0;0;1;1;0;0
02/07/2022;07:22:00;58;Com vítima;294,100;BR-101/ES;Crescente;Queda de moto;0;0;0;1;0;0;0;0;0;0;0;1;0;0;0
02/07/2022;14:27:00;119;Com vítima;285,900;BR-101/ES;Crescente;Atropelamento de animal;0;0;0;1;0;0;0;0;0;1;3;0;1;0;0
02/07/2022;15:04:00;128;Com vítima;39,400;BR-101/ES;Crescente;Colisão frontal;0;0;0;1;0;1;0;0;0;1;5;0;0;1;0
02/07/2022;16:43:00;144;Com vítima;70,000;BR-101/ES;Decrescente;Queda de moto;0;0;0;1;0;0;0;0;0;0;0;0;1;0;0
02/07/2022;16:49:00;147;Com vítima;69,000;BR-101/ES;Decrescente;Colisão traseira;0;0;0;1;0;1;0;0;0;0;0;1;0;0;0
02/07/2022;17:29:00;154;Com vítima;320,000;BR-101/ES;Crescente;Colisão traseira;2;0;0;0;0;0;0;0;0;0;3;1;0;0;0
02/07/2022;18:36:00;166;Com vítima;96,000;BR-101/ES;Decrescente;Atropelamento de animal;0;0;0;0;0;0;0;0;0;1;0;0;1;0;0
02/07/2022;18:54:00;168;Sem vítima;143,000;BR-101/ES;Decrescente;Choque;1;0;0;0;0;0;0;0;0;0;1;0;0;0;0
02/07/2022;19:18:00;173;Com vítima;126,000;BR-101/ES;Decrescente;Atropelamento de pedestre;0;0;0;0;0;1;0;0;0;0;0;0;1;0;0
03/07/2022;03:26:00;12;Sem vítima;0,800;BR-101/ES;Crescente;Choque;0;0;0;0;0;1;0;0;0;0;1;0;0;0;0
03/07/2022;08:22:00;42;Sem vítima;268,000;BR-101/ES;Decrescente;Saída de pista;1;0;0;0;0;0;0;0;0;0;0;0;0;0;0
03/07/2022;14:50:00;89;Com vítima;212,000;BR-101/ES;Decrescente;Colisão lateral em sentido contrário;2;0;0;0;0;0;0;0;0;0;1;0;1;0;0
03/07/2022;15:02:00;93;Com vítima;68,000;BR-101/ES;Crescente;Choque;0;0;0;1;0;0;0;0;0;0;0;0;0;0;1
03/07/2022;15:59:00;102;Com vítima;331,950;BR-101/ES;Crescente;Colisão lateral no mesmo sentido;1;0;0;0;0;1;0;0;0;0;1;5;0;0;0
03/07/2022;18:18:00;120;Com vítima;266,300;BR-101/ES;Decrescente;Queda de moto;0;0;0;1;0;0;0;0;0;0;0;1;0;0;0
03/07/2022;18:52:00;124;Com vítima;262,000;BR-101/ES;Crescente;Colisão traseira;5;0;0;0;0;1;0;0;0;0;9;0;1;0;0
03/07/2022;20:02:00;137;Sem vítima;229,265;BR-101/ES;Decrescente;Choque;1;0;0;0;0;0;0;0;0;0;2;0;0;0;0
04/07/2022;06:49:00;21;Com vítima;147,000;BR-101/ES;Decrescente;Colisão transversal;0;0;1;1;0;0;0;0;0;0;1;1;0;0;0
04/07/2022;07:30:00;32;Sem vítima;35,900;BR-101/ES;Crescente;Saída de pista;1;0;0;0;0;0;0;0;0;0;1;0;0;0;0
04/07/2022;13:39:00;114;Com vítima;262,200;BR-101/ES;Crescente;Colisão traseira;0;0;0;2;0;0;0;0;0;0;0;0;2;0;0
04/07/2022;13:52:00;115;Sem vítima;103,700;BR-101/ES;Crescente;Saída de pista;1;0;0;0;0;0;0;0;0;0;1;0;0;0;0
04/07/2022;14:07:00;120;Sem vítima;359,000;BR-101/ES;Decrescente;Choque;0;0;0;0;0;1;0;0;0;0;1;0;0;0;0
04/07/2022;14:43:00;124;Com vítima;140,900;BR-101/ES;Crescente;Queda de moto;0;0;0;1;0;0;0;0;0;0;1;0;1;0;0
04/07/2022;15:07:00;127;Sem vítima;398,900;BR-101/ES;Decrescente;Choque;1;0;0;0;0;0;0;0;0;0;0;0;0;0;0
04/07/2022;17:25:00;152;Com vítima;142,100;BR-101/ES;Crescente;Queda de moto;0;0;0;1;0;0;0;0;0;0;0;1;0;0;0
04/07/2022;18:55:00;170;Sem vítima;139,000;BR-101/ES;Decrescente;Saída de pista;0;0;1;0;0;0;0;0;0;0;1;0;0;0;0
04/07/2022;22:51:00;207;Sem vítima;372,000;BR-101/ES;Decrescente;Colisão traseira;0;0;0;0;0;2;0;0;0;0;2;0;0;0;0
05/07/2022;06:54:00;19;Com vítima;259,000;BR-101/ES;Crescente;Colisão traseira;0;0;1;1;0;0;0;0;0;0;1;0;0;0;1
05/07/2022;08:01:00;25;Sem vítima;265,700;BR-101/ES;Crescente;Colisão lateral no mesmo sentido;1;0;0;0;0;0;0;0;0;0;1;0;0;0;0
05/07/2022;11:15:00;29;Com vítima;80,000;BR-101/ES;Decrescente;Queda de moto;0;0;0;1;0;0;0;0;0;0;0;2;0;0;0