data;horario;n_da_ocorrencia;tipo_de_ocorrencia;km;trecho;sentido;tipo_de_acidente;automovel;bicicleta;caminhao;moto;onibus;outros;tracao_animal;transporte_de_cargas_especiais;trator_maquinas;utilitarios;ilesos;levemente_feridos;moderadamente_feridos;gravemente_feridos;mortos
05/07/2022;12:12:00;57;Com vítima;270,400;BR-101/ES;Decrescente;Colisão transversal;2;0;0;0;0;0;0;0;0;0;2;0;1;0;0
05/07/2022;17:56:00;130;Sem vítima;171,700;BR-101/ES;Crescente;Choque;1;0;0;0;0;0;0;0;0;0;1;0;0;0;0
05/07/2022;18:12:00;134;Sem vítima;382,000;BR-101/ES;Crescente;Colisão traseira;0;0;1;0;0;0;0;0;0;0;1;0;0;0;0
05/07/2022;18:38:00;138;Com vítima;230,000;BR-101/ES;Decrescente;Colisão transversal;1;0;0;1;0;0;0;0;0;0;1;0;0;1;0
06/07/2022;07:06:00;31;Com vítima;313,800;BR-101/ES;Crescente;Capotamento;1;0;0;0;0;1;0;0;0;0;1;0;1;0;0
06/07/2022;07:27:00;37;Com vítima;238,500;BR-101/ES;Decrescente;Queda de bicicleta;0;1;0;0;0;0;0;0;0;0;0;0;1;0;0
06/07/2022;11:48:00;105;Sem vítima;452,300;BR-101/ES;Decrescente;Acidentes de outra natureza;0;0;1;0;0;0;0;0;0;0;1;0;0;0;0
06/07/2022;15:21:00;139;Sem vítima;20,000;BR-101/ES;Decrescente;Colisão lateral em sentido contrário;0;0;0;0;0;3;0;0;0;0;3;0;0;0;0
06/07/2022;15:22:00;140;Sem vítima;117,000;BR-101/ES;Crescente;Choque;1;0;0;0;0;0;0;0;0;0;1;0;0;0;0
06/07/2022;16:30:00;148;Com vítima;258,000;BR-101/ES;Crescente;Colisão traseira;2;0;0;0;0;0;0;0;0;0;1;0;1;0;0
06/07/2022;17:54:00;163;Com vítima;146,000;BR-101/ES;Crescente;Colisão traseira;1;0;0;1;0;0;0;0;0;0;1;0;1;0;0
06/07/2022;19:54:00;187;Com vítima;343,000;BR-101/ES;Decrescente;Atropelamento de animal;1;0;0;0;0;0;0;0;0;0;1;0;1;0;0
07/07/2022;01:59:00;4;Com vítima;63,000;BR-101/ES;Crescente;Atropelamento de animal;1;0;0;0;0;0;0;0;0;0;0;0;1;0;0
07/07/2022;08:01:00;34;Com vítima;247,000;BR-101/ES;Crescente;Colisão transversal;1;0;0;1;0;0;0;0;0;0;2;0;1;0;0
07/07/2022;12:30:00;87;Sem vítima;255,800;BR-101/ES;Decrescente;Colisão lateral em sentido contrário;2;0;0;0;0;0;0;0;0;0;3;0;0;0;0
07/07/2022;12:31:00;88;Com vítima;299,800;BR-101/ES;Crescente;Colisão traseira;0;0;0;1;1;0;0;0;0;0;1;0;1;0;0
07/07/2022;13:00:00;93;Sem vítima;223,300;BR-101/ES;Decrescente;Desatrelamento;0;0;0;0;0;0;0;0;0;1;2;0;0;0;0
07/07/2022;13:40:00;96;Sem vítima;366,000;BR-101/ES;Crescente;Choque;1;0;0;0;0;0;0;0;0;0;2;0;0;0;0
07/07/2022;14:39:00;107;Com vítima;277,100;BR-101/ES;Decrescente;Colisão transversal;2;0;0;0;0;1;0;0;0;0;3;0;1;0;0
07/07/2022;15:36:00;114;Sem vítima;55,000;BR-101/ES;Decrescente;Colisão traseira;0;0;0;0;0;2;0;0;0;0;2;0;0;0;0
07/07/2022;17:37:00;136;Sem vítima;254,600;BR-101/ES;Crescente;Colisão traseira;1;0;0;0;0;1;0;0;0;0;1;0;0;0;0
08/07/2022;05:35:00;14;Com vítima;69,000;BR-101/ES;Decrescente;Colisão frontal;0;1;0;0;0;0;0;0;0;0;0;1;1;0;0
08/07/2022;06:37:00;21;Com vítima;359,900;BR-101/ES;Crescente;Colisão lateral no mesmo sentido;0;0;0;1;0;1;0;0;0;0;1;0;0;0;1
08/07/2022;08:30:00;46;Sem vítima;322,900;BR-101/ES;Decrescente;Queda de moto;0;0;0;1;0;0;0;0;0;0;1;0;0;0;0
08/07/2022;12:36:00;98;Sem vítima;399,100;BR-101/ES;Crescente;Choque;1;0;0;0;0;0;0;0;0;0;0;0;0;0;0
08/07/2022;14:14:00;110;Sem vítima;288,200;BR-101/ES;Crescente;Saída de pista;0;0;0;0;0;1;0;0;0;0;0;0;0;0;0
08/07/2022;14:17:00;111;Sem vítima;123,500;BR-101/ES;Crescente;Colisão traseira;1;0;0;0;0;0;0;0;0;1;2;0;0;0;0
08/07/2022;16:53:00;140;Sem vítima;287,000;BR-101/ES;Decrescente;Choque;0;0;1;0;0;0;0;0;0;0;1;0;0;0;0
08/07/2022;16:57:00;141;Com vítima;124,500;BR-101/ES;Decrescente;Colisão traseira;0;0;1;1;0;0;0;0;0;0;3;0;1;0;1
08/07/2022;18:55:00;161;Sem vítima;358,000;BR-101/ES;Crescente;Choque;1;0;0;0;0;0;0;0;0;0;1;0;0;0;0
08/07/2022;19:13:00;166;Com vítima;339,700;BR-101/ES;Crescente;Queda de moto;0;0;0;1;0;0;0;0;0;0;0;1;0;0;0
08/07/2022;20:33:00;184;Com vítima;159,900;BR-101/ES;Decrescente;Colisão transversal;1;0;0;1;0;0;0;0;0;0;1;1;0;0;0
09/07/2022;09:14:00;73;Com vítima;145,800;BR-101/ES;Decrescente;Colisão transversal;0;1;0;0;0;0;0;0;0;0;0;1;0;0;0
09/07/2022;10:16:00;86;Sem vítima;320,000;BR-101/ES;Crescente;Choque;0;0;0;0;0;0;0;0;0;1;1;0;0;0;0
09/07/2022;10:31:00;91;Com vítima;127,500;BR-101/ES;Crescente;Atropelamento de pedestre;0;0;0;0;1;0;0;0;0;0;1;1;0;0;0
09/07/2022;10:52:00;98;Com vítima;257,000;BR-101/ES;Decrescente;Atropelamento de pedestre;1;0;0;0;0;0;0;0;0;0;2;0;1;0;0
09/07/2022;14:42:00;134;Sem vítima;266,000;BR-101/ES;Decrescente;Colisão lateral no mesmo sentido;2;0;0;0;0;0;0;0;0;0;2;0;0;0;0
09/07/2022;15:25:00;141;Sem vítima;290,000;BR-101/ES;Decrescente;Choque;1;0;0;0;0;0;0;0;0;0;1;0;0;0;0
09/07/2022;18:23:00;170;Com vítima;95,650;BR-101/ES;Crescente;Colisão frontal;1;0;0;1;0;0;0;0;0;0;0;4;1;0;1
09/07/2022;18:56:00;172;Com vítima;204,600;BR-101/ES;Crescente;Colisão transversal;2;0;0;0;0;0;0;0;0;0;2;2;0;0;0
10/07/2022;01:47:00;11;Sem vítima;193,800;BR-101/ES;Crescente;Saída de pista;1;0;0;0;0;0;0;0;0;0;3;0;0;0;0
10/07/2022;03:15:00;18;Sem vítima;180,000;BR-101/ES;Decrescente;Choque;1;0;0;0;0;0;0;0;0;0;1;0;0;0;0
10/07/2022;04:08:00;20;Sem vítima;55,000;BR-101/ES;Decrescente;Saída de pista;1;0;0;0;0;0;0;0;0;0;1;0;0;0;0
10/07/2022;07:20:00;41;Com vítima;127,000;BR-101/ES;Crescente;Colisão transversal;2;0;0;0;0;0;0;0;0;0;0;3;0;0;0
10/07/2022;07:31:00;46;Sem vítima;229,000;BR-101/ES;Crescente;Choque;1;0;0;0;0;0;0;0;0;0;3;0;0;0;0
10/07/2022;09:16:00;73;Com vítima;120,000;BR-101/ES;Decrescente;Saída de pista;1;0;0;0;0;0;0;0;0;0;1;1;0;0;0
10/07/2022;10:23:00;83;Sem vítima;238,000;BR-101/ES;Decrescente;Colisão traseira;2;0;0;0;0;0;0;0;0;0;6;0;0;0;0
10/07/2022;11:30:00;93;Sem vítima;382,800;BR-101/ES;Crescente;Tombamento;1;0;0;0;0;0;0;0;0;0;1;0;0;0;0
10/07/2022;12:11:00;104;Sem vítima;332,100;BR-101/ES;Decrescente;Saída de pista;0;0;0;0;0;0;0;0;0;1;7;0;0;0;0
10/07/2022;13:13:00;111;Com vítima;452,000;BR-101/ES;Crescente;Queda de moto;0;0;0;1;0;0;0;0;0;0;0;1;0;0;0
10/07/2022;14:35:00;123;Com vítima;290,000;BR-101/ES;Crescente;Colisão transversal;1;0;0;1;0;0;0;0;0;0;1;0;1;0;0
10/07/2022;17:29:00;159;Sem vítima;0,800;BR-101/ES;Crescente;Colisão traseira;0;0;1;1;0;0;0;0;0;0;3;0;0;0;0
10/07/2022;19:52:00;174;Com vítima;204,600;BR-101/ES;Crescente;Atropelamento de pedestre;0;0;0;1;0;0;0;0;0;0;0;1;1;0;0
10/07/2022;20:41:00;185;Com vítima;366,400;BR-101/ES;Crescente;Colisão transversal;0;0;1;1;0;0;0;0;0;0;1;0;0;1;0
10/07/2022;21:20:00;190;Sem vítima;281,000;BR-101/ES;Crescente;Choque;0;0;0;0;0;1;0;0;0;0;1;0;0;0;0
10/07/2022;21:49:00;191;Com vítima;949,000;BR-101/ES;Decrescente;Colisão traseira;1;0;0;0;0;1;0;0;0;0;1;0;1;0;0
10/07/2022;22:37:00;195;Sem vítima;297,000;BR-101/ES;Decrescente;Choque;1;0;0;0;0;0;0;0;0;0;1;0;0;0;0
11/07/2022;06:06:00;9;Sem vítima;263,900;BR-101/ES;Decrescente;Colisão traseira;2;0;0;0;0;0;0;0;0;0;2;0;0;0;0
11/07/2022;07:35:00;38;Com vítima;388,400;BR-101/ES;Decrescente;Tombamento;0;0;1;0;0;0;0;0;0;0;0;1;2;0;0
11/07/2022;11:08:00;101;Com vítima;267,800;BR-101/ES;Decrescente;Colisão transversal;0;1;0;1;0;0;0;0;0;0;1;1;0;0;0
11/07/2022;13:43:00;125;Sem vítima;283,000;BR-101/ES;Crescente;Colisão traseira;1;0;0;0;0;1;0;0;0;0;2;0;0;0;0
11/07/2022;16:42:00;155;Sem vítima;359,000;BR-101/ES;Crescente;Atropelamento de animal;1;0;0;0;0;0;0;0;0;0;2;0;0;0;0
11/07/2022;17:29:00;160;Sem vítima;270,600;BR-101/ES;Decrescente;Colisão lateral no mesmo sentido;1;0;1;0;0;0;0;0;0;0;3;0;0;0;0
11/07/2022;18:08:00;164;Sem vítima;459,700;BR-101/ES;Crescente;Atropelamento de animal;1;0;0;0;0;0;0;0;0;0;2;0;0;0;0
11/07/2022;19:17:00;172;Sem vítima;295,000;BR-101/ES;Crescente;Colisão traseira;2;0;0;0;0;0;0;0;0;0;2;0;0;0;0
11/07/2022;19:37:00;176;Sem vítima;255,000;BR-101/ES;Decrescente;Colisão lateral no mesmo sentido;1;0;0;0;0;1;0;0;0;0;2;0;0;0;0
12/07/2022;06:57:00;19;Com vítima;285,800;BR-101/ES;Decrescente;Colisão lateral em sentido contrário;0;0;0;1;1;0;0;0;0;0;1;0;1;0;0
12/07/2022;08:04:00;37;Sem vítima;320,800;BR-101/ES;Crescente;Choque;0;0;1;0;0;0;0;0;0;0;1;0;0;0;0
12/07/2022;10:10:00;70;Sem vítima;432,000;BR-101/ES;Crescente;Colisão traseira;0;0;1;0;0;1;0;0;0;0;2;0;0;0;0
12/07/2022;11:19:00;89;Sem vítima;293,000;BR-101/ES;Decrescente;Colisão lateral no mesmo sentido;0;0;2;0;0;1;0;0;0;0;3;0;0;0;0
12/07/2022;12:35:00;99;Sem vítima;293,000;BR-101/ES;Decrescente;Queda de moto;0;0;0;1;0;0;0;0;0;0;1;0;0;0;0
12/07/2022;12:58:00;102;Com vítima;257,000;BR-101/ES;Crescente;Colisão traseira;1;0;0;1;0;0;0;0;0;0;0;1;0;0;0
12/07/2022;13:39:00;114;Sem vítima;53,000;BR-101/ES;Crescente;Colisão traseira;2;0;0;0;0;0;0;0;0;0;2;0;0;0;0
12/07/2022;17:05:00;159;Sem vítima;253,000;BR-101/ES;Crescente;Engavetamento;4;0;1;0;0;0;0;0;0;0;6;0;0;0;0
12/07/2022;17:51:00;169;Com vítima;148,200;BR-101/ES;Crescente;Colisão traseira;2;0;0;0;0;0;0;0;0;0;1;1;0;0;0
12/07/2022;21:35:00;207;Com vítima;148,000;BR-101/ES;Crescente;Colisão traseira;3;0;0;0;0;0;0;0;0;0;1;1;0;0;0
13/07/2022;00:59:00;4;Com vítima;217,400;BR-101/ES;Decrescente;Atropelamento de ciclista;0;1;0;0;0;0;0;0;0;0;0;0;1;0;0
13/07/2022;07:02:00;30;Sem vítima;252,900;BR-101/ES;Crescente;Engavetamento;1;0;0;0;0;1;0;0;0;1;6;0;0;0;0
13/07/2022;09:39:00;73;Sem vítima;241,500;BR-101/ES;Crescente;Choque;1;0;0;0;0;0;0;0;0;0;1;0;0;0;0
13/07/2022;16:03:00;167;Com vítima;146,000;BR-101/ES;Decrescente;Colisão lateral no mesmo sentido;0;0;0;2;0;0;0;0;0;0;1;0;1;0;0
13/07/2022;20:08:00;209;Sem vítima;223,000;BR-101/ES;Decrescente;Colisão traseira;0;0;2;0;0;0;0;0;0;0;2;0;0;0;0
13/07/2022;22:38:00;232;Sem vítima;220,000;BR-101/ES;Crescente;Choque;1;0;0;0;0;0;0;0;0;0;1;0;0;0;0
14/07/2022;00:31:00;2;Sem vítima;86,000;BR-101/ES;Crescente;Saída de pista;1;0;0;0;0;0;0;0;0;0;1;0;0;0;0
14/07/2022;01:18:00;3;Sem vítima;229,700;BR-101/ES;Crescente;Colisão traseira;0;0;1;0;0;1;0;0;0;0;2;0;0;0;0
14/07/2022;02:09:00;6;Sem vítima;282,000;BR-101/ES;Decrescente;Choque;0;0;0;0;0;1;0;0;0;0;1;0;0;0;0
14/07/2022;06:38:00;29;Com vítima;19,000;BR-101/ES;Decrescente;Tombamento;0;0;1;0;0;0;0;0;0;0;0;1;0;1;0
14/07/2022;07:37:00;56;Com vítima;293,200;BR-101/ES;Decrescente;Colisão lateral no mesmo sentido;0;0;1;1;1;0;0;0;0;0;1;0;0;0;1
14/07/2022;08:12:00;64;Com vítima;118,500;BR-101/ES;Decrescente;Colisão traseira;3;0;0;0;0;0;0;0;0;0;5;1;0;0;0
14/07/2022;12:02:00;100;Sem vítima;271,000;BR-101/ES;Decrescente;Colisão traseira;0;0;1;0;0;1;0;0;0;0;2;0;0;0;0
14/07/2022;13:44:00;115;Sem vítima;270,000;BR-101/ES;Crescente;Colisão transversal;1;0;1;0;0;0;0;0;0;0;4;0;0;0;0
14/07/2022;16:41:00;147;Com vítima;270,000;BR-101/ES;Crescente;Colisão lateral no mesmo sentido;0;0;0;2;0;0;0;0;0;0;0;1;1;0;0
14/07/2022;16:41:00;149;Sem vítima;217,000;BR-101/ES;Decrescente;Choque;1;0;0;0;0;0;0;0;0;0;1;0;0;0;0
14/07/2022;17:48:00;156;Com vítima;266,000;BR-101/ES;Crescente;Colisão traseira;1;0;0;1;0;0;0;0;0;0;1;0;1;0;0
14/07/2022;18:16:00;165;Sem vítima;266,400;BR-101/ES;Decrescente;Colisão traseira;2;0;0;0;0;0;0;0;0;0;4;0;0;0;0
14/07/2022;22:23:00;208;Sem vítima;293,000;BR-101/ES;Decrescente;Colisão lateral no mesmo sentido;0;0;1;0;0;1;0;0;0;0;2;0;0;0;0
15/07/2022;08:19:00;62;Sem vítima;336,900;BR-101/ES;Crescente;Colisão transversal;1;0;0;0;0;1;0;0;0;0;2;0;0;0;0
15/07/2022;08:30:00;66;Com vítima;24,100;BR-101/ES;Decrescente;Choque;0;0;0;0;0;1;0;0;0;0;0;0;1;0;0
15/07/2022;11:52:00;115;Sem vítima;303,000;BR-101/ES;Crescente;Choque;1;0;0;0;0;0;0;0;0;0;2;0;0;0;0
15/07/2022;14:30:00;135;Sem vítima;294,000;BR-101/ES;Crescente;Colisão traseira;2;0;0;0;0;1;0;0;0;0;8;0;0;0;0
15/07/2022;16:13:00;149;Sem vítima;158,800;BR-101/ES;Decrescente;Saída de pista;0;0;1;0;0;0;0;0;0;0;2;0;0;0;0
15/07/2022;17:12:00;160;Sem vítima;253,000;BR-101/ES;Crescente;Saída de pista;1;0;0;0;0;0;0;0;0;0;1;0;0;0;0
15/07/2022;17:50:00;171;Com vítima;193,000;BR-101/ES;Decrescente;Colisão lateral em sentido contrário;2;0;0;0;0;0;0;0;0;0;0;2;2;0;0
15/07/2022;17:58:00;173;Sem vítima;320,800;BR-101/ES;Crescente;Colisão traseira;2;0;0;0;0;0;0;0;0;0;3;0;0;0;0
15/07/2022;18:07:00;174;Sem vítima;262,500;BR-101/ES;Decrescente;Colisão lateral no mesmo sentido;2;0;0;0;0;0;0;0;0;0;3;0;0;0;0
15/07/2022;19:21:00;184;Sem vítima;396,500;BR-101/ES;Decrescente;Colisão transversal;2;0;0;0;0;0;0;0;0;0;5;0;0;0;0
15/07/2022;19:34:00;188;Com vítima;158,400;BR-101/ES;Decrescente;Colisão lateral no mesmo sentido;1;0;0;1;0;0;0;0;0;0;2;0;1;0;0
15/07/2022;19:36:00;189;Com vítima;32,000;BR-101/ES;Crescente;Colisão transversal;0;0;1;1;0;0;0;0;0;0;1;1;0;0;0
16/07/2022;05:40:00;22;Sem vítima;328,000;BR-101/ES;Decrescente;Choque;1;0;0;0;0;0;0;0;0;0;1;0;0;0;0
16/07/2022;13:04:00;92;Com vítima;395,000;BR-101/ES;Decrescente;Colisão transversal;1;0;0;1;0;0;0;0;0;0;0;1;0;0;0
16/07/2022;14:41:00;105;Sem vítima;50,300;BR-101/ES;Decrescente;Colisão traseira;1;0;0;0;0;1;0;0;0;0;1;0;0;0;0
16/07/2022;15:48:00;113;Com vítima;205,700;BR-101/ES;Decrescente;Colisão transversal;2;0;0;0;0;0;0;0;0;0;1;1;0;0;0
16/07/2022;17:27:00;128;Sem vítima;82,900;BR-101/ES;Decrescente;Colisão lateral em sentido contrário;2;0;0;0;0;0;0;0;0;0;2;0;0;0;0
17/07/2022;15:46:00;83;Com vítima;389,450;BR-101/ES;Crescente;Colisão lateral em sentido contrário;2;0;0;0;0;1;0;0;0;0;5;0;2;0;0
17/07/2022;19:11:00;116;Com vítima;129,000;BR-101/ES;Crescente;Colisão lateral em sentido contrário;3;0;0;0;0;0;0;0;0;0;0;6;1;0;0
17/07/2022;19:38:00;125;Com vítima;949,000;BR-101/ES;Decrescente;Colisão lateral no mesmo sentido;1;0;0;0;0;0;0;0;0;0;0;0;1;0;0
17/07/2022;19:49:00;130;Sem vítima;419,000;BR-101/ES;Decrescente;Choque;1;0;0;0;0;0;0;0;0;0;1;0;0;0;0
17/07/2022;20:37:00;132;Sem vítima;954,000;BR-101/ES;Crescente;Capotamento;1;0;0;0;0;0;0;0;0;0;2;0;0;0;0
17/07/2022;21:16:00;140;Com vítima;159,800;BR-101/ES;Decrescente;Colisão transversal;1;0;0;1;0;0;0;0;0;0;1;1;0;0;0
17/07/2022;21:22:00;142;Sem vítima;50,000;BR-101/ES;Decrescente;Colisão transversal;1;0;0;0;0;1;0;0;0;0;5;0;0;0;0
17/07/2022;22:33:00;151;Sem vítima;26,000;BR-101/ES;Decrescente;Colisão lateral em sentido contrário;1;0;0;0;0;0;0;0;0;0;5;0;0;0;0
18/07/2022;07:09:00;52;Com vítima;13,800;BR-101/ES;Crescente;Saída de pista;0;0;1;0;0;0;0;0;0;0;0;1;1;0;0
18/07/2022;07:37:00;64;Com vítima;300,000;BR-101/ES;Crescente;Queda de moto;0;0;0;1;0;0;0;0;0;0;1;0;1;0;0
18/07/2022;09:59:00;100;Com vítima;297,600;BR-101/ES;Crescente;Colisão traseira;1;0;1;0;0;0;0;0;0;0;1;0;0;1;0
18/07/2022;17:00:00;166;Com vítima;127,500;BR-101/ES;Decrescente;Queda de moto;0;0;0;1;0;0;0;0;0;0;0;1;0;0;0
18/07/2022;17:53:00;177;Com vítima;141,800;BR-101/ES;Crescente;Colisão traseira;2;0;0;0;0;0;0;0;0;0;1;0;1;0;0
18/07/2022;18:22:00;182;Com vítima;266,300;BR-101/ES;Decrescente;Colisão lateral no mesmo sentido;1;0;0;1;0;0;0;0;0;0;3;0;1;0;0
18/07/2022;19:24:00;190;Com vítima;143,600;BR-101/ES;Decrescente;Saída de pista;0;0;0;1;0;0;0;0;0;0;0;0;1;0;0
18/07/2022;19:29:00;191;Sem vítima;159,000;BR-101/ES;Decrescente;Colisão transversal;1;0;0;0;0;1;0;0;0;0;1;0;0;0;0
18/07/2022;22:10:00;206;Com vítima;31,000;BR-101/ES;Crescente;Atropelamento de animal;1;0;0;0;0;0;0;0;0;0;0;0;1;0;0
19/07/2022;01:34:00;6;Com vítima;65,300;BR-101/ES;Decrescente;Colisão traseira;1;0;0;0;0;0;0;0;0;1;4;1;0;0;0
19/07/2022;09:38:00;88;Com vítima;426,600;BR-101/ES;Decrescente;Saída de pista;1;0;0;0;0;0;0;0;0;0;0;0;0;1;0
19/07/2022;10:01:00;95;Com vítima;382,950;BR-101/ES;Crescente;Engavetamento;1;0;0;0;0;2;0;0;0;0;4;0;1;0;0
19/07/2022;10:28:00;100;Sem vítima;255,600;BR-101/ES;Crescente;Colisão traseira;2;0;0;0;0;0;0;0;0;0;4;0;0;0;0
19/07/2022;13:44:00;130;Com vítima;186,000;BR-101/ES;Decrescente;Saída de pista;1;0;0;0;0;0;0;0;0;0;0;1;0;0;0
19/07/2022;14:16:00;136;Com vítima;412,000;BR-101/ES;Crescente;Atropelamento de ciclista;0;1;0;0;0;1;0;0;0;0;0;0;2;0;0
19/07/2022;14:53:00;140;Sem vítima;276,000;BR-101/ES;Decrescente;Colisão traseira;0;0;1;0;0;1;0;0;0;0;1;0;0;0;0
19/07/2022;16:36:00;159;Sem vítima;394,900;BR-101/ES;Crescente;Colisão traseira;1;0;1;0;0;0;0;0;0;0;3;0;0;0;0
19/07/2022;16:56:00;162;Com vítima;268,200;BR-101/ES;Crescente;Atropelamento de animal;0;0;0;1;0;0;0;0;0;0;0;0;1;0;0
19/07/2022;18:39:00;183;Com vítima;442,800;BR-101/ES;Decrescente;Atropelamento de animal;1;0;0;0;0;0;0;0;0;0;0;0;1;0;0
19/07/2022;22:21:00;210;Com vítima;272,000;BR-101/ES;Decrescente;Colisão lateral no mesmo sentido;1;0;0;1;0;0;0;0;0;0;1;0;2;0;0
20/07/2022;02:00:00;5;Com vítima;262,500;BR-101/ES;Crescente;Queda de moto;0;0;0;1;0;0;0;0;0;0;0;0;1;0;0
20/07/2022;02:34:00;7;Sem vítima;321,000;BR-101/ES;Decrescente;Choque;1;0;0;0;0;0;0;0;0;0;1;0;0;0;0
20/07/2022;03:44:00;10;Com vítima;117,000;BR-101/ES;Decrescente;Choque;0;0;0;0;0;1;0;0;0;1;3;0;1;0;0
20/07/2022;13:16:00;111;Sem vítima;269,000;BR-101/ES;Crescente;Colisão transversal;1;0;1;0;0;0;0;0;0;0;2;0;0;0;0
20/07/2022;14:01:00;118;Sem vítima;395,000;BR-101/ES;Decrescente;Choque;0;0;0;0;0;1;0;0;0;0;1;0;0;0;0
20/07/2022;14:12:00;121;Com vítima;266,500;BR-101/ES;Decrescente;Atropelamento de pedestre;0;0;0;1;0;0;0;0;0;0;1;0;1;0;0
20/07/2022;15:22:00;137;Sem vítima;293,900;BR-101/ES;Decrescente;Choque;0;0;0;0;0;1;0;0;0;0;1;0;0;0;0
20/07/2022;16:37:00;157;Sem vítima;275,000;BR-101/ES;Decrescente;Colisão lateral no mesmo sentido;0;0;0;0;0;2;0;0;0;0;0;0;0;0;0
20/07/2022;17:51:00;169;Sem vítima;80,700;BR-101/ES;Decrescente;Colisão traseira;2;0;0;0;0;0;0;0;0;0;4;0;0;0;0
20/07/2022;18:34:00;176;Com vítima;126,000;BR-101/ES;Crescente;Colisão transversal;1;0;0;1;0;0;0;0;0;0;1;1;0;0;0
20/07/2022;19:32:00;183;Sem vítima;437,800;BR-101/ES;Crescente;Saída de pista;0;0;1;0;0;0;0;0;0;0;1;0;0;0;0
20/07/2022;19:37:00;185;Com vítima;262,000;BR-101/ES;Crescente;Queda de moto;0;0;0;1;0;0;0;0;0;0;1;0;1;0;0
20/07/2022;21:01:00;196;Sem vítima;75,200;BR-101/ES;Crescente;Engavetamento;2;0;1;0;0;0;0;0;0;0;3;0;0;0;0
21/07/2022;06:32:00;26;Sem vítima;253,800;BR-101/ES;Crescente;Engavetamento;1;0;2;0;0;0;0;0;0;0;5;0;0;0;0
21/07/2022;08:08:00;66;Sem vítima;266,900;BR-101/ES;Crescente;Colisão lateral no mesmo sentido;0;0;0;1;0;2;0;0;0;0;1;0;0;0;0
21/07/2022;10:29:00;84;Sem vítima;96,500;BR-101/ES;Crescente;Colisão traseira;2;0;0;0;0;0;0;0;0;0;2;0;0;0;0
21/07/2022;16:01:00;139;Sem vítima;354,000;BR-101/ES;Decrescente;Choque;1;0;0;0;0;0;0;0;0;0;1;0;0;0;0
21/07/2022;16:37:00;150;Com vítima;284,100;BR-101/ES;Crescente;Colisão lateral no mesmo sentido;1;0;0;1;0;0;0;0;0;0;1;0;1;0;0
21/07/2022;17:52:00;162;Com vítima;11,000;BR-101/ES;Crescente;Atropelamento de animal;0;0;0;1;0;0;0;0;0;0;0;0;1;0;0
21/07/2022;18:47:00;172;Sem vítima;248,200;BR-101/ES;Crescente;Colisão traseira;1;0;1;0;0;0;0;0;0;0;0;0;0;0;0
21/07/2022;19:16:00;176;Com vítima;145,000;BR-101/ES;Crescente;Colisão transversal;0;0;0;1;0;0;0;0;0;0;0;1;0;0;0
21/07/2022;20:04:00;184;Com vítima;333,500;BR-101/ES;Crescente;Queda de moto;0;0;0;1;0;0;0;0;0;0;0;0;1;0;0
21/07/2022;20:44:00;191;Com vítima;149,000;BR-101/ES;Decrescente;Colisão transversal;1;0;1;0;0;0;0;0;0;0;1;2;0;0;0
21/07/2022;23:32:00;201;Sem vítima;270,000;BR-101/ES;Decrescente;Colisão lateral no mesmo sentido;1;0;0;0;0;0;0;0;0;0;1;0;0;0;0
22/07/2022;05:05:00;12;Sem vítima;273,000;BR-101/ES;Decrescente;Saída de pista;0;0;1;0;0;0;0;0;0;0;1;0;0;0;0
22/07/2022;06:19:00;26;Sem vítima;267,000;BR-101/ES;Crescente;Choque;1;0;0;0;0;0;0;0;0;0;1;0;0;0;0
22/07/2022;06:33:00;28;Com vítima;231,000;BR-101/ES;Decrescente;Atropelamento de pedestre;0;0;1;0;0;0;0;0;0;0;1;0;0;1;1
22/07/2022;06:39:00;30;Com vítima;298,000;BR-101/ES;Decrescente;Queda de bicicleta;0;1;0;0;0;0;0;0;0;0;0;0;1;0;0
22/07/2022;08:04:00;50;Com vítima;265,600;BR-101/ES;Crescente;Queda de moto;0;0;0;1;0;0;0;0;0;0;1;1;0;0;0
22/07/2022;09:00:00;77;Com vítima;298,000;BR-101/ES;Decrescente;Colisão lateral no mesmo sentido;1;0;0;0;0;1;0;0;0;0;1;0;1;0;0
22/07/2022;11:02:00;104;Com vítima;37,700;BR-101/ES;Crescente;Colisão transversal;1;0;0;0;0;1;0;0;0;0;1;2;2;0;0
22/07/2022;12:10:00;115;Com vítima;135,000;BR-101/ES;Crescente;Engavetamento;3;0;1;0;0;0;0;0;0;0;8;1;0;0;0
22/07/2022;12:38:00;118;Sem vítima;268,000;BR-101/ES;Crescente;Colisão traseira;2;0;0;0;0;0;0;0;0;0;2;0;0;0;0
22/07/2022;14:29:00;144;Sem vítima;946,000;BR-101/ES;Crescente;Colisão lateral no mesmo sentido;0;0;1;0;0;1;0;0;0;1;4;0;0;0;0
22/07/2022;14:31:00;145;Com vítima;254,000;BR-101/ES;Crescente;Colisão lateral em sentido contrário;0;0;1;0;0;1;0;0;0;0;1;0;0;2;0