data;horario;n_da_ocorrencia;tipo_de_ocorrencia;km;trecho;sentido;tipo_de_acidente;automovel;bicicleta;caminhao;moto;onibus;outros;tracao_animal;transporte_de_cargas_especiais;trator_maquinas;utilitarios;ilesos;levemente_feridos;moderadamente_feridos;gravemente_feridos;mortos
22/07/2022;14:42:00;151;Com vítima;110,200;BR-101/ES;Crescente;Colisão traseira;1;0;0;1;0;0;0;0;0;0;3;1;0;0;0
22/07/2022;14:59:00;155;Com vítima;210,800;BR-101/ES;Crescente;Tombamento;0;0;1;0;0;0;0;0;0;1;4;1;1;1;0
22/07/2022;15:44:00;166;Sem vítima;146,000;BR-101/ES;Crescente;Colisão transversal;1;0;0;1;0;0;0;0;0;0;2;0;0;0;0
22/07/2022;16:04:00;171;Sem vítima;72,500;BR-101/ES;Decrescente;Engavetamento;3;0;0;0;0;0;0;0;0;0;6;0;0;0;0
22/07/2022;16:13:00;174;Sem vítima;362,000;BR-101/ES;Decrescente;Choque;1;0;0;0;0;0;0;0;0;0;1;0;0;0;0
22/07/2022;16:33:00;182;Sem vítima;61,000;BR-101/ES;Crescente;Colisão traseira;0;0;1;0;0;1;0;0;0;0;1;0;0;0;0
22/07/2022;18:24:00;204;Com vítima;116,000;BR-101/ES;Crescente;Colisão frontal;2;0;0;0;0;0;0;0;0;0;0;3;1;0;0
22/07/2022;18:36:00;207;Com vítima;285,000;BR-101/ES;Crescente;Atropelamento de pedestre;0;0;0;1;0;0;0;0;0;0;1;0;1;0;0
22/07/2022;19:18:00;212;Sem vítima;209,000;BR-101/ES;Crescente;Engavetamento;4;0;0;0;0;0;0;0;0;0;6;0;0;0;0
22/07/2022;19:43:00;217;Sem vítima;281,000;BR-101/ES;Crescente;Colisão lateral no mesmo sentido;1;0;0;0;0;1;0;0;0;0;1;0;0;0;0
22/07/2022;20:00:00;222;Sem vítima;258,000;BR-101/ES;Decrescente;Colisão traseira;1;0;0;0;0;1;0;0;0;0;1;0;0;0;0
22/07/2022;21:28:00;238;Sem vítima;86,000;BR-101/ES;Decrescente;Colisão lateral no mesmo sentido;1;0;0;0;0;1;0;0;0;0;2;0;0;0;0
22/07/2022;22:10:00;247;Sem vítima;341,000;BR-101/ES;Decrescente;Choque;1;0;0;0;0;0;0;0;0;0;0;0;0;0;0
23/07/2022;01:34:00;3;Sem vítima;22,000;BR-101/ES;Crescente;Colisão lateral no mesmo sentido;1;0;1;0;0;0;0;0;0;0;7;0;0;0;0
23/07/2022;06:10:00;14;Com vítima;257,550;BR-101/ES;Decrescente;Colisão traseira;1;0;0;0;0;1;0;0;0;0;1;0;2;0;0
23/07/2022;07:25:00;30;Sem vítima;397,900;BR-101/ES;Decrescente;Choque;1;0;0;0;0;0;0;0;0;0;2;0;0;0;0
23/07/2022;07:41:00;34;Sem vítima;264,200;BR-101/ES;Crescente;Colisão traseira;2;0;0;0;0;0;0;0;0;0;2;0;0;0;0
23/07/2022;08:21:00;48;Com vítima;141,000;BR-101/ES;Crescente;Saída de pista;0;0;0;1;0;0;0;0;0;0;0;0;0;0;1
23/07/2022;09:03:00;61;Sem vítima;205,000;BR-101/ES;Decrescente;Colisão transversal;2;0;0;0;0;0;0;0;0;0;3;0;0;0;0
23/07/2022;10:06:00;75;Sem vítima;287,900;BR-101/ES;Decrescente;Colisão traseira;2;0;0;0;0;0;0;0;0;0;2;0;0;0;0
23/07/2022;11:44:00;89;Com vítima;206,200;BR-101/ES;Decrescente;Colisão transversal;2;0;0;0;0;0;0;0;0;0;2;0;1;0;0
23/07/2022;12:03:00;93;Com vítima;6,900;Contorno de Iconha/ES;Crescente;Queda de moto;0;0;0;1;0;0;0;0;0;0;0;0;1;0;0
23/07/2022;14:08:00;116;Sem vítima;61,000;BR-101/ES;Crescente;Colisão lateral no mesmo sentido;1;0;0;0;0;1;0;0;0;0;2;0;0;0;0
23/07/2022;14:35:00;121;Sem vítima;120,000;BR-101/ES;Crescente;Colisão traseira;1;0;0;0;0;0;0;0;0;0;1;0;0;0;0
23/07/2022;15:06:00;123;Com vítima;124,000;BR-101/ES;Decrescente;Colisão transversal;1;0;0;1;0;0;0;0;0;0;2;0;1;0;0
23/07/2022;15:48:00;129;Sem vítima;398,900;BR-101/ES;Decrescente;Choque;1;0;0;0;0;0;0;0;0;0;2;0;0;0;0
23/07/2022;18:18:00;156;Com vítima;50,000;BR-101/ES;Decrescente;Atropelamento de ciclista;0;1;0;1;0;0;0;0;0;0;0;2;0;0;0
23/07/2022;19:00:00;161;Sem vítima;402,000;BR-101/ES;Decrescente;Desatrelamento;0;0;0;0;0;1;0;0;0;0;1;0;0;0;0
23/07/2022;20:21:00;175;Sem vítima;255,000;BR-101/ES;Crescente;Colisão traseira;1;0;0;0;0;1;0;0;0;0;1;0;0;0;0
24/07/2022;02:17:00;6;Com vítima;316,000;BR-101/ES;Crescente;Atropelamento de animal;1;0;0;0;0;0;0;0;0;0;0;0;1;0;0
24/07/2022;16:00:00;99;Sem vítima;42,500;BR-101/ES;Crescente;Colisão traseira;2;0;0;0;0;0;0;0;0;0;5;0;0;0;0
24/07/2022;16:54:00;109;Sem vítima;117,500;BR-101/ES;Decrescente;Queda de moto;0;0;0;1;0;0;0;0;0;0;1;0;0;0;0
24/07/2022;18:20:00;131;Sem vítima;123,000;BR-101/ES;Crescente;Colisão traseira;2;0;0;0;0;0;0;0;0;0;4;0;0;0;0
24/07/2022;20:35:00;156;Com vítima;209,700;BR-101/ES;Decrescente;Queda de moto;0;0;0;1;0;0;0;0;0;0;0;0;2;0;0
24/07/2022;21:20:00;167;Com vítima;93,100;BR-101/ES;Decrescente;Colisão traseira;0;0;0;1;0;1;0;0;0;0;0;0;1;0;0
24/07/2022;23:14:00;183;Sem vítima;246,000;BR-101/ES;Crescente;Colisão traseira;2;0;0;0;0;0;0;0;0;0;4;0;0;0;0
25/07/2022;00:42:00;5;Com vítima;15,000;BR-101/ES;Crescente;Colisão lateral em sentido contrário;0;0;0;1;1;0;0;0;0;0;1;0;0;1;0
25/07/2022;07:20:00;42;Com vítima;288,100;BR-101/ES;Decrescente;Colisão traseira;0;0;0;1;0;0;0;0;0;1;1;0;1;0;0
25/07/2022;07:55:00;53;Com vítima;270,600;BR-101/ES;Decrescente;Queda de moto;0;0;0;1;0;0;0;0;0;0;0;0;1;0;0
25/07/2022;13:03:00;116;Sem vítima;266,300;BR-101/ES;Crescente;Engavetamento;3;0;0;0;0;1;0;0;0;0;3;0;0;0;0
25/07/2022;14:18:00;127;Sem vítima;314,000;BR-101/ES;Crescente;Colisão traseira;1;0;0;0;0;1;0;0;0;0;1;0;0;0;0
25/07/2022;15:21:00;143;Sem vítima;5,900;Contorno de Iconha/ES;Decrescente;Atropelamento de animal;1;0;0;0;0;0;0;0;0;0;1;0;0;0;0
25/07/2022;18:50:00;176;Com vítima;258,000;BR-101/ES;Crescente;Queda de bicicleta;0;1;0;0;0;0;0;0;0;0;0;0;2;0;0
26/07/2022;00:51:00;5;Sem vítima;230,000;BR-101/ES;Decrescente;Colisão lateral em sentido contrário;1;0;1;0;0;0;0;0;0;0;2;0;0;0;0
26/07/2022;12:33:00;118;Sem vítima;4,000;Contorno de Iconha/ES;Decrescente;Colisão traseira;1;0;0;0;0;1;0;0;0;0;2;0;0;0;0
26/07/2022;18:47:00;175;Sem vítima;145,000;BR-101/ES;Crescente;Colisão traseira;1;0;0;0;1;0;0;0;0;0;2;0;0;0;0
26/07/2022;22:33:00;201;Sem vítima;266,000;BR-101/ES;Crescente;Colisão traseira;2;0;0;0;0;0;0;0;0;0;2;0;0;0;0
27/07/2022;04:25:00;11;Com vítima;110,000;BR-101/ES;Crescente;Atropelamento de animal;1;0;0;0;0;0;0;0;0;0;4;0;1;0;0
27/07/2022;06:02:00;17;Sem vítima;51,000;BR-101/ES;Decrescente;Acidentes de outra natureza;0;0;0;0;1;0;0;0;0;0;40;0;0;0;0
27/07/2022;06:03:00;18;Sem vítima;269,000;BR-101/ES;Decrescente;Saída de pista;1;0;0;0;0;0;0;0;0;0;1;0;0;0;0
27/07/2022;08:06:00;50;Sem vítima;149,000;BR-101/ES;Decrescente;Engavetamento;3;0;0;0;0;0;0;0;0;0;5;0;0;0;0
27/07/2022;08:11:00;52;Sem vítima;414,500;BR-101/ES;Crescente;Colisão lateral no mesmo sentido;1;0;0;0;0;0;0;0;0;1;2;0;0;0;0
27/07/2022;10:16:00;76;Sem vítima;270,700;BR-101/ES;Decrescente;Colisão lateral no mesmo sentido;2;0;1;0;0;0;0;0;0;0;3;0;0;0;0
27/07/2022;11:05:00;85;Com vítima;398,900;BR-101/ES;Crescente;Colisão traseira;0;0;0;0;0;2;0;0;0;0;1;0;1;0;0
27/07/2022;11:24:00;90;Com vítima;348,000;BR-101/ES;Crescente;Atropelamento de ciclista;0;1;0;0;0;1;0;0;0;0;0;0;2;0;0
27/07/2022;13:23:00;108;Sem vítima;266,500;BR-101/ES;Crescente;Colisão traseira;2;0;0;0;0;0;0;0;0;0;2;0;0;0;0
27/07/2022;16:53:00;157;Com vítima;123,500;BR-101/ES;Decrescente;Colisão lateral no mesmo sentido;0;0;0;1;0;1;0;0;0;0;1;0;1;0;0
27/07/2022;20:19:00;176;Sem vítima;219,000;BR-101/ES;Decrescente;Choque;1;0;0;0;0;0;0;0;0;0;3;0;0;0;0
27/07/2022;21:14:00;184;Com vítima;122,700;BR-101/ES;Crescente;Colisão frontal;1;0;0;0;0;1;0;0;0;0;1;0;1;0;1
27/07/2022;21:16:00;185;Sem vítima;270,000;BR-101/ES;Crescente;Carreta deu L;0;0;0;0;0;1;0;0;0;0;1;0;0;0;0
28/07/2022;02:41:00;6;Sem vítima;182,000;BR-101/ES;Decrescente;Saída de pista;0;0;0;0;0;1;0;0;0;0;1;0;0;0;0
28/07/2022;04:10:00;10;Sem vítima;95,700;BR-101/ES;Crescente;Saída de pista;1;0;0;0;0;1;0;0;0;0;1;0;0;0;0
28/07/2022;05:09:00;15;Sem vítima;340,600;BR-101/ES;Crescente;Saída de pista;0;0;1;0;0;0;0;0;0;0;1;0;0;0;0
28/07/2022;06:57:00;20;Sem vítima;227,200;BR-101/ES;Crescente;Acidentes de outra natureza;0;0;0;0;0;1;0;0;0;0;1;0;0;0;0
28/07/2022;07:47:00;31;Com vítima;243,200;BR-101/ES;Crescente;Colisão traseira;1;0;0;1;0;0;0;0;0;0;1;1;0;0;0
28/07/2022;11:23:00;72;Com vítima;177,000;BR-101/ES;Decrescente;Colisão transversal;2;0;0;0;0;0;0;0;0;0;1;0;1;0;0
28/07/2022;16:12:00;114;Com vítima;293,000;BR-101/ES;Crescente;Colisão lateral no mesmo sentido;1;0;0;1;0;0;0;0;0;0;1;0;1;0;0
28/07/2022;21:01:00;162;Com vítima;66,500;BR-101/ES;Decrescente;Colisão transversal;0;0;0;1;0;1;0;0;0;0;0;2;0;0;0
28/07/2022;21:15:00;165;Com vítima;53,000;BR-101/ES;Decrescente;Queda de moto;0;0;0;1;0;0;0;0;0;0;0;0;1;0;0
28/07/2022;21:53:00;170;Sem vítima;257,000;BR-101/ES;Decrescente;Colisão traseira;1;0;0;0;0;0;0;0;0;0;1;0;0;0;0
29/07/2022;07:00:00;32;Com vítima;266,400;BR-101/ES;Crescente;Colisão traseira;1;0;0;1;0;0;0;0;0;0;2;0;1;0;0
29/07/2022;09:37:00;66;Com vítima;172,000;BR-101/ES;Crescente;Colisão lateral no mesmo sentido;2;0;1;0;0;1;0;0;0;0;4;2;0;0;0
29/07/2022;11:20:00;78;Sem vítima;175,000;BR-101/ES;Decrescente;Choque;1;0;0;0;0;1;0;0;0;0;1;0;0;0;0
29/07/2022;11:24:00;80;Sem vítima;398,900;BR-101/ES;Decrescente;Choque;1;0;0;0;0;0;0;0;0;0;1;0;0;0;0
29/07/2022;12:00:00;85;Sem vítima;289,000;BR-101/ES;Decrescente;Choque;0;0;0;0;0;1;0;0;0;0;1;0;0;0;0
29/07/2022;12:25:00;92;Com vítima;286,100;BR-101/ES;Crescente;Queda de moto;0;0;0;1;0;0;0;0;0;0;0;0;0;0;1
29/07/2022;16:24:00;131;Sem vítima;247,000;BR-101/ES;Crescente;Colisão traseira;2;0;0;0;0;0;0;0;0;0;3;0;0;0;0
29/07/2022;18:47:00;171;Com vítima;269,000;BR-101/ES;Decrescente;Atropelamento de ciclista;0;1;0;0;0;1;0;0;0;0;0;0;2;0;0
29/07/2022;20:10:00;188;Sem vítima;399,000;BR-101/ES;Decrescente;Colisão traseira;1;0;0;0;0;0;0;0;0;0;2;0;0;0;0
29/07/2022;20:30:00;194;Sem vítima;402,000;BR-101/ES;Crescente;Choque;1;0;0;0;0;1;0;0;0;0;1;0;0;0;0
30/07/2022;02:55:00;15;Com vítima;148,000;BR-101/ES;Decrescente;Colisão transversal;1;0;0;0;0;1;0;0;0;0;3;1;0;0;0
30/07/2022;03:24:00;16;Com vítima;31,000;BR-101/ES;Crescente;Atropelamento de animal;0;0;0;0;1;0;0;0;0;0;0;0;1;0;0
30/07/2022;09:08:00;64;Com vítima;65,000;BR-101/ES;Decrescente;Colisão transversal;1;0;0;1;0;0;0;0;0;0;1;0;1;0;0
30/07/2022;09:19:00;67;Com vítima;202,000;BR-101/ES;Decrescente;Queda de moto;0;0;0;1;0;0;0;0;0;0;0;2;0;0;0
30/07/2022;14:05:00;94;Com vítima;357,000;BR-101/ES;Decrescente;Colisão traseira;1;0;1;0;0;0;0;0;0;0;3;1;0;0;0
30/07/2022;15:59:00;112;Sem vítima;247,000;BR-101/ES;Crescente;Choque;1;0;0;0;0;0;0;0;0;0;1;0;0;0;0
30/07/2022;16:37:00;114;Sem vítima;8,400;BR-101/ES;Crescente;Queda de carga;0;0;0;0;0;1;0;0;0;0;1;0;0;0;0
30/07/2022;18:24:00;132;Com vítima;78,000;BR-101/ES;Crescente;Colisão frontal;0;0;0;2;0;0;0;0;0;0;0;2;0;0;0
30/07/2022;18:27:00;134;Sem vítima;265,700;BR-101/ES;Crescente;Colisão traseira;1;0;0;0;0;1;0;0;0;0;4;0;0;0;0
30/07/2022;18:49:00;138;Sem vítima;72,000;BR-101/ES;Crescente;Saída de pista;0;0;0;0;0;0;0;0;0;1;2;0;0;0;0
30/07/2022;19:41:00;141;Sem vítima;187,000;BR-101/ES;Crescente;Colisão lateral em sentido contrário;2;0;0;0;0;0;0;0;0;0;5;0;0;0;0
30/07/2022;20:17:00;147;Sem vítima;300,000;BR-101/ES;Crescente;Colisão traseira;1;0;0;0;0;1;0;0;0;0;2;0;0;0;0
30/07/2022;20:24:00;148;Sem vítima;260,000;BR-101/ES;Crescente;Saída de pista;1;0;0;0;0;0;0;0;0;0;1;0;0;0;0
30/07/2022;21:42:00;155;Sem vítima;149,000;BR-101/ES;Decrescente;Colisão lateral no mesmo sentido;1;0;0;0;0;1;0;0;0;0;2;0;0;0;0
31/07/2022;08:02:00;23;Sem vítima;294,000;BR-101/ES;Decrescente;Colisão traseira;1;0;1;0;0;0;0;0;0;0;2;0;0;0;0
31/07/2022;09:47:00;40;Sem vítima;213,000;BR-101/ES;Decrescente;Colisão traseira;1;0;0;1;0;0;0;0;0;0;2;0;0;0;0
31/07/2022;10:15:00;43;Sem vítima;61,000;BR-101/ES;Crescente;Colisão traseira;2;0;0;0;0;0;0;0;0;0;6;0;0;0;0
31/07/2022;11:05:00;45;Sem vítima;267,000;BR-101/ES;Crescente;Colisão traseira;1;0;0;0;0;1;0;0;0;0;1;0;0;0;0
31/07/2022;19:23:00;112;Sem vítima;263,000;BR-101/ES;Crescente;Colisão traseira;1;0;0;1;0;0;0;0;0;1;3;0;0;0;0
31/07/2022;20:31:00;123;Sem vítima;203,000;BR-101/ES;Decrescente;Colisão transversal;1;0;0;0;0;0;0;0;0;1;3;0;0;0;0
31/07/2022;21:14:00;129;Sem vítima;237,000;BR-101/ES;Crescente;Colisão lateral em sentido contrário;2;0;0;0;0;0;0;0;0;0;9;0;0;0;0
31/07/2022;21:16:00;130;Com vítima;257,000;BR-101/ES;Crescente;Colisão traseira;1;0;0;0;0;0;0;0;0;1;2;1;0;0;0
01/08/2022;00:49:00;3;Sem vítima;117,000;BR-101/ES;Crescente;Colisão lateral no mesmo sentido;1;0;1;0;0;0;0;0;0;0;2;0;0;0;0
01/08/2022;06:19:00;20;Com vítima;105,400;BR-101/ES;Crescente;Saída de pista;1;0;0;0;0;0;0;0;0;0;0;0;3;0;0
01/08/2022;09:08:00;58;Com vítima;292,000;BR-101/ES;Decrescente;Colisão lateral no mesmo sentido;0;0;1;1;0;0;0;0;0;0;1;1;0;0;0
01/08/2022;09:17:00;59;Sem vítima;264,000;BR-101/ES;Crescente;Choque;1;0;0;0;0;0;0;0;0;0;1;0;0;0;0
01/08/2022;13:25:00;96;Sem vítima;265,700;BR-101/ES;Decrescente;Choque;1;0;0;0;0;0;0;0;0;0;1;0;0;0;0
01/08/2022;14:07:00;100;Sem vítima;302,000;BR-101/ES;Crescente;Colisão lateral no mesmo sentido;1;0;0;0;0;1;0;0;0;0;2;0;0;0;0
01/08/2022;15:17:00;113;Com vítima;146,500;BR-101/ES;Crescente;Engavetamento;0;0;3;0;0;0;0;0;0;0;2;0;0;1;0
02/08/2022;04:03:00;17;Com vítima;274,300;BR-101/ES;Decrescente;Atropelamento de pedestre;1;0;0;0;0;0;0;0;0;0;1;0;0;0;1
02/08/2022;06:58:00;30;Sem vítima;49,000;BR-101/ES;Crescente;Colisão traseira;2;0;0;0;0;0;0;0;0;0;2;0;0;0;0
02/08/2022;07:34:00;36;Com vítima;383,500;BR-101/ES;Decrescente;Engavetamento;2;0;2;0;0;0;0;0;0;0;5;1;1;0;0
02/08/2022;07:41:00;39;Sem vítima;343,000;BR-101/ES;Decrescente;Choque;1;0;0;0;0;0;0;0;0;0;2;0;0;0;0
02/08/2022;07:57:00;45;Com vítima;153,500;BR-101/ES;Decrescente;Engavetamento;3;0;1;0;0;0;0;0;0;0;3;1;0;0;0
02/08/2022;17:25:00;130;Sem vítima;315,100;BR-101/ES;Decrescente;Colisão transversal;1;0;0;0;0;1;0;0;0;0;4;0;0;0;0
02/08/2022;17:46:00;134;Com vítima;396,000;BR-101/ES;Crescente;Colisão transversal;2;0;0;0;0;0;0;0;0;0;1;0;1;0;0
02/08/2022;18:12:00;139;Com vítima;143,000;BR-101/ES;Decrescente;Atropelamento de ciclista;0;1;0;2;0;0;0;0;0;0;0;1;1;1;0
02/08/2022;19:35:00;149;Sem vítima;80,000;BR-101/ES;Crescente;Colisão traseira;2;0;0;0;0;0;0;0;0;0;5;0;0;0;0
02/08/2022;19:44:00;152;Com vítima;73,000;BR-101/ES;Crescente;Colisão traseira;0;0;0;2;0;0;0;0;0;0;0;2;0;0;0
03/08/2022;01:00:00;4;Sem vítima;149,000;BR-101/ES;Decrescente;Colisão transversal;1;0;0;0;0;0;0;0;0;0;1;0;0;0;0
03/08/2022;09:40:00;87;Com vítima;293,401;BR-101/ES;Crescente;Queda de moto;0;0;0;1;0;0;0;0;0;0;0;0;1;0;0
03/08/2022;09:53:00;90;Sem vítima;242,000;BR-101/ES;Crescente;Colisão traseira;2;0;0;0;0;0;0;0;0;0;3;0;0;0;0
03/08/2022;11:19:00;106;Sem vítima;260,000;BR-101/ES;Decrescente;Choque;0;0;1;0;0;0;0;0;0;0;1;0;0;0;0
03/08/2022;11:22:00;107;Com vítima;232,500;BR-101/ES;Crescente;Colisão traseira;1;0;0;1;0;0;0;0;0;0;1;0;1;0;0
03/08/2022;11:28:00;109;Sem vítima;266,200;BR-101/ES;Crescente;Engavetamento;1;0;1;0;0;1;0;0;0;0;2;0;0;0;0
03/08/2022;13:48:00;133;Sem vítima;299,800;BR-101/ES;Decrescente;Choque;1;0;0;0;0;1;0;0;0;0;0;0;0;0;0
03/08/2022;14:30:00;139;Sem vítima;444,000;BR-101/ES;Crescente;Choque;1;0;0;0;0;0;0;0;0;0;1;0;0;0;0
03/08/2022;16:30:00;158;Sem vítima;213,000;BR-101/ES;Decrescente;Engavetamento;2;0;0;0;0;1;0;0;0;0;4;0;0;0;0
03/08/2022;17:18:00;167;Com vítima;280,000;BR-101/ES;Crescente;Queda de moto;0;0;0;1;0;0;0;0;0;0;0;1;0;0;0
04/08/2022;07:41:00;42;Sem vítima;268,000;BR-101/ES;Crescente;Colisão traseira;0;0;1;0;0;1;0;0;0;0;1;0;0;0;0
04/08/2022;09:35:00;74;Com vítima;261,900;BR-101/ES;Crescente;Colisão frontal;2;0;0;0;0;0;0;0;0;0;0;0;3;0;0
04/08/2022;09:46:00;75;Com vítima;317,400;BR-101/ES;Decrescente;Atropelamento de pedestre;0;0;0;1;0;0;0;0;0;0;0;1;1;0;0
04/08/2022;10:49:00;84;Com vítima;188,101;BR-101/ES;Crescente;Colisão lateral em sentido contrário;1;0;1;0;0;0;0;0;0;0;3;2;0;0;0
04/08/2022;14:06:00;109;Sem vítima;252,600;BR-101/ES;Crescente;Engavetamento;4;0;0;0;0;0;0;0;0;0;9;0;0;0;0
04/08/2022;15:03:00;117;Sem vítima;276,000;BR-101/ES;Decrescente;Choque;0;0;1;0;0;0;0;0;0;0;1;0;0;0;0
04/08/2022;17:38:00;159;Com vítima;292,000;BR-101/ES;Decrescente;Colisão traseira;1;0;0;1;0;0;0;0;0;0;1;1;1;0;0
04/08/2022;17:57:00;160;Com vítima;955,000;BR-101/ES;Crescente;Atropelamento de ciclista;1;1;0;0;0;0;0;0;0;0;1;0;0;1;1
04/08/2022;18:16:00;164;Sem vítima;276,000;BR-101/ES;Decrescente;Choque;1;0;0;0;0;0;0;0;0;0;1;0;0;0;0
04/08/2022;19:16:00;172;Com vítima;46,000;BR-101/ES;Crescente;Colisão lateral no mesmo sentido;1;0;1;0;0;0;0;0;0;0;1;1;0;0;0
04/08/2022;21:36:00;203;Sem vítima;94,000;BR-101/ES;Decrescente;Choque;1;0;0;0;0;1;0;0;0;0;2;0;0;0;0
05/08/2022;05:33:00;21;Com vítima;283,000;BR-101/ES;Decrescente;Colisão lateral no mesmo sentido;0;0;0;1;0;1;0;0;0;0;0;1;0;0;0
05/08/2022;06:35:00;25;Com vítima;268,000;BR-101/ES;Crescente;Colisão lateral no mesmo sentido;1;0;0;1;0;0;0;0;0;0;1;1;0;0;0
05/08/2022;10:54:00;88;Sem vítima;307,000;BR-101/ES;Crescente;Colisão lateral no mesmo sentido;1;0;1;0;0;0;0;0;0;0;2;0;0;0;0
05/08/2022;16:18:00;156;Com vítima;270,000;BR-101/ES;Decrescente;Engavetamento;3;0;1;0;0;0;0;0;0;0;8;1;0;0;0
05/08/2022;16:33:00;158;Com vítima;229,700;BR-101/ES;Crescente;Atropelamento de pedestre;0;0;0;1;0;0;0;0;0;0;1;1;0;0;0
05/08/2022;17:15:00;168;Com vítima;262,600;BR-101/ES;Decrescente;Queda de moto;0;0;0;1;0;0;0;0;0;0;0;0;1;0;0
05/08/2022;17:50:00;177;Sem vítima;439,000;BR-101/ES;Crescente;Colisão traseira;1;0;0;0;0;1;0;0;0;0;2;0;0;0;0
05/08/2022;18:52:00;189;Sem vítima;144,000;BR-101/ES;Decrescente;Colisão lateral no mesmo sentido;1;0;0;1;0;0;0;0;0;0;3;0;0;0;0
05/08/2022;20:32:00;208;Sem vítima;346,000;BR-101/ES;Decrescente;Choque;1;0;0;0;0;0;0;0;0;0;1;0;0;0;0
05/08/2022;21:10:00;215;Com vítima;457,000;BR-101/ES;Crescente;Queda de moto;0;0;0;1;0;0;0;0;0;0;0;2;0;0;0
05/08/2022;21:54:00;219;Com vítima;232,000;BR-101/ES;Decrescente;Colisão lateral no mesmo sentido;0;0;0;1;0;1;0;0;0;0;0;0;4;0;0
06/08/2022;05:27:00;34;Com vítima;346,100;BR-101/ES;Decrescente;Choque;1;0;0;0;0;0;0;0;0;0;1;4;0;0;0
06/08/2022;06:01:00;39;Sem vítima;242,000;BR-101/ES;Crescente;Colisão traseira;2;0;0;0;0;0;0;0;0;0;2;0;0;0;0
06/08/2022;11:35:00;87;Sem vítima;146,900;BR-101/ES;Decrescente;Colisão traseira;1;0;0;1;0;0;0;0;0;0;2;0;0;0;0
06/08/2022;11:47:00;89;Com vítima;67,200;BR-101/ES;Crescente;Colisão traseira;1;0;0;1;0;0;0;0;0;0;2;1;0;0;0
06/08/2022;12:32:00;94;Com vítima;442,000;BR-101/ES;Decrescente;Queda de bicicleta;0;1;0;0;0;0;0;0;0;0;0;0;0;1;0
06/08/2022;12:55:00;96;Com vítima;301,100;BR-101/ES;Decrescente;Queda de bicicleta;0;1;0;0;0;0;0;0;0;0;0;1;0;0;0
06/08/2022;13:18:00;101;Com vítima;384,100;BR-101/ES;Crescente;Queda de moto;0;0;0;1;0;0;0;0;0;0;0;1;0;0;0
06/08/2022;16:39:00;140;Sem vítima;265,300;BR-101/ES;Decrescente;Acidentes de outra natureza;1;0;0;0;0;0;0;0;0;0;1;0;0;0;0
06/08/2022;18:33:00;157;Sem vítima;131,000;BR-101/ES;Decrescente;Saída de pista;1;0;0;0;0;0;0;0;0;0;2;0;0;0;0
06/08/2022;19:28:00;168;Sem vítima;266,200;BR-101/ES;Decrescente;Colisão traseira;1;0;0;0;0;0;0;0;0;0;1;0;0;0;0
06/08/2022;19:41:00;170;Com vítima;126,500;BR-101/ES;Crescente;Atropelamento de pedestre;0;0;0;0;0;1;0;0;0;0;0;0;0;1;0
06/08/2022;20:24:00;175;Com vítima;107,400;BR-101/ES;Decrescente;Colisão frontal;0;0;0;1;0;1;0;0;0;0;1;0;0;0;1
06/08/2022;21:47:00;181;Sem vítima;167,000;BR-101/ES;Decrescente;Atropelamento de animal;2;0;0;0;0;0;0;0;0;0;3;0;0;0;0
06/08/2022;22:34:00;188;Sem vítima;142,200;BR-101/ES;Crescente;Colisão traseira;2;0;0;0;0;0;0;0;0;0;2;0;0;0;0
06/08/2022;22:39:00;189;Sem vítima;266,100;BR-101/ES;Crescente;Colisão traseira;2;0;0;0;0;0;0;0;0;0;2;0;0;0;0
06/08/2022;23:48:00;192;Sem vítima;73,000;BR-101/ES;Crescente;Colisão traseira;0;0;0;0;0;1;0;0;0;1;2;0;0;0;0
06/08/2022;23:57:00;195;Sem vítima;173,400;BR-101/ES;Crescente;Capotamento;1;0;0;0;0;0;0;0;0;0;1;0;0;0;0
07/08/2022;03:11:00;17;Sem vítima;139,400;BR-101/ES;Decrescente;Atropelamento de animal;2;0;0;0;0;0;0;0;0;0;5;0;0;0;0
07/08/2022;05:11:00;23;Sem vítima;264,000;BR-101/ES;Crescente;Colisão lateral no mesmo sentido;2;0;0;0;0;0;0;0;0;0;3;0;0;0;0
07/08/2022;05:48:00;24;Sem vítima;45,500;BR-101/ES;Decrescente;Colisão transversal;0;0;0;1;0;1;0;0;0;0;1;0;0;0;0
07/08/2022;06:57:00;33;Sem vítima;89,500;BR-101/ES;Crescente;Capotamento;1;0;0;0;0;0;0;0;0;0;1;0;0;0;0
07/08/2022;07:03:00;35;Com vítima;269,000;BR-101/ES;Crescente;Queda de bicicleta;0;1;0;0;0;0;0;0;0;0;1;0;1;0;0
07/08/2022;08:23:00;49;Com vítima;277,000;BR-101/ES;Crescente;Choque;0;0;0;1;0;0;0;0;0;0;0;0;1;0;0
07/08/2022;12:40:00;78;Sem vítima;277,000;BR-101/ES;Crescente;Saída de pista;1;0;0;0;0;0;0;0;0;0;1;0;0;0;0