data;horario;n_da_ocorrencia;tipo_de_ocorrencia;km;trecho;sentido;tipo_de_acidente;automovel;bicicleta;caminhao;moto;onibus;outros;tracao_animal;transporte_de_cargas_especiais;trator_maquinas;utilitarios;ilesos;levemente_feridos;moderadamente_feridos;gravemente_feridos;mortos
07/08/2022;13:25:00;82;Sem vítima;259,000;BR-101/ES;Decrescente;Colisão lateral em sentido contrário;1;0;0;0;0;1;0;0;0;0;1;0;0;0;0
07/08/2022;15:23:00;99;Com vítima;245,700;BR-101/ES;Decrescente;Capotamento;1;0;0;0;0;0;0;0;0;0;0;1;2;0;0
07/08/2022;19:17:00;135;Com vítima;66,000;BR-101/ES;Crescente;Atropelamento de ciclista;0;1;0;0;0;1;0;0;0;0;0;1;0;0;0
07/08/2022;19:49:00;142;Sem vítima;72,000;BR-101/ES;Decrescente;Colisão lateral em sentido contrário;1;0;0;0;0;1;0;0;0;0;2;0;0;0;0
08/08/2022;06:14:00;21;Sem vítima;297,000;BR-101/ES;Decrescente;Colisão traseira;1;0;0;0;0;0;0;0;0;1;3;0;0;0;0
08/08/2022;07:56:00;49;Sem vítima;19,000;BR-101/ES;Decrescente;Colisão traseira;1;0;1;0;0;0;0;0;0;0;2;0;0;0;0
08/08/2022;12:20:00;110;Com vítima;290,900;BR-101/ES;Crescente;Colisão traseira;1;0;0;1;0;0;0;0;0;0;1;0;1;0;0
08/08/2022;13:54:00;119;Com vítima;248,700;BR-101/ES;Decrescente;Queda de moto;0;0;0;1;0;0;0;0;0;0;0;0;2;0;0
08/08/2022;15:20:00;139;Sem vítima;5,800;Contorno de Iconha/ES;Crescente;Colisão lateral no mesmo sentido;1;0;0;0;0;1;0;0;0;0;1;0;0;0;0
08/08/2022;16:49:00;156;Sem vítima;218,000;BR-101/ES;Decrescente;Choque;1;0;0;0;0;0;0;0;0;0;1;0;0;0;0
08/08/2022;18:20:00;175;Sem vítima;291,000;BR-101/ES;Decrescente;Colisão lateral no mesmo sentido;0;0;0;1;0;0;0;0;0;1;2;0;0;0;0
08/08/2022;21:26:00;193;Sem vítima;138,900;BR-101/ES;Crescente;Saída de pista;1;0;0;0;0;0;0;0;0;0;1;0;0;0;0
09/08/2022;00:28:00;4;Sem vítima;283,900;BR-101/ES;Crescente;Choque;0;0;0;0;0;1;0;0;0;0;1;0;0;0;0
09/08/2022;01:28:00;6;Com vítima;384,950;BR-101/ES;Decrescente;Atropelamento de animal;0;0;1;0;0;0;0;0;0;0;0;0;1;0;0
09/08/2022;10:06:00;58;Sem vítima;29,900;BR-101/ES;Decrescente;Colisão lateral no mesmo sentido;1;0;1;0;0;0;0;0;0;0;2;0;0;0;0
09/08/2022;12:12:00;73;Com vítima;428,000;BR-101/ES;Crescente;Atropelamento de pedestre;0;0;0;0;1;0;0;0;0;0;8;1;0;0;1
09/08/2022;16:16:00;114;Sem vítima;270,000;BR-101/ES;Decrescente;Colisão lateral no mesmo sentido;1;0;0;0;0;1;0;0;0;0;2;0;0;0;0
09/08/2022;17:23:00;124;Sem vítima;306,000;BR-101/ES;Crescente;Choque;1;0;0;0;0;0;0;0;0;0;1;0;0;0;0
09/08/2022;17:33:00;125;Sem vítima;41,900;BR-101/ES;Decrescente;Colisão transversal;1;0;0;0;0;0;0;0;0;1;7;0;0;0;0
09/08/2022;17:35:00;126;Com vítima;262,000;BR-101/ES;Decrescente;Colisão traseira;1;0;1;1;0;0;0;0;0;0;2;0;1;0;0
09/08/2022;17:52:00;133;Sem vítima;70,000;BR-101/ES;Decrescente;Colisão transversal;1;0;0;0;0;1;0;0;0;0;2;0;0;0;0
09/08/2022;19:24:00;146;Com vítima;304,000;BR-101/ES;Decrescente;Atropelamento de ciclista;0;1;0;0;0;1;0;0;0;0;0;2;0;0;0
09/08/2022;20:00:00;155;Sem vítima;242,000;BR-101/ES;Decrescente;Colisão traseira;2;0;0;0;0;0;0;0;0;0;2;0;0;0;0
09/08/2022;20:18:00;156;Com vítima;226,400;BR-101/ES;Decrescente;Colisão transversal;1;0;0;1;0;0;0;0;0;0;1;0;0;1;0
09/08/2022;23:52:00;174;Com vítima;312,400;BR-101/ES;Crescente;Atropelamento de animal;0;0;0;0;0;0;0;0;0;1;1;0;1;0;0
10/08/2022;11:43:00;107;Sem vítima;277,800;BR-101/ES;Crescente;Colisão lateral no mesmo sentido;0;0;0;0;0;1;0;0;0;1;2;0;0;0;0
10/08/2022;12:50:00;114;Sem vítima;102,900;BR-101/ES;Crescente;Acidentes de outra natureza;0;0;1;0;0;0;0;0;0;0;0;0;0;0;0
10/08/2022;14:16:00;124;Com vítima;208,750;BR-101/ES;Decrescente;Colisão transversal;1;0;0;0;0;1;0;0;0;0;1;1;1;1;0
10/08/2022;14:30:00;127;Com vítima;221,500;BR-101/ES;Decrescente;Colisão traseira;1;0;0;1;0;0;0;0;0;0;1;1;0;0;0
10/08/2022;14:31:00;128;Sem vítima;254,000;BR-101/ES;Crescente;Engavetamento;1;0;1;0;0;1;0;0;0;0;3;0;0;0;0
10/08/2022;16:00:00;155;Sem vítima;226,000;BR-101/ES;Crescente;Colisão traseira;1;0;0;0;0;0;0;0;0;0;3;0;0;0;0
11/08/2022;06:20:00;28;Sem vítima;263,400;BR-101/ES;Decrescente;Colisão traseira;2;0;0;0;0;0;0;0;0;0;2;0;0;0;0
11/08/2022;07:13:00;44;Sem vítima;270,400;BR-101/ES;Decrescente;Engavetamento;2;0;0;0;0;1;0;0;0;0;4;0;0;0;0
11/08/2022;07:33:00;47;Com vítima;213,800;BR-101/ES;Crescente;Engavetamento;3;0;0;0;0;0;0;0;0;0;3;1;0;0;0
11/08/2022;09:36:00;74;Com vítima;151,800;BR-101/ES;Crescente;Colisão traseira;0;0;0;1;0;1;0;0;0;0;1;1;0;0;0
11/08/2022;12:54:00;124;Sem vítima;159,000;BR-101/ES;Decrescente;Colisão lateral em sentido contrário;1;0;0;0;0;1;0;0;0;0;2;0;0;0;0
11/08/2022;16:33:00;171;Sem vítima;398,900;BR-101/ES;Crescente;Choque;0;0;1;0;0;0;0;0;0;0;1;0;0;0;0
11/08/2022;17:30:00;183;Sem vítima;394,800;BR-101/ES;Crescente;Colisão lateral em sentido contrário;0;0;0;0;0;1;0;0;0;1;3;0;0;0;0
11/08/2022;18:32:00;198;Sem vítima;211,500;BR-101/ES;Decrescente;Atropelamento de animal;0;0;0;1;0;0;0;0;0;0;1;0;0;0;0
11/08/2022;19:38:00;208;Sem vítima;299,000;BR-101/ES;Decrescente;Colisão lateral no mesmo sentido;1;0;0;0;0;1;0;0;0;0;1;0;0;0;0
12/08/2022;00:08:00;3;Sem vítima;322,000;BR-101/ES;Crescente;Atropelamento de animal;0;0;0;0;0;1;0;0;0;0;1;0;0;0;0
12/08/2022;01:05:00;8;Com vítima;123,600;BR-101/ES;Decrescente;Colisão frontal;1;0;0;0;0;1;0;0;0;0;0;0;1;0;1
12/08/2022;05:58:00;22;Sem vítima;272,000;BR-101/ES;Decrescente;Choque;2;0;0;0;0;0;0;0;0;0;2;0;0;0;0
12/08/2022;07:00:00;30;Com vítima;293,800;BR-101/ES;Decrescente;Colisão lateral no mesmo sentido;1;0;0;1;0;0;0;0;0;0;1;0;1;0;0
12/08/2022;07:31:00;42;Sem vítima;347,000;BR-101/ES;Decrescente;Colisão lateral no mesmo sentido;2;0;0;0;0;0;0;0;0;0;2;0;0;0;0
12/08/2022;12:47:00;114;Com vítima;270,700;BR-101/ES;Crescente;Atropelamento de pedestre;0;0;0;0;0;1;0;0;0;0;0;1;0;0;0
12/08/2022;15:27:00;154;Com vítima;307,700;BR-101/ES;Decrescente;Colisão traseira;1;0;1;0;0;0;0;0;0;0;2;0;1;0;0
12/08/2022;15:28:00;156;Com vítima;268,001;BR-101/ES;Decrescente;Colisão lateral no mesmo sentido;1;0;0;1;0;0;0;0;0;0;1;0;1;0;0
12/08/2022;16:07:00;171;Sem vítima;213,500;BR-101/ES;Crescente;Colisão traseira;2;0;0;0;0;0;0;0;0;0;3;0;0;0;0
12/08/2022;19:23:00;209;Sem vítima;297,500;BR-101/ES;Crescente;Colisão lateral no mesmo sentido;3;0;0;0;0;1;0;0;0;0;6;0;0;0;0
12/08/2022;19:45:00;215;Com vítima;5,000;Contorno de Iconha/ES;Crescente;Atropelamento de animal;1;0;0;0;0;0;0;0;0;0;0;0;1;0;0
12/08/2022;20:25:00;225;Com vítima;2,000;Contorno de Iconha/ES;Decrescente;Colisão lateral em sentido contrário;1;0;0;0;0;0;0;0;0;1;1;1;0;0;0
12/08/2022;21:46:00;242;Com vítima;247,500;BR-101/ES;Crescente;Atropelamento de ciclista;0;1;0;0;0;1;0;0;0;0;0;0;0;0;1
13/08/2022;04:29:00;17;Sem vítima;91,300;BR-101/ES;Crescente;Colisão traseira;1;0;0;0;0;1;0;0;0;0;7;0;0;0;0
13/08/2022;06:36:00;28;Sem vítima;276,000;BR-101/ES;Decrescente;Choque;1;0;0;0;0;0;0;0;0;0;1;0;0;0;0
13/08/2022;06:37:00;30;Com vítima;265,500;BR-101/ES;Crescente;Queda de moto;1;0;0;0;0;0;0;0;0;0;0;0;1;0;0
13/08/2022;08:58:00;72;Com vítima;296,000;BR-101/ES;Decrescente;Colisão lateral no mesmo sentido;1;0;0;0;0;0;0;0;0;1;3;1;0;0;0
13/08/2022;09:34:00;82;Com vítima;146,800;BR-101/ES;Crescente;Colisão traseira;1;0;0;1;0;0;0;0;0;0;1;1;0;0;0
13/08/2022;12:17:00;105;Com vítima;270,000;BR-101/ES;Decrescente;Colisão transversal;1;0;0;1;0;0;0;0;0;0;2;0;0;1;0
13/08/2022;13:32:00;117;Sem vítima;333,200;BR-101/ES;Crescente;Choque;1;0;0;0;0;0;0;0;0;0;3;0;0;0;0
13/08/2022;14:01:00;119;Sem vítima;15,500;BR-101/ES;Crescente;Colisão transversal;2;0;0;0;0;0;0;0;0;0;3;0;0;0;0
13/08/2022;18:27:00;156;Com vítima;262,100;BR-101/ES;Crescente;Colisão lateral no mesmo sentido;1;0;0;0;0;1;0;0;0;0;4;1;0;0;0
14/08/2022;00:59:00;6;Com vítima;355,800;BR-101/ES;Decrescente;Colisão lateral em sentido contrário;0;0;0;1;0;1;0;0;0;0;1;0;0;0;1
14/08/2022;18:20:00;138;Com vítima;1,300;Contorno de Iconha/ES;Decrescente;Tombamento;0;0;0;0;0;1;0;0;0;0;0;0;1;0;0
14/08/2022;23:27:00;184;Sem vítima;255,000;BR-101/ES;Crescente;Colisão traseira;1;0;0;0;0;0;0;0;0;0;2;0;0;0;0
15/08/2022;01:26:00;5;Sem vítima;242,000;BR-101/ES;Decrescente;Atropelamento de animal;1;0;0;0;0;0;0;0;0;0;1;0;0;0;0
15/08/2022;01:52:00;7;Sem vítima;256,000;BR-101/ES;Crescente;Acidentes de outra natureza;1;0;0;0;0;0;0;0;0;0;1;0;0;0;0
15/08/2022;06:28:00;21;Sem vítima;117,000;BR-101/ES;Crescente;Colisão traseira;0;0;0;0;0;2;0;0;0;1;3;0;0;0;0
15/08/2022;06:47:00;30;Com vítima;270,000;BR-101/ES;Crescente;Colisão transversal;1;0;0;1;0;0;0;0;0;0;1;0;1;0;0
15/08/2022;06:59:00;34;Com vítima;271,000;BR-101/ES;Decrescente;Colisão transversal;0;0;0;2;0;0;0;0;0;0;0;0;2;0;0
15/08/2022;09:38:00;73;Sem vítima;281,900;BR-101/ES;Crescente;Choque;1;0;0;0;0;0;0;0;0;0;1;0;0;0;0
15/08/2022;10:04:00;78;Sem vítima;180,000;BR-101/ES;Decrescente;Saída de pista;0;0;1;0;0;0;0;0;0;0;2;0;0;0;0
15/08/2022;10:23:00;83;Sem vítima;266,000;BR-101/ES;Crescente;Colisão traseira;2;0;0;0;0;0;0;0;0;0;2;0;0;0;0
15/08/2022;10:30:00;85;Com vítima;11,100;BR-101/ES;Crescente;Colisão traseira;1;0;0;0;0;1;0;0;0;0;1;0;1;0;0
15/08/2022;15:00:00;119;Sem vítima;254,000;BR-101/ES;Crescente;Colisão traseira;1;0;1;0;0;0;0;0;0;0;6;0;0;0;0
15/08/2022;15:22:00;121;Com vítima;69,500;BR-101/ES;Decrescente;Queda de moto;0;0;0;1;0;0;0;0;0;0;0;0;1;0;0
15/08/2022;16:02:00;124;Com vítima;166,300;BR-101/ES;Decrescente;Atropelamento de pedestre;0;0;0;0;0;1;0;0;0;0;1;0;1;0;0
15/08/2022;17:42:00;142;Com vítima;261,000;BR-101/ES;Crescente;Colisão traseira;1;0;0;1;0;1;0;0;0;0;1;0;1;0;0
15/08/2022;19:57:00;170;Com vítima;333,200;BR-101/ES;Crescente;Colisão traseira;1;0;0;1;0;0;0;0;0;0;1;0;1;0;0
15/08/2022;20:00:00;171;Sem vítima;451,000;BR-101/ES;Crescente;Tombamento;0;0;1;0;0;0;0;0;0;0;2;0;0;0;0
16/08/2022;07:06:00;31;Com vítima;147,500;BR-101/ES;Decrescente;Atropelamento de ciclista;0;1;1;0;0;0;0;0;0;0;1;1;0;0;0
16/08/2022;07:38:00;42;Com vítima;392,000;BR-101/ES;Decrescente;Saída de pista;1;0;0;0;0;0;0;0;0;0;0;1;0;0;0
16/08/2022;07:47:00;44;Sem vítima;146,500;BR-101/ES;Crescente;Colisão traseira;3;0;0;0;0;0;0;0;0;2;8;0;0;0;0
16/08/2022;10:51:00;81;Sem vítima;266,350;BR-101/ES;Decrescente;Colisão lateral no mesmo sentido;1;0;0;0;0;1;0;0;0;0;3;0;0;0;0
16/08/2022;10:58:00;86;Sem vítima;242,000;BR-101/ES;Decrescente;Choque;0;0;0;0;0;0;0;0;0;1;1;0;0;0;0
16/08/2022;13:21:00;101;Com vítima;264,000;BR-101/ES;Decrescente;Colisão traseira;1;0;0;1;0;0;0;0;0;0;1;1;0;0;0
16/08/2022;13:48:00;106;Sem vítima;264,000;BR-101/ES;Decrescente;Colisão traseira;2;0;0;0;0;0;0;0;0;0;3;0;0;0;0
16/08/2022;16:36:00;137;Com vítima;271,000;BR-101/ES;Decrescente;Colisão traseira;1;0;0;1;0;0;0;0;0;0;2;1;0;0;0
16/08/2022;18:04:00;151;Com vítima;62,500;BR-101/ES;Crescente;Colisão frontal;0;0;0;1;0;1;0;0;0;0;0;0;0;2;0
17/08/2022;06:48:00;15;Com vítima;272,000;BR-101/ES;Decrescente;Colisão transversal;0;1;0;1;0;0;0;0;0;0;1;0;1;0;0
17/08/2022;08:18:00;47;Com vítima;293,000;BR-101/ES;Crescente;Queda de moto;0;0;0;1;0;0;0;0;0;0;0;1;0;0;0
17/08/2022;09:50:00;69;Sem vítima;149,000;BR-101/ES;Decrescente;Engavetamento;0;0;1;0;0;2;0;0;0;0;1;0;0;0;0
17/08/2022;10:36:00;82;Com vítima;266,500;BR-101/ES;Crescente;Colisão traseira;2;0;0;0;0;0;0;0;0;0;2;0;1;0;0
17/08/2022;10:46:00;84;Com vítima;385,000;BR-101/ES;Crescente;Colisão traseira;0;0;0;0;1;1;0;0;0;0;12;2;0;0;0
17/08/2022;13:58:00;110;Sem vítima;943,500;BR-101/ES;Crescente;Colisão traseira;0;0;0;0;0;2;0;0;0;0;2;0;0;0;0
17/08/2022;16:15:00;135;Sem vítima;281,000;BR-101/ES;Crescente;Choque;1;0;0;0;0;0;0;0;0;0;1;0;0;0;0
17/08/2022;18:16:00;152;Sem vítima;294,600;BR-101/ES;Decrescente;Engavetamento;3;0;0;0;0;0;0;0;0;0;3;0;0;0;0
17/08/2022;18:17:00;153;Sem vítima;263,900;BR-101/ES;Crescente;Acidentes de outra natureza;0;0;1;0;0;0;0;0;0;0;1;0;0;0;0
17/08/2022;20:08:00;165;Com vítima;146,800;BR-101/ES;Crescente;Colisão lateral no mesmo sentido;0;0;0;1;0;0;0;0;0;0;0;1;0;0;0
17/08/2022;21:43:00;176;Sem vítima;220,000;BR-101/ES;Crescente;Atropelamento de animal;1;0;0;0;0;0;0;0;0;0;1;0;0;0;0
17/08/2022;21:46:00;177;Com vítima;101,900;BR-101/ES;Decrescente;Choque;0;0;0;0;0;1;0;0;0;0;0;1;0;0;0
18/08/2022;01:30:00;8;Sem vítima;307,600;BR-101/ES;Crescente;Saída de pista;1;0;0;0;0;0;0;0;0;0;1;0;0;0;0
18/08/2022;03:42:00;14;Sem vítima;167,000;BR-101/ES;Crescente;Acidentes de outra natureza;0;0;0;0;0;1;0;0;0;0;1;0;0;0;0
18/08/2022;07:43:00;40;Com vítima;289,800;BR-101/ES;Decrescente;Colisão traseira;0;0;0;1;0;1;0;0;0;0;1;1;0;0;0
18/08/2022;08:59:00;50;Com vítima;954,000;BR-101/ES;Decrescente;Colisão traseira;0;0;0;1;0;1;0;0;0;0;1;1;0;0;0
18/08/2022;09:42:00;63;Com vítima;371,200;BR-101/ES;Decrescente;Colisão transversal;1;0;0;0;0;1;0;0;0;0;1;1;0;0;0
18/08/2022;13:29:00;101;Sem vítima;274,500;BR-101/ES;Decrescente;Saída de pista;1;0;0;0;0;0;0;0;0;0;1;0;0;0;0
18/08/2022;15:54:00;122;Sem vítima;245,800;BR-101/ES;Crescente;Colisão traseira;2;0;0;0;0;0;0;0;0;0;2;0;0;0;0
18/08/2022;18:59:00;146;Com vítima;137,000;BR-101/ES;Crescente;Colisão transversal;1;0;0;3;0;0;0;0;0;0;1;1;1;1;0
18/08/2022;19:04:00;148;Sem vítima;302,400;BR-101/ES;Decrescente;Choque;1;0;0;0;0;0;0;0;0;0;2;0;0;0;0
18/08/2022;20:44:00;160;Sem vítima;280,300;BR-101/ES;Decrescente;Colisão lateral no mesmo sentido;1;0;0;0;0;1;0;0;0;0;2;0;0;0;0
18/08/2022;21:30:00;166;Com vítima;329,600;BR-101/ES;Decrescente;Atropelamento de animal;2;0;0;1;0;0;0;0;0;0;1;1;1;0;0
18/08/2022;22:25:00;171;Com vítima;212,950;BR-101/ES;Crescente;Queda de moto;0;0;0;1;0;0;0;0;0;0;0;0;1;0;0
18/08/2022;23:42:00;181;Com vítima;238,500;BR-101/ES;Crescente;Atropelamento de animal;1;0;0;0;0;0;0;0;0;0;2;1;1;0;0
19/08/2022;05:34:00;10;Sem vítima;79,400;BR-101/ES;Crescente;Choque;1;0;0;0;0;0;0;0;0;0;1;0;0;0;0
19/08/2022;06:43:00;19;Com vítima;266,600;BR-101/ES;Crescente;Colisão traseira;0;0;0;1;0;0;0;0;0;1;1;0;1;0;0
19/08/2022;08:46:00;56;Sem vítima;366,000;BR-101/ES;Crescente;Choque;1;0;0;0;0;0;0;0;0;0;1;0;0;0;0
19/08/2022;09:54:00;69;Com vítima;222,800;BR-101/ES;Decrescente;Saída de pista;1;0;0;0;0;0;0;0;0;0;0;2;0;0;0
19/08/2022;10:51:00;83;Sem vítima;388,600;BR-101/ES;Crescente;Engavetamento;1;0;2;0;0;0;0;0;0;0;5;0;0;0;0
19/08/2022;12:15:00;100;Sem vítima;391,000;BR-101/ES;Decrescente;Colisão traseira;1;0;0;0;0;1;0;0;0;0;3;0;0;0;0
19/08/2022;12:19:00;101;Com vítima;292,000;BR-101/ES;Decrescente;Queda de moto;0;0;0;1;0;0;0;0;0;0;0;0;1;0;0
19/08/2022;12:38:00;103;Sem vítima;389,000;BR-101/ES;Crescente;Colisão lateral em sentido contrário;0;0;0;0;0;1;0;0;0;1;2;0;0;0;0
19/08/2022;15:31:00;125;Com vítima;281,000;BR-101/ES;Crescente;Colisão transversal;0;0;1;1;0;0;0;0;0;0;1;1;0;0;0
19/08/2022;16:48:00;142;Com vítima;21,000;BR-101/ES;Crescente;Choque;0;0;0;1;0;0;0;0;0;0;0;0;1;0;0
19/08/2022;16:58:00;128;Sem vítima;229,200;BR-101/ES;Decrescente;Colisão traseira;1;0;0;0;0;0;0;0;0;1;2;0;0;0;0
19/08/2022;16:59:00;145;Sem vítima;340,001;BR-101/ES;Decrescente;Colisão traseira;1;0;0;0;0;1;0;0;0;0;3;0;0;0;0
19/08/2022;17:04:00;148;Com vítima;124,900;BR-101/ES;Decrescente;Colisão transversal;0;0;0;2;0;0;0;0;0;0;1;0;1;0;0
19/08/2022;17:37:00;150;Sem vítima;77,000;BR-101/ES;Crescente;Colisão traseira;2;0;0;0;0;0;0;0;0;0;6;0;0;0;0
19/08/2022;17:38:00;151;Sem vítima;254,000;BR-101/ES;Crescente;Engavetamento;3;0;1;0;0;0;0;0;0;1;5;0;0;0;0
19/08/2022;17:56:00;155;Com vítima;267,000;BR-101/ES;Decrescente;Colisão traseira;1;0;0;0;0;0;0;0;0;1;2;1;0;0;0
19/08/2022;18:27:00;161;Com vítima;267,000;BR-101/ES;Crescente;Atropelamento de ciclista;0;1;0;1;0;0;0;0;0;0;1;0;1;0;0
19/08/2022;18:41:00;164;Sem vítima;2,200;BR-101/ES;Crescente;Choque;1;0;0;0;0;0;0;0;0;0;1;0;0;0;0
20/08/2022;05:05:00;17;Sem vítima;210,000;BR-101/ES;Decrescente;Choque;1;0;0;0;0;0;0;0;0;0;0;0;0;0;0
20/08/2022;07:33:00;33;Com vítima;392,000;BR-101/ES;Decrescente;Queda de moto;0;0;0;1;0;1;0;0;0;0;1;0;0;0;1
20/08/2022;08:46:00;46;Sem vítima;363,000;BR-101/ES;Crescente;Choque;0;0;1;0;0;0;0;0;0;0;2;0;0;0;0
20/08/2022;10:18:00;78;Com vítima;257,300;BR-101/ES;Crescente;Atropelamento de ciclista;1;1;0;0;0;0;0;0;0;0;2;0;0;0;1
20/08/2022;10:39:00;81;Com vítima;219,900;BR-101/ES;Crescente;Capotamento;1;0;0;0;0;0;0;0;0;0;0;0;1;0;0
20/08/2022;11:10:00;83;Com vítima;144,000;BR-101/ES;Decrescente;Queda de moto;0;0;0;1;0;0;0;0;0;0;0;1;0;0;0
20/08/2022;18:28:00;139;Sem vítima;298,000;BR-101/ES;Crescente;Atropelamento de ciclista;1;1;0;0;0;0;0;0;0;0;2;0;0;0;0
20/08/2022;20:14:00;148;Sem vítima;145,000;BR-101/ES;Decrescente;Colisão traseira;2;0;0;0;0;0;0;0;0;0;2;0;0;0;0
20/08/2022;20:36:00;152;Com vítima;32,000;BR-101/ES;Crescente;Colisão frontal;1;0;0;0;0;1;0;0;0;0;1;0;0;3;2
20/08/2022;20:37:00;153;Com vítima;66,000;BR-101/ES;Decrescente;Atropelamento de pedestre;0;0;0;1;0;0;0;0;0;0;0;0;2;0;0
21/08/2022;06:12:00;19;Sem vítima;388,750;BR-101/ES;Decrescente;Tombamento;1;0;0;0;0;0;0;0;0;0;1;0;0;0;0
21/08/2022;06:52:00;25;Sem vítima;31,000;BR-101/ES;Crescente;Choque;0;0;0;0;0;0;0;0;0;1;1;0;0;0;0
21/08/2022;13:41:00;83;Sem vítima;101,000;BR-101/ES;Crescente;Colisão traseira;1;0;0;0;0;1;0;0;0;0;1;0;0;0;0
21/08/2022;17:25:00;112;Com vítima;314,000;BR-101/ES;Crescente;Colisão traseira;2;0;0;0;0;0;0;0;0;0;1;1;2;0;0
21/08/2022;18:33:00;124;Sem vítima;347,500;BR-101/ES;Crescente;Choque;1;0;0;0;0;0;0;0;0;0;1;0;0;0;0
21/08/2022;18:56:00;132;Sem vítima;388,750;BR-101/ES;Decrescente;Acidentes de outra natureza;0;0;0;0;0;1;0;0;0;0;1;0;0;0;0
21/08/2022;20:51:00;146;Sem vítima;264,000;BR-101/ES;Decrescente;Colisão traseira;1;0;0;0;0;0;0;0;0;0;1;0;0;0;0
21/08/2022;21:26:00;151;Com vítima;272,200;BR-101/ES;Crescente;Queda de moto;0;0;0;1;0;0;0;0;0;0;0;0;1;0;0
21/08/2022;21:32:00;152;Sem vítima;354,600;BR-101/ES;Crescente;Choque;0;0;1;0;0;0;0;0;0;0;1;0;0;0;0
21/08/2022;23:58:00;170;Com vítima;213,000;BR-101/ES;Crescente;Colisão frontal;2;0;0;0;0;0;0;0;0;0;0;1;1;0;0
22/08/2022;03:43:00;13;Sem vítima;269,700;BR-101/ES;Decrescente;Colisão transversal;1;0;0;0;0;1;0;0;0;0;3;0;0;0;0
22/08/2022;05:13:00;21;Com vítima;312,000;BR-101/ES;Decrescente;Choque;1;0;0;0;0;0;0;0;0;0;0;0;3;0;0
22/08/2022;06:53:00;35;Sem vítima;293,300;BR-101/ES;Crescente;Colisão transversal;1;0;0;0;0;1;0;0;0;0;2;0;0;0;0
22/08/2022;11:41:00;92;Sem vítima;266,299;BR-101/ES;Crescente;Colisão traseira;2;0;0;0;0;0;0;0;0;0;2;0;0;0;0
22/08/2022;12:54:00;100;Sem vítima;235,800;BR-101/ES;Decrescente;Tombamento;1;0;0;0;0;0;0;0;0;0;1;0;0;0;0
22/08/2022;13:07:00;101;Sem vítima;339,000;BR-101/ES;Decrescente;Choque;1;0;0;0;0;0;0;0;0;0;1;0;0;0;0
22/08/2022;13:47:00;104;Sem vítima;229,400;BR-101/ES;Decrescente;Choque;0;0;1;0;0;0;0;0;0;0;2;0;0;0;0
22/08/2022;14:20:00;109;Sem vítima;431,050;BR-101/ES;Decrescente;Capotamento;1;0;0;0;0;0;0;0;0;0;1;0;0;0;0
22/08/2022;16:45:00;139;Com vítima;314,700;BR-101/ES;Decrescente;Choque;1;0;0;0;0;1;0;0;0;0;1;3;0;0;0
22/08/2022;16:53:00;142;Com vítima;293,500;BR-101/ES;Crescente;Atropelamento de animal;0;0;0;1;0;0;0;0;0;0;0;1;0;0;0
22/08/2022;21:56:00;186;Sem vítima;294,000;BR-101/ES;Crescente;Choque;1;0;0;0;0;0;0;0;0;0;1;0;0;0;0
23/08/2022;05:16:00;22;Sem vítima;417,800;BR-101/ES;Decrescente;Atropelamento de animal;0;0;1;0;0;0;0;0;0;0;1;0;0;0;0
23/08/2022;11:57:00;104;Com vítima;149,600;BR-101/ES;Crescente;Colisão transversal;1;0;0;0;0;1;0;0;0;0;2;2;0;0;0
23/08/2022;13:35:00;115;Sem vítima;259,900;BR-101/ES;Crescente;Colisão lateral no mesmo sentido;1;0;1;0;0;0;0;0;0;0;2;0;0;0;0
23/08/2022;16:31:00;150;Com vítima;269,900;BR-101/ES;Crescente;Colisão traseira;2;0;0;1;0;0;0;0;0;0;3;0;1;0;0
23/08/2022;21:14:00;195;Sem vítima;291,000;BR-101/ES;Crescente;Colisão lateral no mesmo sentido;1;0;0;0;0;1;0;0;0;0;2;0;0;0;0
23/08/2022;23:00:00;203;Sem vítima;287,200;BR-101/ES;Crescente;Colisão traseira;1;0;0;0;1;0;0;0;0;0;2;0;0;0;0
23/08/2022;23:56:00;206;Sem vítima;263,000;BR-101/ES;Crescente;Colisão transversal;1;0;0;0;0;1;0;0;0;0;2;0;0;0;0
24/08/2022;07:02:00;22;Com vítima;303,200;BR-101/ES;Decrescente;Queda de moto;0;0;0;1;0;0;0;0;0;0;0;2;0;0;0
24/08/2022;08:02:00;41;Sem vítima;289,700;BR-101/ES;Decrescente;Choque;1;0;0;0;0;0;0;0;0;0;1;0;0;0;0
24/08/2022;08:52:00;53;Sem vítima;110,000;BR-101/ES;Crescente;Colisão traseira;1;0;1;0;0;0;0;0;0;0;2;0;0;0;0
24/08/2022;09:17:00;56;Com vítima;279,000;BR-101/ES;Crescente;Colisão traseira;2;0;0;0;0;0;0;0;0;0;5;1;0;0;0
24/08/2022;12:56:00;85;Com vítima;245,400;BR-101/ES;Crescente;Saída de pista;1;0;0;0;0;0;0;0;0;0;2;0;1;0;0