data;horario;n_da_ocorrencia;tipo_de_ocorrencia;km;trecho;sentido;tipo_de_acidente;automovel;bicicleta;caminhao;moto;onibus;outros;tracao_animal;transporte_de_cargas_especiais;trator_maquinas;utilitarios;ilesos;levemente_feridos;moderadamente_feridos;gravemente_feridos;mortos
24/08/2022;15:13:00;109;Sem vítima;255,900;BR-101/ES;Decrescente;Choque;1;0;0;0;0;0;0;0;0;0;1;0;0;0;0
24/08/2022;16:12:00;120;Sem vítima;361,000;BR-101/ES;Decrescente;Colisão traseira;0;0;1;0;0;0;0;0;0;1;9;0;0;0;0
24/08/2022;17:29:00;140;Sem vítima;67,500;BR-101/ES;Crescente;Colisão lateral no mesmo sentido;1;0;0;0;0;1;0;0;0;0;2;0;0;0;0
24/08/2022;17:43:00;143;Sem vítima;255,200;BR-101/ES;Crescente;Saída de pista;1;0;0;0;0;0;0;0;0;0;2;0;0;0;0
24/08/2022;18:54:00;155;Sem vítima;68,000;BR-101/ES;Crescente;Colisão traseira;1;0;0;0;0;1;0;0;0;0;1;0;0;0;0
24/08/2022;19:25:00;161;Com vítima;254,000;BR-101/ES;Crescente;Colisão traseira;1;0;0;1;0;0;0;0;0;0;1;0;1;0;0
24/08/2022;20:26:00;170;Sem vítima;287,000;BR-101/ES;Crescente;Capotamento;1;0;0;0;0;0;0;0;0;0;1;0;0;0;0
24/08/2022;20:29:00;171;Sem vítima;298,000;BR-101/ES;Decrescente;Colisão lateral no mesmo sentido;1;0;1;0;0;0;0;0;0;0;3;0;0;0;0
24/08/2022;21:50:00;180;Sem vítima;339,000;BR-101/ES;Decrescente;Choque;1;0;0;0;0;0;0;0;0;0;1;0;0;0;0
25/08/2022;06:16:00;17;Com vítima;183,300;BR-101/ES;Decrescente;Saída de pista;1;0;0;0;0;0;0;0;0;0;0;1;0;0;0
25/08/2022;07:40:00;36;Sem vítima;294,700;BR-101/ES;Decrescente;Colisão lateral no mesmo sentido;1;0;0;1;0;0;0;0;0;0;2;0;0;0;0
25/08/2022;08:19:00;47;Sem vítima;258,900;BR-101/ES;Crescente;Choque;0;0;1;0;1;0;0;0;0;0;0;0;0;0;0
25/08/2022;08:28:00;52;Sem vítima;144,100;BR-101/ES;Crescente;Colisão lateral no mesmo sentido;1;0;0;0;0;1;0;0;0;0;2;0;0;0;0
25/08/2022;08:29:00;53;Sem vítima;394,000;BR-101/ES;Decrescente;Saída de pista;0;0;0;0;0;1;0;0;0;0;2;0;0;0;0
25/08/2022;08:57:00;57;Sem vítima;258,500;BR-101/ES;Crescente;Colisão lateral no mesmo sentido;1;0;1;0;0;0;0;0;0;0;2;0;0;0;0
25/08/2022;09:46:00;68;Sem vítima;384,000;BR-101/ES;Decrescente;Choque;1;0;1;0;0;0;0;0;0;0;2;0;0;0;0
25/08/2022;10:44:00;80;Sem vítima;947,500;BR-101/ES;Crescente;Choque;1;0;0;0;0;0;0;0;0;0;1;0;0;0;0
25/08/2022;13:25:00;105;Sem vítima;341,000;BR-101/ES;Decrescente;Choque;1;0;0;0;0;0;0;0;0;0;1;0;0;0;0
26/08/2022;02:56:00;9;Sem vítima;346,000;BR-101/ES;Decrescente;Choque;1;0;0;0;0;0;0;0;0;0;1;0;0;0;0
26/08/2022;05:38:00;19;Com vítima;79,400;BR-101/ES;Crescente;Queda de moto;0;0;0;1;0;0;0;0;0;0;0;2;0;0;0
26/08/2022;07:16:00;38;Sem vítima;361,000;BR-101/ES;Crescente;Colisão traseira;0;0;0;0;0;0;0;0;0;2;4;0;0;0;0
26/08/2022;07:24:00;40;Com vítima;290,900;BR-101/ES;Crescente;Colisão transversal;1;0;0;1;0;0;0;0;0;0;1;0;1;0;0
26/08/2022;11:39:00;93;Sem vítima;127,000;BR-101/ES;Decrescente;Colisão traseira;2;0;0;0;0;0;0;0;0;0;3;0;0;0;0
26/08/2022;11:47:00;95;Sem vítima;265,700;BR-101/ES;Decrescente;Engavetamento;3;0;0;0;0;1;0;0;0;0;4;0;0;0;0
26/08/2022;12:49:00;104;Sem vítima;264,800;BR-101/ES;Decrescente;Colisão transversal;2;0;0;0;0;0;0;0;0;0;3;0;0;0;0
26/08/2022;15:13:00;117;Com vítima;146,000;BR-101/ES;Crescente;Colisão transversal;1;0;0;1;0;0;0;0;0;0;1;1;0;0;0
26/08/2022;15:26:00;119;Com vítima;298,000;BR-101/ES;Decrescente;Colisão lateral no mesmo sentido;1;0;0;1;0;0;0;0;0;0;1;0;1;0;0
26/08/2022;19:06:00;150;Com vítima;265,000;BR-101/ES;Decrescente;Colisão traseira;2;0;0;1;0;0;0;0;0;0;2;0;1;0;0
26/08/2022;19:32:00;153;Sem vítima;209,000;BR-101/ES;Decrescente;Choque;1;0;0;0;0;0;0;0;0;0;1;0;0;0;0
26/08/2022;19:55:00;155;Sem vítima;261,000;BR-101/ES;Decrescente;Colisão traseira;2;0;0;0;0;0;0;0;0;0;4;0;0;0;0
26/08/2022;20:43:00;164;Sem vítima;28,000;BR-101/ES;Crescente;Choque;0;0;1;0;0;0;0;0;0;0;1;0;0;0;0
26/08/2022;21:21:00;172;Com vítima;58,000;BR-101/ES;Crescente;Atropelamento de pedestre;0;0;0;0;0;0;0;0;0;0;0;0;1;0;0
27/08/2022;01:22:00;5;Com vítima;71,100;BR-101/ES;Crescente;Colisão transversal;1;0;0;1;0;0;0;0;0;0;2;0;1;0;0
27/08/2022;08:50:00;62;Sem vítima;25,000;BR-101/ES;Crescente;Saída de pista;1;0;0;0;0;0;0;0;0;0;1;0;0;0;0
27/08/2022;08:52:00;63;Sem vítima;261,900;BR-101/ES;Crescente;Colisão lateral no mesmo sentido;1;0;0;0;0;1;0;0;0;0;2;0;0;0;0
27/08/2022;09:31:00;69;Sem vítima;214,000;BR-101/ES;Decrescente;Acidentes de outra natureza;0;0;0;0;0;1;0;0;0;0;1;0;0;0;0
27/08/2022;15:22:00;129;Sem vítima;69,500;BR-101/ES;Crescente;Colisão traseira;1;0;0;1;0;0;0;0;0;0;2;0;0;0;0
27/08/2022;17:13:00;145;Sem vítima;398,900;BR-101/ES;Crescente;Colisão traseira;1;0;0;0;0;1;0;0;0;0;2;0;0;0;0
27/08/2022;20:33:00;175;Com vítima;154,000;BR-101/ES;Decrescente;Saída de pista;1;0;0;0;0;0;0;0;0;0;0;1;0;0;0
27/08/2022;21:39:00;183;Sem vítima;16,500;BR-101/ES;Crescente;Saída de pista;1;0;0;0;0;0;0;0;0;0;1;0;0;0;0
27/08/2022;21:54:00;184;Sem vítima;343,600;BR-101/ES;Decrescente;Saída de pista;0;0;0;0;0;1;0;0;0;0;1;0;0;0;0
27/08/2022;23:18:00;189;Sem vítima;254,100;BR-101/ES;Crescente;Colisão lateral em sentido contrário;2;0;0;0;0;0;0;0;0;0;6;0;0;0;0
28/08/2022;07:39:00;25;Com vítima;269,700;BR-101/ES;Crescente;Colisão traseira;1;0;0;1;0;0;0;0;0;0;2;1;0;0;0
28/08/2022;12:38:00;77;Com vítima;233,300;BR-101/ES;Decrescente;Colisão lateral no mesmo sentido;1;0;0;1;0;0;0;0;0;0;5;0;1;0;0
28/08/2022;14:27:00;97;Com vítima;62,000;BR-101/ES;Decrescente;Capotamento;1;0;0;0;0;0;0;0;0;0;0;1;0;0;0
28/08/2022;14:28:00;99;Sem vítima;320,800;BR-101/ES;Crescente;Colisão traseira;2;0;0;0;0;0;0;0;0;0;3;0;0;0;0
28/08/2022;15:15:00;106;Sem vítima;232,000;BR-101/ES;Crescente;Colisão traseira;1;0;0;0;0;1;0;0;0;0;3;0;0;0;0
28/08/2022;16:04:00;116;Sem vítima;224,400;BR-101/ES;Decrescente;Choque;1;0;0;0;0;0;0;0;0;0;5;0;0;0;0
29/08/2022;03:08:00;16;Com vítima;65,000;BR-101/ES;Crescente;Colisão lateral no mesmo sentido;0;0;0;0;0;2;0;0;0;0;1;1;0;0;0
29/08/2022;05:33:00;22;Com vítima;165,200;BR-101/ES;Crescente;Saída de pista;1;0;0;0;0;0;0;0;0;0;0;1;0;0;0
29/08/2022;07:16:00;34;Sem vítima;79,000;BR-101/ES;Decrescente;Colisão traseira;2;0;0;0;0;0;0;0;0;0;6;0;0;0;0
29/08/2022;07:44:00;43;Sem vítima;246,000;BR-101/ES;Decrescente;Choque;1;0;0;0;0;0;0;0;0;0;1;0;0;0;0
29/08/2022;08:59:00;57;Com vítima;65,000;BR-101/ES;Decrescente;Queda de bicicleta;0;1;0;0;0;0;0;0;0;0;0;0;1;0;0
29/08/2022;10:13:00;73;Sem vítima;276,000;BR-101/ES;Decrescente;Choque;0;0;1;0;0;0;0;0;0;0;1;0;0;0;0
29/08/2022;11:28:00;88;Sem vítima;314,000;BR-101/ES;Decrescente;Choque;1;0;0;0;0;0;0;0;0;0;1;0;0;0;0
29/08/2022;12:51:00;99;Com vítima;393,500;BR-101/ES;Crescente;Colisão lateral em sentido contrário;1;0;1;0;0;0;0;0;0;0;1;0;2;0;0
29/08/2022;13:38:00;105;Sem vítima;364,000;BR-101/ES;Crescente;Choque;1;0;0;0;0;0;0;0;0;0;2;0;0;0;0
29/08/2022;13:55:00;108;Sem vítima;315,700;BR-101/ES;Decrescente;Choque;0;0;0;0;0;1;0;0;0;0;1;0;0;0;0
29/08/2022;14:59:00;113;Sem vítima;259,250;BR-101/ES;Decrescente;Tombamento;0;0;1;0;0;0;0;0;0;0;2;0;0;0;0
29/08/2022;15:14:00;118;Sem vítima;2,000;Contorno de Iconha/ES;Crescente;Choque;1;0;0;0;0;0;0;0;0;0;1;0;0;0;0
29/08/2022;17:53:00;144;Sem vítima;358,300;BR-101/ES;Decrescente;Saída de pista;0;0;1;0;0;0;0;0;0;0;3;0;0;0;0
29/08/2022;18:35:00;147;Sem vítima;289,000;BR-101/ES;Crescente;Colisão traseira;2;0;0;0;0;0;0;0;0;0;2;0;0;0;0
29/08/2022;19:11:00;153;Com vítima;66,600;BR-101/ES;Crescente;Atropelamento de ciclista;0;1;0;0;0;1;0;0;0;0;0;1;0;0;0
30/08/2022;07:33:00;31;Com vítima;145,900;BR-101/ES;Crescente;Colisão traseira;1;0;0;1;0;0;0;0;0;0;1;1;0;0;0
30/08/2022;11:48:00;78;Com vítima;354,200;BR-101/ES;Decrescente;Colisão frontal;1;0;0;1;0;0;0;0;0;0;0;0;1;1;0
30/08/2022;14:24:00;97;Com vítima;442,400;BR-101/ES;Decrescente;Colisão traseira;1;0;0;1;0;0;0;0;0;0;3;0;1;0;0
30/08/2022;15:01:00;107;Com vítima;315,700;BR-101/ES;Decrescente;Capotamento;0;0;1;0;0;0;0;0;0;0;0;1;0;0;0
31/08/2022;03:30:00;14;Sem vítima;90,600;BR-101/ES;Decrescente;Colisão traseira;0;0;1;0;0;0;0;0;0;0;1;0;0;0;0
31/08/2022;03:31:00;15;Sem vítima;117,300;BR-101/ES;Decrescente;Acidentes de outra natureza;1;0;0;0;0;0;0;0;0;0;1;0;0;0;0
31/08/2022;06:55:00;26;Sem vítima;142,700;BR-101/ES;Decrescente;Colisão traseira;1;0;1;0;0;0;0;0;0;0;2;0;0;0;0
31/08/2022;08:16:00;72;Sem vítima;334,000;BR-101/ES;Decrescente;Colisão transversal;1;0;1;0;0;0;0;0;0;0;2;0;0;0;0
31/08/2022;11:25:00;117;Com vítima;365,700;BR-101/ES;Decrescente;Tombamento;0;0;0;0;0;1;0;0;0;0;0;1;0;0;0
31/08/2022;11:30:00;119;Sem vítima;219,000;BR-101/ES;Crescente;Saída de pista;1;0;0;0;0;0;0;0;0;0;1;0;0;0;0
31/08/2022;13:10:00;126;Com vítima;291,000;BR-101/ES;Decrescente;Colisão lateral no mesmo sentido;0;0;1;1;0;0;0;0;0;0;1;0;1;0;0
31/08/2022;15:11:00;147;Sem vítima;357,900;BR-101/ES;Decrescente;Colisão lateral no mesmo sentido;0;0;0;0;0;2;0;0;0;0;1;0;0;0;0
31/08/2022;16:12:00;161;Sem vítima;398,900;BR-101/ES;Crescente;Colisão traseira;1;0;0;0;0;1;0;0;0;0;2;0;0;0;0
31/08/2022;17:08:00;168;Com vítima;285,000;BR-101/ES;Crescente;Colisão transversal;0;0;0;1;0;1;0;0;0;0;0;0;1;0;0
31/08/2022;18:31:00;182;Com vítima;269,000;BR-101/ES;Crescente;Colisão traseira;0;0;0;2;0;0;0;0;0;0;1;1;0;0;0
31/08/2022;19:27:00;191;Com vítima;343,000;BR-101/ES;Decrescente;Saída de pista;1;0;0;0;0;0;0;0;0;0;0;1;0;0;0
31/08/2022;19:47:00;193;Sem vítima;363,500;BR-101/ES;Crescente;Tombamento;0;0;0;0;0;1;0;0;0;0;1;0;0;0;0
01/09/2022;03:39:00;9;Sem vítima;11,800;BR-101/ES;Crescente;Colisão traseira;0;0;0;0;0;2;0;0;0;0;2;0;0;0;0
01/09/2022;05:54:00;15;Com vítima;276,300;BR-101/ES;Decrescente;Atropelamento de animal;0;0;0;0;0;1;0;0;0;0;0;0;1;0;0
01/09/2022;07:54:00;36;Sem vítima;345,000;BR-101/ES;Decrescente;Choque;1;0;0;0;0;0;0;0;0;0;1;0;0;0;0
01/09/2022;08:13:00;43;Sem vítima;281,000;BR-101/ES;Decrescente;Colisão traseira;2;0;1;0;0;0;0;0;0;0;5;0;0;0;0
01/09/2022;08:58:00;56;Com vítima;176,300;BR-101/ES;Crescente;Atropelamento de ciclista;0;1;0;0;0;1;0;0;0;0;0;1;0;0;0
01/09/2022;11:13:00;80;Com vítima;262,300;BR-101/ES;Decrescente;Engavetamento;2;0;1;1;0;1;0;0;0;0;5;0;1;0;0
01/09/2022;11:34:00;84;Com vítima;240,400;BR-101/ES;Decrescente;Choque;0;0;1;0;0;0;0;0;0;0;2;1;0;0;0
01/09/2022;14:03:00;104;Sem vítima;230,300;BR-101/ES;Decrescente;Colisão transversal;0;0;0;0;0;0;0;0;0;2;2;0;0;0;0
01/09/2022;14:55:00;116;Sem vítima;282,000;BR-101/ES;Crescente;Choque;1;0;0;0;0;0;0;0;0;0;2;0;0;0;0
01/09/2022;18:07:00;152;Sem vítima;68,500;BR-101/ES;Decrescente;Engavetamento;3;0;0;0;0;0;0;0;0;0;3;0;0;0;0
01/09/2022;18:39:00;158;Sem vítima;54,000;BR-101/ES;Crescente;Colisão traseira;2;0;0;0;0;1;0;0;0;0;3;0;0;0;0
02/09/2022;07:50:00;39;Com vítima;269,900;BR-101/ES;Decrescente;Colisão traseira;0;0;0;2;0;0;0;0;0;0;1;0;1;0;0
02/09/2022;09:42:00;53;Sem vítima;264,000;BR-101/ES;Decrescente;Colisão traseira;0;0;0;1;0;0;0;0;0;0;1;0;0;0;0
02/09/2022;09:58:00;57;Sem vítima;141,900;BR-101/ES;Decrescente;Colisão traseira;1;0;0;0;0;1;0;0;0;0;1;0;0;0;0
02/09/2022;11:22:00;72;Sem vítima;393,400;BR-101/ES;Decrescente;Engavetamento;2;0;0;0;0;1;0;0;0;0;5;0;0;0;0
02/09/2022;15:52:00;116;Com vítima;294,100;BR-101/ES;Crescente;Engavetamento;2;0;2;0;0;0;0;0;0;0;4;0;1;0;0
02/09/2022;16:34:00;126;Com vítima;69,600;BR-101/ES;Crescente;Colisão transversal;0;0;1;1;0;0;0;0;0;0;1;1;0;0;0
02/09/2022;17:45:00;134;Com vítima;269,000;BR-101/ES;Decrescente;Colisão transversal;1;0;0;1;0;0;0;0;0;0;1;1;0;0;0
02/09/2022;18:12:00;137;Sem vítima;262,200;BR-101/ES;Decrescente;Colisão traseira;1;0;0;0;0;1;0;0;0;0;2;0;0;0;0
02/09/2022;18:21:00;138;Com vítima;168,000;BR-101/ES;Crescente;Saída de pista;1;0;0;0;0;0;0;0;0;0;0;3;2;0;0
02/09/2022;19:12:00;147;Sem vítima;252,900;BR-101/ES;Crescente;Acidentes de outra natureza;1;0;0;0;0;0;0;0;0;0;1;0;0;0;0
02/09/2022;19:32:00;150;Sem vítima;85,000;BR-101/ES;Decrescente;Choque;1;0;0;0;0;0;0;0;0;0;2;0;0;0;0
03/09/2022;01:06:00;10;Sem vítima;316,200;BR-101/ES;Crescente;Colisão lateral no mesmo sentido;1;0;1;0;0;0;0;0;0;0;3;0;0;0;0
03/09/2022;06:50:00;30;Sem vítima;59,000;BR-101/ES;Crescente;Saída de pista;1;0;0;0;0;0;0;0;0;0;1;0;0;0;0
03/09/2022;07:30:00;39;Com vítima;208,500;BR-101/ES;Crescente;Colisão lateral no mesmo sentido;1;0;0;0;0;0;0;0;0;0;0;1;0;0;0
03/09/2022;08:12:00;53;Com vítima;113,200;BR-101/ES;Decrescente;Tombamento;0;0;0;0;0;1;0;0;0;0;0;1;0;0;0
03/09/2022;09:10:00;63;Sem vítima;221,000;BR-101/ES;Decrescente;Choque;1;0;0;0;0;0;0;0;0;0;1;0;0;0;0
03/09/2022;10:11:00;74;Sem vítima;285,000;BR-101/ES;Decrescente;Choque;0;0;1;0;0;0;0;0;0;1;2;0;0;0;0
03/09/2022;12:30:00;97;Sem vítima;125,000;BR-101/ES;Decrescente;Colisão transversal;1;0;0;0;0;1;0;0;0;0;2;0;0;0;0
03/09/2022;14:46:00;118;Sem vítima;262,000;BR-101/ES;Decrescente;Colisão traseira;1;0;0;0;0;0;0;0;0;1;2;0;0;0;0
03/09/2022;15:04:00;122;Sem vítima;392,000;BR-101/ES;Decrescente;Colisão traseira;1;0;0;0;0;0;0;0;0;1;2;0;0;0;0
03/09/2022;15:50:00;128;Sem vítima;298,000;BR-101/ES;Decrescente;Colisão lateral no mesmo sentido;1;0;1;0;0;0;0;0;0;0;0;0;0;0;0
03/09/2022;15:56:00;130;Sem vítima;364,000;BR-101/ES;Crescente;Choque;1;0;0;0;0;0;0;0;0;0;1;0;0;0;0
03/09/2022;19:00:00;159;Sem vítima;346,000;BR-101/ES;Crescente;Choque;1;0;0;0;0;0;0;0;0;0;1;0;0;0;0
03/09/2022;19:05:00;161;Sem vítima;269,000;BR-101/ES;Crescente;Colisão traseira;1;0;0;0;1;0;0;0;0;0;2;0;0;0;0
03/09/2022;19:59:00;167;Com vítima;290,500;BR-101/ES;Decrescente;Atropelamento de pedestre;3;0;0;0;0;0;0;0;0;0;3;0;0;0;1
03/09/2022;23:01:00;188;Com vítima;62,400;BR-101/ES;Crescente;Choque;2;0;0;0;0;0;0;0;0;0;6;1;0;0;0
04/09/2022;06:15:00;21;Sem vítima;263,900;BR-101/ES;Decrescente;Colisão traseira;1;0;0;0;0;1;0;0;0;0;1;0;0;0;0
04/09/2022;06:48:00;25;Sem vítima;292,000;BR-101/ES;Crescente;Saída de pista;1;0;0;0;0;0;0;0;0;0;1;0;0;0;0
04/09/2022;11:08:00;73;Com vítima;147,020;BR-101/ES;Decrescente;Colisão transversal;2;0;0;0;0;0;0;0;0;0;2;1;0;0;0
04/09/2022;12:15:00;86;Com vítima;177,000;BR-101/ES;Decrescente;Colisão lateral em sentido contrário;2;0;0;0;0;0;0;0;0;0;3;0;0;1;0
04/09/2022;13:38:00;98;Sem vítima;85,800;BR-101/ES;Decrescente;Choque;1;0;0;0;0;0;0;0;0;0;2;0;0;0;0
05/09/2022;01:19:00;5;Sem vítima;275,000;BR-101/ES;Decrescente;Colisão traseira;0;0;1;0;0;0;0;0;0;1;2;0;0;0;0
05/09/2022;02:45:00;11;Sem vítima;263,800;BR-101/ES;Crescente;Saída de pista;1;0;0;0;0;0;0;0;0;0;1;0;0;0;0
05/09/2022;08:14:00;54;Com vítima;271,500;BR-101/ES;Decrescente;Queda de moto;0;0;0;1;0;1;0;0;0;0;1;0;1;0;0
05/09/2022;11:10:00;84;Sem vítima;276,000;BR-101/ES;Crescente;Choque;1;0;0;0;0;0;0;0;0;0;1;0;0;0;0
05/09/2022;12:34:00;95;Com vítima;265,750;BR-101/ES;Crescente;Colisão traseira;0;0;0;0;1;1;0;0;0;0;3;1;0;0;0
05/09/2022;16:03:00;114;Sem vítima;140,000;BR-101/ES;Decrescente;Colisão transversal;1;0;0;0;0;1;0;0;0;0;3;0;0;0;0
05/09/2022;16:44:00;118;Sem vítima;258,000;BR-101/ES;Decrescente;Choque;1;0;0;0;0;0;0;0;0;0;1;0;0;0;0
06/09/2022;06:51:00;31;Sem vítima;147,100;BR-101/ES;Decrescente;Colisão transversal;2;0;0;0;0;0;0;0;0;0;3;0;0;0;0
06/09/2022;08:16:00;50;Sem vítima;63,200;BR-101/ES;Crescente;Colisão traseira;1;0;0;0;0;1;0;0;0;0;2;0;0;0;0
06/09/2022;12:36:00;93;Sem vítima;269,000;BR-101/ES;Decrescente;Colisão lateral no mesmo sentido;1;0;0;0;0;1;0;0;0;0;2;0;0;0;0
06/09/2022;15:08:00;112;Sem vítima;149,500;BR-101/ES;Crescente;Engavetamento;2;0;0;0;0;0;0;0;0;1;3;0;0;0;0
06/09/2022;15:46:00;121;Sem vítima;272,000;BR-101/ES;Decrescente;Engavetamento;1;0;1;0;0;1;0;0;0;0;3;0;0;0;0
06/09/2022;16:20:00;127;Sem vítima;254,000;BR-101/ES;Crescente;Colisão traseira;1;0;1;0;0;0;0;0;0;0;2;0;0;0;0
06/09/2022;18:48:00;148;Com vítima;268,600;BR-101/ES;Crescente;Colisão lateral no mesmo sentido;1;0;0;1;0;0;0;0;0;0;3;0;1;0;0
08/09/2022;01:32:00;3;Sem vítima;359,200;BR-101/ES;Crescente;Saída de pista;1;0;0;0;0;0;0;0;0;0;2;0;0;0;0
08/09/2022;08:58:00;71;Sem vítima;271,000;BR-101/ES;Decrescente;Colisão traseira;1;0;0;0;0;0;0;0;0;1;2;0;0;0;0
08/09/2022;09:16:00;76;Sem vítima;40,900;BR-101/ES;Crescente;Colisão traseira;1;0;0;0;0;1;0;0;0;0;2;0;0;0;0
08/09/2022;12:32:00;103;Sem vítima;398,600;BR-101/ES;Decrescente;Choque;1;0;0;0;0;0;0;0;0;0;1;0;0;0;0
08/09/2022;13:29:00;107;Sem vítima;284,000;BR-101/ES;Decrescente;Choque;1;0;0;0;0;0;0;0;0;0;1;0;0;0;0
08/09/2022;14:39:00;116;Sem vítima;448,200;BR-101/ES;Crescente;Carreta deu L;0;0;0;0;0;1;0;0;0;0;1;0;0;0;0
08/09/2022;23:48:00;190;Sem vítima;311,000;BR-101/ES;Crescente;Atropelamento de animal;0;0;0;1;0;0;0;0;0;0;1;0;0;0;0
09/09/2022;14:22:00;105;Sem vítima;82,000;BR-101/ES;Decrescente;Colisão traseira;1;0;0;0;0;1;0;0;0;0;2;0;0;0;0
09/09/2022;16:41:00;132;Sem vítima;229,000;BR-101/ES;Decrescente;Colisão transversal;2;0;0;0;0;0;0;0;0;0;2;0;0;0;0
09/09/2022;19:38:00;159;Sem vítima;228,000;BR-101/ES;Crescente;Colisão traseira;2;0;0;0;0;0;0;0;0;0;5;0;0;0;0
09/09/2022;21:57:00;178;Com vítima;128,500;BR-101/ES;Decrescente;Colisão traseira;1;0;0;0;0;1;0;0;0;0;5;1;0;0;0
10/09/2022;05:38:00;13;Com vítima;149,000;BR-101/ES;Decrescente;Colisão lateral em sentido contrário;1;0;0;0;0;1;0;0;0;0;1;1;0;0;0
10/09/2022;09:50:00;60;Sem vítima;268,000;BR-101/ES;Decrescente;Colisão lateral no mesmo sentido;1;0;0;0;0;1;0;0;0;0;2;0;0;0;0
10/09/2022;12:55:00;79;Com vítima;79,200;BR-101/ES;Decrescente;Choque;1;0;0;0;0;0;0;0;0;0;0;0;2;0;0
10/09/2022;19:15:00;131;Sem vítima;38,300;BR-101/ES;Decrescente;Colisão traseira;2;0;0;0;0;0;0;0;0;0;3;0;0;0;0
10/09/2022;19:30:00;132;Sem vítima;424,400;BR-101/ES;Decrescente;Choque;1;0;0;0;0;0;0;0;0;0;1;0;0;0;0
10/09/2022;19:31:00;133;Com vítima;182,300;BR-101/ES;Decrescente;Colisão transversal;1;0;0;1;0;0;0;0;0;0;1;0;0;1;0
10/09/2022;19:47:00;136;Sem vítima;282,500;BR-101/ES;Decrescente;Colisão traseira;2;0;0;0;0;0;0;0;0;0;2;0;0;0;0
10/09/2022;20:28:00;142;Sem vítima;307,500;BR-101/ES;Decrescente;Colisão traseira;2;0;0;0;0;0;0;0;0;0;2;0;0;0;0
10/09/2022;20:53:00;149;Com vítima;93,400;BR-101/ES;Decrescente;Colisão transversal;1;0;1;0;0;0;0;0;0;0;1;0;0;1;0
10/09/2022;23:48:00;166;Sem vítima;296,000;BR-101/ES;Decrescente;Colisão lateral no mesmo sentido;2;0;0;0;0;0;0;0;0;0;2;0;0;0;0
11/09/2022;00:11:00;1;Com vítima;260,000;BR-101/ES;Crescente;Colisão lateral no mesmo sentido;2;0;0;0;0;0;0;0;0;0;4;2;0;0;0
11/09/2022;00:23:00;2;Sem vítima;296,000;BR-101/ES;Crescente;Colisão traseira;2;0;0;1;0;0;0;0;0;0;3;0;0;0;0
11/09/2022;05:04:00;18;Sem vítima;453,000;BR-101/ES;Crescente;Queda de moto;0;0;0;1;0;0;0;0;0;0;2;0;0;0;0
11/09/2022;07:07:00;30;Sem vítima;257,100;BR-101/ES;Crescente;Colisão traseira;1;0;0;0;0;1;0;0;0;0;1;0;0;0;0
11/09/2022;07:24:00;33;Sem vítima;66,100;BR-101/ES;Decrescente;Queda de moto;0;0;0;1;0;0;0;0;0;0;1;0;0;0;0
11/09/2022;09:51:00;54;Sem vítima;423,301;BR-101/ES;Crescente;Saída de pista;1;0;0;0;0;0;0;0;0;0;1;0;0;0;0
11/09/2022;13:23:00;77;Sem vítima;119,000;BR-101/ES;Crescente;Saída de pista;1;0;0;0;0;0;0;0;0;0;4;0;0;0;0
11/09/2022;17:57:00;123;Sem vítima;31,000;BR-101/ES;Decrescente;Choque;1;0;0;0;0;1;0;0;0;0;3;0;0;0;0
11/09/2022;18:10:00;124;Sem vítima;31,000;BR-101/ES;Crescente;Choque;1;0;0;0;0;1;0;0;0;0;2;0;0;0;0
11/09/2022;20:41:00;158;Sem vítima;340,000;BR-101/ES;Decrescente;Choque;1;0;0;0;0;0;0;0;0;0;1;0;0;0;0
11/09/2022;21:30:00;167;Sem vítima;254,000;BR-101/ES;Crescente;Colisão traseira;2;0;0;0;0;0;0;0;0;0;2;0;0;0;0
11/09/2022;21:36:00;169;Com vítima;277,400;BR-101/ES;Crescente;Atropelamento de animal;0;0;0;1;0;0;0;0;0;0;0;0;2;0;0
11/09/2022;22:01:00;173;Sem vítima;247,800;BR-101/ES;Crescente;Engavetamento;2;0;0;0;0;1;0;0;0;0;7;0;0;0;0
12/09/2022;08:16:00;69;Com vítima;258,300;BR-101/ES;Decrescente;Colisão traseira;1;0;0;0;0;1;0;0;0;0;2;0;1;0;0
12/09/2022;08:41:00;74;Com vítima;270,000;BR-101/ES;Crescente;Atropelamento de pedestre;0;0;0;0;1;0;0;0;0;0;1;0;1;0;0
12/09/2022;10:30:00;100;Sem vítima;265,000;BR-101/ES;Crescente;Colisão traseira;2;0;1;0;0;0;0;0;0;0;3;0;0;0;0
12/09/2022;18:01:00;163;Com vítima;208,000;BR-101/ES;Decrescente;Colisão lateral no mesmo sentido;1;0;0;0;0;1;0;0;0;0;1;1;0;0;0
12/09/2022;18:44:00;170;Com vítima;290,500;BR-101/ES;Decrescente;Atropelamento de pedestre;0;0;0;0;0;1;0;0;0;0;1;0;0;0;1
12/09/2022;18:45:00;171;Com vítima;275,800;BR-101/ES;Crescente;Saída de pista;0;0;0;1;0;0;0;0;0;0;0;0;1;0;0
12/09/2022;23:04:00;195;Com vítima;64,100;BR-101/ES;Crescente;Atropelamento de pedestre;0;0;0;0;0;1;0;0;0;0;0;0;0;0;1