data;horario;n_da_ocorrencia;tipo_de_ocorrencia;km;trecho;sentido;tipo_de_acidente;automovel;bicicleta;caminhao;moto;onibus;outros;tracao_animal;transporte_de_cargas_especiais;trator_maquinas;utilitarios;ilesos;levemente_feridos;moderadamente_feridos;gravemente_feridos;mortos
13/09/2022;05:50:00;8;Sem vítima;438,600;BR-101/ES;Crescente;Acidentes de outra natureza;1;0;0;0;0;0;0;0;0;0;1;0;0;0;0
13/09/2022;06:25:00;12;Com vítima;100,000;BR-101/ES;Decrescente;Colisão traseira;0;0;0;1;0;1;0;0;0;0;1;0;1;0;0
13/09/2022;07:58:00;40;Sem vítima;101,000;BR-101/ES;Crescente;Colisão traseira;1;0;0;0;0;1;0;0;0;0;1;0;0;0;0
13/09/2022;11:50:00;79;Sem vítima;337,000;BR-101/ES;Decrescente;Colisão traseira;0;0;1;0;0;4;0;0;0;0;5;0;0;0;0
13/09/2022;14:46:00;99;Com vítima;144,000;BR-101/ES;Decrescente;Queda de moto;0;0;0;1;0;0;0;0;0;0;0;0;1;0;0
13/09/2022;15:23:00;107;Sem vítima;320,800;BR-101/ES;Decrescente;Colisão traseira;1;0;0;0;0;1;0;0;0;0;5;0;0;0;0
13/09/2022;15:26:00;109;Sem vítima;360,000;BR-101/ES;Crescente;Colisão traseira;0;0;2;0;0;1;0;0;0;0;3;0;0;0;0
13/09/2022;18:40:00;133;Com vítima;103,100;BR-101/ES;Crescente;Saída de pista;1;0;0;0;0;0;0;0;0;0;0;1;0;0;0
13/09/2022;22:27:00;159;Com vítima;259,900;BR-101/ES;Crescente;Colisão lateral em sentido contrário;2;0;0;0;0;0;0;0;0;0;2;1;0;0;0
13/09/2022;22:46:00;164;Com vítima;279,400;BR-101/ES;Crescente;Colisão traseira;0;0;1;1;0;0;0;0;0;0;1;0;1;0;0
14/09/2022;03:35:00;11;Com vítima;46,100;BR-101/ES;Decrescente;Atropelamento de animal;1;0;0;0;0;0;0;0;0;0;0;0;1;0;0
14/09/2022;06:17:00;25;Com vítima;130,500;BR-101/ES;Decrescente;Queda de bicicleta;0;1;0;0;0;0;0;0;0;0;0;0;1;0;0
14/09/2022;13:15:00;113;Sem vítima;270,000;BR-101/ES;Decrescente;Colisão lateral no mesmo sentido;1;0;0;0;0;0;0;0;0;0;1;0;0;0;0
14/09/2022;13:15:00;114;Sem vítima;185,900;BR-101/ES;Crescente;Choque;0;0;1;0;0;0;0;0;0;0;1;0;0;0;0
14/09/2022;14:46:00;130;Sem vítima;3,000;Contorno de Iconha/ES;Crescente;Saída de pista;1;0;0;0;0;0;0;0;0;0;3;0;0;0;0
14/09/2022;14:56:00;131;Sem vítima;146,000;BR-101/ES;Crescente;Engavetamento;2;0;0;0;0;1;0;0;0;0;2;0;0;0;0
14/09/2022;15:15:00;138;Com vítima;169,000;BR-101/ES;Decrescente;Saída de pista;1;0;0;0;0;0;0;0;0;0;0;2;0;0;0
14/09/2022;15:18:00;139;Sem vítima;291,000;BR-101/ES;Decrescente;Queda de moto;0;0;0;1;0;0;0;0;0;0;1;0;0;0;0
14/09/2022;19:34:00;185;Com vítima;265,500;BR-101/ES;Decrescente;Colisão lateral no mesmo sentido;0;0;0;1;0;1;0;0;0;0;0;2;0;0;0
15/09/2022;01:04:00;3;Sem vítima;313,500;BR-101/ES;Crescente;Choque;0;0;0;1;0;0;0;0;0;0;1;0;0;0;0
15/09/2022;01:19:00;5;Sem vítima;280,000;BR-101/ES;Decrescente;Choque;1;0;0;0;0;0;0;0;0;0;1;0;0;0;0
15/09/2022;07:21:00;36;Sem vítima;398,900;BR-101/ES;Crescente;Colisão traseira;0;0;1;0;0;1;0;0;0;0;2;0;0;0;0
15/09/2022;07:59:00;47;Com vítima;298,201;BR-101/ES;Crescente;Colisão lateral no mesmo sentido;1;0;0;1;0;0;0;0;0;0;2;0;1;0;0
15/09/2022;08:56:00;57;Com vítima;268,500;BR-101/ES;Crescente;Atropelamento de pedestre;0;0;0;1;0;0;0;0;0;0;1;0;1;0;0
15/09/2022;13:00:00;100;Sem vítima;213,800;BR-101/ES;Crescente;Colisão transversal;2;0;0;0;0;0;0;0;0;0;3;0;0;0;0
15/09/2022;13:31:00;109;Sem vítima;269,000;BR-101/ES;Decrescente;Colisão traseira;1;0;0;0;0;1;0;0;0;0;2;0;0;0;0
15/09/2022;14:19:00;114;Sem vítima;279,500;BR-101/ES;Decrescente;Acidentes de outra natureza;0;0;0;0;0;1;0;0;0;0;1;0;0;0;0
15/09/2022;19:25:00;158;Com vítima;150,500;BR-101/ES;Crescente;Colisão traseira;1;0;0;1;0;0;0;0;0;0;1;1;0;0;0
15/09/2022;20:47:00;176;Com vítima;144,000;BR-101/ES;Decrescente;Colisão transversal;0;0;0;2;0;0;0;0;0;0;0;2;0;0;0
15/09/2022;23:42:00;190;Sem vítima;179,700;BR-101/ES;Crescente;Saída de pista;0;0;1;0;0;0;0;0;0;0;1;0;0;0;0
16/09/2022;01:24:00;6;Com vítima;363,000;BR-101/ES;Crescente;Choque;0;0;0;0;0;0;0;0;0;1;1;0;1;0;0
16/09/2022;05:27:00;15;Sem vítima;272,300;BR-101/ES;Decrescente;Choque;1;0;0;0;0;0;0;0;0;0;1;0;0;0;0
16/09/2022;05:40:00;17;Sem vítima;459,000;BR-101/ES;Crescente;Saída de pista;1;0;0;0;0;0;0;0;0;0;1;0;0;0;0
16/09/2022;06:25:00;18;Sem vítima;262,000;BR-101/ES;Crescente;Colisão traseira;2;0;0;0;0;0;0;0;0;0;2;0;0;0;0
16/09/2022;06:42:00;21;Sem vítima;264,000;BR-101/ES;Decrescente;Colisão traseira;1;0;2;0;0;0;0;0;0;0;3;0;0;0;0
16/09/2022;08:27:00;56;Sem vítima;330,000;BR-101/ES;Decrescente;Choque;1;0;0;0;0;0;0;0;0;0;1;0;0;0;0
16/09/2022;12:06:00;105;Com vítima;146,500;BR-101/ES;Crescente;Colisão lateral no mesmo sentido;0;0;0;1;0;1;0;0;0;0;1;0;0;0;1
16/09/2022;12:17:00;106;Sem vítima;256,000;BR-101/ES;Crescente;Colisão lateral no mesmo sentido;0;1;0;0;1;0;0;0;0;0;2;0;0;0;0
16/09/2022;13:37:00;114;Sem vítima;146,500;BR-101/ES;Crescente;Choque;0;0;1;0;0;0;0;0;0;1;2;0;0;0;0
16/09/2022;13:42:00;115;Sem vítima;258,000;BR-101/ES;Crescente;Acidentes de outra natureza;1;0;0;0;0;0;0;0;0;0;1;0;0;0;0
16/09/2022;15:31:00;130;Com vítima;64,800;BR-101/ES;Crescente;Atropelamento de ciclista;0;1;0;0;0;0;0;0;0;1;1;0;1;0;0
16/09/2022;16:55:00;140;Com vítima;311,000;BR-101/ES;Decrescente;Choque;1;0;0;0;0;0;0;0;0;0;1;2;0;0;0
16/09/2022;17:28:00;148;Sem vítima;298,000;BR-101/ES;Crescente;Colisão traseira;2;0;0;0;0;0;0;0;0;0;2;0;0;0;0
16/09/2022;17:29:00;149;Sem vítima;265,000;BR-101/ES;Decrescente;Engavetamento;2;0;0;0;0;0;0;0;0;1;4;0;0;0;0
16/09/2022;17:36:00;152;Com vítima;271,500;BR-101/ES;Decrescente;Atropelamento de pedestre;0;0;0;1;0;0;0;0;0;0;1;1;0;0;0
16/09/2022;17:49:00;158;Sem vítima;304,700;BR-101/ES;Decrescente;Colisão traseira;0;0;1;0;0;1;0;0;0;0;2;0;0;0;0
16/09/2022;18:24:00;162;Com vítima;274,000;BR-101/ES;Crescente;Colisão lateral no mesmo sentido;0;0;0;1;0;0;0;0;0;1;2;0;1;0;0
16/09/2022;18:37:00;165;Com vítima;377,000;BR-101/ES;Decrescente;Atropelamento de pedestre;0;0;0;0;0;0;0;0;0;1;1;1;0;0;0
16/09/2022;18:51:00;166;Com vítima;286,700;BR-101/ES;Crescente;Queda de moto;0;0;0;1;0;0;0;0;0;0;0;1;0;0;0
16/09/2022;19:19:00;168;Sem vítima;322,500;BR-101/ES;Decrescente;Carreta deu L;0;0;0;0;0;1;0;0;0;0;1;0;0;0;0
16/09/2022;21:30:00;188;Sem vítima;265,800;BR-101/ES;Decrescente;Choque;1;0;0;0;0;0;0;0;0;0;1;0;0;0;0
17/09/2022;07:03:00;25;Sem vítima;144,000;BR-101/ES;Decrescente;Colisão traseira;1;0;0;0;0;0;0;0;0;1;3;0;0;0;0
17/09/2022;08:09:00;33;Sem vítima;145,000;BR-101/ES;Crescente;Colisão traseira;2;0;0;0;0;0;0;0;0;0;2;0;0;0;0
17/09/2022;10:52:00;62;Com vítima;270,000;BR-101/ES;Decrescente;Colisão lateral no mesmo sentido;0;0;0;1;0;1;0;0;0;0;0;0;1;0;0
17/09/2022;11:15:00;66;Com vítima;32,000;BR-101/ES;Decrescente;Colisão frontal;1;0;0;1;0;0;0;0;0;0;2;0;1;1;1
17/09/2022;12:31:00;74;Com vítima;4,000;BR-101/ES;Decrescente;Colisão frontal;1;0;0;0;0;1;0;0;0;0;1;0;1;1;0
17/09/2022;18:08:00;110;Sem vítima;11,000;BR-101/ES;Crescente;Colisão lateral no mesmo sentido;2;0;0;0;0;0;0;0;0;0;2;0;0;0;0
17/09/2022;18:43:00;114;Com vítima;265,600;BR-101/ES;Decrescente;Atropelamento de ciclista;0;1;0;0;0;1;0;0;0;0;0;0;1;0;0
18/09/2022;22:54:00;154;Sem vítima;49,600;BR-101/ES;Decrescente;Choque;1;0;0;0;0;0;0;0;0;0;2;0;0;0;0
19/09/2022;06:25:00;19;Com vítima;264,000;BR-101/ES;Crescente;Colisão traseira;0;0;0;1;0;0;0;0;0;1;1;0;1;0;0
19/09/2022;09:33:00;54;Com vítima;278,000;BR-101/ES;Crescente;Colisão traseira;1;0;0;1;0;0;0;0;0;0;1;2;0;0;0
19/09/2022;09:34:00;55;Com vítima;390,800;BR-101/ES;Decrescente;Queda de moto;0;0;0;1;0;0;0;0;0;0;0;0;1;0;0
19/09/2022;10:29:00;63;Sem vítima;259,700;BR-101/ES;Crescente;Atropelamento de animal;1;0;0;0;0;0;0;0;0;0;1;0;0;0;0
19/09/2022;11:10:00;68;Sem vítima;293,500;BR-101/ES;Crescente;Colisão lateral no mesmo sentido;1;0;0;0;0;1;0;0;0;0;2;0;0;0;0
19/09/2022;18:31:00;136;Com vítima;267,800;BR-101/ES;Crescente;Colisão lateral no mesmo sentido;1;0;0;1;0;0;0;0;0;0;1;0;1;0;0
19/09/2022;18:40:00;137;Com vítima;297,300;BR-101/ES;Decrescente;Colisão traseira;0;0;0;1;1;0;0;0;0;0;1;1;0;0;0
19/09/2022;19:21:00;148;Sem vítima;328,000;BR-101/ES;Decrescente;Choque;1;0;0;0;0;0;0;0;0;0;1;0;0;0;0
19/09/2022;20:06:00;159;Sem vítima;359,000;BR-101/ES;Crescente;Choque;1;0;0;0;0;0;0;0;0;0;1;0;0;0;0
20/09/2022;07:56:00;71;Com vítima;146,000;BR-101/ES;Crescente;Colisão lateral no mesmo sentido;0;0;0;2;0;0;0;0;0;0;1;0;1;0;0
20/09/2022;13:35:00;130;Sem vítima;265,000;BR-101/ES;Decrescente;Colisão traseira;1;0;1;0;0;0;0;0;0;0;2;0;0;0;0
20/09/2022;13:48:00;132;Sem vítima;147,500;BR-101/ES;Crescente;Colisão traseira;0;0;0;0;0;2;0;0;0;0;2;0;0;0;0
20/09/2022;16:44:00;167;Sem vítima;229,500;BR-101/ES;Crescente;Colisão traseira;1;0;1;0;0;0;0;0;0;0;2;0;0;0;0
20/09/2022;16:51:00;170;Com vítima;35,001;BR-101/ES;Crescente;Choque;1;0;0;0;0;0;0;0;0;0;0;0;1;0;0
20/09/2022;17:22:00;173;Com vítima;67,300;BR-101/ES;Crescente;Colisão transversal;1;0;0;1;0;0;0;0;0;0;1;1;0;0;0
20/09/2022;17:42:00;179;Com vítima;170,100;BR-101/ES;Crescente;Colisão traseira;0;0;0;0;0;1;0;0;0;1;0;4;0;0;0
20/09/2022;19:16:00;192;Sem vítima;398,000;BR-101/ES;Decrescente;Choque;0;0;0;0;0;0;0;0;0;1;1;0;0;0;0
21/09/2022;08:25:00;52;Com vítima;267,700;BR-101/ES;Crescente;Colisão traseira;1;0;0;1;0;0;0;0;0;0;1;0;1;0;0
21/09/2022;11:00:00;85;Sem vítima;124,300;BR-101/ES;Decrescente;Colisão lateral no mesmo sentido;1;0;1;0;0;0;0;0;0;0;2;0;0;0;0
21/09/2022;12:24:00;102;Sem vítima;270,000;BR-101/ES;Crescente;Colisão traseira;0;0;0;0;0;2;0;0;0;0;2;0;0;0;0
21/09/2022;12:43:00;106;Sem vítima;398,200;BR-101/ES;Decrescente;Tombamento;0;0;1;0;0;0;0;0;0;0;1;0;0;0;0
21/09/2022;13:36:00;116;Sem vítima;148,000;BR-101/ES;Decrescente;Colisão lateral no mesmo sentido;0;0;0;0;1;0;0;0;0;0;1;0;0;0;0
21/09/2022;15:08:00;124;Sem vítima;242,000;BR-101/ES;Crescente;Colisão traseira;2;0;0;0;0;0;0;0;0;0;1;0;0;0;0
21/09/2022;16:18:00;136;Sem vítima;272,000;BR-101/ES;Decrescente;Choque;1;0;0;0;0;0;0;0;0;0;1;0;0;0;0
21/09/2022;18:33:00;157;Sem vítima;279,000;BR-101/ES;Crescente;Queda de moto;0;0;0;1;0;0;0;0;0;0;1;0;0;0;0
21/09/2022;19:25:00;165;Sem vítima;296,000;BR-101/ES;Decrescente;Colisão lateral no mesmo sentido;2;0;0;0;0;0;0;0;0;0;3;0;0;0;0
21/09/2022;19:43:00;168;Com vítima;203,900;BR-101/ES;Decrescente;Atropelamento de pedestre;0;0;0;1;0;0;0;0;0;0;0;0;1;0;0
21/09/2022;20:56:00;183;Com vítima;362,300;BR-101/ES;Crescente;Capotamento;1;0;0;0;0;0;0;0;0;0;0;1;0;0;0
21/09/2022;22:23:00;190;Sem vítima;270,200;BR-101/ES;Decrescente;Colisão lateral no mesmo sentido;1;0;0;0;0;1;0;0;0;0;2;0;0;0;0
21/09/2022;23:13:00;198;Sem vítima;395,000;BR-101/ES;Decrescente;Colisão transversal;2;0;0;0;0;0;0;0;0;0;2;0;0;0;0
22/09/2022;06:01:00;21;Sem vítima;280,900;BR-101/ES;Crescente;Colisão traseira;1;0;0;0;0;0;0;0;0;0;0;0;0;0;0
22/09/2022;06:30:00;23;Sem vítima;268,000;BR-101/ES;Crescente;Colisão traseira;1;0;1;0;0;0;0;0;0;0;3;0;0;0;0
22/09/2022;06:42:00;28;Com vítima;232,900;BR-101/ES;Decrescente;Saída de pista;1;0;0;0;0;0;0;0;0;0;0;1;0;0;0
22/09/2022;11:19:00;84;Sem vítima;150,400;BR-101/ES;Crescente;Colisão lateral em sentido contrário;0;0;1;0;0;1;0;0;0;1;3;0;0;0;0
22/09/2022;12:34:00;92;Com vítima;295,000;BR-101/ES;Crescente;Colisão traseira;1;0;0;0;1;0;0;0;0;0;1;3;0;0;0
22/09/2022;13:34:00;103;Com vítima;140,800;BR-101/ES;Decrescente;Colisão lateral em sentido contrário;0;0;1;1;0;0;0;0;0;0;1;0;1;0;0
22/09/2022;14:38:00;112;Com vítima;389,000;BR-101/ES;Decrescente;Colisão frontal;1;0;1;0;0;0;0;0;0;0;1;0;1;0;0
22/09/2022;15:13:00;123;Sem vítima;269,000;BR-101/ES;Crescente;Colisão lateral no mesmo sentido;1;0;0;0;0;0;0;0;0;0;2;0;0;0;0
22/09/2022;17:17:00;146;Com vítima;174,900;BR-101/ES;Decrescente;Queda de moto;0;0;0;1;0;0;0;0;0;0;0;1;0;0;0
22/09/2022;17:21:00;147;Com vítima;282,000;BR-101/ES;Crescente;Atropelamento de pedestre;1;0;0;0;0;0;0;0;0;0;1;0;0;1;0
22/09/2022;17:29:00;148;Sem vítima;286,000;BR-101/ES;Crescente;Colisão transversal;1;0;0;0;0;1;0;0;0;0;2;0;0;0;0
22/09/2022;17:58:00;153;Sem vítima;212,000;BR-101/ES;Decrescente;Colisão traseira;2;0;0;0;0;0;0;0;0;0;2;0;0;0;0
22/09/2022;20:56:00;176;Sem vítima;295,500;BR-101/ES;Decrescente;Choque;1;0;0;0;0;0;0;0;0;0;1;0;0;0;0
23/09/2022;04:53:00;10;Com vítima;306,100;BR-101/ES;Crescente;Queda de moto;0;0;0;1;0;0;0;0;0;0;0;0;1;0;0
23/09/2022;05:52:00;14;Sem vítima;265,800;BR-101/ES;Crescente;Colisão traseira;0;0;1;0;0;0;0;0;0;1;2;0;0;0;0
23/09/2022;08:11:00;46;Sem vítima;262,000;BR-101/ES;Crescente;Acidentes de outra natureza;1;0;0;0;0;0;0;0;0;0;1;0;0;0;0
23/09/2022;09:24:00;57;Sem vítima;21,000;BR-101/ES;Crescente;Colisão traseira;2;0;0;0;0;0;0;0;0;0;2;0;0;0;0
23/09/2022;14:46:00;117;Sem vítima;253,000;BR-101/ES;Crescente;Engavetamento;2;0;0;0;0;1;0;0;0;0;2;0;0;0;0
23/09/2022;15:56:00;136;Sem vítima;140,000;BR-101/ES;Crescente;Colisão transversal;0;0;1;0;0;1;0;0;0;0;3;0;0;0;0
23/09/2022;17:29:00;158;Sem vítima;359,900;BR-101/ES;Crescente;Acidentes de outra natureza;1;0;0;0;0;0;0;0;0;0;4;0;0;0;0
23/09/2022;19:33:00;171;Sem vítima;368,700;BR-101/ES;Crescente;Colisão lateral no mesmo sentido;1;0;0;0;0;1;0;0;0;0;3;0;0;0;0
23/09/2022;20:18:00;181;Sem vítima;321,000;BR-101/ES;Crescente;Atropelamento de animal;1;0;0;0;0;0;0;0;0;0;2;0;0;0;0
23/09/2022;21:47:00;193;Sem vítima;160,000;BR-101/ES;Decrescente;Saída de pista;0;0;0;0;0;2;0;0;0;0;1;0;0;0;0
23/09/2022;22:59:00;204;Com vítima;301,900;BR-101/ES;Crescente;Atropelamento de ciclista;0;1;0;0;0;1;0;0;0;0;0;1;0;0;0
24/09/2022;04:49:00;7;Sem vítima;452,000;BR-101/ES;Crescente;Atropelamento de animal;1;0;0;0;0;0;0;0;0;0;1;0;0;0;0
24/09/2022;06:39:00;30;Sem vítima;265,000;BR-101/ES;Decrescente;Saída de pista;1;0;0;0;0;0;0;0;0;0;1;0;0;0;0
24/09/2022;10:08:00;85;Sem vítima;77,000;BR-101/ES;Decrescente;Colisão traseira;0;0;1;1;0;0;0;0;0;0;3;0;0;0;0
24/09/2022;10:22:00;88;Com vítima;359,000;BR-101/ES;Crescente;Saída de pista;0;0;0;0;0;1;0;0;0;0;0;1;0;0;0
24/09/2022;14:37:00;129;Com vítima;267,500;BR-101/ES;Crescente;Queda de moto;0;0;0;1;0;0;0;0;0;0;0;1;0;0;0
24/09/2022;19:19:00;174;Sem vítima;146,000;BR-101/ES;Crescente;Colisão transversal;1;0;0;0;0;1;0;0;0;0;2;0;0;0;0
25/09/2022;02:58:00;6;Sem vítima;149,500;BR-101/ES;Decrescente;Colisão transversal;2;0;0;0;0;0;0;0;0;0;2;0;0;0;0
25/09/2022;03:32:00;9;Com vítima;46,500;BR-101/ES;Decrescente;Atropelamento de animal;1;0;0;0;0;0;0;0;0;0;0;0;1;0;0
25/09/2022;04:16:00;13;Sem vítima;73,300;BR-101/ES;Decrescente;Saída de pista;1;0;0;0;0;0;0;0;0;0;1;0;0;0;0
25/09/2022;04:35:00;14;Sem vítima;143,990;BR-101/ES;Crescente;Saída de pista;1;0;0;0;0;0;0;0;0;0;1;0;0;0;0
25/09/2022;19:47:00;128;Sem vítima;199,000;BR-101/ES;Crescente;Colisão traseira;2;0;0;0;0;0;0;0;0;0;2;0;0;0;0
25/09/2022;20:48:00;135;Sem vítima;211,000;BR-101/ES;Decrescente;Queda de moto;0;0;0;1;0;0;0;0;0;0;1;0;0;0;0
26/09/2022;13:20:00;108;Sem vítima;265,000;BR-101/ES;Crescente;Choque;1;0;0;0;0;0;0;0;0;0;1;0;0;0;0
26/09/2022;18:35:00;162;Sem vítima;66,000;BR-101/ES;Decrescente;Colisão lateral no mesmo sentido;1;0;1;0;0;0;0;0;0;0;2;0;0;0;0
27/09/2022;03:19:00;12;Com vítima;213,000;BR-101/ES;Decrescente;Queda de moto;0;0;0;1;0;0;0;0;0;0;0;1;0;0;0
27/09/2022;05:46:00;17;Sem vítima;2,000;Contorno de Iconha/ES;Crescente;Choque;0;0;0;0;0;1;0;0;0;0;1;0;0;0;0
27/09/2022;07:26:00;28;Sem vítima;2,000;Contorno de Iconha/ES;Crescente;Choque;1;0;0;0;0;0;0;0;0;0;1;0;0;0;0
27/09/2022;15:23:00;97;Sem vítima;309,500;BR-101/ES;Crescente;Choque;0;0;0;0;0;2;0;0;0;0;1;0;0;0;0
27/09/2022;16:01:00;106;Com vítima;150,000;BR-101/ES;Crescente;Capotamento;1;0;0;0;0;0;0;0;0;0;0;1;0;0;0
27/09/2022;17:48:00;120;Sem vítima;297,000;BR-101/ES;Crescente;Colisão traseira;0;0;0;0;0;1;0;0;0;1;1;0;0;0;0
27/09/2022;19:01:00;130;Com vítima;1,800;Contorno de Iconha/ES;Decrescente;Atropelamento de pedestre;0;0;0;0;0;1;0;0;0;0;1;0;0;0;1
27/09/2022;21:59:00;145;Sem vítima;284,900;BR-101/ES;Decrescente;Saída de pista;1;0;0;0;0;0;0;0;0;0;1;0;0;0;0
28/09/2022;02:05:00;5;Com vítima;59,100;BR-101/ES;Crescente;Colisão traseira;1;0;0;1;0;0;0;0;0;0;1;0;0;1;0
28/09/2022;02:16:00;7;Sem vítima;388,400;BR-101/ES;Decrescente;Tombamento;0;0;1;0;0;0;0;0;0;0;1;0;0;0;0
28/09/2022;03:59:00;9;Com vítima;953,000;BR-101/ES;Crescente;Saída de pista;0;0;0;1;0;0;0;0;0;0;0;1;0;0;0
28/09/2022;06:43:00;19;Sem vítima;398,000;BR-101/ES;Decrescente;Choque;1;0;0;0;0;0;0;0;0;0;0;0;0;0;0
28/09/2022;06:50:00;20;Sem vítima;269,500;BR-101/ES;Crescente;Colisão lateral no mesmo sentido;1;0;0;0;0;1;0;0;0;0;2;0;0;0;0
28/09/2022;07:40:00;25;Sem vítima;147,000;BR-101/ES;Crescente;Colisão traseira;1;0;0;1;0;0;0;0;0;0;2;0;0;0;0
28/09/2022;12:02:00;87;Sem vítima;253,000;BR-101/ES;Decrescente;Saída de pista;1;0;0;0;0;0;0;0;0;0;1;0;0;0;0
28/09/2022;13:20:00;98;Sem vítima;363,200;BR-101/ES;Crescente;Saída de pista;0;0;0;0;0;1;0;0;0;0;1;0;0;0;0
28/09/2022;13:47:00;102;Com vítima;269,100;BR-101/ES;Decrescente;Colisão lateral no mesmo sentido;1;0;0;1;0;0;0;0;0;0;3;0;1;0;0
28/09/2022;15:14:00;116;Sem vítima;269,600;BR-101/ES;Decrescente;Saída de pista;4;0;1;0;0;0;0;0;0;0;5;0;0;0;0
28/09/2022;18:19:00;137;Com vítima;244,000;BR-101/ES;Crescente;Colisão lateral em sentido contrário;0;0;0;1;0;1;0;0;0;0;1;0;1;0;0
28/09/2022;22:10:00;166;Sem vítima;262,000;BR-101/ES;Decrescente;Saída de pista;1;0;0;0;0;0;0;0;0;0;1;0;0;0;0
28/09/2022;23:41:00;168;Com vítima;30,400;BR-101/ES;Decrescente;Queda de moto;0;0;0;1;0;0;0;0;0;0;0;0;1;0;0
29/09/2022;04:41:00;15;Sem vítima;11,300;BR-101/ES;Crescente;Saída de pista;1;0;0;0;0;0;0;0;0;0;5;0;0;0;0
29/09/2022;06:02:00;20;Com vítima;269,000;BR-101/ES;Crescente;Colisão traseira;1;0;0;1;0;0;0;0;0;0;1;1;0;0;0
29/09/2022;06:27:00;25;Sem vítima;351,000;BR-101/ES;Crescente;Saída de pista;1;0;0;0;0;0;0;0;0;0;1;0;0;0;0
29/09/2022;07:52:00;40;Sem vítima;267,300;BR-101/ES;Crescente;Colisão lateral no mesmo sentido;1;0;0;0;0;1;0;0;0;0;2;0;0;0;0
29/09/2022;10:06:00;76;Sem vítima;4,000;Contorno de Iconha/ES;Decrescente;Choque;1;0;0;0;0;0;0;0;0;0;1;0;0;0;0
29/09/2022;17:07:00;152;Sem vítima;20,000;BR-101/ES;Decrescente;Choque;1;0;0;0;0;0;0;0;0;0;1;0;0;0;0
29/09/2022;17:50:00;159;Com vítima;286,000;BR-101/ES;Decrescente;Colisão lateral no mesmo sentido;1;0;0;1;0;0;0;0;0;0;2;0;1;0;0
29/09/2022;19:36:00;169;Com vítima;143,000;BR-101/ES;Decrescente;Colisão traseira;0;0;0;1;0;1;0;0;0;0;1;0;0;1;0
29/09/2022;20:05:00;172;Com vítima;69,000;BR-101/ES;Decrescente;Queda de moto;0;0;0;1;0;1;0;0;0;0;0;0;1;0;0
30/09/2022;06:31:00;21;Com vítima;393,550;BR-101/ES;Crescente;Colisão frontal;0;0;1;0;0;2;0;0;0;0;1;0;2;0;0
30/09/2022;19:33:00;141;Com vítima;159,000;BR-101/ES;Crescente;Colisão transversal;1;0;0;1;0;0;0;0;0;0;0;1;0;0;0
30/09/2022;20:06:00;152;Com vítima;219,000;BR-101/ES;Crescente;Colisão transversal;2;0;0;0;0;0;0;0;0;0;1;2;0;0;0
30/09/2022;20:23:00;155;Sem vítima;331,500;BR-101/ES;Crescente;Saída de pista;0;0;0;0;0;0;0;0;0;1;2;0;0;0;0
30/09/2022;22:55:00;180;Sem vítima;302,100;BR-101/ES;Decrescente;Choque;1;0;0;0;0;0;0;0;0;0;1;0;0;0;0
01/10/2022;03:37:00;12;Sem vítima;337,100;BR-101/ES;Crescente;Saída de pista;1;0;0;0;0;0;0;0;0;0;2;0;0;0;0
01/10/2022;05:16:00;16;Sem vítima;263,900;BR-101/ES;Decrescente;Saída de pista;1;0;0;0;0;0;0;0;0;0;1;0;0;0;0
01/10/2022;07:23:00;29;Sem vítima;262,200;BR-101/ES;Crescente;Colisão traseira;2;0;0;0;0;0;0;0;0;0;2;0;0;0;0
01/10/2022;09:50:00;62;Sem vítima;266,500;BR-101/ES;Decrescente;Acidentes de outra natureza;1;0;0;0;0;0;0;0;0;0;1;0;0;0;0
01/10/2022;10:18:00;67;Sem vítima;378,000;BR-101/ES;Crescente;Choque;1;0;0;0;0;0;0;0;0;0;1;0;0;0;0
01/10/2022;10:37:00;71;Com vítima;151,500;BR-101/ES;Crescente;Colisão transversal;2;0;0;0;0;0;0;0;0;0;2;1;0;0;0
01/10/2022;10:52:00;74;Com vítima;40,000;BR-101/ES;Decrescente;Capotamento;0;0;0;0;0;0;0;0;0;1;2;1;0;0;0
01/10/2022;10:53:00;75;Sem vítima;255,000;BR-101/ES;Crescente;Choque;0;0;0;0;0;0;0;0;0;1;3;0;0;0;0
01/10/2022;13:11:00;97;Com vítima;144,000;BR-101/ES;Decrescente;Colisão traseira;0;0;0;1;0;1;0;0;0;0;0;2;0;0;0
01/10/2022;15:37:00;120;Sem vítima;258,500;BR-101/ES;Decrescente;Choque;1;0;0;0;0;0;0;0;0;0;1;0;0;0;0
01/10/2022;16:48:00;139;Sem vítima;151,500;BR-101/ES;Decrescente;Colisão transversal;1;0;0;0;0;1;0;0;0;0;3;0;0;0;0
01/10/2022;18:58:00;159;Sem vítima;346,000;BR-101/ES;Decrescente;Choque;1;0;0;0;0;0;0;0;0;0;1;0;0;0;0
01/10/2022;20:53:00;178;Sem vítima;270,000;BR-101/ES;Decrescente;Colisão lateral no mesmo sentido;1;0;0;0;0;1;0;0;0;0;2;0;0;0;0
01/10/2022;21:05:00;180;Com vítima;298,600;BR-101/ES;Decrescente;Capotamento;1;0;0;0;0;0;0;0;0;0;0;0;2;0;0