data;horario;n_da_ocorrencia;tipo_de_ocorrencia;km;trecho;sentido;tipo_de_acidente;automovel;bicicleta;caminhao;moto;onibus;outros;tracao_animal;transporte_de_cargas_especiais;trator_maquinas;utilitarios;ilesos;levemente_feridos;moderadamente_feridos;gravemente_feridos;mortos
02/10/2022;00:08:00;2;Sem vítima;249,000;BR-101/ES;Crescente;Saída de pista;1;0;0;0;0;0;0;0;0;0;5;0;0;0;0
02/10/2022;05:52:00;21;Sem vítima;116,000;BR-101/ES;Crescente;Colisão lateral no mesmo sentido;1;0;0;0;0;1;0;0;0;0;6;0;0;0;0
02/10/2022;06:25:00;24;Sem vítima;270,500;BR-101/ES;Decrescente;Colisão traseira;1;0;0;0;0;1;0;0;0;0;2;0;0;0;0
02/10/2022;07:23:00;34;Sem vítima;260,000;BR-101/ES;Decrescente;Choque;1;0;0;0;0;0;0;0;0;0;0;0;0;0;0
02/10/2022;11:07:00;67;Com vítima;292,000;BR-101/ES;Crescente;Colisão lateral no mesmo sentido;1;0;0;0;0;1;0;0;0;0;1;0;1;0;0
02/10/2022;12:35:00;81;Com vítima;31,800;BR-101/ES;Crescente;Queda de moto;0;0;0;1;0;0;0;0;0;0;0;1;0;0;0
02/10/2022;13:32:00;87;Sem vítima;322,000;BR-101/ES;Decrescente;Choque;1;0;0;0;0;0;0;0;0;0;3;0;0;0;0
02/10/2022;14:24:00;99;Sem vítima;270,000;BR-101/ES;Crescente;Colisão traseira;1;0;0;0;0;0;0;0;0;0;1;0;0;0;0
02/10/2022;15:19:00;108;Com vítima;251,000;BR-101/ES;Crescente;Colisão lateral no mesmo sentido;1;0;0;1;0;0;0;0;0;0;1;1;0;0;0
02/10/2022;16:51:00;121;Sem vítima;307,000;BR-101/ES;Decrescente;Choque;1;0;0;0;0;0;0;0;0;0;1;0;0;0;0
02/10/2022;17:57:00;132;Com vítima;235,000;BR-101/ES;Crescente;Colisão lateral no mesmo sentido;0;0;0;1;1;0;0;0;0;0;0;0;0;1;0
02/10/2022;20:53:00;152;Sem vítima;134,500;BR-101/ES;Decrescente;Saída de pista;1;0;0;0;0;1;0;0;0;0;2;0;0;0;0
03/10/2022;04:31:00;11;Sem vítima;320,700;BR-101/ES;Crescente;Choque;1;0;0;0;0;0;0;0;0;0;2;0;0;0;0
03/10/2022;07:14:00;30;Sem vítima;262,300;BR-101/ES;Crescente;Colisão traseira;1;0;0;0;0;1;0;0;0;0;1;0;0;0;0
03/10/2022;08:15:00;43;Com vítima;68,500;BR-101/ES;Crescente;Colisão traseira;1;0;0;1;0;0;0;0;0;0;1;1;0;0;0
03/10/2022;11:05:00;80;Com vítima;223,500;BR-101/ES;Crescente;Tombamento;0;0;0;0;0;1;0;0;0;0;0;0;1;0;0
03/10/2022;16:15:00;120;Com vítima;159,000;BR-101/ES;Decrescente;Colisão transversal;0;0;0;1;0;0;0;0;0;0;0;1;0;0;0
03/10/2022;16:54:00;126;Sem vítima;297,500;BR-101/ES;Crescente;Colisão traseira;0;0;3;0;0;1;0;0;0;0;3;0;0;0;0
03/10/2022;21:36:00;157;Sem vítima;312,500;BR-101/ES;Crescente;Colisão lateral no mesmo sentido;0;0;0;0;0;2;0;0;0;0;1;0;0;0;0
04/10/2022;07:59:00;43;Sem vítima;239,000;BR-101/ES;Crescente;Saída de pista;1;0;0;0;0;0;0;0;0;0;1;0;0;0;0
04/10/2022;09:15:00;55;Com vítima;225,500;BR-101/ES;Crescente;Tombamento;0;0;1;0;0;0;0;0;0;0;0;1;0;0;0
04/10/2022;11:38:00;82;Com vítima;289,000;BR-101/ES;Decrescente;Engavetamento;2;0;1;1;0;0;0;0;0;0;3;0;1;0;0
04/10/2022;12:10:00;86;Sem vítima;288,000;BR-101/ES;Decrescente;Colisão lateral em sentido contrário;0;0;2;0;0;0;0;0;0;0;2;0;0;0;0
04/10/2022;12:39:00;93;Sem vítima;294,300;BR-101/ES;Crescente;Colisão traseira;0;0;0;0;0;2;0;0;0;0;0;0;0;0;0
04/10/2022;15:33:00;108;Sem vítima;293,000;BR-101/ES;Decrescente;Colisão transversal;0;0;1;0;0;1;0;0;0;0;2;0;0;0;0
04/10/2022;16:17:00;114;Com vítima;264,200;BR-101/ES;Decrescente;Colisão lateral no mesmo sentido;0;0;0;1;0;0;0;0;0;0;0;1;0;0;0
04/10/2022;20:51:00;144;Sem vítima;402,600;BR-101/ES;Decrescente;Saída de pista;0;0;0;0;0;1;0;0;0;0;1;0;0;0;0
04/10/2022;21:27:00;149;Sem vítima;270,300;BR-101/ES;Decrescente;Choque;1;0;1;0;0;0;0;0;0;0;2;0;0;0;0
04/10/2022;22:05:00;153;Sem vítima;289,600;BR-101/ES;Decrescente;Saída de pista;0;0;1;0;0;0;0;0;0;0;1;0;0;0;0
04/10/2022;23:07:00;155;Com vítima;14,000;BR-101/ES;Decrescente;Choque;0;0;0;0;0;1;0;0;0;0;0;1;0;0;0
05/10/2022;04:49:00;15;Com vítima;362,700;BR-101/ES;Crescente;Saída de pista;0;0;0;0;1;0;0;0;0;0;19;10;1;0;0
05/10/2022;06:15:00;23;Sem vítima;62,500;BR-101/ES;Decrescente;Colisão traseira;0;0;1;0;1;0;0;0;0;0;2;0;0;0;0
05/10/2022;10:17:00;68;Com vítima;298,000;BR-101/ES;Crescente;Atropelamento de pedestre;1;0;0;0;0;0;0;0;0;0;1;1;0;0;0
05/10/2022;11:11:00;80;Sem vítima;67,800;BR-101/ES;Decrescente;Colisão transversal;2;0;0;0;0;0;0;0;0;0;4;0;0;0;0
05/10/2022;11:59:00;87;Com vítima;213,000;BR-101/ES;Decrescente;Colisão traseira;0;0;1;0;0;1;0;0;0;0;1;1;0;0;0
05/10/2022;12:44:00;94;Com vítima;426,900;BR-101/ES;Crescente;Tombamento;0;0;0;0;0;1;0;0;0;0;0;2;0;0;0
05/10/2022;14:32:00;111;Sem vítima;329,700;BR-101/ES;Decrescente;Choque;0;0;0;0;0;1;0;0;0;0;1;0;0;0;0
05/10/2022;15:06:00;120;Com vítima;189,300;BR-101/ES;Crescente;Colisão frontal;1;0;0;0;0;1;0;0;0;0;1;0;2;1;1
05/10/2022;18:15:00;142;Com vítima;290,000;BR-101/ES;Decrescente;Colisão traseira;0;0;0;1;0;1;0;0;0;0;1;0;1;0;0
05/10/2022;18:57:00;153;Com vítima;271,900;BR-101/ES;Decrescente;Colisão traseira;1;0;0;2;0;0;0;0;0;0;2;1;0;0;0
06/10/2022;16:21:00;103;Sem vítima;322,000;BR-101/ES;Crescente;Colisão lateral no mesmo sentido;2;0;0;0;0;0;0;0;0;0;4;0;0;0;0
06/10/2022;20:13:00;125;Sem vítima;229,265;BR-101/ES;Decrescente;Choque;2;0;0;0;0;0;0;0;0;0;5;0;0;0;0
06/10/2022;21:00:00;128;Sem vítima;401,900;BR-101/ES;Decrescente;Saída de pista;1;0;0;0;0;0;0;0;0;0;1;0;0;0;0
07/10/2022;03:32:00;10;Sem vítima;359,700;BR-101/ES;Crescente;Atropelamento de animal;1;0;0;0;0;0;0;0;0;0;1;0;0;0;0
07/10/2022;07:11:00;29;Com vítima;264,000;BR-101/ES;Decrescente;Queda de moto;0;0;0;1;0;0;0;0;0;0;0;1;0;0;0
07/10/2022;07:39:00;33;Com vítima;289,000;BR-101/ES;Decrescente;Colisão traseira;1;0;0;0;0;0;0;0;1;0;0;0;0;1;0
07/10/2022;08:08:00;42;Sem vítima;328,000;BR-101/ES;Decrescente;Saída de pista;0;0;0;0;0;1;0;0;0;0;1;0;0;0;0
07/10/2022;10:09:00;68;Sem vítima;269,400;BR-101/ES;Decrescente;Choque;0;0;0;0;0;1;0;0;0;0;0;0;0;0;0
07/10/2022;10:36:00;73;Sem vítima;258,000;BR-101/ES;Decrescente;Colisão traseira;0;0;1;0;0;1;0;0;0;0;2;0;0;0;0
07/10/2022;11:55:00;87;Sem vítima;262,000;BR-101/ES;Crescente;Colisão traseira;1;0;0;0;0;1;0;0;0;0;1;0;0;0;0
07/10/2022;15:10:00;122;Com vítima;350,000;BR-101/ES;Crescente;Colisão lateral em sentido contrário;0;0;0;0;0;3;0;0;0;0;2;0;1;0;0
07/10/2022;16:25:00;139;Sem vítima;175,200;BR-101/ES;Crescente;Atropelamento de animal;1;0;0;0;0;0;0;0;0;0;1;0;0;0;0
07/10/2022;18:54:00;166;Sem vítima;208,000;BR-101/ES;Crescente;Colisão traseira;1;0;1;0;0;0;0;0;0;0;2;0;0;0;0
07/10/2022;18:57:00;168;Com vítima;90,000;BR-101/ES;Decrescente;Colisão traseira;1;0;0;1;0;0;0;0;0;0;3;1;0;0;0
07/10/2022;19:49:00;181;Com vítima;127,000;BR-101/ES;Decrescente;Atropelamento de ciclista;0;1;0;0;1;0;0;0;0;0;1;1;0;0;0
07/10/2022;20:14:00;188;Sem vítima;260,000;BR-101/ES;Crescente;Saída de pista;1;0;0;0;0;0;0;0;0;0;1;0;0;0;0
07/10/2022;21:23:00;198;Sem vítima;255,000;BR-101/ES;Crescente;Colisão transversal;2;0;0;0;0;0;0;0;0;0;2;0;0;0;0
07/10/2022;22:14:00;202;Com vítima;149,000;BR-101/ES;Decrescente;Colisão transversal;2;0;0;0;0;1;0;0;0;0;2;1;0;0;0
08/10/2022;01:55:00;8;Sem vítima;158,200;BR-101/ES;Crescente;Saída de pista;1;0;0;0;0;0;0;0;0;0;1;0;0;0;0
08/10/2022;04:04:00;10;Sem vítima;291,000;BR-101/ES;Crescente;Choque;1;0;0;0;0;0;0;0;0;0;1;0;0;0;0
08/10/2022;05:00:00;15;Com vítima;147,000;BR-101/ES;Decrescente;Capotamento;1;0;0;0;0;0;0;0;0;0;4;0;1;0;0
08/10/2022;07:39:00;31;Sem vítima;213,000;BR-101/ES;Crescente;Colisão transversal;2;0;0;0;0;0;0;0;0;0;0;0;0;0;0
08/10/2022;09:19:00;54;Com vítima;144,900;BR-101/ES;Decrescente;Choque;1;0;0;0;0;0;0;0;0;0;0;0;1;0;0
08/10/2022;09:33:00;59;Sem vítima;189,700;BR-101/ES;Crescente;Saída de pista;1;0;0;0;0;0;0;0;0;0;3;0;0;0;0
08/10/2022;10:46:00;67;Com vítima;147,900;BR-101/ES;Crescente;Colisão lateral no mesmo sentido;0;0;0;2;0;0;0;0;0;0;0;3;0;0;0
08/10/2022;11:57:00;78;Sem vítima;252,200;BR-101/ES;Crescente;Engavetamento;3;0;0;0;0;0;0;0;0;0;5;0;0;0;0
08/10/2022;12:40:00;86;Sem vítima;941,000;BR-101/ES;Decrescente;Colisão transversal;1;0;1;1;0;0;0;0;0;0;4;0;0;0;0
08/10/2022;15:17:00;107;Sem vítima;127,000;BR-101/ES;Crescente;Colisão traseira;1;0;1;0;0;0;0;0;0;0;6;0;0;0;0
08/10/2022;16:51:00;122;Sem vítima;256,400;BR-101/ES;Decrescente;Colisão transversal;2;0;0;0;0;0;0;0;0;0;3;0;0;0;0
08/10/2022;17:18:00;126;Com vítima;226,000;BR-101/ES;Crescente;Queda de moto;0;0;0;1;0;0;0;0;0;0;0;0;1;0;0
08/10/2022;17:35:00;131;Sem vítima;393,200;BR-101/ES;Crescente;Colisão traseira;2;0;0;0;0;0;0;0;0;0;2;0;0;0;0
08/10/2022;18:29:00;137;Sem vítima;293,100;BR-101/ES;Decrescente;Colisão lateral no mesmo sentido;0;0;0;0;0;2;0;0;0;0;0;0;0;0;0
09/10/2022;13:35:00;67;Com vítima;269,800;BR-101/ES;Decrescente;Colisão transversal;3;0;0;0;0;0;0;0;0;0;2;0;2;0;0
09/10/2022;16:12:00;85;Sem vítima;102,300;BR-101/ES;Crescente;Engavetamento;3;0;0;0;0;0;0;0;0;0;6;0;0;0;0
09/10/2022;19:31:00;118;Sem vítima;269,600;BR-101/ES;Crescente;Colisão traseira;2;0;0;0;0;1;0;0;0;0;2;0;0;0;0
09/10/2022;20:52:00;129;Com vítima;257,000;BR-101/ES;Crescente;Colisão transversal;0;0;0;1;0;1;0;0;0;0;0;1;0;0;0
09/10/2022;23:33:00;143;Sem vítima;265,300;BR-101/ES;Crescente;Colisão traseira;1;0;1;0;0;0;0;0;0;1;3;0;0;0;0
10/10/2022;03:03:00;11;Sem vítima;268,100;BR-101/ES;Crescente;Queda de moto;0;0;0;1;0;0;0;0;0;0;1;0;0;0;0
10/10/2022;10:20:00;93;Com vítima;229,800;BR-101/ES;Decrescente;Colisão lateral no mesmo sentido;0;0;0;1;0;0;0;0;0;1;3;0;1;0;0
10/10/2022;11:29:00;107;Sem vítima;213,600;BR-101/ES;Decrescente;Colisão traseira;0;0;0;0;0;2;0;0;0;0;1;0;0;0;0
10/10/2022;15:09:00;142;Sem vítima;267,000;BR-101/ES;Decrescente;Colisão lateral no mesmo sentido;1;0;0;0;0;0;0;0;0;1;2;0;0;0;0
10/10/2022;17:02:00;168;Sem vítima;214,000;BR-101/ES;Crescente;Colisão transversal;1;0;1;0;0;0;0;0;0;0;3;0;0;0;0
10/10/2022;17:26:00;173;Com vítima;90,000;BR-101/ES;Decrescente;Saída de pista;1;0;0;0;0;0;0;0;0;0;0;0;1;0;0
10/10/2022;20:54:00;200;Com vítima;418,000;BR-101/ES;Crescente;Choque;0;0;0;1;0;0;0;0;0;0;0;0;1;0;0
11/10/2022;06:47:00;25;Sem vítima;282,000;BR-101/ES;Crescente;Choque;1;0;0;0;0;0;0;0;0;0;1;0;0;0;0
11/10/2022;07:51:00;46;Com vítima;269,100;BR-101/ES;Crescente;Colisão lateral no mesmo sentido;1;0;0;1;0;0;0;0;0;0;2;0;1;0;0
11/10/2022;08:33:00;56;Sem vítima;124,000;BR-101/ES;Decrescente;Choque;1;0;0;0;0;0;0;0;0;0;1;0;0;0;0
11/10/2022;11:17:00;90;Sem vítima;245,000;BR-101/ES;Crescente;Choque;0;0;0;0;0;0;0;0;0;1;8;0;0;0;0
11/10/2022;12:57:00;104;Sem vítima;289,800;BR-101/ES;Crescente;Colisão traseira;2;0;0;0;0;0;0;0;0;0;6;0;0;0;0
11/10/2022;15:51:00;130;Sem vítima;126,000;BR-101/ES;Crescente;Colisão traseira;1;0;0;0;0;1;0;0;0;0;2;0;0;0;0
11/10/2022;16:41:00;139;Com vítima;304,000;BR-101/ES;Crescente;Colisão traseira;0;0;0;1;0;0;0;0;0;1;2;0;1;0;0
11/10/2022;17:20:00;149;Sem vítima;285,000;BR-101/ES;Crescente;Colisão lateral no mesmo sentido;1;0;0;1;0;0;0;0;0;0;1;0;0;0;0
11/10/2022;18:11:00;158;Sem vítima;410,000;BR-101/ES;Crescente;Desatrelamento;0;0;0;0;0;1;0;0;0;0;1;0;0;0;0
11/10/2022;18:52:00;161;Com vítima;288,000;BR-101/ES;Crescente;Queda de moto;0;0;0;1;0;0;0;0;0;0;1;0;1;0;0
11/10/2022;19:11:00;165;Sem vítima;320,000;BR-101/ES;Crescente;Choque;1;0;0;0;0;0;0;0;0;0;1;0;0;0;0
11/10/2022;19:40:00;169;Com vítima;72,000;BR-101/ES;Crescente;Saída de pista;1;0;1;0;0;0;0;0;0;0;1;4;0;0;0
11/10/2022;20:07:00;173;Sem vítima;289,000;BR-101/ES;Decrescente;Colisão transversal;1;0;0;0;1;0;0;0;0;0;3;0;0;0;0
11/10/2022;21:22:00;181;Sem vítima;273,000;BR-101/ES;Crescente;Acidentes de outra natureza;0;0;0;0;1;0;0;0;0;0;1;0;0;0;0
12/10/2022;11:23:00;71;Sem vítima;393,000;BR-101/ES;Crescente;Choque;1;0;0;0;0;0;0;0;0;0;1;0;0;0;0
12/10/2022;16:47:00;126;Sem vítima;263,800;BR-101/ES;Decrescente;Colisão lateral no mesmo sentido;1;0;1;0;0;0;0;0;0;0;2;0;0;0;0
12/10/2022;17:31:00;137;Com vítima;276,200;BR-101/ES;Crescente;Atropelamento de animal;1;0;0;0;0;0;0;0;0;0;0;0;1;0;0
12/10/2022;18:06:00;144;Sem vítima;269,000;BR-101/ES;Crescente;Colisão traseira;1;0;0;0;0;0;0;0;0;0;1;0;0;0;0
12/10/2022;18:39:00;149;Com vítima;20,000;BR-101/ES;Decrescente;Atropelamento de animal;1;0;0;0;0;0;0;0;0;0;1;0;1;0;0
12/10/2022;20:04:00;165;Com vítima;270,830;BR-101/ES;Decrescente;Tombamento;0;0;0;0;0;1;0;0;0;0;0;0;1;0;0
13/10/2022;06:34:00;17;Com vítima;230,000;BR-101/ES;Crescente;Colisão transversal;1;0;0;1;0;0;0;0;0;0;2;1;0;0;0
13/10/2022;06:53:00;21;Sem vítima;145,200;BR-101/ES;Crescente;Colisão lateral no mesmo sentido;1;0;1;0;0;0;0;0;0;0;4;0;0;0;0
13/10/2022;07:10:00;25;Sem vítima;147,500;BR-101/ES;Decrescente;Colisão lateral no mesmo sentido;1;0;0;1;0;0;0;0;0;0;2;0;0;0;0
13/10/2022;08:38:00;50;Sem vítima;259,700;BR-101/ES;Crescente;Colisão lateral no mesmo sentido;1;0;0;0;1;0;0;0;0;0;2;0;0;0;0
13/10/2022;15:13:00;118;Sem vítima;244,200;BR-101/ES;Crescente;Choque;0;0;0;1;0;0;0;0;0;0;1;0;0;0;0
13/10/2022;19:15:00;162;Sem vítima;358,000;BR-101/ES;Crescente;Colisão lateral no mesmo sentido;0;0;1;0;0;0;0;0;0;1;3;0;0;0;0
13/10/2022;22:34:00;186;Com vítima;429,000;BR-101/ES;Crescente;Colisão traseira;0;0;0;1;0;1;0;0;0;0;1;0;1;0;0
14/10/2022;06:13:00;24;Sem vítima;287,000;BR-101/ES;Decrescente;Saída de pista;1;0;0;0;0;0;0;0;0;0;1;0;0;0;0
14/10/2022;06:58:00;38;Com vítima;261,000;BR-101/ES;Crescente;Colisão lateral no mesmo sentido;1;0;0;1;0;0;0;0;0;0;1;1;0;0;0
14/10/2022;08:52:00;71;Sem vítima;213,000;BR-101/ES;Crescente;Engavetamento;2;0;1;0;0;0;0;0;0;0;2;0;0;0;0
14/10/2022;10:39:00;97;Com vítima;105,000;BR-101/ES;Decrescente;Saída de pista;0;0;0;1;0;0;0;0;0;0;0;1;0;0;0
14/10/2022;14:01:00;134;Sem vítima;254,000;BR-101/ES;Crescente;Engavetamento;4;0;0;0;0;0;0;0;0;0;10;0;0;0;0
14/10/2022;14:21:00;136;Sem vítima;146,000;BR-101/ES;Decrescente;Engavetamento;2;0;0;0;0;1;0;0;0;0;2;0;0;0;0
14/10/2022;18:00:00;172;Sem vítima;946,000;BR-101/ES;Crescente;Colisão lateral em sentido contrário;1;0;0;0;0;2;0;0;0;0;4;0;0;0;0
14/10/2022;21:27:00;207;Sem vítima;301,000;BR-101/ES;Decrescente;Colisão lateral no mesmo sentido;2;0;0;0;0;0;0;0;0;0;4;0;0;0;0
14/10/2022;23:06:00;217;Com vítima;266,000;BR-101/ES;Crescente;Colisão lateral no mesmo sentido;1;0;0;1;0;0;0;0;0;0;1;0;1;1;0
15/10/2022;06:10:00;22;Sem vítima;257,000;BR-101/ES;Crescente;Saída de pista;1;0;0;0;0;0;0;0;0;0;1;0;0;0;0
15/10/2022;11:41:00;72;Sem vítima;116,000;BR-101/ES;Crescente;Colisão traseira;1;0;0;0;0;1;0;0;0;0;1;0;0;0;0
15/10/2022;12:56:00;86;Com vítima;67,000;BR-101/ES;Decrescente;Colisão transversal;1;0;0;1;0;0;0;0;0;0;1;1;0;0;0
15/10/2022;13:47:00;94;Sem vítima;297,100;BR-101/ES;Decrescente;Saída de pista;1;0;0;0;0;0;0;0;0;0;1;0;0;0;0
15/10/2022;15:12:00;108;Sem vítima;340,600;BR-101/ES;Crescente;Choque;1;0;0;0;0;0;0;0;0;0;1;0;0;0;0
15/10/2022;20:03:00;158;Sem vítima;263,800;BR-101/ES;Crescente;Colisão lateral no mesmo sentido;2;0;0;0;0;0;0;0;0;0;2;0;0;0;0
15/10/2022;20:24:00;162;Com vítima;291,900;BR-101/ES;Crescente;Colisão traseira;0;0;0;1;0;1;0;0;0;0;0;0;2;0;0
15/10/2022;21:12:00;171;Com vítima;20,000;BR-101/ES;Crescente;Atropelamento de pedestre;0;0;0;1;0;0;0;0;0;0;1;0;1;0;0
16/10/2022;00:21:00;3;Sem vítima;159,000;BR-101/ES;Decrescente;Choque;1;0;0;0;0;0;0;0;0;0;2;0;0;0;0
16/10/2022;04:19:00;12;Sem vítima;270,050;BR-101/ES;Crescente;Saída de pista;1;0;0;0;0;0;0;0;0;0;1;0;0;0;0
16/10/2022;06:08:00;19;Sem vítima;248,500;BR-101/ES;Crescente;Saída de pista;0;0;0;0;0;0;0;0;0;1;4;0;0;0;0
16/10/2022;10:10:00;39;Com vítima;4,000;Contorno de Iconha/ES;Decrescente;Queda de moto;0;0;0;1;0;0;0;0;0;0;0;1;1;0;0
16/10/2022;14:51:00;76;Com vítima;214,000;BR-101/ES;Crescente;Colisão transversal;2;0;0;0;0;0;0;0;0;0;5;2;1;0;0
16/10/2022;18:56:00;129;Sem vítima;253,000;BR-101/ES;Crescente;Colisão traseira;1;0;0;0;0;1;0;0;0;0;1;0;0;0;0
16/10/2022;21:51:00;163;Com vítima;412,900;BR-101/ES;Decrescente;Atropelamento de pedestre;0;0;0;0;0;0;0;0;0;0;0;0;1;0;0
16/10/2022;23:31:00;172;Sem vítima;265,000;BR-101/ES;Decrescente;Colisão lateral no mesmo sentido;1;0;0;0;0;0;0;0;0;0;1;0;0;0;0
17/10/2022;08:48:00;57;Com vítima;269,200;BR-101/ES;Crescente;Queda de moto;0;0;0;1;0;0;0;0;0;0;1;0;1;0;0
17/10/2022;10:06:00;69;Sem vítima;298,000;BR-101/ES;Decrescente;Choque;0;0;0;0;0;1;0;0;0;0;1;0;0;0;0
17/10/2022;11:36:00;87;Sem vítima;266,300;BR-101/ES;Decrescente;Colisão frontal;1;0;0;0;0;1;0;0;0;0;3;0;0;0;0
17/10/2022;11:50:00;89;Sem vítima;61,200;BR-101/ES;Decrescente;Engavetamento;3;0;0;0;0;0;0;0;0;0;11;0;0;0;0
17/10/2022;14:21:00;113;Sem vítima;320,800;BR-101/ES;Crescente;Choque;0;0;1;0;0;0;0;0;0;0;1;0;0;0;0
17/10/2022;15:26:00;125;Sem vítima;270,500;BR-101/ES;Crescente;Colisão traseira;2;0;0;0;0;0;0;0;0;0;2;0;0;0;0
17/10/2022;16:25:00;138;Sem vítima;268,000;BR-101/ES;Decrescente;Colisão traseira;1;0;0;0;0;0;0;0;0;1;2;0;0;0;0
17/10/2022;17:50:00;147;Com vítima;64,300;BR-101/ES;Crescente;Colisão transversal;1;0;1;0;0;0;0;0;0;0;1;0;1;0;0
17/10/2022;17:50:00;148;Com vítima;269,000;BR-101/ES;Crescente;Atropelamento de pedestre;1;0;0;1;0;0;0;0;0;0;1;0;2;0;0
17/10/2022;19:04:00;160;Com vítima;269,600;BR-101/ES;Decrescente;Colisão lateral no mesmo sentido;1;0;0;1;0;0;0;0;0;0;1;0;1;0;0
17/10/2022;19:22:00;164;Com vítima;956,000;BR-101/ES;Crescente;Colisão lateral no mesmo sentido;2;0;0;0;0;0;0;0;0;0;3;1;0;0;0
18/10/2022;03:05:00;9;Sem vítima;31,000;BR-101/ES;Decrescente;Carreta deu L;0;0;0;0;0;1;0;0;0;0;0;0;0;0;0
18/10/2022;08:06:00;58;Sem vítima;450,000;BR-101/ES;Crescente;Choque;0;0;0;0;0;1;0;0;0;0;1;0;0;0;0
18/10/2022;10:25:00;82;Sem vítima;184,000;BR-101/ES;Crescente;Desatrelamento;0;0;0;0;0;1;0;0;0;0;1;0;0;0;0
18/10/2022;11:52:00;103;Sem vítima;77,200;BR-101/ES;Crescente;Colisão lateral no mesmo sentido;1;0;1;0;0;0;0;0;0;0;4;0;0;0;0
18/10/2022;13:35:00;115;Com vítima;288,000;BR-101/ES;Crescente;Choque;0;0;1;0;0;0;0;0;0;0;0;0;3;0;0
18/10/2022;17:07:00;152;Sem vítima;420,000;BR-101/ES;Crescente;Choque;1;0;0;0;0;0;0;0;0;0;1;0;0;0;0
18/10/2022;17:21:00;158;Sem vítima;65,200;BR-101/ES;Crescente;Colisão traseira;2;0;0;0;0;0;0;0;0;0;2;0;0;0;0
18/10/2022;17:54:00;166;Sem vítima;401,000;BR-101/ES;Crescente;Atropelamento de animal;0;0;0;0;0;0;0;0;0;1;1;0;0;0;0
18/10/2022;17:59:00;168;Sem vítima;70,000;BR-101/ES;Decrescente;Colisão transversal;2;0;0;0;0;0;0;0;0;0;2;0;0;0;0
18/10/2022;18:39:00;172;Com vítima;105,000;BR-101/ES;Crescente;Queda de moto;0;0;0;1;0;0;0;0;0;0;0;0;1;0;0
18/10/2022;19:09:00;178;Com vítima;93,400;BR-101/ES;Decrescente;Atropelamento de pedestre;1;0;0;0;0;0;0;0;0;0;1;0;1;0;0
18/10/2022;19:48:00;184;Com vítima;11,100;BR-101/ES;Decrescente;Saída de pista;0;0;0;0;0;1;0;0;0;0;0;0;0;0;1
19/10/2022;06:28:00;26;Sem vítima;278,001;BR-101/ES;Crescente;Choque;1;0;0;0;0;0;0;0;0;0;0;0;0;0;0
19/10/2022;06:44:00;28;Com vítima;286,700;BR-101/ES;Crescente;Colisão traseira;2;0;1;0;0;0;0;0;0;0;3;0;1;0;0
19/10/2022;06:54:00;32;Com vítima;267,300;BR-101/ES;Crescente;Colisão lateral no mesmo sentido;1;0;1;1;1;0;0;0;0;0;4;4;0;0;0
19/10/2022;07:13:00;35;Com vítima;269,100;BR-101/ES;Crescente;Atropelamento de pedestre;0;0;0;0;0;1;0;0;0;0;0;0;1;0;0
19/10/2022;07:32:00;36;Com vítima;436,000;BR-101/ES;Crescente;Queda de moto;0;0;0;1;0;0;0;0;0;0;0;1;0;0;0
19/10/2022;10:46:00;75;Com vítima;258,400;BR-101/ES;Decrescente;Saída de pista;1;0;0;0;0;0;0;0;0;0;0;0;1;0;0
19/10/2022;10:58:00;76;Sem vítima;118,000;BR-101/ES;Crescente;Colisão traseira;0;0;2;0;0;0;0;0;0;0;4;0;0;0;0
19/10/2022;11:00:00;77;Sem vítima;270,000;BR-101/ES;Crescente;Colisão traseira;1;0;0;0;0;1;0;0;0;0;4;0;0;0;0
19/10/2022;11:26:00;82;Sem vítima;162,100;BR-101/ES;Decrescente;Colisão traseira;2;0;0;0;0;0;0;0;0;0;2;0;0;0;0
19/10/2022;12:30:00;87;Com vítima;402,000;BR-101/ES;Decrescente;Saída de pista;0;0;0;1;0;0;0;0;0;0;0;0;1;0;0
19/10/2022;16:28:00;120;Com vítima;266,700;BR-101/ES;Crescente;Colisão lateral no mesmo sentido;1;0;0;1;0;1;0;0;0;0;1;0;1;0;0
19/10/2022;19:58:00;154;Com vítima;347,900;BR-101/ES;Crescente;Choque;0;0;1;0;0;0;0;0;0;0;0;0;1;0;0
20/10/2022;01:34:00;3;Sem vítima;264,300;BR-101/ES;Crescente;Carreta deu L;0;0;0;0;0;1;0;0;0;0;1;0;0;0;0
20/10/2022;04:47:00;15;Sem vítima;263,000;BR-101/ES;Crescente;Colisão transversal;1;0;1;0;0;0;0;0;0;0;2;0;0;0;0
20/10/2022;08:41:00;56;Sem vítima;303,000;BR-101/ES;Decrescente;Colisão traseira;1;0;0;0;0;1;0;0;0;0;4;0;0;0;0
20/10/2022;09:05:00;61;Com vítima;268,500;BR-101/ES;Crescente;Colisão transversal;1;1;0;0;0;0;0;0;0;0;1;0;1;0;0