data;horario;n_da_ocorrencia;tipo_de_ocorrencia;km;trecho;sentido;tipo_de_acidente;automovel;bicicleta;caminhao;moto;onibus;outros;tracao_animal;transporte_de_cargas_especiais;trator_maquinas;utilitarios;ilesos;levemente_feridos;moderadamente_feridos;gravemente_feridos;mortos
20/10/2022;11:01:00;86;Sem vítima;267,000;BR-101/ES;Decrescente;Colisão lateral no mesmo sentido;1;0;1;0;0;0;0;0;0;0;0;0;0;0;0
20/10/2022;14:44:00;121;Sem vítima;266,500;BR-101/ES;Crescente;Colisão traseira;1;0;0;0;0;0;0;0;0;1;1;0;0;0;0
20/10/2022;14:58:00;124;Sem vítima;452,000;BR-101/ES;Crescente;Choque;1;0;0;0;0;0;0;0;0;0;1;0;0;0;0
20/10/2022;18:19:00;156;Sem vítima;183,700;BR-101/ES;Decrescente;Colisão traseira;2;0;0;0;0;0;0;0;0;0;5;0;0;0;0
20/10/2022;18:47:00;157;Com vítima;20,000;BR-101/ES;Decrescente;Colisão transversal;1;0;0;1;0;0;0;0;0;0;1;1;0;0;0
20/10/2022;19:20:00;163;Sem vítima;391,000;BR-101/ES;Decrescente;Colisão lateral em sentido contrário;0;0;0;0;0;2;0;0;0;0;2;0;0;0;0
21/10/2022;06:21:00;26;Com vítima;29,000;BR-101/ES;Crescente;Colisão frontal;1;0;0;1;0;0;0;0;0;0;1;0;0;1;0
21/10/2022;06:38:00;28;Com vítima;332,500;BR-101/ES;Decrescente;Colisão lateral no mesmo sentido;1;0;0;1;0;0;0;0;0;0;1;0;1;0;0
21/10/2022;06:43:00;29;Com vítima;147,500;BR-101/ES;Decrescente;Colisão transversal;1;0;0;1;0;0;0;0;0;0;1;1;0;0;0
21/10/2022;10:17:00;75;Com vítima;286,000;BR-101/ES;Crescente;Queda de moto;0;0;0;1;0;0;0;0;0;0;0;0;1;0;0
21/10/2022;10:40:00;82;Sem vítima;205,000;BR-101/ES;Decrescente;Colisão lateral em sentido contrário;2;0;0;0;0;0;0;0;0;0;2;0;0;0;0
21/10/2022;11:16:00;89;Sem vítima;254,700;BR-101/ES;Crescente;Engavetamento;4;0;1;0;0;0;0;0;0;1;15;0;0;0;0
21/10/2022;11:40:00;98;Sem vítima;294,000;BR-101/ES;Crescente;Colisão lateral no mesmo sentido;1;0;0;0;0;0;0;0;0;1;2;0;0;0;0
21/10/2022;13:22:00;107;Sem vítima;196,900;BR-101/ES;Decrescente;Colisão traseira;1;0;0;0;0;0;0;0;0;0;1;0;0;0;0
21/10/2022;15:03:00;128;Sem vítima;268,900;BR-101/ES;Crescente;Colisão lateral em sentido contrário;1;0;0;0;0;1;0;0;0;0;2;0;0;0;0
21/10/2022;15:38:00;132;Com vítima;264,400;BR-101/ES;Decrescente;Colisão lateral no mesmo sentido;0;0;0;1;0;1;0;0;0;0;0;1;0;0;0
21/10/2022;15:56:00;136;Com vítima;293,800;BR-101/ES;Decrescente;Colisão lateral no mesmo sentido;0;0;0;1;0;1;0;0;0;0;1;1;0;0;0
21/10/2022;16:17:00;141;Com vítima;269,000;BR-101/ES;Decrescente;Atropelamento de pedestre;0;0;0;1;0;0;0;0;0;0;1;0;1;0;0
21/10/2022;16:55:00;149;Sem vítima;271,000;BR-101/ES;Decrescente;Colisão traseira;1;0;1;0;0;0;0;0;0;0;2;0;0;0;0
21/10/2022;17:23:00;158;Sem vítima;249,000;BR-101/ES;Crescente;Colisão lateral no mesmo sentido;1;0;1;0;0;0;0;0;0;0;2;0;0;0;0
21/10/2022;17:24:00;160;Sem vítima;403,000;BR-101/ES;Decrescente;Colisão traseira;1;0;0;0;0;0;0;0;0;0;1;0;0;0;0
21/10/2022;17:28:00;163;Sem vítima;289,000;BR-101/ES;Decrescente;Queda de moto;0;0;0;1;0;0;0;0;0;0;1;0;0;0;0
21/10/2022;17:47:00;165;Sem vítima;159,000;BR-101/ES;Crescente;Engavetamento;2;0;0;0;0;1;0;0;0;0;2;0;0;0;0
21/10/2022;18:26:00;170;Com vítima;212,500;BR-101/ES;Crescente;Engavetamento;3;0;1;0;0;0;0;0;0;0;7;0;1;0;0
21/10/2022;19:12:00;180;Sem vítima;171,000;BR-101/ES;Crescente;Colisão traseira;1;0;1;0;0;0;0;0;0;0;3;0;0;0;0
21/10/2022;19:43:00;189;Sem vítima;268,500;BR-101/ES;Crescente;Queda de moto;0;0;0;1;0;1;0;0;0;0;1;0;0;0;0
21/10/2022;20:56:00;204;Com vítima;263,900;BR-101/ES;Decrescente;Colisão lateral no mesmo sentido;0;0;0;1;0;1;0;0;0;0;0;0;1;0;0
21/10/2022;22:51:00;217;Sem vítima;184,000;BR-101/ES;Decrescente;Tombamento;0;0;1;0;0;1;0;0;0;0;2;0;0;0;0
22/10/2022;02:23:00;18;Sem vítima;244,000;BR-101/ES;Crescente;Choque;1;0;0;0;0;0;0;0;0;0;1;0;0;0;0
22/10/2022;03:07:00;20;Sem vítima;268,000;BR-101/ES;Decrescente;Saída de pista;1;0;0;0;0;0;0;0;0;0;1;0;0;0;0
22/10/2022;07:10:00;53;Com vítima;368,000;BR-101/ES;Crescente;Queda de moto;0;0;0;1;0;0;0;0;0;0;0;1;0;0;0
22/10/2022;07:56:00;72;Com vítima;292,000;BR-101/ES;Decrescente;Colisão lateral no mesmo sentido;1;0;0;1;0;0;0;0;0;0;3;0;1;0;0
22/10/2022;10:08:00;112;Sem vítima;266,000;BR-101/ES;Crescente;Colisão lateral no mesmo sentido;0;0;0;1;0;1;0;0;0;0;3;0;0;0;0
22/10/2022;10:50:00;120;Com vítima;119,600;BR-101/ES;Crescente;Queda de moto;0;0;0;1;0;0;0;0;0;0;1;1;0;0;0
22/10/2022;16:35:00;186;Com vítima;287,000;BR-101/ES;Crescente;Colisão transversal;2;0;0;0;0;0;0;0;0;0;2;0;0;1;1
22/10/2022;17:27:00;190;Com vítima;343,000;BR-101/ES;Crescente;Choque;1;0;0;0;0;0;0;0;0;0;2;1;0;0;0
22/10/2022;20:18:00;208;Sem vítima;143,000;BR-101/ES;Decrescente;Saída de pista;1;0;0;0;0;0;0;0;0;0;1;0;0;0;0
23/10/2022;05:45:00;24;Com vítima;284,000;BR-101/ES;Decrescente;Saída de pista;1;0;0;0;0;0;0;0;0;0;0;0;1;0;0
23/10/2022;06:03:00;28;Sem vítima;272,000;BR-101/ES;Decrescente;Choque;1;0;0;0;0;0;0;0;0;0;1;0;0;0;0
23/10/2022;06:08:00;29;Sem vítima;297,000;BR-101/ES;Crescente;Choque;1;0;0;0;0;0;0;0;0;0;2;0;0;0;0
23/10/2022;07:25:00;36;Sem vítima;286,000;BR-101/ES;Decrescente;Saída de pista;1;0;0;0;0;0;0;0;0;0;1;0;0;0;0
23/10/2022;10:33:00;57;Sem vítima;266,000;BR-101/ES;Decrescente;Colisão transversal;2;0;0;0;0;0;0;0;0;0;4;0;0;0;0
23/10/2022;10:46:00;58;Sem vítima;71,000;BR-101/ES;Crescente;Saída de pista;2;0;0;0;0;0;0;0;0;0;6;0;0;0;0
23/10/2022;11:40:00;66;Sem vítima;197,000;BR-101/ES;Decrescente;Saída de pista;1;0;0;0;0;0;0;0;0;0;4;0;0;0;0
23/10/2022;11:58:00;69;Com vítima;197,150;BR-101/ES;Decrescente;Saída de pista;1;0;0;0;0;0;0;0;0;0;0;0;1;0;0
23/10/2022;19:08:00;126;Sem vítima;179,000;BR-101/ES;Crescente;Saída de pista;1;0;0;0;0;0;0;0;0;0;1;0;0;0;0
23/10/2022;22:51:00;145;Com vítima;287,000;BR-101/ES;Crescente;Colisão lateral no mesmo sentido;2;0;0;0;0;0;0;0;0;0;3;1;1;0;0
23/10/2022;23:58:00;147;Sem vítima;288,000;BR-101/ES;Crescente;Saída de pista;0;0;0;0;0;1;0;0;0;0;1;0;0;0;0
24/10/2022;03:16:00;9;Sem vítima;320,800;BR-101/ES;Crescente;Colisão traseira;0;0;2;0;0;0;0;0;0;0;2;0;0;0;0
24/10/2022;08:01:00;34;Com vítima;59,900;BR-101/ES;Crescente;Saída de pista;1;0;0;0;0;0;0;0;0;0;0;0;1;0;0
24/10/2022;08:20:00;40;Sem vítima;28,000;BR-101/ES;Crescente;Queda de moto;0;0;0;1;0;0;0;0;0;0;2;0;0;0;0
24/10/2022;10:31:00;58;Sem vítima;404,000;BR-101/ES;Crescente;Colisão transversal;2;0;0;0;0;0;0;0;0;0;2;0;0;0;0
24/10/2022;12:47:00;76;Com vítima;204,100;BR-101/ES;Crescente;Queda de bicicleta;0;1;0;0;0;0;0;0;0;0;0;1;0;0;0
24/10/2022;16:10:00;99;Sem vítima;446,000;BR-101/ES;Crescente;Choque;0;0;1;0;0;0;0;0;0;0;1;0;0;0;0
24/10/2022;17:57:00;122;Com vítima;287,000;BR-101/ES;Decrescente;Choque;0;0;1;1;0;0;0;0;0;0;0;0;1;0;0
24/10/2022;19:09:00;130;Sem vítima;12,000;BR-101/ES;Crescente;Colisão transversal;1;0;0;1;0;0;0;0;0;0;2;0;0;0;0
25/10/2022;06:59:00;22;Sem vítima;151,000;BR-101/ES;Crescente;Colisão traseira;2;0;0;0;0;0;0;0;0;0;5;0;0;0;0
25/10/2022;11:23:00;70;Sem vítima;312,800;BR-101/ES;Decrescente;Colisão traseira;1;0;0;0;0;0;0;0;0;1;7;0;0;0;0
25/10/2022;12:04:00;79;Sem vítima;344,500;BR-101/ES;Crescente;Choque;1;0;0;0;0;0;0;0;0;0;1;0;0;0;0
25/10/2022;12:59:00;81;Sem vítima;286,200;BR-101/ES;Decrescente;Choque;1;0;0;0;0;0;0;0;0;0;1;0;0;0;0
25/10/2022;14:45:00;94;Sem vítima;67,000;BR-101/ES;Decrescente;Colisão traseira;1;0;0;0;0;0;0;0;0;0;1;0;0;0;0
26/10/2022;09:31:00;62;Com vítima;165,140;BR-101/ES;Crescente;Queda de moto;0;0;0;1;0;0;0;0;0;0;0;0;1;0;0
26/10/2022;10:14:00;80;Sem vítima;269,000;BR-101/ES;Crescente;Engavetamento;3;0;0;0;0;0;0;0;0;0;3;0;0;0;0
26/10/2022;12:23:00;108;Sem vítima;242,000;BR-101/ES;Decrescente;Engavetamento;2;0;0;0;0;1;0;0;0;0;3;0;0;0;0
26/10/2022;12:32:00;109;Sem vítima;262,000;BR-101/ES;Crescente;Queda de moto;0;0;0;1;0;0;0;0;0;0;2;0;0;0;0
26/10/2022;13:04:00;115;Com vítima;265,200;BR-101/ES;Decrescente;Saída de pista;1;0;0;0;0;0;0;0;0;0;1;1;0;0;0
26/10/2022;13:16:00;117;Sem vítima;274,000;BR-101/ES;Decrescente;Colisão lateral no mesmo sentido;1;0;0;0;0;1;0;0;0;0;2;0;0;0;0
26/10/2022;15:58:00;140;Sem vítima;290,800;BR-101/ES;Decrescente;Colisão traseira;2;0;0;0;0;0;0;0;0;0;2;0;0;0;0
26/10/2022;16:14:00;143;Sem vítima;214,000;BR-101/ES;Decrescente;Colisão lateral no mesmo sentido;1;0;0;0;0;1;0;0;0;0;3;0;0;0;0
26/10/2022;18:58:00;171;Sem vítima;146,200;BR-101/ES;Decrescente;Colisão lateral no mesmo sentido;1;0;0;0;0;1;0;0;0;0;1;0;0;0;0
26/10/2022;19:39:00;179;Sem vítima;146,000;BR-101/ES;Decrescente;Colisão lateral no mesmo sentido;1;0;0;0;0;1;0;0;0;0;1;0;0;0;0
26/10/2022;21:15:00;188;Com vítima;296,400;BR-101/ES;Crescente;Choque;2;0;0;1;0;0;0;0;0;0;3;0;1;0;0
26/10/2022;23:53:00;197;Com vítima;267,700;BR-101/ES;Crescente;Choque;1;0;0;0;0;0;0;0;0;0;0;0;1;0;0
27/10/2022;06:47:00;28;Com vítima;271,500;BR-101/ES;Crescente;Atropelamento de ciclista;0;1;0;1;0;0;0;0;0;0;1;0;2;0;0
27/10/2022;07:25:00;47;Sem vítima;262,900;BR-101/ES;Crescente;Colisão lateral no mesmo sentido;2;0;0;0;0;0;0;0;0;0;2;0;0;0;0
27/10/2022;11:11:00;96;Sem vítima;287,650;BR-101/ES;Crescente;Colisão lateral no mesmo sentido;0;0;0;0;0;2;0;0;0;0;1;0;0;0;0
27/10/2022;11:43:00;100;Sem vítima;340,700;BR-101/ES;Crescente;Tombamento;0;0;0;0;0;0;0;0;0;1;2;0;0;0;0
27/10/2022;13:37:00;111;Sem vítima;146,000;BR-101/ES;Crescente;Colisão lateral no mesmo sentido;0;0;1;0;2;0;0;0;0;0;3;0;0;0;0
27/10/2022;14:04:00;115;Sem vítima;214,000;BR-101/ES;Crescente;Colisão traseira;2;0;0;0;0;0;0;0;0;0;2;0;0;0;0
27/10/2022;14:09:00;113;Sem vítima;357,700;BR-101/ES;Decrescente;Choque;1;0;0;0;0;0;0;0;0;0;1;0;0;0;0
27/10/2022;15:39:00;133;Com vítima;288,500;BR-101/ES;Crescente;Engavetamento;3;0;2;0;0;1;0;0;0;2;14;0;0;2;0
27/10/2022;17:44:00;152;Sem vítima;168,000;BR-101/ES;Decrescente;Colisão traseira;3;0;0;0;0;0;0;0;0;0;9;0;0;0;0
27/10/2022;18:52:00;160;Com vítima;285,001;BR-101/ES;Decrescente;Colisão transversal;1;0;0;1;0;0;0;0;0;0;1;1;0;0;0
27/10/2022;21:37:00;181;Sem vítima;266,000;BR-101/ES;Decrescente;Colisão traseira;1;0;0;0;0;0;0;0;0;0;1;0;0;0;0
28/10/2022;06:38:00;18;Com vítima;289,000;BR-101/ES;Crescente;Colisão lateral no mesmo sentido;1;0;0;1;0;0;0;0;0;0;1;1;0;0;0
28/10/2022;06:50:00;19;Com vítima;264,500;BR-101/ES;Decrescente;Colisão transversal;1;0;0;1;0;0;0;0;0;0;1;1;0;0;0
28/10/2022;11:21:00;73;Sem vítima;398,900;BR-101/ES;Crescente;Choque;1;0;0;0;0;0;0;0;0;0;1;0;0;0;0
28/10/2022;12:32:00;85;Sem vítima;228,000;BR-101/ES;Crescente;Colisão traseira;2;0;0;0;0;0;0;0;0;0;2;0;0;0;0
28/10/2022;13:27:00;91;Sem vítima;416,900;BR-101/ES;Decrescente;Tombamento;0;0;0;0;0;1;0;0;0;0;1;0;0;0;0
28/10/2022;14:35:00;101;Com vítima;388,400;BR-101/ES;Crescente;Tombamento;1;0;0;0;0;2;0;0;0;0;1;2;0;0;0
28/10/2022;18:05:00;147;Sem vítima;147,000;BR-101/ES;Decrescente;Engavetamento;5;0;0;0;0;0;0;0;0;0;9;0;0;0;0
28/10/2022;19:35:00;158;Sem vítima;359,000;BR-101/ES;Crescente;Atropelamento de animal;0;0;0;1;0;0;0;0;0;0;1;0;0;0;0
28/10/2022;19:38:00;159;Com vítima;5,000;Contorno de Iconha/ES;Decrescente;Colisão traseira;2;0;0;0;0;0;0;0;0;0;4;2;0;0;0
28/10/2022;20:39:00;165;Com vítima;296,000;BR-101/ES;Crescente;Queda de moto;0;0;0;1;0;0;0;0;0;0;0;0;1;0;0
28/10/2022;23:39:00;181;Sem vítima;954,000;BR-101/ES;Decrescente;Atropelamento de animal;1;0;0;0;0;0;0;0;0;0;2;0;0;0;0
28/10/2022;23:43:00;182;Sem vítima;953,000;BR-101/ES;Decrescente;Queda de moto;0;0;0;1;0;0;0;0;0;0;1;0;0;0;0
28/10/2022;23:57:00;183;Sem vítima;342,000;BR-101/ES;Crescente;Choque;0;0;0;0;0;1;0;0;0;0;1;0;0;0;0
29/10/2022;02:46:00;9;Sem vítima;286,600;BR-101/ES;Decrescente;Capotamento;1;0;0;0;0;0;0;0;0;0;1;0;0;0;0
29/10/2022;08:30:00;42;Sem vítima;294,000;BR-101/ES;Decrescente;Colisão traseira;2;0;0;0;0;0;0;0;0;0;4;0;0;0;0
29/10/2022;08:44:00;43;Sem vítima;204,500;BR-101/ES;Crescente;Choque;1;0;0;0;0;0;0;0;0;0;1;0;0;0;0
29/10/2022;14:46:00;90;Sem vítima;147,000;BR-101/ES;Decrescente;Colisão transversal;1;0;0;0;0;1;0;0;0;0;2;0;0;0;0
29/10/2022;15:46:00;102;Com vítima;259,000;BR-101/ES;Decrescente;Tombamento;1;0;0;0;0;0;0;0;0;0;2;1;0;0;0
29/10/2022;15:58:00;106;Com vítima;214,500;BR-101/ES;Decrescente;Colisão transversal;2;0;0;0;0;0;0;0;0;0;1;1;0;0;0
29/10/2022;16:12:00;113;Com vítima;66,200;BR-101/ES;Decrescente;Engavetamento;2;0;0;1;0;0;0;0;0;0;2;1;0;0;0
29/10/2022;16:48:00;120;Sem vítima;287,000;BR-101/ES;Crescente;Colisão lateral no mesmo sentido;2;0;0;0;0;0;0;0;0;0;3;0;0;0;0
29/10/2022;21:37:00;143;Com vítima;417,900;BR-101/ES;Crescente;Colisão transversal;0;0;0;1;0;1;0;0;0;0;0;0;1;1;0
29/10/2022;21:58:00;145;Com vítima;261,500;BR-101/ES;Decrescente;Colisão lateral no mesmo sentido;1;0;0;1;0;0;0;0;0;0;1;0;1;0;0
29/10/2022;22:09:00;148;Com vítima;337,000;BR-101/ES;Crescente;Queda de moto;0;0;0;1;0;0;0;0;0;0;0;0;1;0;0
29/10/2022;23:26:00;156;Com vítima;17,600;BR-101/ES;Crescente;Colisão frontal;1;0;1;0;0;0;0;0;0;0;1;0;0;1;0
30/10/2022;01:15:00;4;Com vítima;66,000;BR-101/ES;Decrescente;Colisão traseira;2;0;0;0;0;0;0;0;0;0;1;1;0;0;0
30/10/2022;02:35:00;9;Sem vítima;151,600;BR-101/ES;Crescente;Saída de pista;1;0;0;0;0;0;0;0;0;0;1;0;0;0;0
30/10/2022;10:47:00;61;Com vítima;85,000;BR-101/ES;Crescente;Colisão lateral no mesmo sentido;1;0;0;1;0;0;0;0;0;0;0;3;0;0;0
30/10/2022;11:34:00;67;Sem vítima;241,800;BR-101/ES;Crescente;Colisão lateral no mesmo sentido;1;0;0;0;0;0;0;0;0;0;1;0;0;0;0
30/10/2022;16:21:00;106;Sem vítima;405,900;BR-101/ES;Crescente;Choque;1;0;0;0;0;0;0;0;0;0;1;0;0;0;0
30/10/2022;18:23:00;121;Com vítima;337,000;BR-101/ES;Decrescente;Choque;0;0;0;1;0;0;0;0;0;0;0;0;2;0;0
30/10/2022;20:46:00;139;Sem vítima;337,000;BR-101/ES;Decrescente;Choque;1;0;0;0;0;0;0;0;0;0;1;0;0;0;0
31/10/2022;05:19:00;21;Com vítima;241,000;BR-101/ES;Crescente;Colisão transversal;0;0;1;1;0;0;0;0;0;0;1;0;0;1;0
31/10/2022;06:41:00;31;Sem vítima;316,000;BR-101/ES;Decrescente;Choque;1;0;0;0;0;0;0;0;0;0;1;0;0;0;0
31/10/2022;07:08:00;36;Sem vítima;119,700;BR-101/ES;Decrescente;Colisão traseira;1;0;1;0;0;0;0;0;0;0;7;0;0;0;0
31/10/2022;08:15:00;50;Sem vítima;270,000;BR-101/ES;Crescente;Colisão traseira;0;0;0;2;0;0;0;0;0;0;3;0;0;0;0
31/10/2022;13:53:00;129;Sem vítima;350,000;BR-101/ES;Decrescente;Carreta deu L;0;0;0;0;0;1;0;0;0;0;1;0;0;0;0
31/10/2022;15:41:00;141;Sem vítima;316,000;BR-101/ES;Decrescente;Colisão lateral no mesmo sentido;2;0;0;0;0;0;0;0;0;0;2;0;0;0;0
31/10/2022;15:46:00;142;Com vítima;267,000;BR-101/ES;Decrescente;Colisão lateral no mesmo sentido;0;0;0;1;0;1;0;0;0;0;0;0;2;0;0
31/10/2022;16:32:00;153;Com vítima;443,500;BR-101/ES;Decrescente;Queda de moto;0;0;0;1;0;0;0;0;0;0;0;1;0;0;0
31/10/2022;17:24:00;160;Com vítima;225,000;BR-101/ES;Crescente;Saída de pista;1;0;0;0;0;0;0;0;0;0;0;0;0;1;0
31/10/2022;19:39:00;174;Com vítima;262,000;BR-101/ES;Crescente;Atropelamento de ciclista;0;1;0;1;0;0;0;0;0;0;0;1;1;0;0
01/11/2022;10:19:00;44;Sem vítima;332,000;BR-101/ES;Decrescente;Choque;1;0;0;0;0;0;0;0;0;0;1;0;0;0;0
01/11/2022;14:01:00;64;Com vítima;295,000;BR-101/ES;Crescente;Colisão lateral no mesmo sentido;0;0;1;1;0;0;0;0;0;0;1;0;1;0;0
01/11/2022;15:25:00;77;Com vítima;255,000;BR-101/ES;Crescente;Colisão transversal;1;0;0;1;0;0;0;0;0;0;1;1;0;0;0
01/11/2022;15:51:00;85;Sem vítima;403,000;BR-101/ES;Crescente;Queda de moto;0;0;0;1;0;0;0;0;0;0;1;0;0;0;0
01/11/2022;16:26:00;89;Sem vítima;197,000;BR-101/ES;Decrescente;Saída de pista;1;0;0;0;0;0;0;0;0;0;3;0;0;0;0
01/11/2022;17:05:00;97;Com vítima;388,000;BR-101/ES;Decrescente;Tombamento;0;0;0;0;0;1;0;0;0;0;0;0;1;0;0
01/11/2022;18:45:00;109;Sem vítima;149,000;BR-101/ES;Crescente;Colisão traseira;2;0;0;0;1;0;0;0;0;0;3;0;0;0;0
01/11/2022;19:46:00;121;Com vítima;276,000;BR-101/ES;Decrescente;Colisão traseira;0;0;0;1;0;1;0;0;0;0;0;1;0;0;0
02/11/2022;05:34:00;14;Com vítima;57,000;BR-101/ES;Crescente;Colisão lateral no mesmo sentido;1;0;0;0;0;1;0;0;0;0;2;1;0;0;0
02/11/2022;05:36:00;15;Sem vítima;349,200;BR-101/ES;Decrescente;Tombamento;0;0;1;0;0;0;0;0;0;0;1;0;0;0;0
02/11/2022;07:33:00;31;Sem vítima;453,000;BR-101/ES;Decrescente;Saída de pista;1;0;0;0;0;0;0;0;0;0;4;0;0;0;0
02/11/2022;08:01:00;36;Com vítima;149,000;BR-101/ES;Crescente;Queda de bicicleta;0;1;0;0;0;0;0;0;0;0;0;0;1;0;0
02/11/2022;08:07:00;37;Sem vítima;123,900;BR-101/ES;Crescente;Saída de pista;1;0;0;0;0;0;0;0;0;0;3;0;0;0;0
02/11/2022;08:08:00;38;Com vítima;324,000;BR-101/ES;Crescente;Saída de pista;0;0;0;0;0;1;0;0;0;1;1;2;1;0;0
02/11/2022;08:17:00;42;Sem vítima;109,300;BR-101/ES;Decrescente;Colisão lateral no mesmo sentido;1;0;0;0;0;0;0;0;0;0;1;0;0;0;0
02/11/2022;10:15:00;56;Com vítima;241,600;BR-101/ES;Crescente;Colisão lateral em sentido contrário;2;0;0;0;0;0;0;0;0;0;1;0;1;0;0
02/11/2022;11:45:00;66;Com vítima;210,900;BR-101/ES;Crescente;Engavetamento;3;0;0;0;0;0;0;0;0;0;3;1;0;0;0
02/11/2022;13:18:00;72;Com vítima;235,000;BR-101/ES;Decrescente;Choque;0;0;1;0;0;0;0;0;0;0;0;0;1;0;0
02/11/2022;15:40:00;78;Sem vítima;315,000;BR-101/ES;Decrescente;Colisão frontal;1;0;0;0;0;0;0;0;0;0;1;0;0;0;0
02/11/2022;15:42:00;79;Sem vítima;289,000;BR-101/ES;Decrescente;Colisão traseira;1;0;1;0;0;0;0;0;0;0;2;0;0;0;0
02/11/2022;20:09:00;107;Sem vítima;56,000;BR-101/ES;Crescente;Colisão traseira;2;0;0;0;0;0;0;0;0;0;2;0;0;0;0
02/11/2022;20:52:00;111;Com vítima;311,000;BR-101/ES;Crescente;Tombamento;0;0;1;0;0;0;0;0;0;0;0;1;0;0;0
03/11/2022;03:37:00;5;Sem vítima;422,200;BR-101/ES;Decrescente;Tombamento;0;0;1;0;0;0;0;0;0;0;1;0;0;0;0
03/11/2022;06:17:00;10;Sem vítima;159,800;BR-101/ES;Crescente;Colisão lateral em sentido contrário;1;0;1;0;0;0;0;0;0;0;2;0;0;0;0
03/11/2022;06:55:00;18;Sem vítima;373,000;BR-101/ES;Decrescente;Colisão traseira;2;0;0;0;0;0;0;0;0;0;2;0;0;0;0
03/11/2022;08:34:00;54;Sem vítima;282,500;BR-101/ES;Crescente;Saída de pista;1;0;0;0;0;0;0;0;0;0;1;0;0;0;0
03/11/2022;09:55:00;61;Sem vítima;343,300;BR-101/ES;Crescente;Colisão frontal;1;0;0;0;0;0;0;0;0;0;1;0;0;0;0
03/11/2022;10:56:00;68;Sem vítima;270,800;BR-101/ES;Crescente;Choque;1;0;0;0;0;0;0;0;0;0;1;0;0;0;0
03/11/2022;14:43:00;91;Sem vítima;309,000;BR-101/ES;Crescente;Saída de pista;1;0;0;0;0;0;0;0;0;0;1;0;0;0;0
03/11/2022;16:38:00;109;Com vítima;148,000;BR-101/ES;Decrescente;Engavetamento;3;0;0;1;0;0;0;0;0;0;3;0;1;0;0
03/11/2022;18:19:00;116;Sem vítima;301,000;BR-101/ES;Decrescente;Choque;1;0;0;0;0;0;0;0;0;0;1;0;0;0;0
03/11/2022;23:39:00;149;Sem vítima;267,000;BR-101/ES;Decrescente;Choque;1;0;0;0;0;0;0;0;0;0;1;0;0;0;0
04/11/2022;02:43:00;6;Sem vítima;335,000;BR-101/ES;Crescente;Acidentes de outra natureza;0;0;0;0;0;1;0;0;0;0;1;0;0;0;0
04/11/2022;07:34:00;34;Com vítima;204,000;BR-101/ES;Decrescente;Colisão lateral em sentido contrário;1;0;0;1;0;0;0;0;0;0;1;0;1;0;0
04/11/2022;07:45:00;42;Com vítima;269,000;BR-101/ES;Crescente;Colisão lateral no mesmo sentido;1;0;0;1;0;0;0;0;0;0;1;1;0;0;0
04/11/2022;09:08:00;58;Com vítima;315,900;BR-101/ES;Decrescente;Tombamento;0;0;0;0;0;1;0;0;0;0;0;0;0;1;0
04/11/2022;10:05:00;66;Com vítima;203,000;BR-101/ES;Crescente;Colisão frontal;2;0;0;0;0;0;0;0;0;0;2;0;1;0;0
04/11/2022;13:11:00;92;Sem vítima;203,000;BR-101/ES;Crescente;Colisão traseira;1;0;1;0;0;0;0;0;0;0;2;0;0;0;0
04/11/2022;15:17:00;111;Com vítima;270,000;BR-101/ES;Decrescente;Colisão lateral no mesmo sentido;0;0;0;1;0;0;0;0;0;1;1;0;1;0;0
04/11/2022;18:19:00;139;Sem vítima;277,000;BR-101/ES;Crescente;Queda de moto;0;0;0;1;0;0;0;0;0;0;1;0;0;0;0
04/11/2022;18:57:00;143;Com vítima;32,100;BR-101/ES;Crescente;Engavetamento;3;0;0;0;0;0;0;0;0;0;3;1;0;0;0
04/11/2022;19:21:00;146;Sem vítima;145,800;BR-101/ES;Crescente;Colisão traseira;2;0;0;0;0;0;0;0;0;0;4;0;0;0;0
05/11/2022;00:08:00;1;Com vítima;263,000;BR-101/ES;Crescente;Queda de bicicleta;0;1;0;0;0;0;0;0;0;0;0;1;0;0;0
05/11/2022;05:38:00;12;Com vítima;361,300;BR-101/ES;Decrescente;Saída de pista;0;0;0;0;0;1;0;0;0;0;0;1;0;0;0
05/11/2022;09:40:00;48;Com vítima;258,100;BR-101/ES;Decrescente;Queda de moto;0;0;0;1;0;1;0;0;0;0;1;0;0;0;1
05/11/2022;10:02:00;51;Sem vítima;165,500;BR-101/ES;Decrescente;Colisão traseira;2;0;0;0;0;0;0;0;0;0;2;0;0;0;0
05/11/2022;11:06:00;58;Com vítima;290,000;BR-101/ES;Crescente;Queda de moto;0;0;0;1;0;0;0;0;0;0;0;0;1;0;0
05/11/2022;11:11:00;59;Sem vítima;213,000;BR-101/ES;Crescente;Colisão lateral no mesmo sentido;0;0;0;1;0;1;0;0;0;0;1;0;0;0;0
05/11/2022;12:53:00;78;Sem vítima;167,000;BR-101/ES;Crescente;Saída de pista;1;0;0;0;0;0;0;0;0;0;1;0;0;0;0
05/11/2022;16:01:00;98;Sem vítima;331,000;BR-101/ES;Crescente;Choque;1;0;0;0;0;0;0;0;0;0;2;0;0;0;0