data;horario;n_da_ocorrencia;tipo_de_ocorrencia;km;trecho;sentido;tipo_de_acidente;automovel;bicicleta;caminhao;moto;onibus;outros;tracao_animal;transporte_de_cargas_especiais;trator_maquinas;utilitarios;ilesos;levemente_feridos;moderadamente_feridos;gravemente_feridos;mortos
05/11/2022;16:25:00;101;Sem vítima;61,000;BR-101/ES;Decrescente;Colisão traseira;1;0;0;0;0;1;0;0;0;0;3;0;0;0;0
05/11/2022;17:38:00;118;Com vítima;260,950;BR-101/ES;Crescente;Queda de moto;0;0;0;1;0;0;0;0;0;0;0;1;0;0;0
05/11/2022;17:49:00;120;Com vítima;140,000;BR-101/ES;Decrescente;Colisão traseira;0;0;0;1;1;0;0;0;0;0;1;0;0;0;1
05/11/2022;18:24:00;124;Com vítima;260,400;BR-101/ES;Crescente;Colisão lateral no mesmo sentido;2;0;0;1;0;0;0;0;0;0;2;0;1;0;0
06/11/2022;10:19:00;36;Sem vítima;289,000;BR-101/ES;Decrescente;Tombamento;1;0;0;0;0;0;0;0;0;1;1;0;0;0;0
06/11/2022;12:11:00;45;Sem vítima;295,800;BR-101/ES;Decrescente;Colisão lateral em sentido contrário;1;0;0;0;0;1;0;0;0;0;4;0;0;0;0
07/11/2022;06:22:00;18;Sem vítima;215,000;BR-101/ES;Crescente;Colisão traseira;1;0;0;0;0;0;0;0;0;1;3;0;0;0;0
07/11/2022;07:20:00;33;Com vítima;147,100;BR-101/ES;Decrescente;Colisão lateral no mesmo sentido;0;0;0;1;1;1;0;0;0;0;1;0;1;0;0
07/11/2022;08:54:00;57;Sem vítima;339,000;BR-101/ES;Crescente;Acidentes de outra natureza;0;0;0;0;1;0;0;0;0;0;3;0;0;0;0
07/11/2022;14:51:00;118;Sem vítima;212,700;BR-101/ES;Crescente;Colisão lateral no mesmo sentido;1;0;0;1;0;0;0;0;0;0;3;0;0;0;0
07/11/2022;15:38:00;126;Sem vítima;266,000;BR-101/ES;Crescente;Engavetamento;3;0;0;0;0;0;0;0;0;0;7;0;0;0;0
07/11/2022;15:44:00;127;Sem vítima;67,000;BR-101/ES;Decrescente;Colisão transversal;1;0;0;0;0;0;0;0;0;1;2;0;0;0;0
07/11/2022;16:58:00;135;Com vítima;287,000;BR-101/ES;Decrescente;Queda de moto;0;0;0;1;0;0;0;0;0;0;0;0;1;0;0
07/11/2022;18:56:00;153;Sem vítima;68,000;BR-101/ES;Decrescente;Colisão traseira;1;0;0;0;0;0;0;0;0;0;1;0;0;0;0
07/11/2022;19:15:00;154;Com vítima;94,500;BR-101/ES;Decrescente;Atropelamento de pedestre;1;0;0;0;0;0;0;0;0;0;3;0;0;1;0
08/11/2022;05:59:00;11;Com vítima;947,190;BR-101/ES;Decrescente;Tombamento;0;0;0;0;0;1;0;0;0;0;0;0;1;0;0
08/11/2022;07:59:00;31;Com vítima;144,900;BR-101/ES;Crescente;Queda de moto;0;0;0;1;0;0;0;0;0;0;0;1;0;0;0
08/11/2022;08:40:00;39;Com vítima;45,000;BR-101/ES;Decrescente;Saída de pista;1;0;0;0;0;0;0;0;0;0;0;1;0;0;0
08/11/2022;10:11:00;55;Sem vítima;269,000;BR-101/ES;Decrescente;Colisão lateral no mesmo sentido;1;0;0;0;0;1;0;0;0;0;2;0;0;0;0
08/11/2022;10:26:00;60;Sem vítima;281,000;BR-101/ES;Crescente;Choque;1;0;0;0;0;0;0;0;0;0;1;0;0;0;0
08/11/2022;16:05:00;125;Sem vítima;439,000;BR-101/ES;Crescente;Colisão transversal;0;0;1;0;0;1;0;0;0;0;2;0;0;0;0
08/11/2022;16:09:00;126;Com vítima;7,000;BR-101/ES;Decrescente;Colisão traseira;1;0;0;1;0;0;0;0;0;0;1;1;0;0;0
08/11/2022;18:59:00;154;Com vítima;286,000;BR-101/ES;Decrescente;Queda de moto;0;0;0;1;0;0;0;0;0;0;0;1;0;0;0
09/11/2022;04:12:00;13;Com vítima;167,000;BR-101/ES;Crescente;Colisão transversal;2;0;0;0;0;0;0;0;0;0;2;2;2;0;0
09/11/2022;07:30:00;33;Com vítima;146,500;BR-101/ES;Crescente;Queda de moto;0;0;0;1;0;0;0;0;0;0;0;1;0;0;0
09/11/2022;09:23:00;51;Com vítima;267,400;BR-101/ES;Crescente;Colisão traseira;0;0;1;1;0;0;0;0;0;0;1;0;1;0;0
09/11/2022;12:02:00;91;Sem vítima;265,700;BR-101/ES;Crescente;Colisão lateral no mesmo sentido;1;0;0;0;0;1;0;0;0;0;2;0;0;0;0
09/11/2022;12:42:00;94;Com vítima;127,000;BR-101/ES;Decrescente;Colisão transversal;1;0;0;1;0;0;0;0;0;0;1;1;0;0;0
09/11/2022;12:46:00;96;Sem vítima;261,000;BR-101/ES;Crescente;Colisão lateral no mesmo sentido;1;0;0;0;0;0;0;0;0;0;1;0;0;0;0
09/11/2022;14:35:00;113;Com vítima;128,400;BR-101/ES;Decrescente;Colisão transversal;2;0;0;0;0;0;0;0;0;0;0;3;0;0;0
10/11/2022;07:28:00;35;Sem vítima;294,000;BR-101/ES;Decrescente;Choque;1;0;0;0;0;0;0;0;0;0;1;0;0;0;0
10/11/2022;07:54:00;40;Sem vítima;310,000;BR-101/ES;Decrescente;Acidentes de outra natureza;0;0;0;0;0;0;0;0;0;1;1;0;0;0;0
10/11/2022;09:54:00;68;Com vítima;312,000;BR-101/ES;Crescente;Queda de moto;0;0;0;1;0;0;0;0;0;0;0;0;1;0;0
10/11/2022;10:42:00;80;Sem vítima;233,000;BR-101/ES;Decrescente;Colisão lateral em sentido contrário;1;0;0;0;0;0;0;0;0;0;1;0;0;0;0
10/11/2022;12:10:00;89;Com vítima;140,000;BR-101/ES;Crescente;Colisão transversal;0;0;0;2;0;0;0;0;0;0;0;2;0;0;0
10/11/2022;14:05:00;101;Sem vítima;269,000;BR-101/ES;Decrescente;Engavetamento;2;0;1;0;0;0;0;0;0;0;3;0;0;0;0
10/11/2022;16:10:00;117;Com vítima;94,200;BR-101/ES;Crescente;Tombamento;0;0;0;0;0;1;0;0;0;0;0;1;0;0;0
10/11/2022;17:26:00;131;Com vítima;268,000;BR-101/ES;Decrescente;Colisão traseira;0;0;0;1;0;1;0;0;0;0;0;0;1;0;0
10/11/2022;23:22:00;165;Sem vítima;264,000;BR-101/ES;Decrescente;Colisão transversal;2;0;0;0;0;0;0;0;0;0;3;0;0;0;0
11/11/2022;06:41:00;20;Sem vítima;237,000;BR-101/ES;Decrescente;Queda de moto;0;0;0;1;0;0;0;0;0;0;1;0;0;0;0
11/11/2022;13:32:00;118;Sem vítima;392,000;BR-101/ES;Decrescente;Colisão traseira;1;0;0;0;0;0;0;0;0;0;1;0;0;0;0
11/11/2022;14:27:00;128;Sem vítima;60,000;BR-101/ES;Crescente;Colisão lateral em sentido contrário;1;0;0;0;0;0;0;0;0;1;3;0;0;0;0
11/11/2022;16:31:00;154;Com vítima;137,800;BR-101/ES;Crescente;Colisão traseira;1;0;0;1;0;0;0;0;0;0;1;0;1;0;0
11/11/2022;17:19:00;164;Com vítima;270,700;BR-101/ES;Decrescente;Queda de bicicleta;0;1;0;0;0;1;0;0;0;0;1;0;0;0;1
11/11/2022;19:46:00;192;Com vítima;311,000;BR-101/ES;Decrescente;Queda de moto;0;0;0;1;0;0;0;0;0;0;0;0;2;0;0
12/11/2022;01:43:00;8;Sem vítima;380,200;BR-101/ES;Crescente;Saída de pista;0;0;0;0;0;0;0;0;0;1;5;0;0;0;0
12/11/2022;09:44:00;54;Com vítima;70,000;BR-101/ES;Decrescente;Colisão transversal;0;1;0;1;0;0;0;0;0;0;0;1;1;0;0
12/11/2022;10:55:00;59;Sem vítima;42,000;BR-101/ES;Crescente;Choque;1;0;0;0;0;0;0;0;0;0;1;0;0;0;0
12/11/2022;14:27:00;92;Sem vítima;405,000;BR-101/ES;Crescente;Saída de pista;2;0;0;0;0;0;0;0;0;0;6;0;0;0;0
12/11/2022;16:35:00;113;Com vítima;238,000;BR-101/ES;Crescente;Colisão traseira;0;0;0;1;0;1;0;0;0;0;2;0;1;0;0
12/11/2022;20:06:00;144;Com vítima;344,800;BR-101/ES;Decrescente;Atropelamento de pedestre;0;0;0;1;0;0;0;0;0;0;0;0;0;0;1
13/11/2022;01:17:00;3;Com vítima;165,700;BR-101/ES;Decrescente;Colisão frontal;1;0;0;0;0;1;0;0;0;0;1;0;0;0;2
13/11/2022;04:35:00;15;Sem vítima;294,000;BR-101/ES;Crescente;Choque;0;0;0;0;0;1;0;0;0;0;1;0;0;0;0
13/11/2022;06:17:00;27;Sem vítima;408,000;BR-101/ES;Crescente;Tombamento;0;0;1;0;0;0;0;0;0;0;1;0;0;0;0
13/11/2022;06:45:00;28;Sem vítima;335,000;BR-101/ES;Crescente;Capotamento;1;0;0;0;0;0;0;0;0;0;4;0;0;0;0
13/11/2022;08:13:00;43;Sem vítima;266,000;BR-101/ES;Decrescente;Engavetamento;3;0;0;0;0;0;0;0;0;0;7;0;0;0;0
13/11/2022;11:21:00;69;Com vítima;343,300;BR-101/ES;Crescente;Tombamento;0;0;0;0;0;1;0;0;0;0;1;0;1;0;0
13/11/2022;11:48:00;72;Com vítima;371,800;BR-101/ES;Decrescente;Colisão lateral em sentido contrário;1;0;0;0;0;1;0;0;0;0;1;1;0;0;0
13/11/2022;12:20:00;76;Sem vítima;454,000;BR-101/ES;Crescente;Colisão lateral em sentido contrário;2;0;0;0;0;0;0;0;0;0;3;0;0;0;0
13/11/2022;15:03:00;100;Com vítima;371,500;BR-101/ES;Crescente;Colisão frontal;2;0;0;0;0;0;0;0;0;0;3;0;3;0;0
13/11/2022;17:29:00;127;Com vítima;332,500;BR-101/ES;Crescente;Choque;1;0;0;1;0;0;0;0;0;0;0;1;1;0;0
14/11/2022;00:25:00;2;Com vítima;125,000;BR-101/ES;Crescente;Queda de moto;0;0;0;1;0;0;0;0;0;0;0;1;0;0;0
14/11/2022;07:55:00;37;Com vítima;218,900;BR-101/ES;Decrescente;Queda de moto;0;0;0;1;0;0;0;0;0;0;0;1;0;0;0
14/11/2022;11:02:00;73;Com vítima;273,800;BR-101/ES;Decrescente;Queda de moto;0;0;0;1;0;0;0;0;0;0;0;0;1;0;0
14/11/2022;13:07:00;92;Sem vítima;209,000;BR-101/ES;Decrescente;Colisão traseira;0;0;0;0;0;1;0;0;0;1;2;0;0;0;0
14/11/2022;17:03:00;125;Sem vítima;158,500;BR-101/ES;Decrescente;Colisão traseira;1;0;0;1;0;0;0;0;0;0;2;0;0;0;0
14/11/2022;18:31:00;135;Com vítima;125,000;BR-101/ES;Crescente;Atropelamento de pedestre;0;0;0;1;0;0;0;0;0;0;0;2;0;0;0
14/11/2022;20:15:00;148;Com vítima;159,700;BR-101/ES;Crescente;Engavetamento;0;0;2;1;0;0;0;0;0;0;4;0;0;1;1
14/11/2022;20:19:00;149;Com vítima;237,050;BR-101/ES;Crescente;Atropelamento de pedestre;0;0;0;1;0;0;0;0;0;0;0;0;0;1;1
15/11/2022;02:56:00;9;Sem vítima;365,000;BR-101/ES;Crescente;Choque;1;0;0;0;0;0;0;0;0;0;1;0;0;0;0
15/11/2022;09:48:00;68;Sem vítima;408,000;BR-101/ES;Crescente;Colisão transversal;2;0;0;0;0;0;0;0;0;0;4;0;0;0;0
15/11/2022;10:06:00;71;Com vítima;153,800;BR-101/ES;Crescente;Queda de moto;0;0;0;1;0;0;0;0;0;0;0;2;0;0;0
15/11/2022;10:08:00;72;Sem vítima;246,800;BR-101/ES;Crescente;Saída de pista;1;0;0;0;0;0;0;0;0;0;2;0;0;0;0
15/11/2022;16:37:00;128;Sem vítima;435,000;BR-101/ES;Decrescente;Colisão traseira;2;0;0;0;0;0;0;0;0;0;3;0;0;0;0
15/11/2022;16:59:00;133;Com vítima;5,000;BR-101/ES;Crescente;Colisão traseira;1;0;0;1;0;0;0;0;0;0;2;1;0;0;0
15/11/2022;17:22:00;139;Com vítima;31,000;BR-101/ES;Crescente;Saída de pista;1;0;0;0;0;0;0;0;0;0;0;1;0;0;0
15/11/2022;17:49:00;148;Sem vítima;304,500;BR-101/ES;Decrescente;Choque;1;0;0;0;0;0;0;0;0;0;2;0;0;0;0
15/11/2022;18:13:00;154;Sem vítima;263,900;BR-101/ES;Crescente;Colisão lateral no mesmo sentido;1;0;0;0;1;0;0;0;0;0;2;0;0;0;0
15/11/2022;19:28:00;169;Sem vítima;222,000;BR-101/ES;Crescente;Saída de pista;1;0;0;0;0;0;0;0;0;0;1;0;0;0;0
15/11/2022;20:55:00;188;Com vítima;439,000;BR-101/ES;Crescente;Colisão transversal;0;0;1;1;0;0;0;0;0;0;1;0;0;1;0
15/11/2022;21:20:00;194;Com vítima;241,800;BR-101/ES;Decrescente;Colisão transversal;1;0;0;1;0;0;0;0;0;0;1;0;2;0;0
16/11/2022;06:55:00;24;Sem vítima;277,500;BR-101/ES;Crescente;Saída de pista;0;0;0;0;0;0;0;0;0;1;1;0;0;0;0
16/11/2022;07:42:00;35;Sem vítima;147,000;BR-101/ES;Crescente;Colisão transversal;2;0;0;0;0;0;0;0;0;0;2;0;0;0;0
16/11/2022;08:05:00;46;Com vítima;243,000;BR-101/ES;Decrescente;Saída de pista;1;0;0;0;0;0;0;0;0;0;0;0;1;0;0
16/11/2022;09:25:00;53;Sem vítima;304,600;BR-101/ES;Crescente;Colisão traseira;2;0;0;0;0;0;0;0;0;0;3;0;0;0;0
16/11/2022;10:27:00;59;Sem vítima;285,000;BR-101/ES;Crescente;Saída de pista;0;0;1;0;0;0;0;0;0;0;1;0;0;0;0
16/11/2022;11:09:00;70;Sem vítima;258,000;BR-101/ES;Decrescente;Choque;1;0;0;0;0;0;0;0;0;0;1;0;0;0;0
16/11/2022;11:37:00;79;Sem vítima;266,800;BR-101/ES;Decrescente;Colisão transversal;3;0;0;0;0;0;0;0;0;0;4;0;0;0;0
16/11/2022;14:15:00;101;Com vítima;221,000;BR-101/ES;Decrescente;Colisão traseira;0;0;2;0;0;0;0;0;0;0;1;0;2;0;0
16/11/2022;14:21:00;104;Sem vítima;281,000;BR-101/ES;Crescente;Colisão traseira;1;0;0;0;0;0;0;0;0;0;1;0;0;0;0
16/11/2022;14:58:00;109;Sem vítima;189,000;BR-101/ES;Decrescente;Colisão traseira;1;0;0;0;0;0;0;0;0;0;2;0;0;0;0
16/11/2022;17:16:00;125;Com vítima;289,500;BR-101/ES;Crescente;Colisão lateral no mesmo sentido;0;0;0;2;0;0;0;0;0;0;0;1;1;0;0
16/11/2022;19:13:00;141;Sem vítima;199,000;BR-101/ES;Decrescente;Colisão traseira;2;0;0;0;0;0;0;0;0;0;3;0;0;0;0
17/11/2022;00:08:00;1;Sem vítima;408,000;BR-101/ES;Crescente;Tombamento;0;0;1;0;0;0;0;0;0;0;1;0;0;0;0
17/11/2022;05:24:00;9;Com vítima;266,000;BR-101/ES;Decrescente;Atropelamento de ciclista;1;1;0;0;0;0;0;0;0;0;1;1;0;0;0
17/11/2022;07:41:00;25;Com vítima;82,700;BR-101/ES;Crescente;Colisão lateral em sentido contrário;1;0;1;0;0;0;0;0;0;0;1;1;0;0;0
17/11/2022;07:52:00;31;Com vítima;263,000;BR-101/ES;Decrescente;Colisão transversal;0;0;0;1;0;1;0;0;0;0;0;1;0;0;0
17/11/2022;11:13:00;67;Sem vítima;147,900;BR-101/ES;Crescente;Colisão lateral no mesmo sentido;1;0;0;0;0;1;0;0;0;0;2;0;0;0;0
17/11/2022;13:40:00;90;Sem vítima;262,000;BR-101/ES;Crescente;Colisão traseira;2;0;0;0;0;0;0;0;0;0;2;0;0;0;0
17/11/2022;16:12:00;110;Sem vítima;264,900;BR-101/ES;Decrescente;Colisão lateral no mesmo sentido;1;0;0;1;0;1;0;0;0;0;3;0;0;0;0
17/11/2022;17:17:00;116;Sem vítima;239,300;BR-101/ES;Decrescente;Colisão lateral em sentido contrário;1;0;1;0;0;0;0;0;0;0;2;0;0;0;0
19/11/2022;04:16:00;20;Com vítima;121,000;BR-101/ES;Decrescente;Queda de moto;0;0;0;1;0;0;0;0;0;0;0;1;0;0;0
19/11/2022;11:53:00;102;Sem vítima;270,000;BR-101/ES;Decrescente;Colisão traseira;1;0;0;0;0;1;0;0;0;0;0;0;0;0;0
19/11/2022;12:44:00;112;Com vítima;419,200;BR-101/ES;Crescente;Colisão traseira;0;0;0;2;0;0;0;0;0;0;1;0;1;0;0
19/11/2022;15:35:00;151;Sem vítima;275,000;BR-101/ES;Decrescente;Saída de pista;1;0;0;0;0;0;0;0;0;0;1;0;0;0;0
19/11/2022;17:25:00;88;Com vítima;140,300;BR-101/ES;Decrescente;Choque;0;0;0;1;0;0;0;0;0;0;0;0;2;0;0
19/11/2022;18:09:00;172;Sem vítima;398,000;BR-101/ES;Decrescente;Saída de pista;1;0;0;0;0;0;0;0;0;0;1;0;0;0;0
19/11/2022;19:44:00;184;Com vítima;31,500;BR-101/ES;Crescente;Capotamento;1;0;0;0;0;0;0;0;0;0;0;2;0;0;0
19/11/2022;19:45:00;185;Com vítima;297,000;BR-101/ES;Crescente;Choque;1;0;0;0;0;0;0;0;0;0;0;0;0;0;1
19/11/2022;23:17:00;196;Sem vítima;293,000;BR-101/ES;Decrescente;Colisão traseira;1;0;0;1;0;0;0;0;0;0;2;0;0;0;0
19/11/2022;23:29:00;198;Com vítima;146,000;BR-101/ES;Decrescente;Colisão traseira;1;0;0;1;0;0;0;0;0;0;4;0;1;0;0
20/11/2022;00:11:00;1;Sem vítima;258,000;BR-101/ES;Crescente;Queda de moto;0;0;0;1;0;0;0;0;0;0;1;0;0;0;0
20/11/2022;02:47:00;11;Com vítima;265,500;BR-101/ES;Decrescente;Queda de moto;0;0;0;1;0;0;0;0;0;0;0;0;0;1;0
20/11/2022;08:08:00;33;Com vítima;440,750;BR-101/ES;Crescente;Saída de pista;0;0;0;0;0;1;0;0;0;0;0;1;0;0;0
20/11/2022;11:27:00;55;Com vítima;260,900;BR-101/ES;Decrescente;Colisão lateral no mesmo sentido;2;0;0;0;0;2;0;0;0;0;2;2;0;0;2
20/11/2022;12:15:00;62;Sem vítima;263,000;BR-101/ES;Decrescente;Colisão traseira;1;0;0;0;0;1;0;0;0;0;1;0;0;0;0
20/11/2022;12:59:00;65;Com vítima;265,500;BR-101/ES;Decrescente;Colisão traseira;1;0;0;1;0;0;0;0;0;0;1;1;0;0;0
20/11/2022;13:00:00;66;Com vítima;140,800;BR-101/ES;Decrescente;Colisão lateral no mesmo sentido;1;0;0;1;0;0;0;0;0;0;1;1;0;0;0
20/11/2022;15:04:00;80;Sem vítima;229,000;BR-101/ES;Decrescente;Colisão lateral no mesmo sentido;1;0;0;0;0;1;0;0;0;0;2;0;0;0;0
20/11/2022;16:25:00;96;Com vítima;67,000;BR-101/ES;Decrescente;Colisão frontal;1;0;0;1;0;0;0;0;0;0;3;1;0;0;0
20/11/2022;17:02:00;105;Com vítima;164,550;BR-101/ES;Decrescente;Saída de pista;0;0;0;0;0;0;0;0;0;1;0;0;0;0;1
20/11/2022;20:26:00;133;Com vítima;67,500;BR-101/ES;Decrescente;Colisão traseira;2;0;0;0;0;0;0;0;0;0;2;2;0;0;0
20/11/2022;20:54:00;138;Sem vítima;266,000;BR-101/ES;Crescente;Colisão traseira;2;0;0;0;0;0;0;0;0;0;2;0;0;0;0
20/11/2022;22:32:00;147;Com vítima;253,500;BR-101/ES;Decrescente;Colisão frontal;1;0;0;0;0;1;0;0;0;0;1;0;0;1;2
20/11/2022;23:02:00;152;Com vítima;173,000;BR-101/ES;Crescente;Colisão frontal;1;0;0;0;0;1;0;0;0;0;1;0;0;1;0
21/11/2022;07:33:00;27;Com vítima;273,000;BR-101/ES;Decrescente;Colisão lateral no mesmo sentido;0;0;0;1;1;0;0;0;0;0;1;0;1;0;0
21/11/2022;08:22:00;49;Com vítima;298,000;BR-101/ES;Decrescente;Queda de moto;0;0;0;1;0;0;0;0;0;0;0;0;1;0;0
21/11/2022;09:28:00;67;Sem vítima;360,500;BR-101/ES;Crescente;Saída de pista;1;0;0;0;0;0;0;0;0;0;4;0;0;0;0
21/11/2022;10:23:00;75;Sem vítima;294,000;BR-101/ES;Crescente;Colisão lateral no mesmo sentido;0;0;1;0;0;1;0;0;0;0;2;0;0;0;0
21/11/2022;10:40:00;78;Sem vítima;219,000;BR-101/ES;Decrescente;Saída de pista;0;0;0;0;0;0;0;0;0;1;1;0;0;0;0
21/11/2022;10:45:00;79;Com vítima;270,000;BR-101/ES;Crescente;Queda de moto;0;0;0;1;0;0;0;0;0;0;0;0;1;0;0
21/11/2022;12:21:00;87;Sem vítima;147,000;BR-101/ES;Decrescente;Colisão lateral em sentido contrário;2;0;0;0;0;0;0;0;0;0;2;0;0;0;0
21/11/2022;14:36:00;101;Sem vítima;255,000;BR-101/ES;Crescente;Colisão transversal;2;0;0;0;0;0;0;0;0;0;3;0;0;0;0
21/11/2022;17:16:00;120;Com vítima;269,000;BR-101/ES;Crescente;Colisão lateral no mesmo sentido;0;0;0;1;0;1;0;0;0;0;1;0;0;1;0
22/11/2022;04:32:00;9;Com vítima;440,000;BR-101/ES;Crescente;Saída de pista;0;0;1;0;0;0;0;0;0;0;0;1;0;0;0
22/11/2022;06:03:00;15;Sem vítima;286,000;BR-101/ES;Decrescente;Colisão traseira;0;0;1;0;0;2;0;0;0;0;3;0;0;0;0
22/11/2022;07:25:00;24;Sem vítima;287,000;BR-101/ES;Crescente;Colisão lateral no mesmo sentido;3;0;0;0;0;0;0;0;0;0;3;0;0;0;0
22/11/2022;07:33:00;29;Sem vítima;140,000;BR-101/ES;Decrescente;Colisão transversal;2;0;0;0;0;0;0;0;0;0;2;0;0;0;0
22/11/2022;07:38:00;31;Sem vítima;230,000;BR-101/ES;Crescente;Colisão lateral no mesmo sentido;1;0;0;1;0;0;0;0;0;0;2;0;0;0;0
22/11/2022;13:59:00;102;Sem vítima;320,800;BR-101/ES;Crescente;Choque;1;0;0;0;0;0;0;0;0;0;1;0;0;0;0
22/11/2022;14:04:00;103;Sem vítima;255,400;BR-101/ES;Crescente;Colisão traseira;1;0;1;0;0;0;0;0;0;0;3;0;0;0;0
22/11/2022;15:39:00;127;Sem vítima;289,000;BR-101/ES;Crescente;Colisão lateral no mesmo sentido;1;0;0;0;0;1;0;0;0;0;2;0;0;0;0
22/11/2022;16:41:00;139;Sem vítima;320,000;BR-101/ES;Decrescente;Acidentes de outra natureza;0;0;0;0;0;1;0;0;0;0;1;0;0;0;0
22/11/2022;16:56:00;142;Com vítima;268,000;BR-101/ES;Decrescente;Atropelamento de ciclista;0;1;0;1;0;0;0;0;0;0;0;0;1;1;0
22/11/2022;17:32:00;150;Com vítima;260,000;BR-101/ES;Crescente;Colisão traseira;1;0;0;1;0;0;0;0;0;0;3;1;0;0;0
22/11/2022;17:51:00;155;Sem vítima;147,000;BR-101/ES;Crescente;Colisão traseira;0;0;1;1;0;0;0;0;0;0;2;0;0;0;0
22/11/2022;18:49:00;161;Sem vítima;260,000;BR-101/ES;Decrescente;Colisão traseira;1;0;0;0;1;1;0;0;0;0;2;0;0;0;0
22/11/2022;21:21:00;119;Sem vítima;273,000;BR-101/ES;Decrescente;Choque;1;0;0;0;0;0;0;0;0;0;1;0;0;0;0
23/11/2022;00:10:00;2;Sem vítima;308,000;BR-101/ES;Decrescente;Colisão traseira;0;0;1;0;0;1;0;0;0;0;2;0;0;0;0
23/11/2022;01:10:00;3;Sem vítima;398,000;BR-101/ES;Crescente;Acidentes de outra natureza;0;0;0;0;0;1;0;0;0;0;1;0;0;0;0
23/11/2022;06:31:00;20;Sem vítima;367,000;BR-101/ES;Decrescente;Engavetamento;1;0;1;0;0;1;0;0;0;0;3;0;0;0;0
23/11/2022;06:46:00;23;Sem vítima;288,000;BR-101/ES;Decrescente;Colisão transversal;1;0;1;0;0;1;0;0;0;0;3;0;0;0;0
23/11/2022;07:12:00;29;Com vítima;141,400;BR-101/ES;Decrescente;Queda de moto;0;0;0;1;0;0;0;0;0;0;0;1;0;0;0
23/11/2022;08:40:00;47;Sem vítima;950,000;BR-101/ES;Crescente;Saída de pista;1;0;0;0;0;0;0;0;0;0;2;0;0;0;0
23/11/2022;09:30:00;62;Sem vítima;265,000;BR-101/ES;Decrescente;Acidentes de outra natureza;0;0;0;1;0;0;0;0;0;0;1;0;0;0;0
23/11/2022;12:02:00;92;Sem vítima;457,000;BR-101/ES;Decrescente;Colisão transversal;2;0;0;0;0;0;0;0;0;0;4;0;0;0;0
23/11/2022;12:30:00;96;Sem vítima;187,000;BR-101/ES;Crescente;Saída de pista;1;0;0;0;0;0;0;0;0;0;3;0;0;0;0
23/11/2022;13:44:00;104;Sem vítima;339,000;BR-101/ES;Crescente;Colisão lateral em sentido contrário;0;0;1;0;0;0;0;0;0;0;2;0;0;0;0
23/11/2022;18:36:00;157;Sem vítima;272,000;BR-101/ES;Crescente;Acidentes de outra natureza;1;0;0;0;0;0;0;0;0;0;1;0;0;0;0
24/11/2022;05:34:00;12;Sem vítima;280,400;BR-101/ES;Decrescente;Colisão lateral no mesmo sentido;1;0;1;0;0;0;0;0;0;0;2;0;0;0;0
24/11/2022;10:55:00;63;Sem vítima;357,000;BR-101/ES;Decrescente;Tombamento;0;0;0;0;0;0;0;0;0;1;1;0;0;0;0
24/11/2022;12:47:00;86;Com vítima;258,000;BR-101/ES;Decrescente;Choque;1;0;0;0;0;0;0;0;0;0;0;1;0;0;0
24/11/2022;13:05:00;88;Sem vítima;316,100;BR-101/ES;Decrescente;Choque;1;0;0;0;0;0;0;0;0;0;1;0;0;0;0
24/11/2022;14:50:00;105;Sem vítima;286,000;BR-101/ES;Crescente;Saída de pista;1;0;0;0;0;0;0;0;0;0;1;0;0;0;0
24/11/2022;14:51:00;106;Com vítima;360,200;BR-101/ES;Crescente;Colisão lateral em sentido contrário;0;0;1;0;0;0;0;0;0;1;2;1;0;0;0
24/11/2022;16:47:00;122;Sem vítima;291,000;BR-101/ES;Decrescente;Choque;1;0;0;0;0;0;0;0;0;0;1;0;0;0;0
24/11/2022;18:04:00;129;Sem vítima;119,000;BR-101/ES;Crescente;Colisão traseira;0;0;1;0;0;2;0;0;0;0;3;0;0;0;0
24/11/2022;18:17:00;132;Sem vítima;945,000;BR-101/ES;Decrescente;Colisão traseira;1;0;0;0;0;1;0;0;0;0;1;0;0;0;0
24/11/2022;20:12:00;145;Com vítima;145,000;BR-101/ES;Decrescente;Atropelamento de pedestre;0;0;0;0;0;1;0;0;0;0;0;1;0;0;0
24/11/2022;20:32:00;148;Sem vítima;323,000;BR-101/ES;Crescente;Choque;1;0;0;0;0;0;0;0;0;0;1;0;0;0;0
24/11/2022;20:49:00;150;Sem vítima;187,000;BR-101/ES;Decrescente;Saída de pista;1;0;0;0;0;0;0;0;0;0;1;0;0;0;0
25/11/2022;06:51:00;20;Com vítima;143,000;BR-101/ES;Decrescente;Atropelamento de ciclista;0;1;0;1;0;0;0;0;0;0;0;0;1;0;1
25/11/2022;06:51:00;21;Com vítima;392,000;BR-101/ES;Crescente;Colisão lateral no mesmo sentido;0;0;0;1;0;0;0;0;0;1;1;0;1;0;0
25/11/2022;07:48:00;33;Sem vítima;269,600;BR-101/ES;Decrescente;Colisão lateral no mesmo sentido;1;0;1;0;0;0;0;0;0;0;3;0;0;0;0
25/11/2022;08:36:00;40;Sem vítima;255,000;BR-101/ES;Crescente;Engavetamento;1;0;1;0;0;1;0;0;0;0;2;0;0;0;0