data;horario;n_da_ocorrencia;tipo_de_ocorrencia;km;trecho;sentido;tipo_de_acidente;automovel;bicicleta;caminhao;moto;onibus;outros;tracao_animal;transporte_de_cargas_especiais;trator_maquinas;utilitarios;ilesos;levemente_feridos;moderadamente_feridos;gravemente_feridos;mortos
25/11/2022;09:21:00;49;Sem vítima;242,000;BR-101/ES;Crescente;Colisão traseira;1;0;0;0;0;1;0;0;0;0;1;0;0;0;0
25/11/2022;11:17:00;67;Sem vítima;321,000;BR-101/ES;Crescente;Engavetamento;3;0;0;0;0;0;0;0;0;0;3;0;0;0;0
25/11/2022;11:38:00;75;Com vítima;276,500;BR-101/ES;Crescente;Engavetamento;1;0;3;0;0;0;0;0;0;0;2;1;3;0;0
25/11/2022;12:06:00;79;Sem vítima;261,000;BR-101/ES;Crescente;Colisão traseira;2;0;0;0;0;0;0;0;0;0;4;0;0;0;0
25/11/2022;12:48:00;86;Sem vítima;275,000;BR-101/ES;Crescente;Colisão traseira;0;0;0;0;0;2;0;0;0;0;2;0;0;0;0
25/11/2022;13:27:00;90;Sem vítima;273,000;BR-101/ES;Decrescente;Colisão traseira;0;0;1;0;0;1;0;0;0;0;1;0;0;0;0
25/11/2022;13:40:00;93;Sem vítima;109,900;BR-101/ES;Decrescente;Colisão lateral em sentido contrário;2;0;0;0;0;0;0;0;0;0;6;0;0;0;0
25/11/2022;15:55:00;120;Sem vítima;398,900;BR-101/ES;Crescente;Engavetamento;2;0;1;0;0;0;0;0;0;0;7;0;0;0;0
25/11/2022;16:42:00;131;Sem vítima;293,000;BR-101/ES;Decrescente;Colisão lateral no mesmo sentido;1;0;0;0;0;1;0;0;0;0;1;0;0;0;0
25/11/2022;17:03:00;135;Sem vítima;270,600;BR-101/ES;Decrescente;Colisão lateral no mesmo sentido;1;0;0;0;0;1;0;0;0;0;1;0;0;0;0
25/11/2022;17:44:00;146;Sem vítima;278,000;BR-101/ES;Crescente;Choque;1;0;0;0;0;0;0;0;0;0;1;0;0;0;0
25/11/2022;18:52:00;155;Com vítima;242,900;BR-101/ES;Crescente;Atropelamento de pedestre;1;0;1;0;0;0;0;0;0;0;4;0;0;0;1
25/11/2022;20:31:00;182;Com vítima;358,000;BR-101/ES;Crescente;Saída de pista;1;0;0;0;0;0;0;0;0;0;0;2;0;0;0
25/11/2022;20:39:00;184;Sem vítima;266,000;BR-101/ES;Decrescente;Choque;1;0;0;0;0;0;0;0;0;0;2;0;0;0;0
25/11/2022;20:45:00;188;Com vítima;94,000;BR-101/ES;Crescente;Colisão transversal;0;0;1;0;0;0;0;0;0;1;1;1;0;0;0
25/11/2022;21:39:00;194;Sem vítima;338,000;BR-101/ES;Crescente;Saída de pista;0;0;1;0;0;0;0;0;0;0;1;0;0;0;0
25/11/2022;22:48:00;203;Com vítima;426,000;BR-101/ES;Crescente;Atropelamento de animal;0;0;0;0;1;0;0;0;0;0;1;0;1;0;0
25/11/2022;23:56:00;209;Sem vítima;18,000;BR-101/ES;Crescente;Carreta deu L;0;0;0;0;0;1;0;0;0;0;0;0;0;0;0
26/11/2022;01:24:00;7;Sem vítima;163,000;BR-101/ES;Decrescente;Saída de pista;1;0;0;0;0;0;0;0;0;0;1;0;0;0;0
26/11/2022;01:55:00;10;Sem vítima;143,000;BR-101/ES;Decrescente;Choque;1;0;0;0;0;0;0;0;0;0;1;0;0;0;0
26/11/2022;14:25:00;144;Sem vítima;261,000;BR-101/ES;Crescente;Saída de pista;0;0;1;0;0;0;0;0;0;0;1;0;0;0;0
26/11/2022;14:47:00;147;Sem vítima;275,000;BR-101/ES;Decrescente;Choque;1;0;0;0;0;0;0;0;0;0;1;0;0;0;0
26/11/2022;17:08:00;173;Com vítima;110,300;BR-101/ES;Crescente;Colisão traseira;0;0;0;0;0;2;0;0;0;0;1;1;0;0;0
26/11/2022;20:02:00;196;Com vítima;265,900;BR-101/ES;Decrescente;Queda de moto;0;0;0;1;0;0;0;0;0;0;0;0;1;0;0
26/11/2022;20:36:00;200;Sem vítima;263,000;BR-101/ES;Crescente;Colisão transversal;1;0;1;0;0;0;0;0;0;0;2;0;0;0;0
26/11/2022;23:15:00;215;Sem vítima;119,000;BR-101/ES;Crescente;Colisão traseira;1;0;0;0;0;1;0;0;0;0;2;0;0;0;0
27/11/2022;04:39:00;20;Com vítima;302,000;BR-101/ES;Decrescente;Choque;1;0;0;0;0;0;0;0;0;0;0;0;1;0;0
27/11/2022;11:18:00;74;Com vítima;273,000;BR-101/ES;Decrescente;Queda de moto;0;0;0;1;0;0;0;0;0;0;0;1;0;0;0
27/11/2022;13:56:00;97;Sem vítima;436,000;BR-101/ES;Decrescente;Saída de pista;1;0;0;0;0;0;0;0;0;0;1;0;0;0;0
27/11/2022;14:19:00;100;Sem vítima;27,000;BR-101/ES;Decrescente;Colisão traseira;0;0;0;0;1;1;0;0;0;0;2;0;0;0;0
27/11/2022;16:01:00;113;Sem vítima;217,800;BR-101/ES;Decrescente;Saída de pista;1;0;0;0;0;0;0;0;0;0;1;0;0;0;0
27/11/2022;16:32:00;122;Sem vítima;204,000;BR-101/ES;Decrescente;Choque;1;0;0;0;0;0;0;0;0;0;3;0;0;0;0
27/11/2022;17:12:00;129;Sem vítima;207,100;BR-101/ES;Decrescente;Choque;1;0;0;0;0;0;0;0;0;0;0;0;0;0;0
27/11/2022;17:57:00;135;Sem vítima;146,000;BR-101/ES;Crescente;Saída de pista;1;0;0;0;0;0;0;0;0;0;4;0;0;0;0
27/11/2022;18:25:00;143;Sem vítima;312,000;BR-101/ES;Decrescente;Colisão traseira;2;0;0;0;0;0;0;0;0;0;3;0;0;0;0
27/11/2022;22:18:00;166;Com vítima;338,700;BR-101/ES;Crescente;Colisão frontal;1;0;0;0;0;1;0;0;0;0;1;0;3;1;0
28/11/2022;04:54:00;20;Sem vítima;314,000;BR-101/ES;Crescente;Saída de pista;1;0;0;0;0;0;0;0;0;0;2;0;0;0;0
28/11/2022;05:54:00;32;Sem vítima;451,000;BR-101/ES;Crescente;Colisão traseira;1;0;0;0;0;1;0;0;0;0;4;0;0;0;0
28/11/2022;12:05:00;103;Com vítima;347,100;BR-101/ES;Crescente;Queda de moto;0;0;0;1;0;0;0;0;0;0;0;0;1;0;0
28/11/2022;13:12:00;112;Sem vítima;187,000;BR-101/ES;Decrescente;Colisão lateral em sentido contrário;1;0;0;0;0;1;0;0;0;0;2;0;0;0;0
28/11/2022;13:31:00;117;Sem vítima;297,000;BR-101/ES;Decrescente;Choque;1;0;0;0;0;0;0;0;0;0;1;0;0;0;0
28/11/2022;14:59:00;127;Com vítima;51,000;BR-101/ES;Decrescente;Saída de pista;1;0;0;0;0;0;0;0;0;0;0;1;0;0;0
28/11/2022;18:45:00;152;Sem vítima;337,000;BR-101/ES;Crescente;Saída de pista;1;0;0;0;0;0;0;0;0;0;2;0;0;0;0
28/11/2022;20:15:00;173;Sem vítima;42,000;BR-101/ES;Crescente;Atropelamento de animal;1;0;0;0;0;0;0;0;0;0;1;0;0;0;0
28/11/2022;20:30:00;183;Com vítima;259,000;BR-101/ES;Crescente;Capotamento;0;0;0;0;0;0;0;0;0;1;0;1;0;0;0
29/11/2022;03:56:00;22;Sem vítima;228,000;BR-101/ES;Crescente;Choque;1;0;0;0;0;0;0;0;0;0;1;0;0;0;0
29/11/2022;06:12:00;32;Com vítima;284,000;BR-101/ES;Decrescente;Colisão lateral no mesmo sentido;1;0;0;0;0;1;0;0;0;0;1;0;1;0;0
29/11/2022;06:13:00;33;Sem vítima;121,000;BR-101/ES;Crescente;Colisão lateral em sentido contrário;1;0;0;0;0;1;0;0;0;0;2;0;0;0;0
29/11/2022;07:55:00;48;Sem vítima;286,000;BR-101/ES;Crescente;Choque;1;0;0;0;0;0;0;0;0;0;1;0;0;0;0
29/11/2022;14:02:00;109;Com vítima;145,500;BR-101/ES;Crescente;Colisão traseira;0;0;1;1;0;0;0;0;0;0;1;0;1;0;0
29/11/2022;17:57:00;145;Com vítima;942,000;BR-101/ES;Decrescente;Colisão lateral no mesmo sentido;1;0;0;1;0;0;0;0;0;0;1;0;1;0;0
29/11/2022;20:19:00;172;Sem vítima;268,000;BR-101/ES;Crescente;Colisão traseira;2;0;0;0;0;0;0;0;0;0;2;0;0;0;0
29/11/2022;20:23:00;174;Sem vítima;312,000;BR-101/ES;Crescente;Saída de pista;1;0;0;0;0;0;0;0;0;0;1;0;0;0;0
29/11/2022;20:36:00;180;Com vítima;66,600;BR-101/ES;Decrescente;Colisão traseira;1;0;1;0;0;0;0;0;0;0;2;2;1;0;0
29/11/2022;20:43:00;185;Sem vítima;266,500;BR-101/ES;Decrescente;Colisão lateral no mesmo sentido;0;0;0;0;0;1;0;0;0;1;2;0;0;0;0
30/11/2022;08:49:00;62;Sem vítima;144,600;BR-101/ES;Crescente;Colisão lateral no mesmo sentido;1;0;0;0;0;1;0;0;0;0;2;0;0;0;0
30/11/2022;11:07:00;85;Com vítima;282,000;BR-101/ES;Decrescente;Queda de moto;0;0;0;1;0;0;0;0;0;0;0;1;0;0;0
01/12/2022;00:09:00;4;Sem vítima;414,700;BR-101/ES;Decrescente;Colisão lateral no mesmo sentido;1;0;0;0;0;0;0;0;0;0;0;0;0;0;0
01/12/2022;06:18:00;39;Com vítima;298,000;BR-101/ES;Crescente;Colisão traseira;1;0;1;0;0;0;0;0;0;0;1;0;1;0;0
01/12/2022;08:36:00;77;Sem vítima;388,000;BR-101/ES;Decrescente;Tombamento;0;0;0;0;0;1;0;0;0;0;1;0;0;0;0
01/12/2022;10:54:00;107;Com vítima;270,000;BR-101/ES;Crescente;Engavetamento;1;0;0;0;0;0;0;0;0;0;1;1;0;0;0
01/12/2022;11:12:00;113;Sem vítima;369,000;BR-101/ES;Crescente;Saída de pista;1;0;0;0;0;0;0;0;0;0;3;0;0;0;0
01/12/2022;13:10:00;142;Sem vítima;146,000;BR-101/ES;Crescente;Colisão lateral no mesmo sentido;1;0;0;0;0;1;0;0;0;0;2;0;0;0;0
01/12/2022;16:35:00;184;Sem vítima;206,000;BR-101/ES;Crescente;Choque;1;0;0;0;0;0;0;0;0;0;2;0;0;0;0
01/12/2022;18:53:00;207;Sem vítima;306,000;BR-101/ES;Crescente;Choque;0;0;0;0;0;1;0;0;0;0;1;0;0;0;0
02/12/2022;04:44:00;22;Sem vítima;431,000;BR-101/ES;Decrescente;Saída de pista;1;0;0;0;0;0;0;0;0;0;1;0;0;0;0
02/12/2022;05:13:00;26;Com vítima;7,000;BR-101/ES;Crescente;Saída de pista;0;0;1;0;0;0;0;0;0;0;0;1;0;0;0
02/12/2022;06:36:00;38;Com vítima;265,000;BR-101/ES;Decrescente;Colisão lateral no mesmo sentido;0;0;0;1;0;1;0;0;0;0;0;0;1;0;0
02/12/2022;07:24:00;43;Com vítima;433,000;BR-101/ES;Decrescente;Saída de pista;1;0;0;0;0;0;0;0;0;0;0;3;0;0;0
02/12/2022;08:23:00;56;Com vítima;279,000;BR-101/ES;Decrescente;Colisão traseira;2;0;1;0;0;0;0;0;0;0;2;0;1;0;0
02/12/2022;09:53:00;74;Com vítima;294,000;BR-101/ES;Decrescente;Queda de moto;0;0;0;1;0;0;0;0;0;0;0;1;0;0;0
02/12/2022;09:59:00;76;Sem vítima;264,500;BR-101/ES;Crescente;Colisão lateral no mesmo sentido;0;0;1;0;1;0;0;0;0;0;2;0;0;0;0
02/12/2022;10:22:00;79;Com vítima;13,000;BR-101/ES;Crescente;Queda de moto;0;0;0;1;0;0;0;0;0;0;0;0;2;0;0
02/12/2022;11:10:00;88;Sem vítima;273,000;BR-101/ES;Crescente;Choque;0;0;0;0;0;0;0;0;0;1;1;0;0;0;0
02/12/2022;14:26:00;118;Com vítima;25,000;BR-101/ES;Decrescente;Capotamento;1;0;0;0;0;0;0;0;0;0;0;1;1;0;0
02/12/2022;14:38:00;121;Sem vítima;284,000;BR-101/ES;Decrescente;Saída de pista;1;0;0;0;0;0;0;0;0;0;1;0;0;0;0
02/12/2022;16:41:00;148;Sem vítima;281,000;BR-101/ES;Crescente;Colisão traseira;1;0;0;0;0;0;0;0;0;0;1;0;0;0;0
02/12/2022;20:56:00;218;Sem vítima;305,000;BR-101/ES;Crescente;Choque;1;0;0;0;0;0;0;0;0;0;1;0;0;0;0
02/12/2022;22:03:00;237;Sem vítima;68,600;BR-101/ES;Decrescente;Saída de pista;1;0;0;0;0;0;0;0;0;0;1;0;0;0;0
02/12/2022;23:31:00;252;Sem vítima;281,000;BR-101/ES;Crescente;Saída de pista;1;0;0;0;0;0;0;0;0;0;1;0;0;0;0
03/12/2022;00:42:00;7;Sem vítima;263,000;BR-101/ES;Crescente;Colisão traseira;1;0;0;0;0;0;0;0;0;0;1;0;0;0;0
03/12/2022;07:50:00;47;Sem vítima;63,300;BR-101/ES;Decrescente;Saída de pista;1;0;0;0;0;0;0;0;0;0;1;0;0;0;0
03/12/2022;12:00:00;91;Sem vítima;335,000;BR-101/ES;Crescente;Choque;1;0;0;0;0;0;0;0;0;0;1;0;0;0;0
03/12/2022;14:20:00;117;Sem vítima;255,900;BR-101/ES;Crescente;Saída de pista;1;0;0;0;0;0;0;0;0;0;1;0;0;0;0
03/12/2022;14:37:00;120;Sem vítima;286,000;BR-101/ES;Decrescente;Saída de pista;1;0;0;0;0;0;0;0;0;0;1;0;0;0;0
03/12/2022;15:00:00;128;Sem vítima;251,000;BR-101/ES;Decrescente;Choque;1;0;0;0;0;0;0;0;0;0;1;0;0;0;0
03/12/2022;15:28:00;131;Com vítima;18,700;BR-101/ES;Crescente;Tombamento;0;0;0;0;0;1;0;0;0;0;0;1;0;0;0
03/12/2022;17:07:00;153;Sem vítima;233,000;BR-101/ES;Decrescente;Choque;1;0;0;0;0;0;0;0;0;0;4;0;0;0;0
03/12/2022;17:58:00;159;Sem vítima;249,500;BR-101/ES;Decrescente;Colisão frontal;2;0;0;0;0;0;0;0;0;0;4;0;0;0;0
03/12/2022;19:15:00;178;Com vítima;237,000;BR-101/ES;Crescente;Colisão transversal;2;0;1;0;0;0;0;0;0;0;1;1;1;1;0
04/12/2022;10:25:00;80;Sem vítima;63,300;BR-101/ES;Decrescente;Saída de pista;1;0;0;0;0;0;0;0;0;0;1;0;0;0;0
04/12/2022;15:03:00;113;Sem vítima;219,000;BR-101/ES;Decrescente;Queda de moto;0;0;0;1;0;0;0;0;0;0;1;0;0;0;0
04/12/2022;16:45:00;132;Com vítima;137,200;BR-101/ES;Decrescente;Colisão traseira;2;0;0;0;0;0;0;0;0;0;2;1;0;0;0
04/12/2022;16:58:00;135;Com vítima;233,000;BR-101/ES;Decrescente;Engavetamento;3;0;0;0;0;0;0;0;0;0;7;0;1;0;0
04/12/2022;20:05:00;173;Sem vítima;234,000;BR-101/ES;Decrescente;Acidentes de outra natureza;1;0;0;0;0;0;0;0;0;0;1;0;0;0;0
05/12/2022;08:12:00;58;Sem vítima;282,000;BR-101/ES;Crescente;Choque;0;0;1;0;0;0;0;0;0;0;2;0;0;0;0
05/12/2022;08:13:00;59;Com vítima;144,000;BR-101/ES;Decrescente;Colisão lateral no mesmo sentido;0;0;0;2;0;0;0;0;0;0;1;1;0;0;0
05/12/2022;15:46:00;159;Sem vítima;292,800;BR-101/ES;Crescente;Engavetamento;3;0;0;0;0;0;0;0;0;0;3;0;0;0;0
05/12/2022;19:47:00;188;Com vítima;293,000;BR-101/ES;Crescente;Queda de moto;0;0;0;1;0;0;0;0;0;0;0;0;1;0;0
05/12/2022;20:03:00;192;Sem vítima;269,000;BR-101/ES;Decrescente;Colisão traseira;1;0;0;0;0;0;0;0;0;0;1;0;0;0;0
05/12/2022;21:07:00;199;Com vítima;287,000;BR-101/ES;Decrescente;Queda de moto;0;0;0;1;0;0;0;0;0;0;0;0;0;1;0
06/12/2022;07:46:00;36;Com vítima;291,000;BR-101/ES;Crescente;Atropelamento de pedestre;0;0;0;1;0;0;0;0;0;0;0;1;0;1;0
06/12/2022;07:57:00;39;Com vítima;435,000;BR-101/ES;Crescente;Saída de pista;1;0;0;0;0;0;0;0;0;0;0;0;2;0;0
06/12/2022;11:53:00;73;Sem vítima;385,700;BR-101/ES;Decrescente;Tombamento;0;0;0;0;0;1;0;0;0;0;1;0;0;0;0
06/12/2022;16:44:00;114;Com vítima;283,000;BR-101/ES;Decrescente;Colisão lateral em sentido contrário;0;0;0;1;0;1;0;0;0;0;1;0;1;0;0
06/12/2022;17:27:00;123;Com vítima;141,000;BR-101/ES;Crescente;Colisão transversal;2;0;0;0;0;0;0;0;0;0;1;1;0;0;0
06/12/2022;22:11:00;178;Com vítima;263,000;BR-101/ES;Decrescente;Queda de moto;0;0;0;1;0;0;0;0;0;0;1;1;0;0;0
07/12/2022;09:51:00;70;Com vítima;268,500;BR-101/ES;Crescente;Atropelamento de pedestre;0;0;0;1;0;0;0;0;0;0;0;0;2;0;0
07/12/2022;16:37:00;131;Com vítima;223,550;BR-101/ES;Decrescente;Colisão lateral em sentido contrário;0;0;2;0;0;0;0;0;0;0;1;0;1;0;0
07/12/2022;17:50:00;137;Sem vítima;298,000;BR-101/ES;Crescente;Colisão traseira;2;0;1;0;0;0;0;0;0;0;3;0;0;0;0
07/12/2022;19:24:00;153;Sem vítima;230,000;BR-101/ES;Decrescente;Colisão traseira;2;0;0;0;0;0;0;0;0;0;0;0;0;0;0
07/12/2022;19:35:00;159;Com vítima;112,500;BR-101/ES;Crescente;Colisão lateral em sentido contrário;1;0;0;0;0;0;0;0;0;1;16;1;0;0;0
07/12/2022;19:41:00;161;Sem vítima;405,000;BR-101/ES;Crescente;Choque;0;0;0;0;0;1;0;0;0;0;1;0;0;0;0
07/12/2022;22:21:00;189;Sem vítima;244,900;BR-101/ES;Crescente;Saída de pista;0;0;1;0;0;0;0;0;0;0;1;0;0;0;0
08/12/2022;06:06:00;24;Com vítima;145,000;BR-101/ES;Crescente;Colisão transversal;0;0;1;1;0;0;0;0;0;0;1;0;1;0;0
08/12/2022;06:11:00;25;Sem vítima;342,000;BR-101/ES;Crescente;Tombamento;1;0;0;0;0;0;0;0;0;0;1;0;0;0;0
08/12/2022;08:23:00;50;Sem vítima;29,600;BR-101/ES;Decrescente;Choque;1;0;0;0;0;0;0;0;0;0;1;0;0;0;0
08/12/2022;10:45:00;88;Com vítima;65,000;BR-101/ES;Crescente;Atropelamento de ciclista;0;1;0;0;0;1;0;0;0;0;0;0;0;1;0
08/12/2022;12:21:00;110;Sem vítima;221,000;BR-101/ES;Crescente;Colisão traseira;2;0;0;0;0;0;0;0;0;0;3;0;0;0;0
08/12/2022;12:44:00;115;Sem vítima;266,300;BR-101/ES;Decrescente;Colisão traseira;1;0;1;0;0;0;0;0;0;0;2;0;0;0;0
08/12/2022;14:20:00;129;Sem vítima;144,000;BR-101/ES;Decrescente;Colisão lateral no mesmo sentido;1;0;0;0;0;1;0;0;0;0;2;0;0;0;0
08/12/2022;16:27:00;149;Sem vítima;270,100;BR-101/ES;Decrescente;Colisão traseira;1;0;0;0;0;1;0;0;0;0;1;0;0;0;0
08/12/2022;17:24:00;157;Sem vítima;0,800;BR-101/ES;Crescente;Colisão traseira;1;0;0;0;1;0;0;0;0;0;3;0;0;0;0
08/12/2022;19:37:00;174;Sem vítima;234,000;BR-101/ES;Decrescente;Choque;0;0;0;0;0;0;0;0;0;1;1;0;0;0;0
09/12/2022;06:37:00;30;Sem vítima;372,500;BR-101/ES;Decrescente;Colisão transversal;0;0;1;0;0;1;0;0;0;0;2;0;0;0;0
09/12/2022;10:34:00;85;Sem vítima;271,000;BR-101/ES;Crescente;Colisão lateral no mesmo sentido;1;0;0;1;0;0;0;0;0;0;2;0;0;0;0
09/12/2022;11:28:00;98;Sem vítima;294,000;BR-101/ES;Decrescente;Colisão traseira;1;0;1;0;0;0;0;0;0;0;2;0;0;0;0
09/12/2022;15:24:00;138;Sem vítima;167,000;BR-101/ES;Decrescente;Saída de pista;1;0;0;0;0;0;0;0;0;0;0;0;0;0;0
09/12/2022;16:20:00;155;Sem vítima;60,000;BR-101/ES;Crescente;Colisão lateral no mesmo sentido;1;0;0;0;0;1;0;0;0;0;4;0;0;0;0
09/12/2022;16:41:00;161;Sem vítima;251,000;BR-101/ES;Crescente;Colisão traseira;1;0;0;0;0;0;0;0;0;0;1;0;0;0;0
09/12/2022;17:28:00;169;Sem vítima;271,000;BR-101/ES;Crescente;Colisão traseira;1;0;0;0;1;0;0;0;0;0;2;0;0;0;0
09/12/2022;18:37:00;186;Com vítima;217,000;BR-101/ES;Decrescente;Colisão lateral no mesmo sentido;0;0;1;1;0;0;0;0;0;0;1;0;0;1;0
09/12/2022;19:04:00;191;Com vítima;36,000;BR-101/ES;Crescente;Colisão traseira;1;0;0;1;0;0;0;0;0;0;1;0;1;0;0
09/12/2022;21:01:00;204;Sem vítima;137,000;BR-101/ES;Decrescente;Saída de pista;0;0;0;0;0;0;0;0;0;1;2;0;0;0;0
10/12/2022;00:40:00;5;Com vítima;148,000;BR-101/ES;Decrescente;Colisão transversal;0;0;0;1;0;0;0;0;0;1;2;0;0;0;1
10/12/2022;07:14:00;42;Com vítima;267,900;BR-101/ES;Decrescente;Colisão transversal;1;0;0;1;0;0;0;0;0;0;1;1;0;0;0
10/12/2022;08:49:00;60;Com vítima;68,000;BR-101/ES;Decrescente;Queda de moto;0;0;0;1;0;0;0;0;0;0;0;0;1;0;0
10/12/2022;09:55:00;71;Sem vítima;942,000;BR-101/ES;Crescente;Atropelamento de animal;0;0;0;0;0;0;0;0;0;1;1;0;0;0;0
10/12/2022;13:26:00;118;Com vítima;336,500;BR-101/ES;Decrescente;Colisão lateral no mesmo sentido;1;0;0;1;0;0;0;0;0;0;1;1;0;0;0
10/12/2022;13:28:00;119;Com vítima;68,000;BR-101/ES;Decrescente;Colisão transversal;2;0;0;0;0;0;0;0;0;0;2;1;0;0;0
10/12/2022;14:07:00;123;Sem vítima;247,000;BR-101/ES;Crescente;Colisão lateral no mesmo sentido;2;0;0;0;0;0;0;0;0;0;6;0;0;0;0
10/12/2022;14:26:00;125;Com vítima;139,600;BR-101/ES;Crescente;Colisão lateral no mesmo sentido;2;0;0;0;0;0;0;0;0;0;1;0;2;1;0
10/12/2022;14:50:00;131;Sem vítima;290,000;BR-101/ES;Crescente;Colisão traseira;2;0;0;0;0;0;0;0;0;0;2;0;0;0;0
10/12/2022;15:28:00;140;Sem vítima;171,800;BR-101/ES;Crescente;Colisão traseira;1;0;0;0;0;0;0;0;0;0;1;0;0;0;0
10/12/2022;15:28:00;141;Sem vítima;264,000;BR-101/ES;Decrescente;Colisão traseira;2;0;0;0;0;0;0;0;0;0;2;0;0;0;0
10/12/2022;16:00:00;146;Com vítima;149,040;BR-101/ES;Crescente;Colisão lateral no mesmo sentido;1;0;0;1;0;0;0;0;0;0;4;2;0;0;0
10/12/2022;16:48:00;160;Sem vítima;286,000;BR-101/ES;Decrescente;Capotamento;1;0;0;0;0;0;0;0;0;0;2;0;0;0;0
10/12/2022;17:46:00;177;Sem vítima;286,000;BR-101/ES;Decrescente;Choque;0;0;0;0;0;1;0;0;0;0;1;0;0;0;0
10/12/2022;18:26:00;187;Sem vítima;296,000;BR-101/ES;Decrescente;Acidentes de outra natureza;1;0;0;0;0;0;0;0;0;0;2;0;0;0;0
10/12/2022;18:49:00;192;Sem vítima;286,000;BR-101/ES;Decrescente;Choque;1;0;0;0;0;0;0;0;0;0;4;0;0;0;0
10/12/2022;19:56:00;205;Com vítima;141,000;BR-101/ES;Crescente;Queda de moto;0;0;0;1;0;0;0;0;0;0;0;0;1;0;0
10/12/2022;20:16:00;209;Com vítima;214,000;BR-101/ES;Decrescente;Atropelamento de ciclista;0;1;0;0;0;0;0;0;0;1;3;0;1;0;0
10/12/2022;20:33:00;214;Com vítima;66,200;BR-101/ES;Crescente;Atropelamento de pedestre;0;0;0;1;0;0;0;0;0;0;0;0;1;0;1
11/12/2022;11:20:00;78;Com vítima;247,000;BR-101/ES;Crescente;Colisão lateral no mesmo sentido;1;0;0;1;0;0;0;0;0;0;1;0;1;0;0
11/12/2022;13:18:00;97;Sem vítima;116,700;BR-101/ES;Crescente;Colisão traseira;2;0;0;0;0;0;0;0;0;0;6;0;0;0;0
11/12/2022;13:33:00;99;Com vítima;268,000;BR-101/ES;Crescente;Colisão lateral no mesmo sentido;1;0;0;1;0;0;0;0;0;0;1;0;1;0;0
11/12/2022;17:26:00;144;Com vítima;370,500;BR-101/ES;Decrescente;Colisão transversal;1;0;1;0;0;0;0;0;0;0;1;0;0;1;1
11/12/2022;23:39:00;214;Com vítima;293,000;BR-101/ES;Decrescente;Choque;0;0;0;1;0;0;0;0;0;0;0;0;1;0;0
12/12/2022;01:21:00;7;Sem vítima;343,000;BR-101/ES;Crescente;Capotamento;1;0;0;0;0;0;0;0;0;0;1;0;0;0;0
12/12/2022;06:26:00;39;Com vítima;148,000;BR-101/ES;Decrescente;Colisão transversal;1;0;0;1;0;0;0;0;0;0;1;0;1;0;0
12/12/2022;06:45:00;42;Com vítima;274,100;BR-101/ES;Crescente;Queda de moto;0;0;0;1;0;0;0;0;0;0;0;0;1;0;0
12/12/2022;10:11:00;93;Sem vítima;262,000;BR-101/ES;Decrescente;Colisão lateral em sentido contrário;0;0;0;0;0;1;0;0;0;0;0;0;0;0;0
12/12/2022;10:32:00;96;Sem vítima;254,600;BR-101/ES;Crescente;Engavetamento;3;0;1;0;0;1;0;0;0;1;6;0;0;0;0
12/12/2022;15:36:00;172;Sem vítima;272,500;BR-101/ES;Decrescente;Queda de moto;0;0;0;1;0;0;0;0;0;0;1;0;0;0;0
12/12/2022;17:21:00;191;Com vítima;436,100;BR-101/ES;Crescente;Saída de pista;0;0;1;0;0;0;0;0;0;0;0;0;1;0;0
12/12/2022;19:17:00;211;Com vítima;176,000;BR-101/ES;Crescente;Colisão frontal;0;0;1;1;0;0;0;0;0;0;2;0;0;0;1
13/12/2022;05:41:00;17;Sem vítima;248,000;BR-101/ES;Crescente;Colisão traseira;2;0;0;0;0;0;0;0;0;0;5;0;0;0;0
13/12/2022;09:13:00;72;Com vítima;148,000;BR-101/ES;Crescente;Engavetamento;2;0;0;0;0;0;0;0;0;1;3;1;0;0;0
13/12/2022;10:49:00;85;Sem vítima;433,000;BR-101/ES;Crescente;Saída de pista;0;0;0;0;0;1;0;0;0;0;1;0;0;0;0
13/12/2022;11:49:00;102;Sem vítima;297,000;BR-101/ES;Crescente;Colisão lateral em sentido contrário;1;0;0;1;0;1;0;0;0;0;4;0;0;0;0
13/12/2022;13:15:00;114;Com vítima;284,000;BR-101/ES;Crescente;Queda de moto;0;0;0;1;0;0;0;0;0;0;0;1;0;0;0
13/12/2022;14:46:00;124;Sem vítima;218,000;BR-101/ES;Decrescente;Colisão lateral no mesmo sentido;1;0;2;0;0;0;0;0;0;0;3;0;0;0;0
13/12/2022;14:48:00;125;Sem vítima;139,000;BR-101/ES;Crescente;Colisão transversal;2;0;0;0;0;0;0;0;0;0;2;0;0;0;0
13/12/2022;16:52:00;145;Sem vítima;285,000;BR-101/ES;Crescente;Colisão lateral em sentido contrário;0;0;0;2;0;0;0;0;0;0;2;0;0;0;0
13/12/2022;16:55:00;146;Com vítima;265,000;BR-101/ES;Crescente;Queda de moto;0;0;0;1;0;0;0;0;0;0;0;1;0;0;0