data;horario;n_da_ocorrencia;tipo_de_ocorrencia;km;trecho;sentido;tipo_de_acidente;automovel;bicicleta;caminhao;moto;onibus;outros;tracao_animal;transporte_de_cargas_especiais;trator_maquinas;utilitarios;ilesos;levemente_feridos;moderadamente_feridos;gravemente_feridos;mortos
13/12/2022;19:14:00;164;Com vítima;263,000;BR-101/ES;Decrescente;Choque;0;0;0;1;0;0;0;0;0;0;0;0;0;1;0
13/12/2022;20:06:00;174;Sem vítima;347,100;BR-101/ES;Crescente;Saída de pista;1;0;0;0;0;0;0;0;0;0;3;0;0;0;0
14/12/2022;00:06:00;2;Com vítima;266,000;BR-101/ES;Crescente;Colisão transversal;0;0;1;1;0;0;0;0;0;0;0;0;1;1;0
14/12/2022;06:38:00;23;Sem vítima;283,000;BR-101/ES;Decrescente;Desatrelamento;0;0;0;0;0;1;0;0;0;0;1;0;0;0;0
14/12/2022;08:57:00;62;Com vítima;260,000;BR-101/ES;Decrescente;Colisão traseira;1;0;0;1;0;0;0;0;0;0;1;1;0;0;0
14/12/2022;09:35:00;66;Sem vítima;295,000;BR-101/ES;Decrescente;Engavetamento;1;0;1;0;0;1;0;0;0;0;5;0;0;0;0
14/12/2022;15:01:00;126;Sem vítima;302,200;BR-101/ES;Decrescente;Saída de pista;0;0;0;0;0;1;0;0;0;0;1;0;0;0;0
14/12/2022;15:31:00;135;Sem vítima;67,400;BR-101/ES;Crescente;Colisão lateral no mesmo sentido;1;0;0;0;0;1;0;0;0;0;2;0;0;0;0
14/12/2022;17:03:00;149;Sem vítima;382,700;BR-101/ES;Decrescente;Colisão traseira;1;0;0;0;0;0;0;0;0;0;1;0;0;0;0
14/12/2022;18:45:00;169;Com vítima;216,000;BR-101/ES;Decrescente;Colisão traseira;1;0;0;0;0;2;0;0;0;0;2;0;1;0;0
15/12/2022;00:38:00;5;Com vítima;269,000;BR-101/ES;Crescente;Queda de moto;0;0;0;1;0;0;0;0;0;0;0;2;0;0;0
15/12/2022;06:42:00;23;Com vítima;265,500;BR-101/ES;Crescente;Colisão traseira;0;0;0;0;2;0;0;0;0;0;2;4;1;0;0
15/12/2022;08:35:00;48;Sem vítima;158,000;BR-101/ES;Decrescente;Colisão traseira;0;0;0;0;0;2;0;0;0;0;1;0;0;0;0
15/12/2022;12:08:00;90;Sem vítima;268,800;BR-101/ES;Decrescente;Engavetamento;1;0;0;0;1;1;0;0;0;0;2;0;0;0;0
15/12/2022;13:08:00;99;Sem vítima;220,300;BR-101/ES;Decrescente;Engavetamento;2;0;1;0;0;0;0;0;0;0;6;0;0;0;0
15/12/2022;13:41:00;106;Com vítima;267,800;BR-101/ES;Crescente;Atropelamento de ciclista;1;1;0;0;0;0;0;0;0;0;1;0;1;0;0
15/12/2022;14:25:00;117;Sem vítima;320,800;BR-101/ES;Crescente;Choque;1;0;0;0;0;0;0;0;0;0;1;0;0;0;0
15/12/2022;14:59:00;124;Sem vítima;135,000;BR-101/ES;Decrescente;Colisão lateral em sentido contrário;1;0;0;0;0;0;0;0;0;1;2;0;0;0;0
16/12/2022;04:47:00;27;Sem vítima;458,200;BR-101/ES;Crescente;Tombamento;0;0;0;0;0;1;0;0;0;0;2;0;0;0;0
16/12/2022;08:03:00;54;Com vítima;149,000;BR-101/ES;Decrescente;Colisão transversal;1;0;0;1;0;0;0;0;0;0;1;1;0;0;0
16/12/2022;10:37:00;98;Sem vítima;455,000;BR-101/ES;Decrescente;Colisão traseira;0;0;0;0;0;2;0;0;0;0;1;0;0;0;0
16/12/2022;11:35:00;109;Sem vítima;289,000;BR-101/ES;Crescente;Colisão traseira;1;0;0;0;0;0;0;0;0;1;2;0;0;0;0
16/12/2022;13:10:00;125;Com vítima;260,000;BR-101/ES;Decrescente;Colisão traseira;0;0;1;1;0;0;0;0;0;0;2;0;1;0;0
16/12/2022;14:55:00;136;Sem vítima;261,500;BR-101/ES;Crescente;Colisão transversal;1;0;0;0;0;1;0;0;0;0;1;0;0;0;0
16/12/2022;16:15:00;151;Sem vítima;403,000;BR-101/ES;Decrescente;Colisão traseira;0;0;0;0;0;2;0;0;0;0;1;0;0;0;0
16/12/2022;18:21:00;179;Com vítima;264,000;BR-101/ES;Decrescente;Colisão traseira;1;0;0;1;0;0;0;0;0;0;1;1;0;0;0
16/12/2022;19:54:00;195;Com vítima;174,500;BR-101/ES;Crescente;Colisão transversal;1;1;0;0;0;0;0;0;0;0;1;1;0;0;0
16/12/2022;22:54:00;234;Sem vítima;289,000;BR-101/ES;Crescente;Colisão traseira;2;0;0;0;0;0;0;0;0;0;5;0;0;0;0
17/12/2022;06:07:00;34;Com vítima;11,700;BR-101/ES;Crescente;Tombamento;0;0;0;0;0;1;0;0;0;0;0;1;0;0;0
17/12/2022;06:11:00;35;Sem vítima;428,000;BR-101/ES;Crescente;Saída de pista;1;0;0;0;0;0;0;0;0;0;2;0;0;0;0
17/12/2022;06:55:00;37;Com vítima;70,000;BR-101/ES;Decrescente;Colisão traseira;2;0;0;0;0;0;0;0;0;0;4;2;0;0;0
17/12/2022;10:35:00;78;Sem vítima;270,000;BR-101/ES;Decrescente;Colisão lateral no mesmo sentido;1;0;1;0;0;0;0;0;0;0;2;0;0;0;0
17/12/2022;11:24:00;89;Sem vítima;69,500;BR-101/ES;Crescente;Colisão transversal;2;0;0;0;0;0;0;0;0;0;3;0;0;0;0
17/12/2022;16:38:00;160;Com vítima;407,000;BR-101/ES;Crescente;Saída de pista;1;0;0;0;0;0;0;0;0;0;0;3;1;0;0
17/12/2022;17:11:00;165;Sem vítima;17,000;BR-101/ES;Decrescente;Choque;0;0;0;0;0;1;0;0;0;0;1;0;0;0;0
17/12/2022;17:40:00;171;Sem vítima;164,000;BR-101/ES;Decrescente;Saída de pista;1;0;0;0;0;0;0;0;0;0;1;0;0;0;0
17/12/2022;21:54:00;206;Sem vítima;193,000;BR-101/ES;Decrescente;Saída de pista;0;0;0;0;0;0;0;0;0;1;1;0;0;0;0
17/12/2022;22:32:00;211;Sem vítima;330,000;BR-101/ES;Decrescente;Choque;1;0;0;0;0;0;0;0;0;0;3;0;0;0;0
17/12/2022;23:31:00;218;Sem vítima;233,000;BR-101/ES;Decrescente;Saída de pista;1;0;0;0;0;0;0;0;0;0;1;0;0;0;0
18/12/2022;00:16:00;2;Sem vítima;260,000;BR-101/ES;Decrescente;Saída de pista;1;0;0;0;0;0;0;0;0;0;1;0;0;0;0
18/12/2022;00:35:00;5;Sem vítima;297,000;BR-101/ES;Crescente;Choque;0;0;0;0;0;0;0;0;0;1;1;0;0;0;0
18/12/2022;11:56:00;71;Sem vítima;242,000;BR-101/ES;Crescente;Choque;1;0;0;0;0;0;0;0;0;0;0;0;0;0;0
18/12/2022;15:42:00;96;Sem vítima;408,000;BR-101/ES;Decrescente;Saída de pista;1;0;0;0;0;0;0;0;0;0;2;0;0;0;0
18/12/2022;15:49:00;100;Com vítima;268,000;BR-101/ES;Crescente;Colisão traseira;2;0;0;0;0;0;0;0;0;0;4;1;0;0;0
18/12/2022;16:39:00;110;Com vítima;2,900;BR-101/ES;Crescente;Capotamento;0;0;0;0;0;0;0;0;0;1;0;1;0;1;0
18/12/2022;17:34:00;121;Sem vítima;210,800;BR-101/ES;Decrescente;Colisão traseira;2;0;0;0;0;0;0;0;0;0;4;0;0;0;0
18/12/2022;19:23:00;137;Sem vítima;213,000;BR-101/ES;Crescente;Colisão traseira;2;0;0;0;0;0;0;0;0;0;4;0;0;0;0
18/12/2022;21:29:00;151;Com vítima;343,800;BR-101/ES;Crescente;Colisão lateral em sentido contrário;1;0;0;0;0;1;0;0;0;0;0;1;0;0;0
18/12/2022;22:17:00;156;Sem vítima;297,000;BR-101/ES;Decrescente;Choque;1;0;0;0;0;0;0;0;0;0;1;0;0;0;0
19/12/2022;03:34:00;14;Com vítima;138,500;BR-101/ES;Crescente;Queda de moto;0;0;0;1;0;0;0;0;0;0;0;2;0;0;0
19/12/2022;05:30:00;21;Sem vítima;71,500;BR-101/ES;Crescente;Choque;1;0;0;0;0;0;0;0;0;0;2;0;0;0;0
19/12/2022;05:39:00;22;Com vítima;71,500;BR-101/ES;Crescente;Choque;1;0;0;0;0;0;0;0;0;0;1;1;0;0;0
19/12/2022;08:47:00;51;Com vítima;288,100;BR-101/ES;Decrescente;Colisão transversal;0;0;1;0;1;0;0;0;0;0;1;0;3;2;0
19/12/2022;08:55:00;53;Sem vítima;304,000;BR-101/ES;Decrescente;Choque;1;0;0;0;0;0;0;0;0;0;1;0;0;0;0
19/12/2022;10:46:00;68;Com vítima;205,700;BR-101/ES;Crescente;Colisão transversal;1;0;1;0;0;1;0;0;0;0;3;2;1;0;0
19/12/2022;12:18:00;73;Sem vítima;273,000;BR-101/ES;Decrescente;Engavetamento;0;0;3;0;0;0;0;0;0;0;3;0;0;0;0
19/12/2022;15:25:00;99;Sem vítima;265,000;BR-101/ES;Crescente;Choque;4;0;0;0;0;0;0;0;0;0;0;0;0;0;0
19/12/2022;20:31:00;151;Sem vítima;357,800;BR-101/ES;Decrescente;Saída de pista;1;0;0;0;0;0;0;0;0;0;5;0;0;0;0
19/12/2022;20:49:00;157;Sem vítima;271,500;BR-101/ES;Decrescente;Colisão traseira;0;0;1;1;0;0;0;0;0;0;2;0;0;0;0
19/12/2022;21:38:00;168;Sem vítima;278,000;BR-101/ES;Crescente;Choque;0;0;0;0;0;0;0;0;0;1;1;0;0;0;0
19/12/2022;23:11:00;184;Sem vítima;330,000;BR-101/ES;Decrescente;Choque;0;0;0;0;0;0;0;0;0;1;3;0;0;0;0
19/12/2022;23:44:00;194;Com vítima;187,800;BR-101/ES;Crescente;Saída de pista;1;0;0;0;0;0;0;0;0;0;0;0;1;2;0
20/12/2022;05:18:00;14;Sem vítima;269,400;BR-101/ES;Decrescente;Colisão traseira;0;0;2;0;0;0;0;0;0;0;2;0;0;0;0
20/12/2022;07:02:00;21;Com vítima;294,000;BR-101/ES;Decrescente;Colisão lateral em sentido contrário;1;0;0;1;0;0;0;0;0;0;1;0;1;0;0
20/12/2022;07:53:00;24;Sem vítima;268,000;BR-101/ES;Decrescente;Colisão lateral em sentido contrário;1;0;1;0;0;0;0;0;0;0;2;0;0;0;0
20/12/2022;13:25:00;93;Sem vítima;255,000;BR-101/ES;Crescente;Colisão transversal;2;0;0;0;0;0;0;0;0;0;2;0;0;0;0
20/12/2022;15:07:00;111;Sem vítima;284,000;BR-101/ES;Decrescente;Saída de pista;0;0;0;0;0;0;0;0;0;1;1;0;0;0;0
20/12/2022;15:59:00;120;Sem vítima;459,000;BR-101/ES;Decrescente;Carreta deu L;0;0;0;0;0;1;0;0;0;0;1;0;0;0;0
20/12/2022;16:45:00;128;Com vítima;297,000;BR-101/ES;Crescente;Colisão lateral no mesmo sentido;1;0;0;1;0;0;0;0;0;0;1;0;1;0;0
20/12/2022;17:33:00;138;Sem vítima;141,800;BR-101/ES;Crescente;Engavetamento;3;0;0;0;0;0;0;0;0;1;8;0;0;0;0
20/12/2022;17:39:00;140;Com vítima;203,200;BR-101/ES;Decrescente;Queda de moto;0;0;0;1;0;0;0;0;0;0;0;2;0;0;0
20/12/2022;17:46:00;141;Sem vítima;269,800;BR-101/ES;Crescente;Colisão traseira;1;0;1;0;0;0;0;0;0;0;1;0;0;0;0
20/12/2022;17:59:00;144;Com vítima;301,000;BR-101/ES;Decrescente;Colisão traseira;1;0;0;1;0;0;0;0;0;0;0;1;0;0;0
20/12/2022;19:24:00;158;Sem vítima;453,000;BR-101/ES;Crescente;Colisão lateral no mesmo sentido;1;0;0;0;0;1;0;0;0;0;0;0;0;0;0
20/12/2022;19:26:00;161;Sem vítima;255,000;BR-101/ES;Crescente;Colisão traseira;2;0;2;0;0;0;0;0;0;0;2;0;0;0;0
20/12/2022;19:54:00;167;Sem vítima;258,000;BR-101/ES;Decrescente;Choque;1;0;0;0;0;0;0;0;0;0;1;0;0;0;0
20/12/2022;22:00:00;191;Sem vítima;285,000;BR-101/ES;Crescente;Saída de pista;1;0;0;0;0;0;0;0;0;0;1;0;0;0;0
20/12/2022;22:39:00;192;Sem vítima;149,000;BR-101/ES;Crescente;Colisão transversal;2;0;0;0;0;0;0;0;0;0;3;0;0;0;0
20/12/2022;23:23:00;197;Sem vítima;235,500;BR-101/ES;Crescente;Saída de pista;0;0;1;0;0;0;0;0;0;0;1;0;0;0;0
21/12/2022;01:40:00;11;Sem vítima;400,000;BR-101/ES;Crescente;Saída de pista;0;0;1;0;0;0;0;0;0;0;1;0;0;0;0
21/12/2022;06:07:00;41;Sem vítima;243,000;BR-101/ES;Decrescente;Choque;2;0;0;0;0;0;0;0;0;0;3;0;0;0;0
21/12/2022;07:58:00;59;Com vítima;339,000;BR-101/ES;Crescente;Colisão transversal;1;0;0;1;0;0;0;0;0;0;1;1;0;0;0
21/12/2022;14:45:00;147;Sem vítima;263,000;BR-101/ES;Decrescente;Choque;0;0;0;0;0;1;0;0;0;0;1;0;0;0;0
21/12/2022;17:12:00;176;Sem vítima;269,000;BR-101/ES;Decrescente;Colisão traseira;1;0;1;0;0;0;0;0;0;0;2;0;0;0;0
21/12/2022;17:29:00;181;Com vítima;241,000;BR-101/ES;Decrescente;Colisão transversal;1;0;0;0;0;0;0;0;0;1;1;1;2;0;0
21/12/2022;17:40:00;184;Com vítima;138,000;BR-101/ES;Decrescente;Queda de moto;0;0;0;1;0;0;0;0;0;0;0;1;1;0;0
21/12/2022;18:33:00;192;Sem vítima;266,300;BR-101/ES;Decrescente;Colisão traseira;1;0;1;0;0;0;0;0;0;0;2;0;0;0;0
21/12/2022;19:54:00;204;Sem vítima;214,000;BR-101/ES;Decrescente;Colisão transversal;2;0;0;0;0;0;0;0;0;0;3;0;0;0;0
21/12/2022;19:57:00;205;Com vítima;143,500;BR-101/ES;Decrescente;Colisão traseira;1;0;0;1;0;0;0;0;0;0;2;1;0;0;0
21/12/2022;20:19:00;207;Com vítima;192,600;BR-101/ES;Crescente;Atropelamento de animal;0;0;0;0;0;0;0;0;0;1;0;0;1;0;0
21/12/2022;20:31:00;209;Sem vítima;260,000;BR-101/ES;Crescente;Saída de pista;1;0;0;0;0;0;0;0;0;0;1;0;0;0;0
22/12/2022;10:37:00;70;Com vítima;393,300;BR-101/ES;Decrescente;Colisão transversal;2;0;0;0;0;0;0;0;0;0;0;4;1;0;0
22/12/2022;13:14:00;95;Sem vítima;436,200;BR-101/ES;Decrescente;Saída de pista;1;0;0;0;0;0;0;0;0;0;2;0;0;0;0
22/12/2022;18:52:00;146;Com vítima;300,000;BR-101/ES;Crescente;Colisão lateral no mesmo sentido;1;0;0;1;0;0;0;0;0;0;1;0;2;0;0
22/12/2022;23:54:00;198;Sem vítima;453,000;BR-101/ES;Decrescente;Saída de pista;1;0;0;0;0;0;0;0;0;0;6;0;0;0;0
23/12/2022;05:49:00;36;Com vítima;281,000;BR-101/ES;Decrescente;Saída de pista;1;0;0;0;0;1;0;0;0;0;1;0;2;0;0
23/12/2022;05:49:00;37;Com vítima;127,000;BR-101/ES;Crescente;Colisão traseira;0;0;0;1;0;0;0;0;0;1;1;0;1;0;0
23/12/2022;06:02:00;40;Sem vítima;144,000;BR-101/ES;Crescente;Colisão lateral no mesmo sentido;0;0;0;0;0;1;0;0;0;1;1;0;0;0;0
23/12/2022;06:50:00;42;Sem vítima;242,000;BR-101/ES;Decrescente;Choque;1;0;0;0;0;0;0;0;0;0;1;0;0;0;0
23/12/2022;07:44:00;52;Sem vítima;373,000;BR-101/ES;Crescente;Choque;1;0;0;0;0;0;0;0;0;0;1;0;0;0;0
23/12/2022;07:58:00;54;Sem vítima;457,000;BR-101/ES;Crescente;Colisão transversal;1;0;1;0;0;0;0;0;0;0;2;0;0;0;0
23/12/2022;08:15:00;58;Sem vítima;141,000;BR-101/ES;Decrescente;Colisão transversal;0;0;0;0;0;1;0;0;0;1;1;0;0;0;0
23/12/2022;11:43:00;91;Com vítima;147,500;BR-101/ES;Decrescente;Colisão traseira;1;0;0;1;0;0;0;0;0;0;2;0;1;0;0
23/12/2022;14:52:00;125;Com vítima;254,800;BR-101/ES;Decrescente;Engavetamento;3;0;1;0;0;0;0;0;0;0;5;1;0;0;0
23/12/2022;15:19:00;130;Sem vítima;147,000;BR-101/ES;Crescente;Colisão lateral em sentido contrário;1;0;0;1;0;0;0;0;0;0;1;0;0;0;0
23/12/2022;15:58:00;138;Com vítima;268,000;BR-101/ES;Crescente;Colisão traseira;1;0;0;1;0;0;0;0;0;0;1;1;1;0;0
23/12/2022;16:40:00;147;Sem vítima;427,000;BR-101/ES;Crescente;Colisão traseira;1;0;0;1;0;0;0;0;0;0;2;0;0;0;0
23/12/2022;19:05:00;179;Com vítima;367,900;BR-101/ES;Crescente;Colisão transversal;1;0;0;1;0;0;0;0;0;0;0;1;0;0;0
23/12/2022;20:19:00;195;Sem vítima;351,800;BR-101/ES;Crescente;Colisão traseira;2;0;0;0;0;0;0;0;0;0;7;0;0;0;0
23/12/2022;23:30:00;243;Sem vítima;266,000;BR-101/ES;Crescente;Colisão traseira;2;0;0;0;0;0;0;0;0;0;4;0;0;0;0
23/12/2022;23:45:00;248;Sem vítima;251,000;BR-101/ES;Decrescente;Saída de pista;1;0;0;0;0;0;0;0;0;0;1;0;0;0;0
24/12/2022;01:13:00;14;Sem vítima;12,900;BR-101/ES;Crescente;Saída de pista;1;0;0;0;0;0;0;0;0;0;2;0;0;0;0
24/12/2022;03:00:00;24;Sem vítima;264,000;BR-101/ES;Decrescente;Colisão traseira;1;0;0;0;0;1;0;0;0;0;1;0;0;0;0
24/12/2022;03:51:00;28;Com vítima;56,600;BR-101/ES;Crescente;Saída de pista;1;0;0;0;0;0;0;0;0;0;0;2;0;0;0
24/12/2022;09:48:00;68;Sem vítima;255,600;BR-101/ES;Decrescente;Colisão traseira;1;0;1;0;0;0;0;0;0;0;12;0;0;0;0
24/12/2022;15:38:00;130;Sem vítima;53,000;BR-101/ES;Decrescente;Choque;1;0;0;0;0;0;0;0;0;0;1;0;0;0;0
24/12/2022;17:39:00;148;Sem vítima;258,000;BR-101/ES;Crescente;Saída de pista;1;0;0;0;0;0;0;0;0;0;1;0;0;0;0
24/12/2022;18:07:00;159;Sem vítima;258,000;BR-101/ES;Crescente;Choque;1;0;0;0;0;0;0;0;0;0;1;0;0;0;0
24/12/2022;21:15:00;202;Com vítima;145,000;BR-101/ES;Decrescente;Queda de moto;1;0;0;1;0;0;0;0;0;0;2;2;0;0;0
25/12/2022;11:56:00;60;Com vítima;195,000;BR-101/ES;Crescente;Queda de moto;0;0;0;1;0;0;0;0;0;0;2;0;2;0;0
25/12/2022;19:43:00;140;Com vítima;186,000;BR-101/ES;Decrescente;Colisão lateral no mesmo sentido;2;0;0;0;0;0;0;0;0;0;10;0;2;0;0
26/12/2022;07:04:00;29;Sem vítima;256,200;BR-101/ES;Decrescente;Choque;0;0;1;0;0;0;0;0;0;0;2;0;0;0;0
26/12/2022;11:38:00;79;Sem vítima;285,000;BR-101/ES;Crescente;Carreta deu L;0;0;0;0;0;1;0;0;0;0;2;0;0;0;0
26/12/2022;11:55:00;85;Com vítima;228,000;BR-101/ES;Crescente;Colisão traseira;1;0;0;0;0;0;0;0;0;0;2;4;0;0;0
26/12/2022;12:10:00;90;Sem vítima;288,000;BR-101/ES;Crescente;Choque;1;0;0;0;0;0;0;0;0;0;2;0;0;0;0
26/12/2022;17:17:00;140;Sem vítima;293,000;BR-101/ES;Decrescente;Choque;0;0;0;0;0;1;0;0;0;0;0;0;0;0;0
26/12/2022;21:16:00;195;Sem vítima;298,300;BR-101/ES;Crescente;Acidentes de outra natureza;0;0;0;0;0;1;0;0;0;0;1;0;0;0;0
27/12/2022;02:24:00;7;Com vítima;276,000;BR-101/ES;Decrescente;Tombamento;0;0;1;0;0;0;0;0;0;0;0;0;1;0;0
27/12/2022;06:24:00;24;Sem vítima;262,800;BR-101/ES;Decrescente;Colisão lateral no mesmo sentido;1;0;0;0;0;1;0;0;0;0;1;0;0;0;0
27/12/2022;06:39:00;25;Sem vítima;161,900;BR-101/ES;Crescente;Queda de moto;0;0;0;1;0;0;0;0;0;0;1;0;0;0;0
27/12/2022;07:03:00;29;Sem vítima;74,900;BR-101/ES;Decrescente;Queda de moto;0;0;0;1;0;0;0;0;0;0;2;0;0;0;0
27/12/2022;07:08:00;32;Sem vítima;262,800;BR-101/ES;Decrescente;Engavetamento;3;0;1;0;0;0;0;0;0;0;7;0;0;0;0
27/12/2022;09:42:00;69;Sem vítima;294,300;BR-101/ES;Crescente;Engavetamento;4;0;0;0;0;1;0;0;0;1;6;0;0;0;0
27/12/2022;12:49:00;104;Com vítima;266,000;BR-101/ES;Crescente;Colisão traseira;0;0;0;1;0;0;0;0;0;0;0;0;1;0;0
27/12/2022;12:58:00;107;Sem vítima;283,000;BR-101/ES;Crescente;Colisão lateral no mesmo sentido;1;0;0;0;0;1;0;0;0;0;3;0;0;0;0
27/12/2022;17:18:00;150;Com vítima;290,000;BR-101/ES;Decrescente;Colisão lateral no mesmo sentido;1;0;0;0;0;1;0;0;0;0;0;0;1;0;0
27/12/2022;18:39:00;162;Com vítima;269,000;BR-101/ES;Crescente;Colisão transversal;0;0;0;1;0;1;0;0;0;0;0;0;1;0;0
27/12/2022;22:35:00;203;Sem vítima;337,000;BR-101/ES;Decrescente;Choque;1;0;0;0;0;1;0;0;0;0;4;0;0;0;0
27/12/2022;23:37:00;211;Sem vítima;412,000;BR-101/ES;Crescente;Choque;0;0;1;0;0;0;0;0;0;0;1;0;0;0;0
28/12/2022;01:02:00;8;Com vítima;36,000;BR-101/ES;Decrescente;Capotamento;1;0;0;0;0;0;0;0;0;0;0;2;2;0;0
28/12/2022;05:36:00;22;Sem vítima;255,000;BR-101/ES;Crescente;Colisão traseira;0;0;1;0;1;0;0;0;0;0;4;0;0;0;0
28/12/2022;06:04:00;25;Com vítima;175,500;BR-101/ES;Crescente;Colisão transversal;1;0;0;1;0;0;0;0;0;0;2;0;0;0;1
28/12/2022;08:59:00;56;Com vítima;149,000;BR-101/ES;Crescente;Atropelamento de pedestre;0;0;0;0;0;1;0;0;0;0;1;1;0;0;0
28/12/2022;11:55:00;80;Sem vítima;427,000;BR-101/ES;Crescente;Tombamento;0;0;0;0;0;1;0;0;0;0;1;0;0;0;0
28/12/2022;16:21:00;127;Com vítima;8,000;BR-101/ES;Decrescente;Saída de pista;1;0;0;0;0;0;0;0;0;0;2;0;1;0;0
28/12/2022;16:31:00;131;Com vítima;161,600;BR-101/ES;Decrescente;Colisão transversal;1;0;0;1;0;0;0;0;0;0;2;2;0;0;0
28/12/2022;17:17:00;137;Com vítima;280,500;BR-101/ES;Crescente;Queda de moto;0;0;0;1;0;0;0;0;0;0;0;2;0;0;0
28/12/2022;18:33:00;148;Sem vítima;272,000;BR-101/ES;Decrescente;Colisão traseira;2;0;0;0;0;0;0;0;0;0;6;0;0;0;0
28/12/2022;19:42:00;162;Sem vítima;373,000;BR-101/ES;Decrescente;Acidentes de outra natureza;0;0;0;0;0;1;0;0;0;0;4;0;0;0;0
28/12/2022;20:09:00;168;Com vítima;127,000;BR-101/ES;Decrescente;Colisão transversal;0;1;0;1;0;0;0;0;0;0;0;2;0;0;0
29/12/2022;01:47:00;7;Sem vítima;122,700;BR-101/ES;Crescente;Acidentes de outra natureza;0;0;1;0;0;0;0;0;0;0;1;0;0;0;0
29/12/2022;03:24:00;14;Sem vítima;130,000;BR-101/ES;Decrescente;Atropelamento de animal;1;0;0;0;0;0;0;0;0;0;1;0;0;0;0
29/12/2022;06:56:00;38;Com vítima;410,400;BR-101/ES;Decrescente;Colisão lateral em sentido contrário;2;0;0;0;0;1;0;0;0;0;1;1;1;2;0
29/12/2022;07:04:00;40;Sem vítima;255,000;BR-101/ES;Crescente;Colisão traseira;1;0;0;0;0;0;0;0;0;0;2;0;0;0;0
29/12/2022;11:01:00;90;Sem vítima;272,000;BR-101/ES;Crescente;Choque;1;0;0;0;0;0;0;0;0;0;1;0;0;0;0
29/12/2022;12:35:00;101;Sem vítima;403,000;BR-101/ES;Decrescente;Colisão lateral no mesmo sentido;2;0;0;0;0;0;0;0;0;0;2;0;0;0;0
29/12/2022;14:04:00;115;Sem vítima;210,100;BR-101/ES;Crescente;Colisão traseira;2;0;0;0;0;0;0;0;0;0;3;0;0;0;0
29/12/2022;16:16:00;149;Sem vítima;274,000;BR-101/ES;Crescente;Engavetamento;1;0;3;0;0;0;0;0;0;0;6;0;0;0;0
29/12/2022;17:24:00;159;Sem vítima;414,000;BR-101/ES;Crescente;Colisão traseira;0;0;1;0;0;0;0;0;0;0;1;0;0;0;0
29/12/2022;17:50:00;165;Com vítima;272,000;BR-101/ES;Decrescente;Queda de moto;0;0;0;1;0;0;0;0;0;0;0;0;1;0;0
29/12/2022;19:06:00;179;Com vítima;65,000;BR-101/ES;Crescente;Queda de moto;0;0;0;1;0;0;0;0;0;0;0;1;1;0;0
30/12/2022;00:39:00;2;Com vítima;386,400;BR-101/ES;Decrescente;Capotamento;0;0;0;0;0;0;0;0;0;1;0;0;1;0;0
30/12/2022;04:47:00;20;Com vítima;266,200;BR-101/ES;Decrescente;Colisão traseira;2;0;0;0;0;0;0;0;0;0;4;0;2;0;0
30/12/2022;07:05:00;31;Sem vítima;90,000;BR-101/ES;Crescente;Colisão transversal;2;0;0;0;0;0;0;0;0;0;3;0;0;0;0
30/12/2022;10:04:00;69;Sem vítima;0,800;BR-101/ES;Crescente;Colisão lateral no mesmo sentido;1;0;1;0;0;0;0;0;0;0;7;0;0;0;0
30/12/2022;13:00:00;110;Sem vítima;392,000;BR-101/ES;Crescente;Colisão transversal;1;0;1;0;0;0;0;0;0;0;7;0;0;0;0
30/12/2022;13:14:00;113;Com vítima;269,000;BR-101/ES;Crescente;Colisão traseira;1;0;0;1;0;0;0;0;0;0;5;0;1;0;0
30/12/2022;13:58:00;117;Sem vítima;210,000;BR-101/ES;Crescente;Colisão traseira;2;0;0;0;0;0;0;0;0;0;8;0;0;0;0
30/12/2022;14:52:00;130;Com vítima;273,000;BR-101/ES;Crescente;Saída de pista;1;0;0;0;0;0;0;0;0;0;2;1;0;0;0
30/12/2022;15:32:00;139;Sem vítima;249,000;BR-101/ES;Decrescente;Colisão traseira;1;0;0;0;0;1;0;0;0;0;5;0;0;0;0
30/12/2022;15:58:00;145;Sem vítima;249,500;BR-101/ES;Crescente;Colisão traseira;1;0;0;0;0;0;0;0;0;0;1;0;0;0;0
30/12/2022;17:20:00;166;Sem vítima;361,000;BR-101/ES;Decrescente;Colisão traseira;2;0;0;0;0;0;0;0;0;0;6;0;0;0;0
30/12/2022;19:06:00;195;Com vítima;357,500;BR-101/ES;Crescente;Queda de moto;0;0;0;1;0;0;0;0;0;0;0;1;0;0;0
31/12/2022;09:21:00;46;Sem vítima;159,000;BR-101/ES;Crescente;Colisão transversal;2;0;0;0;0;0;0;0;0;0;4;0;0;0;0
31/12/2022;11:52:00;68;Sem vítima;237,000;BR-101/ES;Decrescente;Colisão traseira;1;0;0;0;0;0;0;0;0;1;3;0;0;0;0
31/12/2022;13:02:00;79;Com vítima;237,000;BR-101/ES;Crescente;Colisão transversal;0;0;0;1;0;1;0;0;0;0;0;0;2;0;0
31/12/2022;21:20:00;140;Sem vítima;293,600;BR-101/ES;Decrescente;Colisão lateral em sentido contrário;2;0;0;0;0;0;0;0;0;0;2;0;0;0;0
31/12/2022;22:24:00;151;Sem vítima;266,800;BR-101/ES;Crescente;Colisão traseira;1;0;0;1;0;0;0;0;0;0;2;0;0;0;0